VendorID,lpep_pickup_datetime,lpep_dropoff_datetime,store_and_fwd_flag,RatecodeID,PULocationID,DOLocationID,passenger_count,trip_distance,fare_amount,extra,mta_tax,tip_amount,tolls_amount,ehail_fee,improvement_surcharge,total_amount,payment_type,trip_type,congestion_surcharge,cbd_congestion_fee,run_id,extraction_timestamp
2,2025-01-06 20:30:33,2025-01-06 20:35:04,N,1.0,74,166,1.0,0.97,7.2,1.0,0.5,1.58,0.0,,1.0,11.28,1.0,1.0,0.0,0.0,1,2025-11-01 08:32:20.102174
2,2025-01-06 21:36:34,2025-01-06 21:36:36,N,5.0,74,264,1.0,0.0,9.0,0.0,0.0,3.0,0.0,,1.0,13.0,1.0,2.0,0.0,0.0,1,2025-11-01 08:32:20.102174
2,2025-01-06 22:29:32,2025-01-06 22:33:29,N,1.0,74,41,1.0,0.82,6.5,1.0,0.5,1.8,0.0,,1.0,10.8,1.0,1.0,0.0,0.0,1,2025-11-01 08:32:20.102174
2,2025-01-06 00:01:31,2025-01-06 00:02:19,N,5.0,95,95,1.0,0.0,40.0,0.0,0.0,0.0,0.0,,1.0,41.0,1.0,2.0,0.0,0.0,1,2025-11-01 08:32:20.102174
2,2025-01-06 00:01:36,2025-01-06 00:12:08,N,1.0,82,70,2.0,3.28,16.3,1.0,0.5,2.0,0.0,,1.0,20.8,1.0,1.0,0.0,0.0,1,2025-11-01 08:32:20.102174
2,2025-01-06 00:52:15,2025-01-06 01:07:58,N,1.0,173,53,1.0,4.67,21.9,1.0,0.5,0.0,0.0,,1.0,24.4,2.0,1.0,0.0,0.0,1,2025-11-01 08:32:20.102174
2,2025-01-06 00:19:16,2025-01-06 00:30:02,N,1.0,95,258,1.0,2.7,14.9,1.0,0.5,4.35,0.0,,1.0,21.75,1.0,1.0,0.0,0.0,1,2025-11-01 08:32:20.102174
2,2025-01-06 00:08:18,2025-01-06 00:19:26,N,1.0,145,260,1.0,1.54,12.1,1.0,0.5,2.92,0.0,,1.0,17.52,1.0,1.0,0.0,0.0,1,2025-11-01 08:32:20.102174
2,2025-01-06 00:35:40,2025-01-06 00:44:11,N,1.0,129,129,1.0,1.21,10.0,1.0,0.5,2.5,0.0,,1.0,15.0,1.0,1.0,0.0,0.0,1,2025-11-01 08:32:20.102174
2,2025-01-06 00:30:05,2025-01-06 00:43:05,N,1.0,74,238,1.0,2.84,16.3,1.0,0.5,4.74,0.0,,1.0,26.29,1.0,1.0,2.75,0.0,1,2025-11-01 08:32:20.102174
2,2025-01-06 00:28:07,2025-01-06 00:36:36,N,1.0,97,17,5.0,1.31,10.0,1.0,0.5,0.0,0.0,,1.0,12.5,2.0,1.0,0.0,0.0,1,2025-11-01 08:32:20.102174
2,2025-01-06 00:21:09,2025-01-06 00:23:15,N,1.0,55,55,1.0,0.13,4.4,1.0,0.5,0.0,0.0,,1.0,6.9,2.0,1.0,0.0,0.0,1,2025-11-01 08:32:20.102174
2,2025-01-06 00:41:50,2025-01-06 01:00:57,N,1.0,55,227,1.0,9.15,38.0,1.0,0.5,0.0,0.0,,1.0,40.5,2.0,1.0,0.0,0.0,1,2025-11-01 08:32:20.102174
2,2025-01-06 00:07:05,2025-01-06 00:14:18,N,1.0,65,181,1.0,2.44,13.5,1.0,0.5,0.0,0.0,,1.0,16.0,2.0,1.0,0.0,0.0,1,2025-11-01 08:32:20.102174
2,2025-01-06 00:33:47,2025-01-06 00:33:48,N,1.0,235,264,1.0,0.0,3.0,1.0,0.5,17.0,0.0,,1.0,22.5,1.0,1.0,0.0,0.0,1,2025-11-01 08:32:20.102174
2,2025-01-06 00:37:44,2025-01-06 00:38:20,N,1.0,95,95,1.0,0.08,3.0,1.0,0.5,0.0,0.0,,1.0,5.5,2.0,1.0,0.0,0.0,1,2025-11-01 08:32:20.102174
2,2025-01-06 00:58:00,2025-01-06 01:03:29,N,1.0,260,226,1.0,0.97,7.9,1.0,0.5,2.08,0.0,,1.0,12.48,1.0,1.0,0.0,0.0,1,2025-11-01 08:32:20.102174
2,2025-01-06 01:54:25,2025-01-06 01:59:07,N,1.0,92,92,1.0,0.89,7.2,1.0,0.5,4.0,0.0,,1.0,13.7,1.0,1.0,0.0,0.0,1,2025-11-01 08:32:20.102174
2,2025-01-06 01:20:09,2025-01-06 01:36:16,N,1.0,130,191,1.0,3.73,19.1,1.0,0.5,0.0,0.0,,1.0,21.6,2.0,1.0,0.0,0.0,1,2025-11-01 08:32:20.102174
2,2025-01-06 01:57:43,2025-01-06 02:05:22,N,1.0,130,134,1.0,1.73,10.7,1.0,0.5,1.0,0.0,,1.0,14.2,1.0,1.0,0.0,0.0,1,2025-11-01 08:32:20.102174
2,2025-01-06 01:07:23,2025-01-06 01:11:08,N,1.0,95,95,1.0,0.29,5.8,1.0,0.5,0.0,0.0,,1.0,8.3,1.0,1.0,0.0,0.0,1,2025-11-01 08:32:20.102174
2,2025-01-06 01:48:32,2025-01-06 01:48:32,N,1.0,260,264,1.0,0.0,3.0,1.0,0.5,0.0,0.0,,1.0,5.5,2.0,1.0,0.0,0.0,1,2025-11-01 08:32:20.102174
2,2025-01-06 01:38:57,2025-01-06 01:42:36,N,1.0,75,41,1.0,1.1,6.5,1.0,0.5,1.8,0.0,,1.0,10.8,1.0,1.0,0.0,0.0,1,2025-11-01 08:32:20.102174
2,2025-01-06 01:01:38,2025-01-06 01:09:15,N,1.0,243,166,1.0,4.21,18.4,1.0,0.5,0.0,0.0,,1.0,20.9,2.0,1.0,0.0,0.0,1,2025-11-01 08:32:20.102174
2,2025-01-06 02:56:23,2025-01-06 03:02:12,N,5.0,92,92,1.0,0.0,-25.0,0.0,0.0,0.0,0.0,,-1.0,-26.0,4.0,2.0,0.0,0.0,1,2025-11-01 08:32:20.102174
2,2025-01-06 02:56:23,2025-01-06 03:02:12,N,5.0,92,92,1.0,0.0,25.0,0.0,0.0,0.0,0.0,,1.0,26.0,4.0,2.0,0.0,0.0,1,2025-11-01 08:32:20.102174
2,2025-01-06 02:21:08,2025-01-06 02:25:24,N,1.0,75,238,1.0,1.34,7.9,1.0,0.5,2.0,0.0,,1.0,12.4,1.0,1.0,0.0,0.0,1,2025-11-01 08:32:20.102174
2,2025-01-06 02:54:13,2025-01-06 03:08:31,N,1.0,82,173,1.0,1.62,13.5,1.0,0.5,0.0,0.0,,1.0,16.0,2.0,1.0,0.0,0.0,1,2025-11-01 08:32:20.102174
1,2025-01-06 02:46:06,2025-01-06 02:52:11,N,1.0,129,82,1.0,0.9,7.9,1.0,1.5,0.0,0.0,,1.0,10.4,1.0,1.0,0.0,0.0,1,2025-11-01 08:32:20.102174
1,2025-01-06 03:04:52,2025-01-06 03:10:43,N,1.0,260,226,1.0,1.1,7.9,1.0,1.5,0.0,0.0,,1.0,10.4,2.0,1.0,0.0,0.0,1,2025-11-01 08:32:20.102174
1,2025-01-06 03:18:50,2025-01-06 03:33:55,N,1.0,260,216,1.0,10.9,40.8,1.0,1.5,0.0,0.0,,1.0,43.3,2.0,1.0,0.0,0.0,1,2025-11-01 08:32:20.102174
2,2025-01-06 03:21:34,2025-01-06 03:27:51,N,1.0,244,244,2.0,1.28,8.6,1.0,0.5,0.0,0.0,,1.0,11.1,2.0,1.0,0.0,0.0,1,2025-11-01 08:32:20.102174
2,2025-01-06 03:05:29,2025-01-06 03:07:45,N,5.0,63,264,1.0,0.7,20.0,0.0,0.0,0.0,0.0,,1.0,21.0,2.0,2.0,0.0,0.0,1,2025-11-01 08:32:20.102174
2,2025-01-06 03:43:00,2025-01-06 03:43:04,N,5.0,42,42,1.0,0.01,35.0,0.0,0.0,0.0,0.0,,1.0,36.0,1.0,2.0,0.0,0.0,1,2025-11-01 08:32:20.102174
2,2025-01-06 03:06:41,2025-01-06 03:06:44,N,5.0,244,244,1.0,0.3,14.0,0.0,0.0,0.0,0.0,,1.0,15.0,1.0,2.0,0.0,0.0,1,2025-11-01 08:32:20.102174
2,2025-01-06 03:22:55,2025-01-06 03:25:34,N,1.0,129,260,1.0,0.28,4.4,1.0,0.5,0.0,0.0,,1.0,6.9,2.0,1.0,0.0,0.0,1,2025-11-01 08:32:20.102174
2,2025-01-06 04:04:15,2025-01-06 04:51:19,N,5.0,42,152,1.0,18.22,35.0,0.0,0.0,0.0,0.0,,1.0,39.5,2.0,2.0,2.75,0.75,1,2025-11-01 08:32:20.102174
2,2025-01-06 05:21:58,2025-01-06 05:45:42,N,1.0,179,246,1.0,6.11,29.6,1.0,0.5,10.68,0.0,,1.0,46.28,1.0,1.0,2.75,0.75,1,2025-11-01 08:32:20.102174
2,2025-01-06 05:56:44,2025-01-06 06:05:41,N,1.0,74,75,1.0,1.44,10.0,1.0,0.5,0.0,0.0,,1.0,12.5,2.0,1.0,0.0,0.0,1,2025-11-01 08:32:20.102174
2,2025-01-06 05:08:50,2025-01-06 05:13:51,N,1.0,69,169,1.0,1.14,7.9,1.0,0.5,0.0,0.0,,1.0,10.4,2.0,1.0,0.0,0.0,1,2025-11-01 08:32:20.102174
2,2025-01-06 05:23:37,2025-01-06 05:27:38,N,1.0,247,247,1.0,1.24,7.2,1.0,0.5,0.0,0.0,,1.0,9.7,2.0,1.0,0.0,0.0,1,2025-11-01 08:32:20.102174
2,2025-01-06 05:01:08,2025-01-06 05:20:34,N,1.0,95,132,1.0,7.38,32.4,1.0,0.5,0.0,0.0,,1.0,34.9,2.0,1.0,0.0,0.0,1,2025-11-01 08:32:20.102174
1,2025-01-06 05:31:53,2025-01-06 05:36:21,N,1.0,41,74,1.0,1.1,7.2,1.0,1.5,1.9,0.0,,1.0,11.6,1.0,1.0,0.0,0.0,1,2025-11-01 08:32:20.102174
2,2025-01-06 05:08:05,2025-01-06 05:18:16,N,1.0,70,223,2.0,2.27,13.5,1.0,0.5,0.0,0.0,,1.0,16.0,2.0,1.0,0.0,0.0,1,2025-11-01 08:32:20.102174
1,2025-01-06 05:42:46,2025-01-06 06:18:40,N,1.0,222,231,1.0,0.0,32.5,0.0,1.5,0.0,0.0,,1.0,34.0,1.0,1.0,0.0,0.0,1,2025-11-01 08:32:20.102174
2,2025-01-06 05:07:19,2025-01-06 05:25:49,N,1.0,95,258,1.0,3.29,20.5,1.0,0.5,4.6,0.0,,1.0,27.6,1.0,1.0,0.0,0.0,1,2025-11-01 08:32:20.102174
2,2025-01-06 06:56:20,2025-01-06 07:01:08,N,1.0,74,74,1.0,0.77,7.2,0.0,0.5,1.3,0.0,,1.0,10.0,1.0,1.0,0.0,0.0,1,2025-11-01 08:32:20.102174
1,2025-01-06 06:38:10,2025-01-06 06:46:58,N,1.0,74,42,1.0,1.7,10.0,0.0,1.5,2.0,0.0,,1.0,13.5,1.0,1.0,0.0,0.0,1,2025-11-01 08:32:20.102174
1,2025-01-06 06:57:19,2025-01-06 07:02:57,N,1.0,74,75,1.0,1.3,7.9,0.0,1.5,1.85,0.0,,1.0,11.25,1.0,1.0,0.0,0.0,1,2025-11-01 08:32:20.102174
2,2025-01-06 06:06:54,2025-01-06 06:14:16,N,1.0,74,42,1.0,1.14,9.3,0.0,0.5,2.16,0.0,,1.0,12.96,1.0,1.0,0.0,0.0,1,2025-11-01 08:32:20.102174
2,2025-01-06 06:27:54,2025-01-06 06:35:08,N,1.0,74,75,1.0,1.44,9.3,0.0,0.5,0.0,0.0,,1.0,10.8,2.0,1.0,0.0,0.0,1,2025-11-01 08:32:20.102174
2,2025-01-06 06:53:21,2025-01-06 07:02:30,N,1.0,74,75,1.0,1.44,10.0,0.0,0.5,2.0,0.0,,1.0,13.5,1.0,1.0,0.0,0.0,1,2025-11-01 08:32:20.102174
2,2025-01-06 06:10:31,2025-01-06 06:17:10,N,1.0,74,75,1.0,1.38,9.3,0.0,0.5,2.16,0.0,,1.0,12.96,1.0,1.0,0.0,0.0,1,2025-11-01 08:32:20.102174
2,2025-01-06 06:50:40,2025-01-06 06:58:02,N,1.0,74,75,1.0,1.21,8.6,0.0,0.5,0.0,0.0,,1.0,10.1,1.0,1.0,0.0,0.0,1,2025-11-01 08:32:20.102174
2,2025-01-06 06:23:07,2025-01-06 06:25:36,N,1.0,69,247,1.0,0.24,4.4,0.0,0.5,0.0,0.0,,1.0,5.9,2.0,1.0,0.0,0.0,1,2025-11-01 08:32:20.102174
2,2025-01-06 06:37:35,2025-01-06 06:45:33,N,1.0,74,43,1.0,1.49,10.0,0.0,0.5,0.58,0.0,,1.0,12.08,1.0,1.0,0.0,0.0,1,2025-11-01 08:32:20.102174
2,2025-01-06 07:00:39,2025-01-06 07:09:48,N,1.0,74,74,1.0,1.12,10.0,0.0,0.5,2.3,0.0,,1.0,13.8,1.0,1.0,0.0,0.0,1,2025-11-01 08:32:20.102174
2,2025-01-06 06:43:59,2025-01-06 06:52:33,N,1.0,74,41,1.0,1.62,10.0,0.0,0.5,2.3,0.0,,1.0,13.8,1.0,1.0,0.0,0.0,1,2025-11-01 08:32:20.102174
2,2025-01-06 06:06:07,2025-01-06 06:10:30,N,1.0,74,75,1.0,1.34,7.9,0.0,0.5,1.0,0.0,,1.0,10.4,1.0,1.0,0.0,0.0,1,2025-11-01 08:32:20.102174
2,2025-01-06 06:16:22,2025-01-06 06:24:00,N,1.0,74,166,1.0,1.23,9.3,0.0,0.5,0.0,0.0,,1.0,10.8,2.0,1.0,0.0,0.0,1,2025-11-01 08:32:20.102174
2,2025-01-06 06:49:11,2025-01-06 06:57:02,N,1.0,74,75,1.0,1.19,8.6,0.0,0.5,1.0,0.0,,1.0,11.1,1.0,1.0,0.0,0.0,1,2025-11-01 08:32:20.102174
1,2025-01-06 06:17:56,2025-01-06 06:48:53,N,1.0,208,243,1.0,0.0,29.5,0.0,1.5,0.0,0.0,,1.0,31.0,1.0,1.0,0.0,0.0,1,2025-11-01 08:32:20.102174
2,2025-01-06 06:15:03,2025-01-06 06:27:53,N,1.0,42,163,1.0,4.25,19.1,0.0,0.5,2.0,0.0,,1.0,26.1,1.0,1.0,2.75,0.75,1,2025-11-01 08:32:20.102174
2,2025-01-06 06:09:15,2025-01-06 06:17:42,N,5.0,243,235,1.0,2.17,12.0,0.0,0.0,0.0,0.0,,1.0,13.0,2.0,2.0,0.0,0.0,1,2025-11-01 08:32:20.102174
2,2025-01-06 06:48:04,2025-01-06 07:18:38,N,5.0,243,50,2.0,8.89,8.0,0.0,0.0,0.0,0.0,,1.0,12.5,2.0,2.0,2.75,0.75,1,2025-11-01 08:32:20.102174
2,2025-01-06 06:56:41,2025-01-06 07:02:05,N,1.0,74,74,1.0,1.06,7.9,0.0,0.5,0.0,0.0,,1.0,9.4,2.0,1.0,0.0,0.0,1,2025-11-01 08:32:20.102174
2,2025-01-06 06:29:14,2025-01-06 06:48:18,N,1.0,74,100,1.0,5.33,25.4,0.0,0.5,3.0,0.0,,1.0,33.4,1.0,1.0,2.75,0.75,1,2025-11-01 08:32:20.102174
1,2025-01-06 06:06:46,2025-01-06 06:11:30,N,1.0,74,75,1.0,1.4,7.9,0.0,1.5,2.35,0.0,,1.0,11.75,1.0,1.0,0.0,0.0,1,2025-11-01 08:32:20.102174
1,2025-01-06 06:23:10,2025-01-06 06:30:12,N,1.0,74,75,1.0,1.4,9.3,0.0,1.5,0.0,0.0,,1.0,10.8,2.0,1.0,0.0,0.0,1,2025-11-01 08:32:20.102174
1,2025-01-06 06:39:08,2025-01-06 06:49:28,N,1.0,74,159,1.0,2.1,12.8,0.0,1.5,4.25,0.0,,1.0,18.55,1.0,1.0,0.0,0.0,1,2025-11-01 08:32:20.102174
2,2025-01-06 06:37:25,2025-01-06 06:45:50,N,1.0,74,75,1.0,1.36,10.0,0.0,0.5,1.72,0.0,,1.0,13.22,1.0,1.0,0.0,0.0,1,2025-11-01 08:32:20.102174
2,2025-01-06 06:55:42,2025-01-06 07:03:47,N,1.0,74,75,1.0,1.45,10.0,0.0,0.5,2.3,0.0,,1.0,13.8,1.0,1.0,0.0,0.0,1,2025-11-01 08:32:20.102174
2,2025-01-06 06:10:14,2025-01-06 06:16:58,N,1.0,74,75,1.0,1.42,8.6,0.0,0.5,2.02,0.0,,1.0,12.12,1.0,1.0,0.0,0.0,1,2025-11-01 08:32:20.102174
2,2025-01-06 06:26:18,2025-01-06 06:31:13,N,1.0,74,43,1.0,1.22,7.9,0.0,0.5,1.88,0.0,,1.0,11.28,1.0,1.0,0.0,0.0,1,2025-11-01 08:32:20.102174
2,2025-01-06 06:43:16,2025-01-06 06:49:54,N,1.0,74,75,1.0,1.42,8.6,0.0,0.5,2.02,0.0,,1.0,12.12,1.0,1.0,0.0,0.0,1,2025-11-01 08:32:20.102174
1,2025-01-06 06:12:32,2025-01-06 06:15:45,N,1.0,74,75,0.0,0.9,5.8,0.0,1.5,2.0,0.0,,1.0,9.3,1.0,1.0,0.0,0.0,1,2025-11-01 08:32:20.102174
1,2025-01-06 06:28:40,2025-01-06 06:36:18,N,1.0,74,75,0.0,1.5,10.0,0.0,1.5,2.3,0.0,,1.0,13.8,1.0,1.0,0.0,0.0,1,2025-11-01 08:32:20.102174
1,2025-01-06 06:51:15,2025-01-06 07:09:51,N,1.0,74,140,0.0,3.4,20.5,2.75,1.5,2.48,0.0,,1.0,27.23,1.0,1.0,2.75,0.0,1,2025-11-01 08:32:20.102174
2,2025-01-06 06:28:21,2025-01-06 06:37:22,N,1.0,74,75,1.0,1.74,10.7,0.0,0.5,2.44,0.0,,1.0,14.64,1.0,1.0,0.0,0.0,1,2025-11-01 08:32:20.102174
2,2025-01-06 06:36:16,2025-01-06 06:49:27,N,1.0,244,41,1.0,3.66,17.7,0.0,0.5,0.0,0.0,,1.0,19.2,2.0,1.0,0.0,0.0,1,2025-11-01 08:32:20.102174
2,2025-01-06 06:21:16,2025-01-06 06:34:29,N,1.0,74,140,1.0,3.97,19.1,0.0,0.5,2.0,0.0,,1.0,25.35,1.0,1.0,2.75,0.0,1,2025-11-01 08:32:20.102174
2,2025-01-06 06:56:49,2025-01-06 07:04:32,N,1.0,74,236,1.0,1.53,10.0,0.0,0.5,2.85,0.0,,1.0,17.1,1.0,1.0,2.75,0.0,1,2025-11-01 08:32:20.102174
2,2025-01-06 06:16:36,2025-01-06 06:43:46,N,1.0,244,45,1.0,10.53,43.6,0.0,0.5,0.0,0.0,,1.0,48.6,2.0,1.0,2.75,0.75,1,2025-11-01 08:32:20.102174
2,2025-01-06 06:39:28,2025-01-06 07:41:03,N,1.0,108,55,1.0,29.06,112.9,0.0,0.5,0.0,0.0,,1.0,114.4,2.0,1.0,0.0,0.0,1,2025-11-01 08:32:20.102174
2,2025-01-06 07:31:12,2025-01-06 07:45:07,N,1.0,74,238,1.0,2.3,14.9,0.0,0.5,3.83,0.0,,1.0,22.98,1.0,1.0,2.75,0.0,1,2025-11-01 08:32:20.102174
1,2025-01-06 07:45:32,2025-01-06 07:50:42,N,1.0,42,159,1.0,0.7,6.5,0.0,1.5,1.6,0.0,,1.0,9.6,1.0,1.0,0.0,0.0,1,2025-11-01 08:32:20.102174
2,2025-01-06 07:30:08,2025-01-06 07:43:37,N,1.0,74,244,1.0,3.73,20.5,0.0,0.5,3.0,0.0,,1.0,25.0,1.0,1.0,0.0,0.0,1,2025-11-01 08:32:20.102174
2,2025-01-06 06:59:30,2025-01-06 07:06:33,N,1.0,75,166,1.0,1.5,9.3,0.0,0.5,0.0,0.0,,1.0,10.8,1.0,1.0,0.0,0.0,1,2025-11-01 08:32:20.102174
2,2025-01-06 07:46:33,2025-01-06 07:53:59,N,1.0,43,237,1.0,1.38,9.3,0.0,0.5,1.5,0.0,,1.0,15.05,1.0,1.0,2.75,0.0,1,2025-11-01 08:32:20.102174
2,2025-01-06 07:42:25,2025-01-06 08:07:38,N,1.0,52,161,1.0,7.76,34.5,0.0,0.5,7.9,0.0,,1.0,47.4,1.0,1.0,2.75,0.75,1,2025-11-01 08:32:20.102174
2,2025-01-06 08:00:10,2025-01-06 08:17:24,N,1.0,75,142,1.0,2.79,18.4,0.0,0.5,4.68,0.0,,1.0,28.08,1.0,1.0,2.75,0.75,1,2025-11-01 08:32:20.102174
2,2025-01-06 07:36:06,2025-01-06 07:43:25,N,1.0,74,74,1.0,0.82,8.6,0.0,0.5,2.02,0.0,,1.0,12.12,1.0,1.0,0.0,0.0,1,2025-11-01 08:32:20.102174
2,2025-01-06 07:47:14,2025-01-06 08:03:57,N,1.0,74,140,1.0,3.72,19.1,0.0,0.5,0.0,0.0,,1.0,23.35,2.0,1.0,2.75,0.0,1,2025-11-01 08:32:20.102174
1,2025-01-06 07:29:53,2025-01-06 07:35:55,N,1.0,74,42,1.0,0.7,7.2,0.0,1.5,0.0,0.0,,1.0,8.7,2.0,1.0,0.0,0.0,1,2025-11-01 08:32:20.102174
1,2025-01-06 07:36:28,2025-01-06 07:51:18,N,1.0,42,166,1.0,1.5,14.2,0.0,1.5,0.0,0.0,,1.0,15.7,2.0,1.0,0.0,0.0,1,2025-11-01 08:32:20.102174
2,2025-01-06 06:47:08,2025-01-06 07:07:42,N,1.0,74,263,1.0,2.15,18.4,0.0,0.5,2.0,0.0,,1.0,24.65,1.0,1.0,2.75,0.0,1,2025-11-01 08:32:20.102174
2,2025-01-06 07:11:44,2025-01-07 06:26:11,N,1.0,74,140,1.0,3.68,17.7,0.0,0.5,3.84,0.0,,1.0,23.04,1.0,1.0,0.0,0.0,1,2025-11-01 08:32:20.102174
2,2025-01-06 07:02:05,2025-01-06 07:07:18,N,1.0,74,75,1.0,0.7,6.5,0.0,0.5,1.6,0.0,,1.0,9.6,1.0,1.0,0.0,0.0,1,2025-11-01 08:32:20.102174
2,2025-01-06 07:13:40,2025-01-06 07:18:34,N,1.0,74,41,1.0,0.87,6.5,0.0,0.5,2.4,0.0,,1.0,10.4,1.0,1.0,0.0,0.0,1,2025-11-01 08:32:20.102174
2,2025-01-06 07:37:52,2025-01-06 07:52:21,N,1.0,74,75,1.0,1.57,13.5,0.0,0.5,3.0,0.0,,1.0,18.0,1.0,1.0,0.0,0.0,1,2025-11-01 08:32:20.102174
2,2025-01-06 07:32:56,2025-01-06 07:46:17,N,1.0,74,237,1.0,2.95,16.3,0.0,0.5,0.0,0.0,,1.0,20.55,2.0,1.0,2.75,0.0,1,2025-11-01 08:32:20.102174
2,2025-01-06 07:30:55,2025-01-06 07:50:42,N,1.0,74,238,1.0,3.07,20.5,0.0,0.5,4.95,0.0,,1.0,29.7,1.0,1.0,2.75,0.0,1,2025-11-01 08:32:20.102174
1,2025-01-06 07:03:58,2025-01-06 07:16:34,N,1.0,74,236,1.0,1.7,11.4,2.75,1.5,3.9,0.0,,1.0,19.55,1.0,1.0,2.75,0.0,1,2025-11-01 08:32:20.102174
2,2025-01-06 07:32:34,2025-01-06 07:40:28,N,1.0,74,41,1.0,1.08,9.3,0.0,0.5,1.0,0.0,,1.0,11.8,1.0,1.0,0.0,0.0,1,2025-11-01 08:32:20.102174
2,2025-01-06 07:51:13,2025-01-06 07:59:14,N,1.0,74,41,1.0,1.12,9.3,0.0,0.5,1.0,0.0,,1.0,11.8,1.0,1.0,0.0,0.0,1,2025-11-01 08:32:20.102174
2,2025-01-06 07:37:57,2025-01-06 07:59:49,N,1.0,74,262,1.0,3.05,21.2,0.0,0.5,5.09,0.0,,1.0,30.54,1.0,1.0,2.75,0.0,1,2025-11-01 08:32:20.102174
2,2025-01-06 07:36:42,2025-01-06 07:49:28,N,1.0,74,43,1.0,1.39,12.1,0.0,0.5,2.72,0.0,,1.0,16.32,1.0,1.0,0.0,0.0,1,2025-11-01 08:32:20.102174
2,2025-01-06 07:22:07,2025-01-06 07:22:36,N,1.0,74,74,1.0,0.02,3.0,0.0,0.5,0.0,0.0,,1.0,4.5,2.0,1.0,0.0,0.0,1,2025-11-01 08:32:20.102174
2,2025-01-06 07:36:16,2025-01-06 07:42:26,N,1.0,75,262,1.0,1.41,8.6,0.0,0.5,1.28,0.0,,1.0,14.13,1.0,1.0,2.75,0.0,1,2025-11-01 08:32:20.102174
2,2025-01-06 07:52:37,2025-01-06 08:02:51,N,1.0,74,141,1.0,2.35,12.8,0.0,0.5,3.41,0.0,,1.0,20.46,1.0,1.0,2.75,0.0,1,2025-11-01 08:32:20.102174
1,2025-01-06 07:28:19,2025-01-06 07:34:55,N,1.0,74,75,1.0,1.2,8.6,0.0,1.5,1.52,0.0,,1.0,11.62,1.0,1.0,0.0,0.0,1,2025-11-01 08:32:20.102174
1,2025-01-06 07:36:37,2025-01-06 07:51:12,N,1.0,43,161,1.0,2.9,17.0,3.5,1.5,2.0,0.0,,1.0,24.0,1.0,1.0,2.75,0.75,1,2025-11-01 08:32:20.102174
2,2025-01-06 07:51:26,2025-01-06 08:08:39,N,1.0,130,218,1.0,2.89,17.7,0.0,0.5,3.84,0.0,,1.0,23.04,1.0,1.0,0.0,0.0,1,2025-11-01 08:32:20.102174
2,2025-01-06 07:40:20,2025-01-06 08:05:54,N,1.0,43,13,1.0,7.79,35.2,0.0,0.5,7.89,0.0,,1.0,47.34,1.0,1.0,2.75,0.0,1,2025-11-01 08:32:20.102174
1,2025-01-06 07:38:09,2025-01-06 07:48:34,N,1.0,74,75,1.0,1.4,10.7,0.0,1.5,3.65,0.0,,1.0,15.85,1.0,1.0,0.0,0.0,1,2025-11-01 08:32:20.102174
1,2025-01-06 07:57:11,2025-01-06 08:12:57,N,1.0,74,75,1.0,1.4,14.2,0.0,1.5,3.9,0.0,,1.0,19.6,1.0,1.0,0.0,0.0,1,2025-11-01 08:32:20.102174
2,2025-01-06 07:22:43,2025-01-06 07:37:44,N,1.0,74,262,1.0,2.77,17.0,0.0,0.5,2.0,0.0,,1.0,23.25,1.0,1.0,2.75,0.0,1,2025-11-01 08:32:20.102174
2,2025-01-06 06:56:44,2025-01-06 07:01:20,N,1.0,74,74,1.0,0.83,6.5,0.0,0.5,1.2,0.0,,1.0,9.2,1.0,1.0,0.0,0.0,1,2025-11-01 08:32:20.102174
2,2025-01-06 07:29:47,2025-01-06 07:37:49,N,1.0,74,236,1.0,1.63,10.0,0.0,0.5,4.28,0.0,,1.0,18.53,1.0,1.0,2.75,0.0,1,2025-11-01 08:32:20.102174
2,2025-01-06 07:45:38,2025-01-06 08:02:20,N,1.0,74,236,1.0,2.16,16.3,0.0,0.5,4.11,0.0,,1.0,24.66,1.0,1.0,2.75,0.0,1,2025-11-01 08:32:20.102174
2,2025-01-06 07:32:13,2025-01-06 07:51:07,N,1.0,75,142,1.0,3.42,19.8,0.0,0.5,4.96,0.0,,1.0,29.76,1.0,1.0,2.75,0.75,1,2025-11-01 08:32:20.102174
2,2025-01-06 07:11:39,2025-01-06 07:30:15,N,5.0,65,138,1.0,10.81,50.0,5.0,0.0,11.2,0.0,,1.0,67.2,1.0,2.0,0.0,0.0,1,2025-11-01 08:32:20.102174
2,2025-01-06 07:48:47,2025-01-06 08:01:00,N,1.0,92,171,1.0,1.22,12.1,0.0,0.5,4.08,0.0,,1.0,17.68,1.0,1.0,0.0,0.0,1,2025-11-01 08:32:20.102174
2,2025-01-06 07:47:24,2025-01-06 07:52:43,N,1.0,75,238,5.0,1.16,7.9,0.0,0.5,0.0,0.0,,1.0,9.4,2.0,1.0,0.0,0.0,1,2025-11-01 08:32:20.102174
2,2025-01-06 07:38:24,2025-01-06 07:59:38,N,1.0,74,43,1.0,2.56,19.8,0.0,0.5,4.81,0.0,,1.0,28.86,1.0,1.0,2.75,0.0,1,2025-11-01 08:32:20.102174
1,2025-01-06 07:06:14,2025-01-06 07:16:54,N,1.0,226,141,1.0,3.2,15.6,2.75,1.5,0.0,0.0,,1.0,19.85,2.0,1.0,2.75,0.0,1,2025-11-01 08:32:20.102174
2,2025-01-06 07:39:16,2025-01-06 07:48:19,N,1.0,74,43,1.0,1.36,10.0,0.0,0.5,2.3,0.0,,1.0,13.8,1.0,1.0,0.0,0.0,1,2025-11-01 08:32:20.102174
2,2025-01-06 07:40:25,2025-01-06 07:56:13,N,1.0,130,121,1.0,2.58,17.7,0.0,0.5,3.84,0.0,,1.0,23.04,1.0,1.0,0.0,0.0,1,2025-11-01 08:32:20.102174
2,2025-01-06 07:15:18,2025-01-06 07:42:31,N,1.0,43,138,1.0,8.72,40.1,5.0,0.5,10.71,6.94,,1.0,64.25,1.0,1.0,0.0,0.0,1,2025-11-01 08:32:20.102174
2,2025-01-06 07:54:22,2025-01-06 08:04:39,N,1.0,74,43,1.0,1.38,11.4,0.0,0.5,2.5,0.0,,1.0,15.4,1.0,1.0,0.0,0.0,1,2025-11-01 08:32:20.102174
2,2025-01-06 07:01:07,2025-01-06 07:08:27,N,1.0,74,75,1.0,1.22,8.6,0.0,0.5,2.02,0.0,,1.0,12.12,1.0,1.0,0.0,0.0,1,2025-11-01 08:32:20.102174
2,2025-01-06 07:21:35,2025-01-06 07:36:05,N,1.0,74,263,1.0,2.15,14.9,0.0,0.5,3.83,0.0,,1.0,22.98,1.0,1.0,2.75,0.0,1,2025-11-01 08:32:20.102174
2,2025-01-06 07:47:55,2025-01-06 07:55:19,N,1.0,74,41,1.0,1.26,8.6,0.0,0.5,1.21,0.0,,1.0,11.31,1.0,1.0,0.0,0.0,1,2025-11-01 08:32:20.102174
1,2025-01-06 07:47:04,2025-01-06 07:54:58,N,1.0,166,151,3.0,1.9,10.7,0.0,1.5,1.22,0.0,,1.0,13.42,1.0,1.0,0.0,0.0,1,2025-11-01 08:32:20.102174
1,2025-01-06 07:58:49,2025-01-06 08:24:18,N,1.0,222,188,1.0,0.0,23.5,0.0,1.5,0.0,0.0,,1.0,25.0,1.0,1.0,0.0,0.0,1,2025-11-01 08:32:20.102174
2,2025-01-06 07:02:56,2025-01-06 07:22:41,N,1.0,74,140,1.0,3.39,20.5,0.0,0.5,4.95,0.0,,1.0,29.7,1.0,1.0,2.75,0.0,1,2025-11-01 08:32:20.102174
2,2025-01-06 07:45:43,2025-01-06 08:10:44,N,1.0,74,262,1.0,2.84,22.6,0.0,0.5,5.37,0.0,,1.0,32.22,1.0,1.0,2.75,0.0,1,2025-11-01 08:32:20.102174
2,2025-01-06 07:46:34,2025-01-06 07:50:32,N,1.0,74,42,1.0,0.89,6.5,0.0,0.5,0.0,0.0,,1.0,8.0,2.0,1.0,0.0,0.0,1,2025-11-01 08:32:20.102174
2,2025-01-06 07:53:37,2025-01-06 07:58:08,N,1.0,42,41,1.0,0.68,6.5,0.0,0.5,2.4,0.0,,1.0,10.4,1.0,1.0,0.0,0.0,1,2025-11-01 08:32:20.102174
2,2025-01-06 07:16:19,2025-01-06 07:28:00,N,1.0,74,75,1.0,1.36,12.1,0.0,0.5,2.72,0.0,,1.0,16.32,1.0,1.0,0.0,0.0,1,2025-11-01 08:32:20.102174
2,2025-01-06 07:38:35,2025-01-06 07:51:58,N,1.0,74,236,1.0,1.87,13.5,0.0,0.5,0.0,0.0,,1.0,17.75,2.0,1.0,2.75,0.0,1,2025-11-01 08:32:20.102174
2,2025-01-06 07:52:36,2025-01-06 08:06:08,N,1.0,42,75,1.0,2.18,14.2,0.0,0.5,2.83,0.0,,1.0,18.53,1.0,1.0,0.0,0.0,1,2025-11-01 08:32:20.102174
2,2025-01-06 07:12:16,2025-01-06 07:23:06,N,1.0,74,43,1.0,1.58,11.4,0.0,0.5,2.58,0.0,,1.0,15.48,1.0,1.0,0.0,0.0,1,2025-11-01 08:32:20.102174
2,2025-01-06 07:51:01,2025-01-06 08:18:37,N,1.0,95,237,1.0,7.74,35.2,0.0,0.5,0.0,0.0,,1.0,40.2,2.0,1.0,2.75,0.75,1,2025-11-01 08:32:20.102174
2,2025-01-06 07:14:59,2025-01-06 07:25:08,N,1.0,74,263,1.0,2.12,12.8,0.0,0.5,2.0,0.0,,1.0,19.05,1.0,1.0,2.75,0.0,1,2025-11-01 08:32:20.102174
2,2025-01-06 07:43:24,2025-01-06 08:07:53,N,1.0,74,42,1.0,1.68,21.9,0.0,0.5,0.0,0.0,,1.0,23.4,2.0,1.0,0.0,0.0,1,2025-11-01 08:32:20.102174
2,2025-01-06 07:35:56,2025-01-06 07:41:43,N,1.0,74,74,1.0,0.67,7.2,0.0,0.5,1.74,0.0,,1.0,10.44,1.0,1.0,0.0,0.0,1,2025-11-01 08:32:20.102174
2,2025-01-06 07:51:08,2025-01-06 08:04:11,N,1.0,74,152,1.0,1.94,13.5,0.0,0.5,3.0,0.0,,1.0,18.0,1.0,1.0,0.0,0.0,1,2025-11-01 08:32:20.102174
2,2025-01-06 07:56:48,2025-01-06 08:01:24,N,1.0,7,264,1.0,0.94,5.8,0.0,0.5,0.0,0.0,,1.0,7.3,2.0,1.0,0.0,0.0,1,2025-11-01 08:32:20.102174
1,2025-01-06 08:36:25,2025-01-06 08:47:04,N,1.0,74,75,1.0,1.5,10.0,0.0,1.5,1.15,0.0,,1.0,12.65,1.0,1.0,0.0,0.0,1,2025-11-01 08:32:20.102174
1,2025-01-06 08:21:49,2025-01-06 08:33:38,N,1.0,82,129,1.0,1.2,11.4,0.0,1.5,2.55,0.0,,1.0,15.45,1.0,1.0,0.0,0.0,1,2025-11-01 08:32:20.102174
2,2025-01-06 08:31:03,2025-01-06 08:58:58,N,1.0,74,236,1.0,2.58,24.0,0.0,0.5,4.24,0.0,,1.0,32.49,1.0,1.0,2.75,0.0,1,2025-11-01 08:32:20.102174
2,2025-01-06 08:16:07,2025-01-06 08:37:56,N,1.0,33,107,1.0,3.78,23.3,0.0,0.5,5.66,0.0,,1.0,33.96,1.0,1.0,2.75,0.75,1,2025-11-01 08:32:20.102174
2,2025-01-06 08:18:41,2025-01-06 08:23:29,N,1.0,236,236,1.0,0.28,5.8,0.0,0.5,2.01,0.0,,1.0,12.06,1.0,1.0,2.75,0.0,1,2025-11-01 08:32:20.102174
2,2025-01-06 08:29:56,2025-01-06 08:34:26,N,1.0,166,151,1.0,1.23,7.9,0.0,0.5,2.35,0.0,,1.0,11.75,1.0,1.0,0.0,0.0,1,2025-11-01 08:32:20.102174
2,2025-01-06 08:05:45,2025-01-06 08:14:20,N,1.0,74,75,1.0,0.93,9.3,0.0,0.5,0.0,0.0,,1.0,10.8,2.0,1.0,0.0,0.0,1,2025-11-01 08:32:20.102174
2,2025-01-06 08:27:27,2025-01-06 08:31:35,N,1.0,74,42,1.0,0.65,6.5,0.0,0.5,0.0,0.0,,1.0,8.0,1.0,1.0,0.0,0.0,1,2025-11-01 08:32:20.102174
2,2025-01-06 08:40:22,2025-01-06 08:53:13,N,1.0,74,166,1.0,1.96,13.5,0.0,0.5,3.0,0.0,,1.0,18.0,1.0,1.0,0.0,0.0,1,2025-11-01 08:32:20.102174
1,2025-01-06 08:09:49,2025-01-06 08:23:01,N,1.0,74,263,1.0,2.1,13.5,2.75,1.5,3.0,0.0,,1.0,20.75,1.0,1.0,2.75,0.0,1,2025-11-01 08:32:20.102174
1,2025-01-06 08:45:38,2025-01-06 09:04:33,N,1.0,74,140,1.0,3.6,19.8,2.75,1.5,4.0,0.0,,1.0,28.05,1.0,1.0,2.75,0.0,1,2025-11-01 08:32:20.102174
2,2025-01-06 08:09:01,2025-01-06 08:22:23,N,1.0,74,75,1.0,1.77,13.5,0.0,0.5,0.0,0.0,,1.0,15.0,2.0,1.0,0.0,0.0,1,2025-11-01 08:32:20.102174
2,2025-01-06 08:35:58,2025-01-06 08:48:47,N,1.0,42,127,1.0,3.7,19.1,0.0,0.5,0.0,0.0,,1.0,20.6,2.0,1.0,0.0,0.0,1,2025-11-01 08:32:20.102174
2,2025-01-06 08:00:02,2025-01-06 09:33:47,N,1.0,83,260,1.0,4.15,70.9,0.0,0.5,0.0,0.0,,1.0,72.4,2.0,1.0,0.0,0.0,1,2025-11-01 08:32:20.102174
2,2025-01-06 08:56:33,2025-01-06 09:14:07,N,1.0,74,75,3.0,1.24,15.6,0.0,0.5,3.42,0.0,,1.0,20.52,1.0,1.0,0.0,0.0,1,2025-11-01 08:32:20.102174
1,2025-01-06 08:55:52,2025-01-06 09:14:40,N,1.0,129,193,1.0,3.7,20.5,0.0,1.5,0.0,0.0,,1.0,22.0,1.0,1.0,0.0,0.0,1,2025-11-01 08:32:20.102174
2,2025-01-06 07:22:11,2025-01-07 06:31:02,N,1.0,75,238,1.0,1.45,10.7,0.0,0.5,2.44,0.0,,1.0,14.64,1.0,1.0,0.0,0.0,1,2025-11-01 08:32:20.102174
2,2025-01-06 08:22:46,2025-01-06 08:36:18,N,1.0,75,141,1.0,1.9,13.5,0.0,0.5,2.0,0.0,,1.0,19.75,1.0,1.0,2.75,0.0,1,2025-11-01 08:32:20.102174
2,2025-01-06 07:59:51,2025-01-06 08:11:04,N,1.0,130,215,1.0,1.58,12.1,0.0,0.5,1.5,0.0,,1.0,15.1,1.0,1.0,0.0,0.0,1,2025-11-01 08:32:20.102174
1,2025-01-06 08:56:04,2025-01-06 09:02:15,N,1.0,210,210,1.0,0.9,7.9,0.0,1.5,2.0,0.0,,1.0,11.4,1.0,1.0,0.0,0.0,1,2025-11-01 08:32:20.102174
2,2025-01-06 08:44:11,2025-01-06 09:07:59,N,1.0,95,137,1.0,9.02,38.7,0.0,0.5,10.13,6.94,,1.0,60.77,1.0,1.0,2.75,0.75,1,2025-11-01 08:32:20.102174
2,2025-01-06 08:08:35,2025-01-06 08:26:04,N,1.0,74,151,1.0,2.44,17.0,0.0,0.5,4.62,0.0,,1.0,23.12,1.0,1.0,0.0,0.0,1,2025-11-01 08:32:20.102174
2,2025-01-06 08:09:55,2025-01-06 08:17:46,N,1.0,74,42,1.0,0.73,8.6,0.0,0.5,0.0,0.0,,1.0,10.1,2.0,1.0,0.0,0.0,1,2025-11-01 08:32:20.102174
2,2025-01-06 08:46:06,2025-01-06 09:01:22,N,1.0,74,75,1.0,1.41,14.2,0.0,0.5,0.0,0.0,,1.0,15.7,2.0,1.0,0.0,0.0,1,2025-11-01 08:32:20.102174
2,2025-01-06 08:21:45,2025-01-06 08:31:28,N,1.0,41,74,1.0,1.4,10.7,0.0,0.5,0.0,0.0,,1.0,12.2,1.0,1.0,0.0,0.0,1,2025-11-01 08:32:20.102174
1,2025-01-06 08:01:21,2025-01-06 08:37:20,N,1.0,243,234,1.0,9.8,41.5,3.5,1.5,5.0,0.0,,1.0,51.5,1.0,1.0,2.75,0.75,1,2025-11-01 08:32:20.102174
1,2025-01-06 08:42:35,2025-01-06 08:53:17,N,1.0,74,166,1.0,1.7,12.1,0.0,1.5,2.04,0.0,,1.0,15.64,1.0,1.0,0.0,0.0,1,2025-11-01 08:32:20.102174
2,2025-01-06 08:12:37,2025-01-06 08:27:55,N,1.0,74,236,1.0,1.87,14.9,0.0,0.5,0.0,0.0,,1.0,19.15,1.0,1.0,2.75,0.0,1,2025-11-01 08:32:20.102174
2,2025-01-06 08:34:13,2025-01-06 08:45:13,N,1.0,75,166,1.0,1.76,12.8,0.0,0.5,0.0,0.0,,1.0,14.3,2.0,1.0,0.0,0.0,1,2025-11-01 08:32:20.102174
2,2025-01-06 08:43:29,2025-01-06 08:54:12,N,1.0,74,166,1.0,1.59,12.1,0.0,0.5,0.0,0.0,,1.0,13.6,1.0,1.0,0.0,0.0,1,2025-11-01 08:32:20.102174
2,2025-01-06 08:08:31,2025-01-06 08:28:19,N,1.0,41,243,1.0,4.73,24.0,0.0,0.5,2.0,0.0,,1.0,27.5,1.0,1.0,0.0,0.0,1,2025-11-01 08:32:20.102174
2,2025-01-06 08:54:23,2025-01-06 09:01:41,N,1.0,24,41,1.0,0.87,8.6,0.0,0.5,0.0,0.0,,1.0,10.1,2.0,1.0,0.0,0.0,1,2025-11-01 08:32:20.102174
2,2025-01-06 08:17:48,2025-01-06 08:58:18,N,1.0,95,72,1.0,8.31,44.3,0.0,0.5,5.0,0.0,,1.0,50.8,1.0,1.0,0.0,0.0,1,2025-11-01 08:32:20.102174
2,2025-01-06 08:24:31,2025-01-06 08:37:34,N,1.0,41,239,3.0,2.01,13.5,0.0,0.5,1.5,0.0,,1.0,19.25,1.0,1.0,2.75,0.0,1,2025-11-01 08:32:20.102174
1,2025-01-06 08:35:27,2025-01-06 08:52:13,N,1.0,74,263,1.0,2.3,17.0,2.75,1.5,1.0,0.0,,1.0,22.25,1.0,1.0,2.75,0.0,1,2025-11-01 08:32:20.102174
1,2025-01-06 08:58:11,2025-01-06 08:59:29,N,1.0,75,74,1.0,0.5,4.4,0.0,1.5,0.1,0.0,,1.0,6.0,1.0,1.0,0.0,0.0,1,2025-11-01 08:32:20.102174
2,2025-01-06 08:03:11,2025-01-06 08:11:53,N,1.0,74,74,1.0,1.08,10.0,0.0,0.5,2.3,0.0,,1.0,13.8,1.0,1.0,0.0,0.0,1,2025-11-01 08:32:20.102174
2,2025-01-06 08:14:50,2025-01-06 08:25:33,N,1.0,42,75,1.0,2.46,13.5,0.0,0.5,0.0,0.0,,1.0,15.0,2.0,1.0,0.0,0.0,1,2025-11-01 08:32:20.102174
2,2025-01-06 08:45:03,2025-01-06 08:58:23,N,1.0,74,75,1.0,1.23,12.8,0.0,0.5,1.43,0.0,,1.0,15.73,1.0,1.0,0.0,0.0,1,2025-11-01 08:32:20.102174
2,2025-01-06 08:55:53,2025-01-06 09:18:54,N,1.0,74,236,1.0,2.3,20.5,0.0,0.5,4.0,0.0,,1.0,28.75,1.0,1.0,2.75,0.0,1,2025-11-01 08:32:20.102174
1,2025-01-06 08:12:42,2025-01-06 08:35:36,N,1.0,260,162,1.0,0.0,27.5,0.0,1.5,0.0,0.0,,1.0,29.0,1.0,1.0,0.0,0.0,1,2025-11-01 08:32:20.102174
2,2025-01-06 08:47:02,2025-01-06 08:53:01,N,1.0,75,238,1.0,0.98,7.9,0.0,0.5,3.0,0.0,,1.0,12.4,1.0,1.0,0.0,0.0,1,2025-11-01 08:32:20.102174
1,2025-01-06 08:55:11,2025-01-06 09:12:51,Y,1.0,74,236,1.0,1.6,16.3,2.75,1.5,4.11,0.0,,1.0,24.66,1.0,1.0,2.75,0.0,1,2025-11-01 08:32:20.102174
2,2025-01-06 08:28:49,2025-01-06 08:39:59,N,1.0,116,244,1.0,2.28,13.5,0.0,0.5,0.0,0.0,,1.0,15.0,2.0,1.0,0.0,0.0,1,2025-11-01 08:32:20.102174
2,2025-01-06 08:24:03,2025-01-06 08:40:26,N,1.0,33,162,1.0,6.21,27.5,0.0,0.5,5.85,0.0,,1.0,38.35,1.0,1.0,2.75,0.75,1,2025-11-01 08:32:20.102174
2,2025-01-06 08:09:35,2025-01-06 08:27:08,N,1.0,74,42,1.0,4.81,24.7,0.0,0.5,0.0,0.0,,1.0,26.2,1.0,1.0,0.0,0.0,1,2025-11-01 08:32:20.102174
2,2025-01-06 07:56:20,2025-01-06 08:13:30,N,1.0,74,236,1.0,1.86,15.6,0.0,0.5,3.97,0.0,,1.0,23.82,1.0,1.0,2.75,0.0,1,2025-11-01 08:32:20.102174
2,2025-01-06 08:49:33,2025-01-06 08:54:04,N,1.0,74,75,1.0,0.74,6.5,0.0,0.5,2.0,0.0,,1.0,10.0,1.0,1.0,0.0,0.0,1,2025-11-01 08:32:20.102174
2,2025-01-06 08:15:40,2025-01-06 08:31:51,N,1.0,130,258,1.0,3.82,19.1,0.0,0.5,4.12,0.0,,1.0,24.72,1.0,1.0,0.0,0.0,1,2025-11-01 08:32:20.102174
2,2025-01-06 08:08:40,2025-01-06 08:18:58,N,1.0,75,166,1.0,1.55,11.4,0.0,0.5,0.0,0.0,,1.0,12.9,2.0,1.0,0.0,0.0,1,2025-11-01 08:32:20.102174
2,2025-01-06 08:44:50,2025-01-06 08:59:05,N,1.0,74,75,1.0,1.3,13.5,0.0,0.5,1.0,0.0,,1.0,16.0,1.0,1.0,0.0,0.0,1,2025-11-01 08:32:20.102174
1,2025-01-06 08:29:47,2025-01-06 09:06:52,N,1.0,89,231,1.0,0.0,28.5,0.0,1.5,0.0,0.0,,1.0,30.0,1.0,1.0,0.0,0.0,1,2025-11-01 08:32:20.102174
2,2025-01-06 08:38:01,2025-01-06 08:48:38,N,1.0,74,75,1.0,1.38,11.4,0.0,0.5,2.58,0.0,,1.0,15.48,1.0,1.0,0.0,0.0,1,2025-11-01 08:32:20.102174
2,2025-01-06 08:49:57,2025-01-06 09:00:56,N,1.0,75,166,1.0,1.87,12.8,0.0,0.5,2.86,0.0,,1.0,17.16,1.0,1.0,0.0,0.0,1,2025-11-01 08:32:20.102174
2,2025-01-06 08:11:59,2025-01-06 08:26:55,N,1.0,74,43,1.0,1.37,13.5,0.0,0.5,2.25,0.0,,1.0,17.25,1.0,1.0,0.0,0.0,1,2025-11-01 08:32:20.102174
2,2025-01-06 08:48:58,2025-01-06 09:01:52,N,1.0,74,152,1.0,1.59,12.8,0.0,0.5,0.0,0.0,,1.0,14.3,1.0,1.0,0.0,0.0,1,2025-11-01 08:32:20.102174
2,2025-01-06 08:49:06,2025-01-06 08:57:03,N,1.0,65,33,1.0,0.64,8.6,0.0,0.5,2.02,0.0,,1.0,12.12,1.0,1.0,0.0,0.0,1,2025-11-01 08:32:20.102174
1,2025-01-06 08:52:47,2025-01-06 09:38:52,N,1.0,102,236,1.0,0.0,34.5,0.0,1.5,0.0,0.0,,1.0,36.0,1.0,1.0,0.0,0.0,1,2025-11-01 08:32:20.102174
2,2025-01-06 08:07:04,2025-01-06 08:14:07,N,1.0,43,237,5.0,1.4,9.3,0.0,0.5,2.71,0.0,,1.0,16.26,1.0,1.0,2.75,0.0,1,2025-11-01 08:32:20.102174
2,2025-01-06 08:27:21,2025-01-06 08:46:10,N,1.0,75,161,5.0,2.33,18.4,0.0,0.5,2.34,0.0,,1.0,25.74,1.0,1.0,2.75,0.75,1,2025-11-01 08:32:20.102174
2,2025-01-06 08:36:57,2025-01-06 08:46:16,N,1.0,74,152,1.0,1.24,10.0,0.0,0.5,0.0,0.0,,1.0,11.5,2.0,1.0,0.0,0.0,1,2025-11-01 08:32:20.102174
2,2025-01-06 08:25:38,2025-01-06 08:58:50,N,1.0,7,112,1.0,4.06,29.6,0.0,0.5,6.22,0.0,,1.0,37.32,1.0,1.0,0.0,0.0,1,2025-11-01 08:32:20.102174
2,2025-01-06 08:17:09,2025-01-06 08:35:27,N,1.0,75,142,1.0,2.33,17.7,0.0,0.5,1.5,0.0,,1.0,23.45,1.0,1.0,2.75,0.0,1,2025-11-01 08:32:20.102174
2,2025-01-06 08:52:40,2025-01-06 09:12:02,N,1.0,24,236,1.0,2.2,18.4,0.0,0.5,3.4,0.0,,1.0,26.05,1.0,1.0,2.75,0.0,1,2025-11-01 08:32:20.102174
2,2025-01-06 08:12:10,2025-01-06 08:25:49,N,1.0,74,151,1.0,2.6,15.6,0.0,0.5,3.42,0.0,,1.0,20.52,1.0,1.0,0.0,0.0,1,2025-11-01 08:32:20.102174
2,2025-01-06 08:11:18,2025-01-06 08:19:14,N,1.0,130,197,1.0,1.11,10.0,0.0,0.5,0.0,0.0,,1.0,11.5,1.0,1.0,0.0,0.0,1,2025-11-01 08:32:20.102174
1,2025-01-06 08:23:40,2025-01-06 08:33:34,N,1.0,260,129,1.0,0.0,16.5,0.0,1.5,0.0,0.0,,1.0,18.0,1.0,1.0,0.0,0.0,1,2025-11-01 08:32:20.102174
2,2025-01-06 08:42:27,2025-01-06 08:55:33,N,1.0,74,75,1.0,1.36,12.8,0.0,0.5,2.0,0.0,,1.0,16.3,1.0,1.0,0.0,0.0,1,2025-11-01 08:32:20.102174
2,2025-01-06 09:00:23,2025-01-06 09:06:17,N,1.0,75,236,1.0,0.88,7.9,0.0,0.5,2.43,0.0,,1.0,14.58,1.0,1.0,2.75,0.0,1,2025-11-01 08:32:20.102174
2,2025-01-06 08:21:56,2025-01-06 08:24:29,N,1.0,82,83,1.0,0.59,5.1,0.0,0.5,0.01,0.0,,1.0,6.61,1.0,1.0,0.0,0.0,1,2025-11-01 08:32:20.102174
2,2025-01-06 08:03:04,2025-01-06 08:13:37,N,1.0,74,75,1.0,1.42,11.4,0.0,0.5,0.0,0.0,,1.0,12.9,2.0,1.0,0.0,0.0,1,2025-11-01 08:32:20.102174
2,2025-01-06 08:50:25,2025-01-06 09:10:39,N,1.0,74,244,1.0,4.56,26.1,0.0,0.5,5.52,0.0,,1.0,33.12,1.0,1.0,0.0,0.0,1,2025-11-01 08:32:20.102174
2,2025-01-06 08:15:34,2025-01-06 08:26:37,N,1.0,74,75,1.0,1.42,11.4,0.0,0.5,2.58,0.0,,1.0,15.48,1.0,1.0,0.0,0.0,1,2025-11-01 08:32:20.102174
2,2025-01-06 08:43:48,2025-01-06 08:50:06,N,1.0,43,238,1.0,0.95,8.6,0.0,0.5,2.57,0.0,,1.0,15.42,1.0,1.0,2.75,0.0,1,2025-11-01 08:32:20.102174
2,2025-01-06 09:00:00,2025-01-06 09:13:32,N,1.0,236,263,1.0,1.2,12.8,0.0,0.5,4.26,0.0,,1.0,21.31,1.0,1.0,2.75,0.0,1,2025-11-01 08:32:20.102174
2,2025-01-06 08:38:01,2025-01-06 08:58:53,N,1.0,74,236,1.0,1.97,18.4,0.0,0.5,4.53,0.0,,1.0,27.18,1.0,1.0,2.75,0.0,1,2025-11-01 08:32:20.102174
2,2025-01-06 08:41:59,2025-01-06 08:58:07,N,1.0,74,75,1.0,1.51,14.9,0.0,0.5,3.28,0.0,,1.0,19.68,1.0,1.0,0.0,0.0,1,2025-11-01 08:32:20.102174
2,2025-01-06 08:13:10,2025-01-06 08:24:45,N,1.0,74,75,1.0,1.24,11.4,0.0,0.5,5.0,0.0,,1.0,17.9,1.0,1.0,0.0,0.0,1,2025-11-01 08:32:20.102174
2,2025-01-06 08:54:48,2025-01-06 09:08:04,N,1.0,74,24,1.0,2.03,14.2,0.0,0.5,3.14,0.0,,1.0,18.84,1.0,1.0,0.0,0.0,1,2025-11-01 08:32:20.102174
1,2025-01-06 08:06:52,2025-01-06 08:12:25,N,1.0,166,239,1.0,1.6,9.3,2.75,1.5,2.7,0.0,,1.0,16.25,1.0,1.0,2.75,0.0,1,2025-11-01 08:32:20.102174
1,2025-01-06 08:49:30,2025-01-06 08:57:29,N,1.0,166,239,1.0,1.9,11.4,2.75,1.5,3.1,0.0,,1.0,18.75,1.0,1.0,2.75,0.0,1,2025-11-01 08:32:20.102174
2,2025-01-06 08:19:01,2025-01-06 08:35:29,N,1.0,75,166,1.0,2.68,17.0,0.0,0.5,0.0,0.0,,1.0,21.25,1.0,1.0,2.75,0.0,1,2025-11-01 08:32:20.102174
2,2025-01-06 08:39:59,2025-01-06 08:58:09,N,1.0,166,263,1.0,3.62,20.5,0.0,0.5,4.95,0.0,,1.0,29.7,1.0,1.0,2.75,0.0,1,2025-11-01 08:32:20.102174
2,2025-01-06 09:02:55,2025-01-06 09:14:09,N,1.0,74,166,1.0,1.82,12.1,0.0,0.5,2.72,0.0,,1.0,16.32,1.0,1.0,0.0,0.0,1,2025-11-01 08:32:20.102174
2,2025-01-06 08:01:59,2025-01-06 08:05:25,N,1.0,41,24,1.0,0.38,5.1,0.0,0.5,1.65,0.0,,1.0,8.25,1.0,1.0,0.0,0.0,1,2025-11-01 08:32:20.102174
2,2025-01-06 08:29:09,2025-01-06 08:33:38,N,1.0,42,42,1.0,0.64,6.5,0.0,0.5,0.0,0.0,,1.0,8.0,2.0,1.0,0.0,0.0,1,2025-11-01 08:32:20.102174
2,2025-01-06 07:07:41,2025-01-06 07:12:34,N,1.0,74,74,2.0,0.73,6.5,0.0,0.5,2.0,0.0,,1.0,10.0,1.0,1.0,0.0,0.0,1,2025-11-01 08:32:20.102174
2,2025-01-06 07:27:12,2025-01-06 07:41:41,N,1.0,74,238,2.0,2.5,16.3,0.0,0.5,4.11,0.0,,1.0,24.66,1.0,1.0,2.75,0.0,1,2025-11-01 08:32:20.102174
2,2025-01-06 08:37:15,2025-01-06 09:04:49,N,1.0,102,28,1.0,5.97,32.4,0.0,0.5,0.0,0.0,,1.0,33.9,2.0,1.0,0.0,0.0,1,2025-11-01 08:32:20.102174
2,2025-01-06 08:07:13,2025-01-06 08:18:03,N,1.0,74,75,1.0,0.83,10.7,0.0,0.5,3.05,0.0,,1.0,15.25,1.0,1.0,0.0,0.0,1,2025-11-01 08:32:20.102174
2,2025-01-06 08:54:23,2025-01-06 09:04:50,N,1.0,74,74,1.0,1.57,11.4,0.0,0.5,0.0,0.0,,1.0,12.9,2.0,1.0,0.0,0.0,1,2025-11-01 08:32:20.102174
2,2025-01-06 08:38:10,2025-01-06 08:53:09,N,1.0,74,236,1.0,1.98,15.6,0.0,0.5,4.9,0.0,,1.0,24.5,1.0,1.0,2.5,0.0,1,2025-11-01 08:32:20.102174
2,2025-01-06 08:41:36,2025-01-06 08:56:23,N,1.0,74,43,1.0,1.51,14.2,0.0,0.5,2.36,0.0,,1.0,18.06,1.0,1.0,0.0,0.0,1,2025-11-01 08:32:20.102174
2,2025-01-06 08:37:34,2025-01-06 08:49:22,N,1.0,74,152,1.0,1.46,12.1,0.0,0.5,2.72,0.0,,1.0,16.32,1.0,1.0,0.0,0.0,1,2025-11-01 08:32:20.102174
2,2025-01-06 08:38:08,2025-01-06 08:48:49,N,1.0,130,130,1.0,1.61,12.1,0.0,0.5,1.0,0.0,,1.0,14.6,1.0,1.0,0.0,0.0,1,2025-11-01 08:32:20.102174
2,2025-01-06 08:29:27,2025-01-06 08:34:10,N,1.0,74,75,1.0,0.59,6.5,0.0,0.5,0.0,0.0,,1.0,8.0,2.0,1.0,0.0,0.0,1,2025-11-01 08:32:20.102174
2,2025-01-06 08:57:10,2025-01-06 09:21:15,N,1.0,74,50,1.0,3.86,24.7,0.0,0.5,7.42,0.0,,1.0,37.12,1.0,1.0,2.75,0.75,1,2025-11-01 08:32:20.102174
2,2025-01-06 09:17:19,2025-01-06 09:17:23,N,5.0,225,264,1.0,0.11,10.0,0.0,0.0,2.2,0.0,,1.0,13.2,1.0,2.0,0.0,0.0,1,2025-11-01 08:32:20.102174
2,2025-01-06 09:02:55,2025-01-06 09:08:38,N,1.0,7,193,1.0,1.14,7.9,0.0,0.5,4.0,0.0,,1.0,13.4,1.0,1.0,0.0,0.0,1,2025-11-01 08:32:20.102174
2,2025-01-06 09:14:40,2025-01-06 09:29:03,N,1.0,7,223,1.0,2.33,14.9,0.0,0.5,0.0,0.0,,1.0,16.4,1.0,1.0,0.0,0.0,1,2025-11-01 08:32:20.102174
2,2025-01-06 09:11:39,2025-01-06 09:50:18,N,5.0,93,132,1.0,11.88,60.0,0.0,0.0,0.0,0.0,,1.0,61.0,2.0,2.0,0.0,0.0,1,2025-11-01 08:32:20.102174
2,2025-01-06 09:09:43,2025-01-06 09:32:48,N,1.0,74,262,1.0,2.58,21.2,0.0,0.5,5.09,0.0,,1.0,30.54,1.0,1.0,2.75,0.0,1,2025-11-01 08:32:20.102174
1,2025-01-06 09:09:38,2025-01-06 09:27:55,N,1.0,74,75,1.0,1.2,12.8,0.0,1.5,2.85,0.0,,1.0,17.15,1.0,1.0,0.0,0.0,1,2025-11-01 08:32:20.102174
2,2025-01-06 09:20:12,2025-01-06 09:30:09,N,1.0,95,121,2.0,2.52,14.2,0.0,0.5,2.0,0.0,,1.0,17.7,1.0,1.0,0.0,0.0,1,2025-11-01 08:32:20.102174
2,2025-01-06 09:30:38,2025-01-06 09:44:28,N,1.0,74,75,1.0,1.29,13.5,0.0,0.5,2.25,0.0,,1.0,17.25,1.0,1.0,0.0,0.0,1,2025-11-01 08:32:20.102174
2,2025-01-06 09:17:12,2025-01-06 09:24:53,N,1.0,97,49,1.0,0.95,8.6,0.0,0.5,2.02,0.0,,1.0,12.12,1.0,1.0,0.0,0.0,1,2025-11-01 08:32:20.102174
2,2025-01-06 09:24:26,2025-01-06 09:47:35,N,1.0,166,138,1.0,8.04,35.9,5.0,0.5,9.87,6.94,,1.0,59.21,1.0,1.0,0.0,0.0,1,2025-11-01 08:32:20.102174
2,2025-01-06 09:39:19,2025-01-06 09:39:58,N,1.0,95,95,2.0,0.0,3.0,0.0,0.5,0.0,0.0,,1.0,4.5,2.0,1.0,0.0,0.0,1,2025-11-01 08:32:20.102174
2,2025-01-06 09:12:48,2025-01-06 09:26:52,N,1.0,74,75,1.0,1.6,13.5,0.0,0.5,0.0,0.0,,1.0,15.0,1.0,1.0,0.0,0.0,1,2025-11-01 08:32:20.102174
1,2025-01-06 09:21:19,2025-01-06 09:22:04,N,5.0,198,198,0.0,0.0,17.0,0.0,0.0,0.0,0.0,,0.0,17.0,1.0,2.0,0.0,0.0,1,2025-11-01 08:32:20.102174
2,2025-01-06 09:00:31,2025-01-06 09:12:26,N,1.0,74,75,1.0,0.96,11.4,0.0,0.5,2.58,0.0,,1.0,15.48,1.0,1.0,0.0,0.0,1,2025-11-01 08:32:20.102174
2,2025-01-06 09:20:08,2025-01-06 09:28:25,N,1.0,74,42,1.0,1.24,9.3,0.0,0.5,1.0,0.0,,1.0,11.8,1.0,1.0,0.0,0.0,1,2025-11-01 08:32:20.102174
2,2025-01-06 09:11:23,2025-01-06 09:27:35,N,1.0,244,41,1.0,2.5,17.0,0.0,0.5,0.0,0.0,,1.0,18.5,2.0,1.0,0.0,0.0,1,2025-11-01 08:32:20.102174
2,2025-01-06 09:49:12,2025-01-06 09:51:08,N,1.0,83,83,1.0,0.0,3.7,0.0,0.5,0.0,0.0,,1.0,5.2,2.0,1.0,0.0,0.0,1,2025-11-01 08:32:20.102174
1,2025-01-06 09:55:19,2025-01-06 10:07:34,N,1.0,74,75,1.0,1.5,12.1,0.0,1.5,2.0,0.0,,1.0,15.6,1.0,1.0,0.0,0.0,1,2025-11-01 08:32:20.102174
1,2025-01-06 09:42:11,2025-01-06 09:45:08,N,1.0,42,42,1.0,0.7,5.8,0.0,1.5,0.0,0.0,,1.0,7.3,2.0,1.0,0.0,0.0,1,2025-11-01 08:32:20.102174
2,2025-01-06 09:48:08,2025-01-06 09:51:31,N,1.0,75,238,1.0,0.86,6.5,0.0,0.5,2.69,0.0,,1.0,13.44,1.0,1.0,2.75,0.0,1,2025-11-01 08:32:20.102174
2,2025-01-06 09:01:52,2025-01-06 09:16:13,N,1.0,74,43,1.0,1.47,14.2,0.0,0.5,3.14,0.0,,1.0,18.84,1.0,1.0,0.0,0.0,1,2025-11-01 08:32:20.102174
2,2025-01-06 09:34:23,2025-01-07 08:43:36,N,1.0,74,74,1.0,0.92,7.9,0.0,0.5,0.0,0.0,,1.0,9.4,2.0,1.0,0.0,0.0,1,2025-11-01 08:32:20.102174
2,2025-01-06 09:02:32,2025-01-06 09:12:12,N,1.0,166,239,1.0,1.69,12.1,0.0,0.5,0.0,0.0,,1.0,16.35,1.0,1.0,2.75,0.0,1,2025-11-01 08:32:20.102174
2,2025-01-06 09:29:25,2025-01-06 09:32:25,N,1.0,43,236,1.0,0.73,5.8,0.0,0.5,2.01,0.0,,1.0,12.06,1.0,1.0,2.75,0.0,1,2025-11-01 08:32:20.102174
2,2025-01-06 09:30:31,2025-01-06 09:51:27,N,1.0,75,48,1.0,3.59,21.2,0.0,0.5,5.24,0.0,,1.0,31.44,1.0,1.0,2.75,0.75,1,2025-11-01 08:32:20.102174
2,2025-01-06 09:46:39,2025-01-06 09:57:57,N,1.0,74,75,1.0,1.19,11.4,0.0,0.5,2.0,0.0,,1.0,14.9,1.0,1.0,0.0,0.0,1,2025-11-01 08:32:20.102174
1,2025-01-06 09:42:41,2025-01-06 10:15:10,N,1.0,184,140,1.0,0.0,36.5,0.0,1.5,0.0,6.94,,1.0,44.94,1.0,1.0,0.0,0.0,1,2025-11-01 08:32:20.102174
2,2025-01-06 09:04:37,2025-01-06 09:29:08,N,1.0,75,244,1.0,4.1,25.4,0.0,0.5,5.38,0.0,,1.0,32.28,1.0,1.0,0.0,0.0,1,2025-11-01 08:32:20.102174
2,2025-01-06 09:38:20,2025-01-06 09:46:49,N,1.0,43,236,1.0,1.03,9.3,0.0,0.5,3.39,0.0,,1.0,16.94,1.0,1.0,2.75,0.0,1,2025-11-01 08:32:20.102174
2,2025-01-06 09:44:05,2025-01-06 09:49:54,N,1.0,134,95,1.0,0.98,7.9,0.0,0.5,0.0,0.0,,1.0,9.4,2.0,1.0,0.0,0.0,1,2025-11-01 08:32:20.102174
1,2025-01-06 09:10:55,2025-01-06 09:21:23,N,1.0,74,238,1.0,2.2,11.4,0.0,1.5,3.0,0.0,,1.0,15.9,1.0,1.0,0.0,0.0,1,2025-11-01 08:32:20.102174
2,2025-01-06 09:30:28,2025-01-06 09:47:42,N,1.0,74,41,1.0,1.37,16.3,0.0,0.5,3.56,0.0,,1.0,21.36,1.0,1.0,0.0,0.0,1,2025-11-01 08:32:20.102174
2,2025-01-06 08:59:52,2025-01-06 09:31:32,N,1.0,75,138,1.0,8.23,40.8,5.0,0.5,0.0,6.94,,1.0,54.24,2.0,1.0,0.0,0.0,1,2025-11-01 08:32:20.102174
2,2025-01-06 09:16:01,2025-01-06 09:33:29,N,1.0,74,75,1.0,2.41,17.7,0.0,0.5,1.0,0.0,,1.0,20.2,1.0,1.0,0.0,0.0,1,2025-11-01 08:32:20.102174
2,2025-01-06 10:00:36,2025-01-06 10:17:51,N,1.0,95,121,1.0,2.72,17.7,0.0,0.5,3.84,0.0,,1.0,23.04,1.0,1.0,0.0,0.0,1,2025-11-01 08:32:20.102174
2,2025-01-06 09:06:12,2025-01-06 09:11:45,N,1.0,24,151,1.0,1.03,7.9,0.0,0.5,1.88,0.0,,1.0,11.28,1.0,1.0,0.0,0.0,1,2025-11-01 08:32:20.102174
2,2025-01-06 09:18:29,2025-01-06 09:28:54,N,1.0,24,239,1.0,2.14,12.8,0.0,0.5,4.26,0.0,,1.0,21.31,1.0,1.0,2.75,0.0,1,2025-11-01 08:32:20.102174
2,2025-01-06 09:25:40,2025-01-06 09:33:43,N,1.0,75,236,1.0,0.76,8.6,0.0,0.5,1.5,0.0,,1.0,14.35,1.0,1.0,2.75,0.0,1,2025-11-01 08:32:20.102174
1,2025-01-06 09:18:43,2025-01-06 09:31:19,N,1.0,74,151,1.0,2.4,14.2,0.0,1.5,3.1,0.0,,1.0,18.8,1.0,1.0,0.0,0.0,1,2025-11-01 08:32:20.102174
1,2025-01-06 09:39:29,2025-01-06 09:58:08,N,1.0,166,47,1.0,6.6,29.6,0.0,1.5,9.3,0.0,,1.0,40.4,1.0,1.0,0.0,0.0,1,2025-11-01 08:32:20.102174
2,2025-01-06 09:48:33,2025-01-06 10:03:08,N,1.0,74,152,1.0,1.89,14.9,0.0,0.5,3.28,0.0,,1.0,19.68,1.0,1.0,0.0,0.0,1,2025-11-01 08:32:20.102174
2,2025-01-06 09:14:09,2025-01-06 09:32:50,N,1.0,95,7,1.0,7.43,31.7,0.0,0.5,0.0,0.0,,1.0,33.2,1.0,1.0,0.0,0.0,1,2025-11-01 08:32:20.102174
2,2025-01-06 09:23:13,2025-01-06 09:31:37,N,1.0,223,7,1.0,1.11,9.3,0.0,0.5,0.0,0.0,,1.0,10.8,2.0,1.0,0.0,0.0,1,2025-11-01 08:32:20.102174
2,2025-01-06 09:48:39,2025-01-06 10:25:21,N,1.0,129,260,2.0,2.14,18.4,0.0,0.5,0.0,0.0,,1.0,19.9,2.0,1.0,0.0,0.0,1,2025-11-01 08:32:20.102174
1,2025-01-06 09:58:45,2025-01-06 10:30:42,N,1.0,82,137,1.0,0.0,27.5,0.0,1.5,0.0,0.0,,1.0,29.0,1.0,1.0,0.0,0.0,1,2025-11-01 08:32:20.102174
2,2025-01-06 09:27:18,2025-01-06 09:36:01,N,1.0,42,74,1.0,1.46,10.7,0.0,0.5,0.0,0.0,,1.0,12.2,2.0,1.0,0.0,0.0,1,2025-11-01 08:32:20.102174
2,2025-01-06 09:07:27,2025-01-06 09:20:56,N,1.0,236,140,1.0,2.52,15.6,0.0,0.5,3.97,0.0,,1.0,23.82,1.0,1.0,2.75,0.0,1,2025-11-01 08:32:20.102174
2,2025-01-06 09:58:21,2025-01-06 10:18:23,N,1.0,41,43,6.0,3.48,19.8,0.0,0.5,4.81,0.0,,1.0,28.86,1.0,1.0,2.75,0.0,1,2025-11-01 08:32:20.102174
1,2025-01-06 09:19:38,2025-01-06 09:19:45,N,1.0,75,75,1.0,1.6,3.0,0.0,1.5,0.0,0.0,,1.0,4.5,2.0,1.0,0.0,0.0,1,2025-11-01 08:32:20.102174
2,2025-01-06 09:14:44,2025-01-06 09:32:27,N,1.0,74,236,1.0,1.72,16.3,0.0,0.5,4.11,0.0,,1.0,24.66,1.0,1.0,2.75,0.0,1,2025-11-01 08:32:20.102174
1,2025-01-06 09:26:45,2025-01-06 09:39:13,N,1.0,11,14,1.0,0.0,24.5,0.0,1.5,0.0,0.0,,1.0,26.0,1.0,1.0,0.0,0.0,1,2025-11-01 08:32:20.102174
2,2025-01-06 09:05:08,2025-01-06 09:19:50,N,1.0,74,238,1.0,2.31,15.6,0.0,0.5,0.0,0.0,,1.0,19.85,2.0,1.0,2.75,0.0,1,2025-11-01 08:32:20.102174
2,2025-01-06 09:25:35,2025-01-06 09:34:40,N,1.0,236,140,1.0,1.57,10.7,0.0,0.5,3.74,0.0,,1.0,18.69,1.0,1.0,2.75,0.0,1,2025-11-01 08:32:20.102174
2,2025-01-06 09:02:28,2025-01-06 09:25:17,N,1.0,74,236,1.0,1.91,19.8,0.0,0.5,4.81,0.0,,1.0,28.86,1.0,1.0,2.75,0.0,1,2025-11-01 08:32:20.102174
2,2025-01-06 09:52:11,2025-01-06 10:12:59,N,1.0,97,188,1.0,3.4,21.2,0.0,0.5,6.81,0.0,,1.0,29.51,1.0,1.0,0.0,0.0,1,2025-11-01 08:32:20.102174
2,2025-01-06 09:01:25,2025-01-06 09:06:49,N,1.0,75,41,1.0,1.1,7.9,0.0,0.5,0.0,0.0,,1.0,9.4,2.0,1.0,0.0,0.0,1,2025-11-01 08:32:20.102174
2,2025-01-06 09:24:35,2025-01-06 09:40:45,N,1.0,74,236,1.0,2.16,16.3,0.0,0.5,5.14,0.0,,1.0,25.69,1.0,1.0,2.75,0.0,1,2025-11-01 08:32:20.102174
1,2025-01-06 09:34:00,2025-01-06 10:04:28,N,1.0,97,33,1.0,0.0,16.5,0.0,1.5,0.0,0.0,,1.0,18.0,1.0,1.0,0.0,0.0,1,2025-11-01 08:32:20.102174
2,2025-01-06 09:21:01,2025-01-06 09:42:50,N,1.0,75,229,1.0,3.7,23.3,0.0,0.5,5.66,0.0,,1.0,33.96,1.0,1.0,2.75,0.75,1,2025-11-01 08:32:20.102174
2,2025-01-06 09:25:48,2025-01-06 09:38:28,N,1.0,74,166,1.0,1.98,13.5,0.0,0.5,3.0,0.0,,1.0,18.0,1.0,1.0,0.0,0.0,1,2025-11-01 08:32:20.102174
1,2025-01-06 09:49:30,2025-01-06 09:59:43,N,1.0,75,262,2.0,1.4,11.4,2.75,1.5,0.0,0.0,,1.0,15.65,2.0,1.0,2.75,0.0,1,2025-11-01 08:32:20.102174
2,2025-01-06 09:06:37,2025-01-06 09:13:46,N,1.0,75,236,5.0,0.62,7.2,0.0,0.5,2.86,0.0,,1.0,14.31,1.0,1.0,2.75,0.0,1,2025-11-01 08:32:20.102174
2,2025-01-06 09:26:35,2025-01-06 09:44:43,N,1.0,43,230,5.0,3.2,19.1,0.0,0.5,4.82,0.0,,1.0,28.92,1.0,1.0,2.75,0.75,1,2025-11-01 08:32:20.102174
2,2025-01-06 09:03:15,2025-01-06 09:25:25,N,1.0,74,263,1.0,2.23,19.8,0.0,0.5,4.81,0.0,,1.0,28.86,1.0,1.0,2.75,0.0,1,2025-11-01 08:32:20.102174
2,2025-01-06 09:18:55,2025-01-06 09:28:43,N,1.0,74,166,1.0,1.44,10.7,0.0,0.5,2.44,0.0,,1.0,14.64,1.0,1.0,0.0,0.0,1,2025-11-01 08:32:20.102174
2,2025-01-06 09:38:38,2025-01-06 10:06:41,N,1.0,41,43,1.0,3.96,26.1,0.0,0.5,6.22,0.0,,1.0,37.32,1.0,1.0,2.75,0.75,1,2025-11-01 08:32:20.102174
2,2025-01-06 09:16:10,2025-01-06 09:35:01,N,1.0,75,234,1.0,3.62,20.5,0.0,0.5,3.0,0.0,,1.0,28.5,1.0,1.0,2.75,0.75,1,2025-11-01 08:32:20.102174
2,2025-01-06 09:01:06,2025-01-06 09:20:25,N,1.0,74,75,1.0,1.38,17.0,0.0,0.5,0.0,0.0,,1.0,18.5,2.0,1.0,0.0,0.0,1,2025-11-01 08:32:20.102174
2,2025-01-06 09:37:20,2025-01-06 09:58:11,N,1.0,74,43,1.0,1.78,17.7,0.0,0.5,6.0,0.0,,1.0,25.2,1.0,1.0,0.0,0.0,1,2025-11-01 08:32:20.102174
2,2025-01-06 09:23:19,2025-01-06 09:32:55,N,1.0,130,10,1.0,1.54,10.7,0.0,0.5,12.2,0.0,,1.0,24.4,1.0,1.0,0.0,0.0,1,2025-11-01 08:32:20.102174
1,2025-01-06 09:24:20,2025-01-06 09:34:56,N,1.0,62,17,1.0,0.0,17.5,0.0,1.5,0.0,0.0,,1.0,19.0,1.0,1.0,0.0,0.0,1,2025-11-01 08:32:20.102174
2,2025-01-06 09:22:37,2025-01-06 09:41:07,N,1.0,236,170,1.0,3.04,19.1,0.0,0.5,6.02,0.0,,1.0,30.12,1.0,1.0,2.75,0.75,1,2025-11-01 08:32:20.102174
2,2025-01-06 09:24:48,2025-01-06 09:54:38,N,1.0,74,162,1.0,5.69,31.7,0.0,0.5,7.34,0.0,,1.0,44.04,1.0,1.0,2.75,0.75,1,2025-11-01 08:32:20.102174
2,2025-01-06 09:46:10,2025-01-06 09:57:54,N,1.0,74,75,1.0,1.22,12.1,0.0,0.5,2.0,0.0,,1.0,15.6,1.0,1.0,0.0,0.0,1,2025-11-01 08:32:20.102174
1,2025-01-06 09:15:28,2025-01-06 09:25:55,N,1.0,166,75,1.0,2.1,12.8,0.0,1.5,2.86,0.0,,1.0,17.16,1.0,1.0,0.0,0.0,1,2025-11-01 08:32:20.102174
1,2025-01-06 09:55:03,2025-01-06 10:08:04,N,1.0,74,75,0.0,1.5,12.8,0.0,1.5,2.85,0.0,,1.0,17.15,1.0,1.0,0.0,0.0,1,2025-11-01 08:32:20.102174
2,2025-01-06 09:41:18,2025-01-06 09:45:23,N,1.0,116,166,1.0,1.27,7.9,0.0,0.5,1.6,0.0,,1.0,11.0,1.0,1.0,0.0,0.0,1,2025-11-01 08:32:20.102174
2,2025-01-06 09:59:00,2025-01-06 10:05:50,N,1.0,166,238,1.0,1.26,8.6,0.0,0.5,0.0,0.0,,1.0,12.85,2.0,1.0,2.75,0.0,1,2025-11-01 08:32:20.102174
2,2025-01-06 08:07:53,2025-01-06 08:22:20,N,1.0,74,236,2.0,1.71,14.2,0.0,0.5,5.54,0.0,,1.0,23.99,1.0,1.0,2.75,0.0,1,2025-11-01 08:32:20.102174
2,2025-01-06 08:45:40,2025-01-06 08:57:51,N,1.0,74,75,2.0,1.67,12.8,0.0,0.5,4.29,0.0,,1.0,18.59,1.0,1.0,0.0,0.0,1,2025-11-01 08:32:20.102174
2,2025-01-06 09:43:19,2025-01-06 11:23:11,N,1.0,157,157,1.0,13.65,103.1,0.0,0.5,10.4,0.0,,1.0,115.0,1.0,1.0,0.0,0.0,1,2025-11-01 08:32:20.102174
2,2025-01-06 09:29:13,2025-01-06 09:47:13,N,1.0,41,161,1.0,3.69,19.8,0.0,0.5,7.44,0.0,,1.0,32.24,1.0,1.0,2.75,0.75,1,2025-11-01 08:32:20.102174
2,2025-01-06 09:19:30,2025-01-06 09:35:21,N,1.0,41,75,1.0,1.54,14.9,0.0,0.5,2.0,0.0,,1.0,18.4,1.0,1.0,0.0,0.0,1,2025-11-01 08:32:20.102174
2,2025-01-06 09:15:37,2025-01-06 09:30:16,N,1.0,74,75,1.0,1.29,13.5,0.0,0.5,3.0,0.0,,1.0,18.0,1.0,1.0,0.0,0.0,1,2025-11-01 08:32:20.102174
2,2025-01-06 09:07:59,2025-01-06 09:14:07,N,1.0,75,74,1.0,1.42,8.6,0.0,0.5,2.02,0.0,,1.0,12.12,1.0,1.0,0.0,0.0,1,2025-11-01 08:32:20.102174
2,2025-01-06 09:18:14,2025-01-06 09:40:55,N,1.0,74,237,1.0,3.3,21.9,0.0,0.5,3.88,0.0,,1.0,29.78,1.0,1.0,2.5,0.0,1,2025-11-01 08:32:20.102174
2,2025-01-06 09:23:49,2025-01-06 09:23:53,N,5.0,134,134,1.0,0.12,8.0,0.0,0.0,0.0,0.0,,1.0,9.0,1.0,2.0,0.0,0.0,1,2025-11-01 08:32:20.102174
2,2025-01-06 09:05:11,2025-01-06 09:27:23,N,1.0,74,75,1.0,1.41,19.1,0.0,0.5,2.0,0.0,,1.0,22.6,1.0,1.0,0.0,0.0,1,2025-11-01 08:32:20.102174
2,2025-01-06 09:35:10,2025-01-06 09:50:55,N,1.0,74,7,1.0,4.36,21.9,0.0,0.5,6.07,6.94,,1.0,36.41,1.0,1.0,0.0,0.0,1,2025-11-01 08:32:20.102174
2,2025-01-06 09:44:43,2025-01-06 09:44:53,N,2.0,41,41,2.0,0.0,70.0,0.0,0.5,0.0,0.0,,1.0,71.5,2.0,1.0,0.0,0.0,1,2025-11-01 08:32:20.102174
2,2025-01-06 09:45:15,2025-01-06 09:45:35,N,1.0,41,41,2.0,0.0,3.0,0.0,0.5,0.0,0.0,,1.0,4.5,2.0,1.0,0.0,0.0,1,2025-11-01 08:32:20.102174
2,2025-01-06 09:01:30,2025-01-06 09:38:41,N,1.0,95,100,5.0,9.75,45.7,0.0,0.5,35.0,6.94,,1.0,91.89,1.0,1.0,2.75,0.0,1,2025-11-01 08:32:20.102174
2,2025-01-06 09:35:06,2025-01-06 09:44:29,N,1.0,130,130,1.0,1.31,10.7,0.0,0.5,0.0,0.0,,1.0,12.2,1.0,1.0,0.0,0.0,1,2025-11-01 08:32:20.102174
2,2025-01-06 10:46:57,2025-01-06 10:51:52,N,1.0,75,74,1.0,0.82,7.2,0.0,0.5,0.0,0.0,,1.0,8.7,2.0,1.0,0.0,0.0,1,2025-11-01 08:32:20.102174
2,2025-01-06 10:22:52,2025-01-06 10:30:40,N,1.0,74,41,1.0,1.19,9.3,0.0,0.5,2.02,0.0,,0.3,12.12,1.0,1.0,0.0,0.0,1,2025-11-01 08:32:20.102174
2,2025-01-06 10:57:38,2025-01-06 10:57:40,N,5.0,264,264,1.0,0.0,12.0,0.0,0.0,2.6,0.0,,1.0,15.6,1.0,2.0,0.0,0.0,1,2025-11-01 08:32:20.102174
1,2025-01-06 10:31:19,2025-01-06 10:48:57,N,1.0,74,244,1.0,3.2,17.0,0.0,1.5,3.7,0.0,,1.0,22.2,1.0,1.0,0.0,0.0,1,2025-11-01 08:32:20.102174
2,2025-01-06 10:31:30,2025-01-06 10:43:32,N,1.0,74,151,1.0,2.3,13.5,0.0,0.5,3.0,0.0,,1.0,18.0,1.0,1.0,0.0,0.0,1,2025-11-01 08:32:20.102174
2,2025-01-06 10:36:55,2025-01-06 10:51:36,N,1.0,74,75,1.0,1.36,14.2,0.0,0.5,3.14,0.0,,1.0,18.84,1.0,1.0,0.0,0.0,1,2025-11-01 08:32:20.102174
2,2025-01-06 10:58:16,2025-01-06 11:23:04,N,1.0,244,75,1.0,5.77,30.3,0.0,0.5,6.91,0.0,,1.0,41.46,1.0,1.0,2.75,0.0,1,2025-11-01 08:32:20.102174
2,2025-01-06 10:01:11,2025-01-06 10:10:19,N,1.0,97,49,1.0,0.99,9.3,0.0,0.5,0.0,0.0,,1.0,10.8,2.0,1.0,0.0,0.0,1,2025-11-01 08:32:20.102174
2,2025-01-06 10:55:42,2025-01-06 11:11:12,N,1.0,97,181,1.0,1.67,14.9,0.0,0.5,4.1,0.0,,1.0,20.5,1.0,1.0,0.0,0.0,1,2025-11-01 08:32:20.102174
2,2025-01-06 10:34:06,2025-01-06 10:41:04,N,1.0,95,95,1.0,1.02,8.6,0.0,0.5,2.02,0.0,,1.0,12.12,1.0,1.0,0.0,0.0,1,2025-11-01 08:32:20.102174
2,2025-01-06 10:16:31,2025-01-06 10:24:02,N,1.0,75,262,1.0,1.17,9.3,0.0,0.5,2.71,0.0,,1.0,16.26,1.0,1.0,2.75,0.0,1,2025-11-01 08:32:20.102174
1,2025-01-06 10:04:51,2025-01-06 10:17:36,N,1.0,74,75,1.0,1.5,12.8,0.0,1.5,3.55,0.0,,1.0,17.85,1.0,1.0,0.0,0.0,1,2025-11-01 08:32:20.102174
1,2025-01-06 10:21:22,2025-01-06 10:34:34,N,1.0,75,239,1.0,1.5,13.5,2.75,1.5,3.55,0.0,,1.0,21.3,1.0,1.0,2.75,0.0,1,2025-11-01 08:32:20.102174
1,2025-01-06 10:41:35,2025-01-06 10:55:01,N,1.0,75,142,1.0,2.1,14.9,2.75,1.5,4.75,0.0,,1.0,23.9,1.0,1.0,2.75,0.0,1,2025-11-01 08:32:20.102174
2,2025-01-06 10:41:28,2025-01-06 11:03:19,N,1.0,74,140,1.0,3.55,22.6,0.0,0.5,0.0,0.0,,1.0,26.85,2.0,1.0,2.75,0.0,1,2025-11-01 08:32:20.102174
2,2025-01-06 10:14:18,2025-01-06 10:36:38,N,1.0,74,236,2.0,2.37,20.5,0.0,0.5,4.95,0.0,,1.0,29.7,1.0,1.0,2.75,0.0,1,2025-11-01 08:32:20.102174
1,2025-01-06 10:37:11,2025-01-06 11:05:43,N,1.0,74,264,1.0,3.6,26.8,2.75,1.5,9.3,0.0,,1.0,40.35,1.0,1.0,2.75,0.0,1,2025-11-01 08:32:20.102174
1,2025-01-06 10:10:49,2025-01-06 10:12:08,N,1.0,74,74,1.0,0.2,3.7,0.0,1.5,0.0,0.0,,1.0,5.2,2.0,1.0,0.0,0.0,1,2025-11-01 08:32:20.102174
1,2025-01-06 10:29:56,2025-01-06 10:35:09,N,1.0,74,41,0.0,0.7,6.5,0.0,1.5,0.0,0.0,,1.0,8.0,2.0,1.0,0.0,0.0,1,2025-11-01 08:32:20.102174
2,2025-01-06 09:38:45,2025-01-07 08:52:34,N,1.0,74,75,1.0,1.32,13.5,0.0,0.5,3.0,0.0,,1.0,18.0,1.0,1.0,0.0,0.0,1,2025-11-01 08:32:20.102174
2,2025-01-06 10:29:42,2025-01-06 10:38:24,N,1.0,75,236,1.0,0.92,9.3,0.0,0.5,1.0,0.0,,1.0,14.55,1.0,1.0,2.75,0.0,1,2025-11-01 08:32:20.102174
2,2025-01-06 10:22:03,2025-01-06 10:32:11,N,5.0,168,167,1.0,1.91,11.0,0.0,0.0,0.0,0.0,,1.0,12.0,2.0,2.0,0.0,0.0,1,2025-11-01 08:32:20.102174
2,2025-01-06 10:36:21,2025-01-06 10:43:21,N,1.0,41,152,2.0,1.17,8.6,0.0,0.5,0.0,0.0,,1.0,10.1,2.0,1.0,0.0,0.0,1,2025-11-01 08:32:20.102174
2,2025-01-06 10:00:33,2025-01-06 10:12:51,N,1.0,41,142,1.0,2.46,14.2,0.0,0.5,2.77,0.0,,1.0,21.22,1.0,1.0,2.75,0.0,1,2025-11-01 08:32:20.102174
1,2025-01-06 10:31:19,2025-01-06 10:42:46,N,1.0,74,166,1.0,1.8,11.4,0.0,1.5,3.2,0.0,,1.0,16.1,1.0,1.0,0.0,0.0,1,2025-11-01 08:32:20.102174
2,2025-01-06 10:15:55,2025-01-06 10:23:31,N,1.0,74,75,1.0,0.9,8.6,0.0,0.5,0.0,0.0,,1.0,10.1,2.0,1.0,0.0,0.0,1,2025-11-01 08:32:20.102174
2,2025-01-06 10:41:55,2025-01-06 10:55:10,N,1.0,74,138,1.0,6.61,27.5,5.0,0.5,8.19,6.94,,1.0,49.13,1.0,1.0,0.0,0.0,1,2025-11-01 08:32:20.102174
2,2025-01-06 10:05:36,2025-01-06 10:17:43,N,1.0,74,151,1.0,2.1,13.5,0.0,0.5,3.75,0.0,,1.0,18.75,1.0,1.0,0.0,0.0,1,2025-11-01 08:32:20.102174
2,2025-01-06 10:20:42,2025-01-06 10:34:01,N,1.0,7,226,1.0,1.97,13.5,0.0,0.5,3.0,0.0,,1.0,18.0,1.0,1.0,0.0,0.0,1,2025-11-01 08:32:20.102174
2,2025-01-06 10:48:52,2025-01-06 10:57:53,N,1.0,244,151,1.0,3.49,15.6,0.0,0.5,3.42,0.0,,1.0,20.52,1.0,1.0,0.0,0.0,1,2025-11-01 08:32:20.102174
2,2025-01-06 10:34:53,2025-01-06 10:54:39,N,1.0,166,166,1.0,1.29,17.7,0.0,0.5,3.84,0.0,,1.0,23.04,1.0,1.0,0.0,0.0,1,2025-11-01 08:32:20.102174
1,2025-01-06 10:38:16,2025-01-06 10:59:35,N,1.0,74,237,1.0,2.9,19.8,2.75,1.5,0.0,0.0,,1.0,24.05,2.0,1.0,2.75,0.0,1,2025-11-01 08:32:20.102174
2,2025-01-06 10:52:52,2025-01-06 11:24:51,N,1.0,196,205,1.0,13.76,53.4,0.0,0.5,0.0,0.0,,1.0,54.9,1.0,1.0,0.0,0.0,1,2025-11-01 08:32:20.102174
2,2025-01-06 10:42:08,2025-01-06 10:59:24,N,1.0,74,236,1.0,1.61,16.3,0.0,0.5,4.11,0.0,,1.0,24.66,1.0,1.0,2.75,0.0,1,2025-11-01 08:32:20.102174
2,2025-01-06 10:33:01,2025-01-06 10:33:14,N,1.0,74,74,1.0,0.02,3.0,0.0,0.5,0.0,0.0,,1.0,4.5,2.0,1.0,0.0,0.0,1,2025-11-01 08:32:20.102174
2,2025-01-06 10:18:42,2025-01-06 10:18:46,N,5.0,129,129,1.0,0.0,19.0,0.0,0.0,4.0,0.0,,1.0,24.0,1.0,2.0,0.0,0.0,1,2025-11-01 08:32:20.102174
2,2025-01-06 11:00:51,2025-01-06 11:08:39,N,1.0,260,260,1.0,1.23,9.3,0.0,0.5,0.0,0.0,,1.0,10.8,2.0,1.0,0.0,0.0,1,2025-11-01 08:32:20.102174
2,2025-01-06 10:08:15,2025-01-06 10:21:50,N,1.0,74,75,1.0,1.44,13.5,0.0,0.5,3.0,0.0,,1.0,18.0,1.0,1.0,0.0,0.0,1,2025-11-01 08:32:20.102174
2,2025-01-06 10:17:13,2025-01-06 10:22:40,N,1.0,166,41,1.0,1.18,7.9,0.0,0.5,0.0,0.0,,1.0,9.4,2.0,1.0,0.0,0.0,1,2025-11-01 08:32:20.102174
2,2025-01-06 10:40:44,2025-01-06 10:55:25,N,1.0,74,69,1.0,2.09,15.6,0.0,0.5,3.42,0.0,,1.0,20.52,1.0,1.0,0.0,0.0,1,2025-11-01 08:32:20.102174
2,2025-01-06 10:46:23,2025-01-06 10:56:24,N,1.0,244,238,1.0,3.06,14.9,0.0,0.5,3.28,0.0,,1.0,19.68,1.0,1.0,0.0,0.0,1,2025-11-01 08:32:20.102174
2,2025-01-06 10:44:34,2025-01-06 10:58:49,N,5.0,65,129,2.0,8.86,50.0,0.0,0.0,10.2,0.0,,1.0,61.2,1.0,2.0,0.0,0.0,1,2025-11-01 08:32:20.102174
2,2025-01-06 10:04:33,2025-01-06 10:19:34,N,1.0,74,236,1.0,1.92,14.9,0.0,0.5,3.85,0.0,,1.0,23.0,1.0,1.0,2.75,0.0,1,2025-11-01 08:32:20.102174
2,2025-01-06 10:33:02,2025-01-06 10:50:51,N,1.0,74,263,1.0,2.33,17.0,0.0,0.5,5.31,0.0,,1.0,26.56,1.0,1.0,2.75,0.0,1,2025-11-01 08:32:20.102174
2,2025-01-06 10:03:56,2025-01-06 10:30:40,N,1.0,74,142,1.0,4.1,26.1,0.0,0.5,9.1,0.0,,1.0,39.45,1.0,1.0,2.75,0.0,1,2025-11-01 08:32:20.102174
2,2025-01-06 10:58:03,2025-01-06 11:06:55,N,1.0,74,166,1.0,1.84,10.7,0.0,0.5,2.44,0.0,,1.0,14.64,1.0,1.0,0.0,0.0,1,2025-11-01 08:32:20.102174
2,2025-01-06 10:33:16,2025-01-06 10:56:16,N,1.0,97,138,1.0,11.2,44.3,5.0,0.5,10.16,0.0,,1.0,60.96,1.0,1.0,0.0,0.0,1,2025-11-01 08:32:20.102174
2,2025-01-06 09:36:40,2025-01-06 09:51:46,N,1.0,97,181,2.0,1.88,14.9,0.0,0.5,3.28,0.0,,1.0,19.68,1.0,1.0,0.0,0.0,1,2025-11-01 08:32:20.102174
2,2025-01-06 10:40:49,2025-01-06 11:25:30,N,1.0,33,132,1.0,18.58,74.4,0.0,0.5,15.18,0.0,,1.0,91.08,1.0,1.0,0.0,0.0,1,2025-11-01 08:32:20.102174
1,2025-01-06 10:29:20,2025-01-06 10:41:33,N,1.0,75,162,2.0,2.3,14.2,3.5,1.5,3.8,0.0,,1.0,23.0,1.0,1.0,2.75,0.75,1,2025-11-01 08:32:20.102174
2,2025-01-06 10:22:27,2025-01-06 10:35:05,N,1.0,75,75,5.0,1.0,12.1,0.0,0.5,0.0,0.0,,1.0,13.6,2.0,1.0,0.0,0.0,1,2025-11-01 08:32:20.102174
2,2025-01-06 10:08:53,2025-01-06 10:20:43,N,1.0,74,75,1.0,1.17,12.1,0.0,0.5,2.72,0.0,,1.0,16.32,1.0,1.0,0.0,0.0,1,2025-11-01 08:32:20.102174
1,2025-01-06 10:23:37,2025-01-06 10:38:24,N,1.0,97,61,1.0,2.5,14.9,0.0,1.5,3.25,0.0,,1.0,19.65,1.0,1.0,0.0,0.0,1,2025-11-01 08:32:20.102174
2,2025-01-06 10:15:19,2025-01-06 10:22:33,N,1.0,75,41,1.0,1.53,9.3,0.0,0.5,0.0,0.0,,1.0,10.8,2.0,1.0,0.0,0.0,1,2025-11-01 08:32:20.102174
2,2025-01-06 09:24:32,2025-01-06 09:30:42,N,1.0,74,41,1.0,0.59,7.2,0.0,0.5,0.0,0.0,,1.0,8.7,2.0,1.0,0.0,0.0,1,2025-11-01 08:32:20.102174
2,2025-01-06 10:46:15,2025-01-06 11:14:42,N,1.0,33,236,1.0,9.9,42.2,0.0,0.5,8.0,0.0,,1.0,54.45,1.0,1.0,2.75,0.0,1,2025-11-01 08:32:20.102174
2,2025-01-06 10:01:30,2025-01-06 10:29:22,N,1.0,75,87,1.0,8.07,37.3,0.0,0.5,8.46,0.0,,1.0,50.76,1.0,1.0,2.75,0.75,1,2025-11-01 08:32:20.102174
1,2025-01-06 10:02:50,2025-01-06 10:16:05,N,1.0,264,85,1.0,0.0,17.5,0.0,1.5,0.0,0.0,,1.0,19.0,1.0,1.0,0.0,0.0,1,2025-11-01 08:32:20.102174
1,2025-01-06 10:48:49,2025-01-06 11:28:55,N,1.0,39,196,1.0,0.0,34.5,0.0,1.5,0.0,0.0,,1.0,36.0,1.0,1.0,0.0,0.0,1,2025-11-01 08:32:20.102174
2,2025-01-06 10:29:23,2025-01-06 10:49:58,N,1.0,74,244,1.0,3.25,20.5,0.0,0.5,4.4,0.0,,1.0,26.4,1.0,1.0,0.0,0.0,1,2025-11-01 08:32:20.102174
2,2025-01-06 10:25:54,2025-01-06 10:44:27,N,1.0,166,48,1.0,4.83,24.7,0.0,0.5,5.0,0.0,,1.0,34.7,1.0,1.0,2.75,0.75,1,2025-11-01 08:32:20.102174
2,2025-01-06 10:03:46,2025-01-06 10:17:51,N,1.0,74,236,1.0,1.88,14.2,0.0,0.5,3.69,0.0,,1.0,22.14,1.0,1.0,2.75,0.0,1,2025-11-01 08:32:20.102174
2,2025-01-06 10:57:59,2025-01-06 11:13:44,N,1.0,43,237,1.0,1.93,15.6,0.0,0.5,4.96,0.0,,1.0,24.81,1.0,1.0,2.75,0.0,1,2025-11-01 08:32:20.102174
2,2025-01-06 10:13:41,2025-01-06 10:17:59,N,1.0,43,238,1.0,1.07,7.2,0.0,0.5,0.0,0.0,,1.0,11.45,2.0,1.0,2.75,0.0,1,2025-11-01 08:32:20.102174
2,2025-01-06 10:27:37,2025-01-06 10:46:46,N,1.0,75,74,1.0,1.74,17.7,0.0,0.5,3.84,0.0,,1.0,23.04,1.0,1.0,0.0,0.0,1,2025-11-01 08:32:20.102174
2,2025-01-06 11:06:08,2025-01-06 11:24:06,N,1.0,43,237,1.0,1.88,17.0,0.0,0.5,3.0,0.0,,1.0,24.25,1.0,1.0,2.75,0.0,1,2025-11-01 08:32:20.102174
2,2025-01-06 10:31:56,2025-01-06 10:41:16,N,1.0,74,41,1.0,1.37,10.7,0.0,0.5,3.3,0.0,,1.0,15.5,1.0,1.0,0.0,0.0,1,2025-11-01 08:32:20.102174
2,2025-01-06 10:03:07,2025-01-06 10:26:00,N,1.0,74,236,1.0,2.47,20.5,0.0,0.5,7.42,0.0,,1.0,32.17,1.0,1.0,2.75,0.0,1,2025-11-01 08:32:20.102174
2,2025-01-06 10:09:14,2025-01-06 10:10:09,N,1.0,41,41,1.0,0.11,3.7,0.0,0.5,0.0,0.0,,1.0,5.2,2.0,1.0,0.0,0.0,1,2025-11-01 08:32:20.102174
2,2025-01-06 10:32:31,2025-01-06 10:49:50,N,1.0,74,239,1.0,3.12,18.4,0.0,0.5,2.26,0.0,,1.0,24.91,1.0,1.0,2.75,0.0,1,2025-11-01 08:32:20.102174
2,2025-01-06 09:11:48,2025-01-06 09:16:40,N,1.0,74,41,2.0,0.66,6.5,0.0,0.5,1.6,0.0,,1.0,9.6,1.0,1.0,0.0,0.0,1,2025-11-01 08:32:20.102174
2,2025-01-06 10:12:53,2025-01-06 10:41:51,N,1.0,41,107,1.0,7.17,33.1,0.0,0.5,0.0,0.0,,1.0,38.1,2.0,1.0,2.75,0.75,1,2025-11-01 08:32:20.102174
2,2025-01-06 10:18:27,2025-01-06 10:30:00,N,5.0,244,42,2.0,2.62,20.0,0.0,0.0,0.0,0.0,,1.0,21.0,2.0,2.0,0.0,0.0,1,2025-11-01 08:32:20.102174
2,2025-01-06 10:31:26,2025-01-06 10:47:48,N,1.0,74,236,1.0,1.85,15.6,0.0,0.5,3.97,0.0,,1.0,23.82,1.0,1.0,2.75,0.0,1,2025-11-01 08:32:20.102174
2,2025-01-06 10:41:21,2025-01-06 10:59:39,N,1.0,74,75,1.0,1.49,16.3,0.0,0.5,0.0,0.0,,1.0,17.8,2.0,1.0,0.0,0.0,1,2025-11-01 08:32:20.102174
2,2025-01-06 10:07:47,2025-01-06 10:31:45,N,1.0,260,171,5.0,7.08,32.4,0.0,0.5,0.0,0.0,,1.0,33.9,2.0,1.0,0.0,0.0,1,2025-11-01 08:32:20.102174
2,2025-01-06 10:01:03,2025-01-06 10:10:53,N,1.0,43,43,1.0,0.94,10.7,0.0,0.5,3.66,0.0,,1.0,15.86,1.0,1.0,0.0,0.0,1,2025-11-01 08:32:20.102174
2,2025-01-06 10:43:07,2025-01-06 10:56:13,N,1.0,75,166,1.0,1.77,13.5,0.0,0.5,1.0,0.0,,1.0,16.0,1.0,1.0,0.0,0.0,1,2025-11-01 08:32:20.102174
2,2025-01-06 09:07:39,2025-01-06 09:24:29,N,1.0,129,7,1.0,3.53,19.1,0.0,0.5,1.0,0.0,,1.0,21.6,1.0,1.0,0.0,0.0,1,2025-11-01 08:32:20.102174
2,2025-01-06 11:52:04,2025-01-06 12:08:12,N,1.0,236,141,1.0,1.93,16.3,0.0,0.5,4.11,0.0,,1.0,24.66,1.0,1.0,2.75,0.0,1,2025-11-01 08:32:20.102174
2,2025-01-06 11:23:38,2025-01-06 11:53:43,N,1.0,97,138,1.0,11.11,48.5,5.0,0.5,2.0,0.0,,1.0,57.0,1.0,1.0,0.0,0.0,1,2025-11-01 08:32:20.102174
2,2025-01-06 11:07:15,2025-01-06 11:08:31,N,1.0,97,65,2.0,0.09,3.7,0.0,0.5,0.0,0.0,,1.0,5.2,2.0,1.0,0.0,0.0,1,2025-11-01 08:32:20.102174
2,2025-01-06 11:17:22,2025-01-06 11:32:30,N,1.0,260,145,1.0,2.6,15.6,0.0,0.5,3.0,0.0,,1.0,20.1,1.0,1.0,0.0,0.0,1,2025-11-01 08:32:20.102174
2,2025-01-06 11:40:24,2025-01-07 00:00:00,N,1.0,82,82,1.0,0.56,6.5,0.0,0.5,0.0,0.0,,1.0,8.0,2.0,1.0,0.0,0.0,1,2025-11-01 08:32:20.102174
2,2025-01-06 11:06:44,2025-01-06 11:22:38,N,1.0,75,166,2.0,2.06,15.6,0.0,0.5,0.0,0.0,,1.0,17.1,2.0,1.0,0.0,0.0,1,2025-11-01 08:32:20.102174
2,2025-01-06 11:58:35,2025-01-06 12:39:10,N,1.0,43,217,2.0,8.61,47.1,0.0,0.5,3.0,0.0,,1.0,55.1,1.0,1.0,2.75,0.75,1,2025-11-01 08:32:20.102174
2,2025-01-06 11:30:20,2025-01-06 11:51:11,N,1.0,75,262,1.0,1.37,18.4,0.0,0.5,2.0,0.0,,1.0,24.65,1.0,1.0,2.75,0.0,1,2025-11-01 08:32:20.102174
1,2025-01-06 11:19:59,2025-01-06 11:42:24,N,1.0,75,140,1.0,2.1,19.8,2.75,1.5,2.0,0.0,,1.0,26.05,1.0,1.0,2.75,0.0,1,2025-11-01 08:32:20.102174
2,2025-01-06 11:39:19,2025-01-06 12:12:41,N,1.0,74,236,2.0,2.49,27.5,0.0,0.5,6.35,0.0,,1.0,38.1,1.0,1.0,2.75,0.0,1,2025-11-01 08:32:20.102174
1,2025-01-06 11:41:57,2025-01-06 12:11:10,N,1.0,74,263,1.0,3.3,26.1,2.75,1.5,7.55,0.0,,1.0,37.9,1.0,1.0,2.75,0.0,1,2025-11-01 08:32:20.102174
1,2025-01-06 11:03:10,2025-01-06 11:07:00,N,1.0,42,42,0.0,0.8,6.5,0.0,1.5,0.0,0.0,,1.0,8.0,2.0,1.0,0.0,0.0,1,2025-11-01 08:32:20.102174
2,2025-01-06 11:25:13,2025-01-06 11:29:56,N,1.0,75,75,1.0,0.37,6.5,0.0,0.5,2.4,0.0,,1.0,10.4,1.0,1.0,0.0,0.0,1,2025-11-01 08:32:20.102174
2,2025-01-06 11:13:05,2025-01-06 11:29:22,N,1.0,75,143,1.0,2.35,17.0,0.0,0.5,4.25,0.0,,1.0,25.5,1.0,1.0,2.75,0.0,1,2025-11-01 08:32:20.102174
2,2025-01-06 11:40:21,2025-01-06 11:56:19,N,1.0,74,24,1.0,1.65,14.9,0.0,0.5,3.28,0.0,,1.0,19.68,1.0,1.0,0.0,0.0,1,2025-11-01 08:32:20.102174
2,2025-01-06 11:45:03,2025-01-06 12:11:26,N,1.0,74,263,1.0,2.03,22.6,0.0,0.5,0.0,0.0,,1.0,26.85,2.0,1.0,2.75,0.0,1,2025-11-01 08:32:20.102174
2,2025-01-06 11:53:11,2025-01-06 12:07:07,N,1.0,43,166,1.0,1.9,14.2,0.0,0.5,2.5,0.0,,1.0,18.2,1.0,1.0,0.0,0.0,1,2025-11-01 08:32:20.102174
2,2025-01-06 11:44:15,2025-01-07 11:03:18,N,1.0,97,61,1.0,2.42,17.7,0.0,0.5,3.84,0.0,,1.0,23.04,1.0,1.0,0.0,0.0,1,2025-11-01 08:32:20.102174
2,2025-01-06 11:38:35,2025-01-06 11:56:52,N,1.0,244,238,1.0,5.12,25.4,0.0,0.5,2.96,0.0,,1.0,32.61,1.0,1.0,2.75,0.0,1,2025-11-01 08:32:20.102174
2,2025-01-06 11:57:16,2025-01-06 12:03:48,N,1.0,42,41,1.0,1.05,8.6,0.0,0.5,2.02,0.0,,1.0,12.12,1.0,1.0,0.0,0.0,1,2025-11-01 08:32:20.102174
2,2025-01-06 11:09:49,2025-01-06 11:33:26,N,1.0,7,237,1.0,4.2,24.7,0.0,0.5,3.0,0.0,,1.0,32.7,1.0,1.0,2.75,0.75,1,2025-11-01 08:32:20.102174
2,2025-01-06 11:51:14,2025-01-06 12:00:49,N,1.0,74,166,1.0,1.22,10.7,0.0,0.5,3.05,0.0,,1.0,15.25,1.0,1.0,0.0,0.0,1,2025-11-01 08:32:20.102174
2,2025-01-06 11:14:24,2025-01-06 11:20:43,N,1.0,166,151,2.0,0.82,-7.9,0.0,-0.5,0.0,0.0,,-1.0,-9.4,4.0,1.0,0.0,0.0,1,2025-11-01 08:32:20.102174
2,2025-01-06 11:14:24,2025-01-06 11:20:43,N,1.0,166,151,2.0,0.82,7.9,0.0,0.5,0.0,0.0,,1.0,9.4,4.0,1.0,0.0,0.0,1,2025-11-01 08:32:20.102174
2,2025-01-06 11:28:50,2025-01-06 11:50:18,N,1.0,166,9,1.0,1.75,19.1,0.0,0.5,4.12,0.0,,1.0,24.72,1.0,1.0,0.0,0.0,1,2025-11-01 08:32:20.102174
1,2025-01-06 11:57:04,2025-01-06 12:18:56,N,1.0,244,230,4.0,7.3,31.7,3.5,1.5,7.3,0.0,,1.0,44.0,1.0,1.0,2.75,0.75,1,2025-11-01 08:32:20.102174
2,2025-01-06 11:04:08,2025-01-06 11:06:50,N,1.0,166,166,1.0,0.22,4.4,0.0,0.5,0.75,0.0,,1.0,6.65,1.0,1.0,0.0,0.0,1,2025-11-01 08:32:20.102174
2,2025-01-06 11:31:14,2025-01-06 11:43:02,N,1.0,43,75,1.0,1.35,12.1,0.0,0.5,0.0,0.0,,1.0,13.6,2.0,1.0,0.0,0.0,1,2025-11-01 08:32:20.102174
2,2025-01-06 11:04:03,2025-01-06 11:15:37,N,1.0,75,42,6.0,1.62,12.1,0.0,0.5,0.0,0.0,,1.0,13.6,2.0,1.0,0.0,0.0,1,2025-11-01 08:32:20.102174
2,2025-01-06 11:47:44,2025-01-06 11:55:32,N,1.0,75,236,6.0,1.08,9.3,0.0,0.5,2.0,0.0,,1.0,15.55,1.0,1.0,2.75,0.0,1,2025-11-01 08:32:20.102174
2,2025-01-06 11:06:50,2025-01-06 11:23:36,N,1.0,74,142,1.0,3.81,19.1,0.0,0.5,4.67,0.0,,1.0,28.02,1.0,1.0,2.75,0.0,1,2025-11-01 08:32:20.102174
2,2025-01-06 11:40:56,2025-01-06 12:06:12,N,1.0,166,75,1.0,2.22,21.9,0.0,0.5,0.0,0.0,,1.0,23.4,1.0,1.0,0.0,0.0,1,2025-11-01 08:32:20.102174
2,2025-01-06 11:50:02,2025-01-06 12:14:35,N,1.0,82,193,1.0,6.15,29.6,0.0,0.5,4.9,0.0,,1.0,36.0,1.0,1.0,0.0,0.0,1,2025-11-01 08:32:20.102174
1,2025-01-06 11:22:56,2025-01-06 11:32:29,N,1.0,75,263,1.0,1.4,10.7,2.75,1.5,2.99,0.0,,1.0,17.94,1.0,1.0,2.75,0.0,1,2025-11-01 08:32:20.102174
2,2025-01-06 11:35:37,2025-01-06 11:49:59,N,1.0,74,166,1.0,1.63,13.5,0.0,0.5,0.0,0.0,,1.0,15.0,2.0,1.0,0.0,0.0,1,2025-11-01 08:32:20.102174
2,2025-01-06 11:24:14,2025-01-06 11:33:47,N,1.0,41,166,1.0,1.24,10.7,0.0,0.5,2.44,0.0,,1.0,14.64,1.0,1.0,0.0,0.0,1,2025-11-01 08:32:20.102174
2,2025-01-06 11:49:57,2025-01-06 12:13:00,N,1.0,75,140,1.0,2.35,20.5,0.0,0.5,4.95,0.0,,1.0,29.7,1.0,1.0,2.75,0.0,1,2025-11-01 08:32:20.102174
2,2025-01-06 11:05:04,2025-01-06 11:09:28,N,1.0,166,166,1.0,0.51,6.5,0.0,0.5,2.0,0.0,,1.0,10.0,1.0,1.0,0.0,0.0,1,2025-11-01 08:32:20.102174
2,2025-01-06 11:30:31,2025-01-06 11:45:29,N,1.0,41,75,1.0,1.57,14.2,0.0,0.5,0.0,0.0,,1.0,15.7,2.0,1.0,0.0,0.0,1,2025-11-01 08:32:20.102174
2,2025-01-06 11:55:29,2025-01-06 12:00:33,N,5.0,244,244,1.0,0.49,8.0,0.0,0.0,0.0,0.0,,1.0,9.0,2.0,2.0,0.0,0.0,1,2025-11-01 08:32:20.102174
2,2025-01-06 11:59:48,2025-01-06 12:12:58,N,1.0,43,141,6.0,2.03,14.2,0.0,0.5,4.61,0.0,,1.0,23.06,1.0,1.0,2.75,0.0,1,2025-11-01 08:32:20.102174
2,2025-01-06 11:32:25,2025-01-06 11:45:09,N,1.0,244,151,1.0,3.47,17.0,0.0,0.5,0.0,0.0,,1.0,18.5,2.0,1.0,0.0,0.0,1,2025-11-01 08:32:20.102174
2,2025-01-06 11:13:51,2025-01-06 11:44:55,N,1.0,75,90,1.0,6.52,36.6,0.0,0.5,8.32,0.0,,1.0,49.92,1.0,1.0,2.75,0.75,1,2025-11-01 08:32:20.102174
2,2025-01-06 12:02:19,2025-01-06 12:17:09,N,1.0,166,239,1.0,1.93,14.9,0.0,0.5,3.83,0.0,,1.0,22.98,1.0,1.0,2.75,0.0,1,2025-11-01 08:32:20.102174
1,2025-01-06 11:08:45,2025-01-06 11:45:52,N,1.0,74,238,1.0,2.1,30.3,0.0,1.5,6.35,0.0,,1.0,38.15,1.0,1.0,0.0,0.0,1,2025-11-01 08:32:20.102174
1,2025-01-06 11:01:03,2025-01-06 11:14:40,N,1.0,39,63,1.0,0.0,38.5,0.0,1.5,0.0,0.0,,1.0,40.0,1.0,1.0,0.0,0.0,1,2025-11-01 08:32:20.102174
1,2025-01-06 11:48:19,2025-01-06 11:54:52,N,1.0,21,108,1.0,0.0,15.5,0.0,1.5,0.0,0.0,,1.0,17.0,1.0,1.0,0.0,0.0,1,2025-11-01 08:32:20.102174
2,2025-01-06 11:15:12,2025-01-06 11:23:27,N,1.0,166,41,1.0,1.3,9.3,0.0,0.5,2.0,0.0,,1.0,12.8,1.0,1.0,0.0,0.0,1,2025-11-01 08:32:20.102174
2,2025-01-06 11:43:12,2025-01-06 12:03:31,N,1.0,75,41,1.0,1.87,18.4,0.0,0.5,2.02,0.0,,1.0,21.92,1.0,1.0,0.0,0.0,1,2025-11-01 08:32:20.102174
2,2025-01-06 11:25:21,2025-01-06 12:12:11,N,1.0,97,29,1.0,12.76,56.9,0.0,0.5,0.0,0.0,,1.0,58.4,2.0,1.0,0.0,0.0,1,2025-11-01 08:32:20.102174
2,2025-01-06 10:43:14,2025-01-06 11:07:10,N,1.0,97,225,2.0,3.38,22.6,0.0,0.5,2.5,0.0,,1.0,26.6,1.0,1.0,0.0,0.0,1,2025-11-01 08:32:20.102174
1,2025-01-06 11:22:47,2025-01-06 11:34:53,N,1.0,61,61,1.0,0.0,16.5,0.0,1.5,0.0,0.0,,1.0,18.0,1.0,1.0,0.0,0.0,1,2025-11-01 08:32:20.102174
1,2025-01-06 11:55:46,2025-01-06 12:09:39,N,1.0,17,97,1.0,0.0,17.5,0.0,1.5,0.0,0.0,,1.0,19.0,1.0,1.0,0.0,0.0,1,2025-11-01 08:32:20.102174
2,2025-01-06 11:58:11,2025-01-06 12:07:27,N,1.0,74,42,1.0,1.03,10.0,0.0,0.5,2.0,0.0,,1.0,13.5,1.0,1.0,0.0,0.0,1,2025-11-01 08:32:20.102174
2,2025-01-06 11:58:33,2025-01-06 12:22:03,N,1.0,196,122,2.0,7.47,33.8,0.0,0.5,0.0,0.0,,1.0,35.3,2.0,1.0,0.0,0.0,1,2025-11-01 08:32:20.102174
2,2025-01-06 11:10:02,2025-01-06 11:27:51,N,1.0,95,258,1.0,2.89,18.4,0.0,0.5,0.0,0.0,,1.0,19.9,2.0,1.0,0.0,0.0,1,2025-11-01 08:32:20.102174
2,2025-01-06 11:08:27,2025-01-06 11:44:52,N,1.0,43,162,5.0,2.91,30.3,0.0,0.5,0.0,0.0,,1.0,35.3,2.0,1.0,2.75,0.75,1,2025-11-01 08:32:20.102174
2,2025-01-06 11:36:11,2025-01-06 11:47:59,N,1.0,74,24,1.0,0.1,10.7,0.0,0.5,2.44,0.0,,1.0,14.64,1.0,1.0,0.0,0.0,1,2025-11-01 08:32:20.102174
2,2025-01-06 11:08:33,2025-01-06 11:17:54,N,1.0,75,263,1.0,1.39,10.7,0.0,0.5,2.99,0.0,,1.0,17.94,1.0,1.0,2.75,0.0,1,2025-11-01 08:32:20.102174
2,2025-01-06 10:38:25,2025-01-06 11:12:00,N,1.0,74,238,1.0,2.51,28.9,0.0,0.5,1.58,0.0,,1.0,34.73,1.0,1.0,2.75,0.0,1,2025-11-01 08:32:20.102174
2,2025-01-06 11:40:05,2025-01-06 11:57:14,N,1.0,74,238,1.0,2.8,17.7,0.0,0.5,0.0,0.0,,1.0,21.95,2.0,1.0,2.75,0.0,1,2025-11-01 08:32:20.102174
2,2025-01-06 11:05:11,2025-01-06 11:25:27,N,1.0,116,100,1.0,6.33,30.3,0.0,0.5,0.0,0.0,,1.0,35.3,2.0,1.0,2.75,0.75,1,2025-11-01 08:32:20.102174
2,2025-01-06 11:31:16,2025-01-06 11:50:43,N,1.0,24,140,1.0,4.07,22.6,0.0,0.5,5.37,0.0,,1.0,32.22,1.0,1.0,2.75,0.0,1,2025-11-01 08:32:20.102174
2,2025-01-06 11:39:47,2025-01-06 12:24:22,N,1.0,43,186,1.0,3.92,36.6,0.0,0.5,8.32,0.0,,1.0,49.92,1.0,1.0,2.75,0.75,1,2025-11-01 08:32:20.102174
2,2025-01-06 11:49:06,2025-01-06 12:08:37,N,1.0,74,238,1.0,2.7,19.1,0.0,0.5,4.12,0.0,,1.0,24.72,1.0,1.0,0.0,0.0,1,2025-11-01 08:32:20.102174
2,2025-01-06 11:48:26,2025-01-06 11:55:25,N,1.0,43,238,1.0,1.15,8.6,0.0,0.5,1.5,0.0,,1.0,14.35,1.0,1.0,2.75,0.0,1,2025-11-01 08:32:20.102174
2,2025-01-06 11:22:53,2025-01-06 12:05:29,N,1.0,74,141,1.0,2.74,34.5,0.0,0.5,3.88,0.0,,1.0,42.63,1.0,1.0,2.75,0.0,1,2025-11-01 08:32:20.102174
2,2025-01-06 11:05:21,2025-01-06 11:30:26,N,1.0,75,127,2.0,7.91,35.2,0.0,0.5,0.0,0.0,,1.0,36.7,2.0,1.0,0.0,0.0,1,2025-11-01 08:32:20.102174
2,2025-01-06 11:53:25,2025-01-06 11:58:23,N,1.0,244,244,1.0,0.71,7.2,0.0,0.5,0.0,0.0,,1.0,8.7,2.0,1.0,0.0,0.0,1,2025-11-01 08:32:20.102174
1,2025-01-06 11:50:44,2025-01-06 12:05:03,N,1.0,166,142,1.0,3.0,17.0,2.75,1.5,0.0,0.0,,1.0,21.25,2.0,1.0,2.75,0.0,1,2025-11-01 08:32:20.102174
2,2025-01-06 11:58:11,2025-01-06 12:12:37,N,1.0,74,238,1.0,2.6,15.6,0.0,0.5,3.42,0.0,,1.0,20.52,1.0,1.0,0.0,0.0,1,2025-11-01 08:32:20.102174
1,2025-01-06 11:22:39,2025-01-06 11:37:23,N,1.0,74,138,0.0,7.1,29.6,5.0,1.5,0.0,6.94,,1.0,43.04,2.0,1.0,0.0,0.0,1,2025-11-01 08:32:20.102174
2,2025-01-06 11:36:32,2025-01-06 11:47:36,N,1.0,244,42,1.0,1.52,12.1,0.0,0.5,0.0,0.0,,1.0,13.6,2.0,1.0,0.0,0.0,1,2025-11-01 08:32:20.102174
2,2025-01-06 11:30:19,2025-01-06 11:36:53,N,1.0,166,151,1.0,1.02,7.9,0.0,0.5,1.88,0.0,,1.0,11.28,1.0,1.0,0.0,0.0,1,2025-11-01 08:32:20.102174
2,2025-01-06 11:22:44,2025-01-06 11:53:39,N,1.0,74,75,1.0,1.85,26.1,0.0,0.5,8.28,0.0,,1.0,35.88,1.0,1.0,0.0,0.0,1,2025-11-01 08:32:20.102174
2,2025-01-06 11:17:44,2025-01-06 11:43:33,N,1.0,244,249,6.0,8.97,40.1,0.0,0.5,0.0,0.0,,1.0,45.1,2.0,1.0,2.75,0.75,1,2025-11-01 08:32:20.102174
2,2025-01-06 11:34:47,2025-01-06 11:45:24,N,1.0,74,43,1.0,1.2,11.4,0.0,0.5,2.58,0.0,,1.0,15.48,1.0,1.0,0.0,0.0,1,2025-11-01 08:32:20.102174
2,2025-01-06 12:49:08,2025-01-06 12:58:36,N,1.0,75,41,1.0,1.9,12.1,0.0,0.5,0.0,0.0,,1.0,13.6,2.0,1.0,0.0,0.0,1,2025-11-01 08:32:20.102174
2,2025-01-06 12:37:04,2025-01-06 12:37:07,N,5.0,10,10,1.0,0.0,17.0,0.0,0.0,0.0,0.0,,1.0,18.0,1.0,2.0,0.0,0.0,1,2025-11-01 08:32:20.102174
2,2025-01-06 12:54:11,2025-01-06 13:09:51,N,1.0,97,17,1.0,1.68,13.5,0.0,0.5,0.0,0.0,,1.0,15.0,2.0,1.0,0.0,0.0,1,2025-11-01 08:32:20.102174
2,2025-01-06 12:57:18,2025-01-06 13:00:22,N,1.0,166,151,1.0,0.75,5.8,0.0,0.5,0.0,0.0,,1.0,7.3,2.0,1.0,0.0,0.0,1,2025-11-01 08:32:20.102174
2,2025-01-06 12:06:09,2025-01-06 12:16:12,N,1.0,74,236,1.0,1.61,11.4,0.0,0.5,0.0,0.0,,1.0,15.65,2.0,1.0,2.75,0.0,1,2025-11-01 08:32:20.102174
2,2025-01-06 12:19:18,2025-01-06 12:26:40,N,1.0,75,75,1.0,1.32,8.6,0.0,0.5,2.0,0.0,,1.0,12.1,1.0,1.0,0.0,0.0,1,2025-11-01 08:32:20.102174
2,2025-01-06 12:33:15,2025-01-06 12:51:20,N,1.0,244,239,1.0,6.26,28.2,0.0,0.5,0.0,0.0,,1.0,32.45,2.0,1.0,2.75,0.0,1,2025-11-01 08:32:20.102174
2,2025-01-06 12:03:33,2025-01-06 12:24:21,N,1.0,97,148,1.0,3.14,21.2,0.0,0.5,0.0,0.0,,1.0,26.2,2.0,1.0,2.75,0.75,1,2025-11-01 08:32:20.102174
2,2025-01-06 12:40:27,2025-01-06 13:00:41,N,1.0,166,48,1.0,6.2,28.9,0.0,0.5,6.78,0.0,,1.0,40.68,1.0,1.0,2.75,0.75,1,2025-11-01 08:32:20.102174
1,2025-01-06 12:17:32,2025-01-06 12:26:45,N,1.0,75,24,1.0,1.2,10.0,0.0,1.5,0.0,0.0,,1.0,11.5,1.0,1.0,0.0,0.0,1,2025-11-01 08:32:20.102174
2,2025-01-06 12:42:03,2025-01-06 12:47:00,N,1.0,75,41,1.0,0.94,7.2,0.0,0.5,0.0,0.0,,1.0,8.7,1.0,1.0,0.0,0.0,1,2025-11-01 08:32:20.102174
2,2025-01-06 12:29:30,2025-01-06 12:44:46,N,1.0,166,238,1.0,1.98,14.9,0.0,0.5,0.0,0.0,,1.0,19.15,2.0,1.0,2.75,0.0,1,2025-11-01 08:32:20.102174
2,2025-01-06 12:23:24,2025-01-06 12:32:10,N,1.0,43,239,1.0,1.87,11.4,0.0,0.5,3.13,0.0,,1.0,18.78,1.0,1.0,2.75,0.0,1,2025-11-01 08:32:20.102174
2,2025-01-06 12:52:59,2025-01-06 13:06:23,N,1.0,236,262,1.0,1.64,13.5,0.0,0.5,3.55,0.0,,1.0,21.3,1.0,1.0,2.75,0.0,1,2025-11-01 08:32:20.102174
2,2025-01-06 12:41:57,2025-01-06 12:55:39,N,1.0,74,236,1.0,1.81,13.5,0.0,0.5,0.0,0.0,,1.0,17.75,2.0,1.0,2.75,0.0,1,2025-11-01 08:32:20.102174
1,2025-01-06 12:37:42,2025-01-06 13:16:43,N,1.0,208,140,1.0,0.0,35.5,0.0,1.5,0.0,6.94,,1.0,43.94,1.0,1.0,0.0,0.0,1,2025-11-01 08:32:20.102174
2,2025-01-06 12:38:33,2025-01-06 12:47:24,N,1.0,74,75,1.0,1.35,9.3,0.0,0.5,1.0,0.0,,1.0,11.8,1.0,1.0,0.0,0.0,1,2025-11-01 08:32:20.102174
2,2025-01-06 12:15:14,2025-01-06 12:19:32,N,1.0,42,42,1.0,0.73,6.5,0.0,0.5,0.0,0.0,,1.0,8.0,2.0,1.0,0.0,0.0,1,2025-11-01 08:32:20.102174
2,2025-01-06 12:20:27,2025-01-06 12:30:49,N,1.0,42,244,1.0,2.13,13.5,0.0,0.5,0.0,0.0,,1.0,15.0,2.0,1.0,0.0,0.0,1,2025-11-01 08:32:20.102174
2,2025-01-06 12:07:02,2025-01-06 12:18:24,N,1.0,134,92,1.0,3.62,17.7,0.0,0.5,0.0,0.0,,1.0,19.2,2.0,1.0,0.0,0.0,1,2025-11-01 08:32:20.102174
2,2025-01-06 12:39:08,2025-01-06 12:48:45,N,1.0,43,238,1.0,1.2,10.7,0.0,0.5,2.44,0.0,,1.0,14.64,1.0,1.0,0.0,0.0,1,2025-11-01 08:32:20.102174
2,2025-01-06 11:31:12,2025-01-06 11:41:49,N,1.0,97,181,1.0,1.25,11.4,0.0,0.5,3.22,0.0,,1.0,16.12,1.0,1.0,0.0,0.0,1,2025-11-01 08:32:20.102174
2,2025-01-06 12:40:51,2025-01-06 12:59:21,N,1.0,244,238,1.0,5.15,26.1,0.0,0.5,9.1,0.0,,1.0,39.45,1.0,1.0,2.75,0.0,1,2025-11-01 08:32:20.102174
2,2025-01-06 12:42:55,2025-01-06 13:03:58,N,1.0,7,75,1.0,5.42,27.5,0.0,0.5,7.19,6.94,,1.0,43.13,1.0,1.0,0.0,0.0,1,2025-11-01 08:32:20.102174
2,2025-01-06 12:40:50,2025-01-06 12:49:35,N,1.0,7,138,1.0,3.75,16.3,5.0,0.5,3.42,0.0,,1.0,26.22,1.0,1.0,0.0,0.0,1,2025-11-01 08:32:20.102174
2,2025-01-06 12:47:26,2025-01-06 13:12:22,N,1.0,7,107,1.0,4.92,26.1,0.0,0.5,6.22,0.0,,1.0,37.32,1.0,1.0,2.75,0.75,1,2025-11-01 08:32:20.102174
1,2025-01-06 12:47:50,2025-01-06 13:03:12,N,1.0,244,238,1.0,4.5,21.2,2.75,1.5,7.6,0.0,,1.0,33.05,1.0,1.0,2.75,0.0,1,2025-11-01 08:32:20.102174
2,2025-01-06 12:40:55,2025-01-06 12:54:02,N,1.0,95,135,1.0,1.94,14.2,0.0,0.5,2.0,0.0,,1.0,17.7,1.0,1.0,0.0,0.0,1,2025-11-01 08:32:20.102174
2,2025-01-06 12:15:29,2025-01-06 12:28:32,N,1.0,43,43,6.0,1.8,13.5,0.0,0.5,3.55,0.0,,1.0,21.3,1.0,1.0,2.75,0.0,1,2025-11-01 08:32:20.102174
2,2025-01-06 12:53:07,2025-01-06 13:02:58,N,1.0,75,237,6.0,1.41,11.4,0.0,0.5,1.0,0.0,,1.0,16.65,1.0,1.0,2.75,0.0,1,2025-11-01 08:32:20.102174
2,2025-01-06 12:33:08,2025-01-06 12:38:20,N,1.0,74,75,1.0,1.23,7.9,0.0,0.5,0.94,0.0,,1.0,10.34,1.0,1.0,0.0,0.0,1,2025-11-01 08:32:20.102174
1,2025-01-06 12:07:36,2025-01-06 12:20:31,N,1.0,74,75,1.0,1.5,12.8,0.0,1.5,0.0,0.0,,1.0,14.3,2.0,1.0,0.0,0.0,1,2025-11-01 08:32:20.102174
1,2025-01-06 12:56:55,2025-01-06 13:25:44,N,1.0,166,78,1.0,6.9,35.2,0.0,1.5,0.0,0.0,,1.0,36.7,1.0,1.0,0.0,0.0,1,2025-11-01 08:32:20.102174
2,2025-01-06 12:09:13,2025-01-06 12:25:08,N,1.0,74,236,1.0,2.23,15.6,0.0,0.5,3.97,0.0,,1.0,23.82,1.0,1.0,2.75,0.0,1,2025-11-01 08:32:20.102174
2,2025-01-06 12:48:15,2025-01-06 13:02:59,N,1.0,75,43,1.0,1.8,13.5,0.0,0.5,2.0,0.0,,1.0,19.75,1.0,1.0,2.75,0.0,1,2025-11-01 08:32:20.102174
2,2025-01-06 12:45:24,2025-01-06 12:50:50,N,1.0,74,75,1.0,0.93,7.2,0.0,0.5,0.0,0.0,,1.0,8.7,2.0,1.0,0.0,0.0,1,2025-11-01 08:32:20.102174
2,2025-01-06 12:21:41,2025-01-06 12:29:54,N,1.0,82,83,1.0,0.95,8.6,0.0,0.5,0.0,0.0,,1.0,10.1,2.0,1.0,0.0,0.0,1,2025-11-01 08:32:20.102174
2,2025-01-06 12:32:35,2025-01-06 13:27:37,N,1.0,55,244,1.0,26.38,99.6,0.0,0.5,0.0,6.94,,1.0,111.54,1.0,1.0,2.75,0.75,1,2025-11-01 08:32:20.102174
1,2025-01-06 12:33:10,2025-01-06 13:05:32,N,1.0,7,113,1.0,0.0,30.5,0.0,1.5,0.0,0.0,,1.0,32.0,1.0,1.0,0.0,0.0,1,2025-11-01 08:32:20.102174
2,2025-01-06 11:59:43,2025-01-06 12:26:23,N,1.0,74,43,2.0,2.32,24.0,0.0,0.5,7.06,0.0,,1.0,35.31,1.0,1.0,2.75,0.0,1,2025-11-01 08:32:20.102174
2,2025-01-06 12:45:41,2025-01-06 12:52:54,N,1.0,74,41,1.0,1.14,8.6,0.0,0.5,2.02,0.0,,1.0,12.12,1.0,1.0,0.0,0.0,1,2025-11-01 08:32:20.102174
2,2025-01-06 12:06:32,2025-01-06 12:31:18,N,1.0,244,233,1.0,9.25,37.3,0.0,0.5,0.0,0.0,,1.0,42.3,2.0,1.0,2.75,0.75,1,2025-11-01 08:32:20.102174
2,2025-01-06 12:56:57,2025-01-06 13:06:23,N,1.0,236,263,1.0,0.96,10.0,0.0,0.5,2.85,0.0,,1.0,17.1,1.0,1.0,2.75,0.0,1,2025-11-01 08:32:20.102174
2,2025-01-06 12:59:30,2025-01-06 13:08:45,N,1.0,75,75,1.0,0.69,8.6,0.0,0.5,2.52,0.0,,1.0,12.62,1.0,1.0,0.0,0.0,1,2025-11-01 08:32:20.102174
2,2025-01-06 12:09:37,2025-01-06 12:20:29,N,1.0,82,226,1.0,2.92,15.6,0.0,0.5,0.0,0.0,,1.0,17.1,2.0,1.0,0.0,0.0,1,2025-11-01 08:32:20.102174
2,2025-01-06 12:24:58,2025-01-06 12:38:53,N,1.0,74,238,1.0,2.3,14.9,0.0,0.5,3.0,0.0,,1.0,19.4,1.0,1.0,0.0,0.0,1,2025-11-01 08:32:20.102174
2,2025-01-06 12:41:09,2025-01-06 12:43:18,N,1.0,116,152,1.0,0.18,4.4,0.0,0.5,0.0,0.0,,1.0,5.9,2.0,1.0,0.0,0.0,1,2025-11-01 08:32:20.102174
2,2025-01-06 12:55:00,2025-01-06 13:00:09,N,1.0,129,70,1.0,2.42,11.4,0.0,0.5,7.1,0.0,,1.0,20.0,1.0,1.0,0.0,0.0,1,2025-11-01 08:32:20.102174
2,2025-01-06 12:24:04,2025-01-06 12:35:07,N,1.0,75,151,1.0,1.35,11.4,0.0,0.5,0.0,0.0,,1.0,12.9,2.0,1.0,0.0,0.0,1,2025-11-01 08:32:20.102174
1,2025-01-06 12:04:01,2025-01-06 12:28:17,N,1.0,74,237,1.0,3.2,22.6,2.75,1.5,1.0,0.0,,1.0,27.85,1.0,1.0,2.75,0.0,1,2025-11-01 08:32:20.102174
2,2025-01-06 12:11:26,2025-01-06 12:20:44,N,1.0,41,74,1.0,1.23,10.0,0.0,0.5,0.0,0.0,,1.0,11.5,2.0,1.0,0.0,0.0,1,2025-11-01 08:32:20.102174
2,2025-01-06 12:22:47,2025-01-06 12:29:53,N,1.0,74,41,1.0,0.99,8.6,0.0,0.5,0.0,0.0,,1.0,10.1,2.0,1.0,0.0,0.0,1,2025-11-01 08:32:20.102174
2,2025-01-06 12:55:28,2025-01-06 13:09:11,N,1.0,74,236,1.0,1.87,13.5,0.0,0.5,3.55,0.0,,1.0,21.3,1.0,1.0,2.75,0.0,1,2025-11-01 08:32:20.102174
2,2025-01-06 12:44:39,2025-01-06 13:03:28,N,1.0,74,263,1.0,2.73,18.4,0.0,0.5,4.0,0.0,,1.0,26.65,1.0,1.0,2.75,0.0,1,2025-11-01 08:32:20.102174
1,2025-01-06 12:29:54,2025-01-06 12:58:25,N,1.0,33,188,1.0,0.0,20.5,0.0,1.5,0.0,0.0,,1.0,22.0,1.0,1.0,0.0,0.0,1,2025-11-01 08:32:20.102174
2,2025-01-06 12:14:26,2025-01-06 12:34:14,N,1.0,41,48,1.0,6.22,28.9,0.0,0.5,2.0,0.0,,1.0,35.9,1.0,1.0,2.75,0.75,1,2025-11-01 08:32:20.102174
2,2025-01-06 12:04:04,2025-01-06 12:10:48,N,1.0,43,151,1.0,1.21,8.6,0.0,0.5,1.5,0.0,,1.0,11.6,1.0,1.0,0.0,0.0,1,2025-11-01 08:32:20.102174
2,2025-01-06 12:12:05,2025-01-06 12:39:28,N,1.0,7,7,1.0,1.8,23.3,0.0,0.5,0.0,0.0,,1.0,24.8,2.0,1.0,0.0,0.0,1,2025-11-01 08:32:20.102174
2,2025-01-06 11:55:12,2025-01-06 12:06:11,N,1.0,43,75,1.0,0.0,10.0,0.0,0.5,2.3,0.0,,1.0,13.8,1.0,1.0,0.0,0.0,1,2025-11-01 08:32:20.102174
2,2025-01-06 12:39:51,2025-01-06 12:51:50,N,1.0,74,236,1.0,0.0,10.7,0.0,0.5,0.0,0.0,,1.0,14.95,2.0,1.0,2.75,0.0,1,2025-11-01 08:32:20.102174
2,2025-01-06 12:21:55,2025-01-06 12:33:34,N,1.0,75,262,3.0,1.23,11.4,0.0,0.5,0.0,0.0,,1.0,15.65,2.0,1.0,2.75,0.0,1,2025-11-01 08:32:20.102174
2,2025-01-06 12:44:58,2025-01-06 13:00:53,N,1.0,74,238,1.0,2.89,17.0,0.0,0.5,4.25,0.0,,1.0,25.5,1.0,1.0,2.75,0.0,1,2025-11-01 08:32:20.102174
2,2025-01-06 12:51:24,2025-01-06 13:01:28,N,1.0,75,24,1.0,1.78,12.1,0.0,0.5,0.0,0.0,,1.0,13.6,2.0,1.0,0.0,0.0,1,2025-11-01 08:32:20.102174
2,2025-01-06 12:47:14,2025-01-06 13:03:50,N,1.0,41,75,1.0,2.4,17.0,0.0,0.5,0.0,0.0,,1.0,18.5,2.0,1.0,0.0,0.0,1,2025-11-01 08:32:20.102174
2,2025-01-06 12:02:03,2025-01-06 12:08:07,N,1.0,43,151,1.0,0.95,7.9,0.0,0.5,0.0,0.0,,1.0,9.4,2.0,1.0,0.0,0.0,1,2025-11-01 08:32:20.102174
2,2025-01-06 12:37:18,2025-01-06 12:52:31,N,1.0,43,237,1.0,1.59,14.2,0.0,0.5,3.69,0.0,,1.0,22.14,1.0,1.0,2.75,0.0,1,2025-11-01 08:32:20.102174
1,2025-01-06 12:21:50,2025-01-06 12:59:39,N,1.0,41,65,1.0,0.0,37.5,0.0,1.5,0.0,0.0,,1.0,39.0,1.0,1.0,0.0,0.0,1,2025-11-01 08:32:20.102174
2,2025-01-06 12:44:04,2025-01-06 12:50:04,N,1.0,74,41,1.0,0.86,7.9,0.0,0.5,0.0,0.0,,1.0,9.4,2.0,1.0,0.0,0.0,1,2025-11-01 08:32:20.102174
1,2025-01-06 12:06:30,2025-01-06 12:16:19,N,1.0,74,75,0.0,1.0,10.0,0.0,1.5,2.3,0.0,,1.0,13.8,1.0,1.0,0.0,0.0,1,2025-11-01 08:32:20.102174
1,2025-01-06 12:42:50,2025-01-06 12:52:01,N,1.0,74,75,0.0,1.3,10.0,0.0,1.5,0.0,0.0,,1.0,11.5,2.0,1.0,0.0,0.0,1,2025-11-01 08:32:20.102174
2,2025-01-06 12:11:29,2025-01-06 12:22:32,N,1.0,166,142,1.0,2.33,13.5,0.0,0.5,3.55,0.0,,1.0,21.3,1.0,1.0,2.75,0.0,1,2025-11-01 08:32:20.102174
2,2025-01-06 12:36:29,2025-01-06 13:01:25,N,1.0,166,141,1.0,3.68,24.0,0.0,0.5,4.24,0.0,,1.0,32.49,1.0,1.0,2.75,0.0,1,2025-11-01 08:32:20.102174
2,2025-01-06 11:49:28,2025-01-06 12:13:26,N,1.0,75,244,2.0,5.87,31.7,0.0,0.5,4.98,0.0,,1.0,38.18,1.0,1.0,0.0,0.0,1,2025-11-01 08:32:20.102174
2,2025-01-06 12:51:31,2025-01-06 12:56:24,N,1.0,166,166,1.0,0.71,6.5,0.0,0.5,0.0,0.0,,1.0,8.0,2.0,1.0,0.0,0.0,1,2025-11-01 08:32:20.102174
2,2025-01-06 12:31:07,2025-01-06 13:11:46,N,1.0,244,113,1.0,10.63,50.6,0.0,0.5,6.5,0.0,,1.0,62.1,1.0,1.0,2.75,0.75,1,2025-11-01 08:32:20.102174
2,2025-01-06 12:50:06,2025-01-06 12:56:18,N,1.0,95,95,1.0,0.95,7.9,0.0,0.5,1.0,0.0,,1.0,10.4,1.0,1.0,0.0,0.0,1,2025-11-01 08:32:20.102174
2,2025-01-06 12:14:26,2025-01-06 12:30:32,N,1.0,74,236,1.0,2.34,15.6,0.0,0.5,3.92,0.0,,1.0,23.52,1.0,1.0,2.5,0.0,1,2025-11-01 08:32:20.102174
2,2025-01-06 12:52:29,2025-01-06 13:02:15,N,1.0,244,152,1.0,1.74,12.1,0.0,0.5,3.0,0.0,,1.0,16.6,1.0,1.0,0.0,0.0,1,2025-11-01 08:32:20.102174
2,2025-01-06 12:39:13,2025-01-06 12:47:49,N,1.0,74,75,1.0,1.44,10.0,0.0,0.5,2.0,0.0,,1.0,13.5,1.0,1.0,0.0,0.0,1,2025-11-01 08:32:20.102174
2,2025-01-06 13:25:44,2025-01-06 14:00:43,N,1.0,75,170,1.0,3.87,30.3,0.0,0.5,7.06,0.0,,1.0,42.36,1.0,1.0,2.75,0.75,1,2025-11-01 08:32:20.102174
2,2025-01-06 13:39:16,2025-01-06 13:49:17,N,1.0,83,138,2.0,4.17,17.7,5.0,0.5,4.84,0.0,,1.0,29.04,1.0,1.0,0.0,0.0,1,2025-11-01 08:32:20.102174
2,2025-01-06 13:27:11,2025-01-06 14:32:13,N,1.0,82,82,1.0,5.56,52.0,0.0,0.5,0.0,0.0,,1.0,53.5,2.0,1.0,0.0,0.0,1,2025-11-01 08:32:20.102174
2,2025-01-06 13:24:14,2025-01-06 13:37:19,N,1.0,95,134,1.0,1.7,13.5,0.0,0.5,0.0,0.0,,1.0,15.0,2.0,1.0,0.0,0.0,1,2025-11-01 08:32:20.102174
2,2025-01-06 13:19:15,2025-01-06 13:24:10,N,1.0,75,238,1.0,1.26,7.9,0.0,0.5,2.43,0.0,,1.0,14.58,1.0,1.0,2.75,0.0,1,2025-11-01 08:32:20.102174
2,2025-01-06 13:28:53,2025-01-06 13:37:42,N,1.0,75,74,1.0,1.39,10.7,0.0,0.5,2.44,0.0,,1.0,14.64,1.0,1.0,0.0,0.0,1,2025-11-01 08:32:20.102174
2,2025-01-06 13:54:19,2025-01-06 14:12:07,N,1.0,43,140,1.0,2.13,16.3,0.0,0.5,4.11,0.0,,1.0,24.66,1.0,1.0,2.75,0.0,1,2025-11-01 08:32:20.102174
1,2025-01-06 13:07:07,2025-01-06 13:13:58,N,1.0,74,75,1.0,1.1,7.9,0.0,1.5,2.0,0.0,,1.0,11.4,1.0,1.0,0.0,0.0,1,2025-11-01 08:32:20.102174
2,2025-01-06 13:34:10,2025-01-06 14:05:48,N,1.0,244,43,1.0,6.35,35.2,0.0,0.5,11.84,0.0,,1.0,51.29,1.0,1.0,2.75,0.0,1,2025-11-01 08:32:20.102174
2,2025-01-06 13:05:22,2025-01-06 13:10:09,N,1.0,65,97,1.0,0.63,6.5,0.0,0.5,2.0,0.0,,1.0,10.0,1.0,1.0,0.0,0.0,1,2025-11-01 08:32:20.102174
2,2025-01-06 13:56:49,2025-01-06 14:31:33,N,1.0,97,91,1.0,6.35,34.5,0.0,0.5,0.0,0.0,,1.0,36.0,2.0,1.0,0.0,0.0,1,2025-11-01 08:32:20.102174
2,2025-01-06 13:23:00,2025-01-06 13:35:43,N,1.0,166,244,1.0,3.0,16.3,0.0,0.5,5.34,0.0,,1.0,23.14,1.0,1.0,0.0,0.0,1,2025-11-01 08:32:20.102174
2,2025-01-06 13:44:58,2025-01-06 13:53:25,N,1.0,95,95,2.0,1.1,10.0,0.0,0.5,2.3,0.0,,1.0,13.8,1.0,1.0,0.0,0.0,1,2025-11-01 08:32:20.102174
2,2025-01-06 13:28:15,2025-01-06 13:47:44,N,1.0,74,238,1.0,3.11,19.8,0.0,0.5,7.22,0.0,,1.0,31.27,1.0,1.0,2.75,0.0,1,2025-11-01 08:32:20.102174
1,2025-01-06 13:26:53,2025-01-06 13:40:25,N,1.0,74,236,1.0,2.0,14.2,2.75,1.5,3.65,0.0,,1.0,22.1,1.0,1.0,2.75,0.0,1,2025-11-01 08:32:20.102174
2,2025-01-06 13:36:26,2025-01-06 13:41:02,N,1.0,166,151,1.0,0.97,7.2,0.0,0.5,0.02,0.0,,1.0,8.72,1.0,1.0,0.0,0.0,1,2025-11-01 08:32:20.102174
1,2025-01-06 13:06:21,2025-01-06 13:30:30,N,1.0,247,252,1.0,0.0,33.5,0.0,1.5,0.0,6.94,,1.0,41.94,1.0,1.0,0.0,0.0,1,2025-11-01 08:32:20.102174
2,2025-01-06 13:29:39,2025-01-06 13:36:47,N,1.0,97,181,1.0,0.89,8.6,0.0,0.5,2.02,0.0,,1.0,12.12,1.0,1.0,0.0,0.0,1,2025-11-01 08:32:20.102174
2,2025-01-06 13:38:03,2025-01-06 13:50:03,N,1.0,83,138,1.0,3.95,19.1,5.0,0.5,5.12,0.0,,1.0,30.72,1.0,1.0,0.0,0.0,1,2025-11-01 08:32:20.102174
2,2025-01-06 13:47:31,2025-01-06 13:56:42,N,1.0,43,262,1.0,1.16,10.0,0.0,0.5,0.0,0.0,,1.0,14.25,2.0,1.0,2.75,0.0,1,2025-11-01 08:32:20.102174
2,2025-01-06 13:14:48,2025-01-06 13:21:21,N,1.0,166,151,1.0,1.28,8.6,0.0,0.5,0.0,0.0,,1.0,10.1,2.0,1.0,0.0,0.0,1,2025-11-01 08:32:20.102174
2,2025-01-06 13:41:42,2025-01-06 14:09:51,N,1.0,41,202,1.0,6.5,32.4,0.0,0.5,10.21,6.94,,1.0,51.05,1.0,1.0,0.0,0.0,1,2025-11-01 08:32:20.102174
2,2025-01-06 13:15:02,2025-01-06 13:23:22,N,1.0,75,75,1.0,0.86,9.3,0.0,0.5,5.0,0.0,,1.0,15.8,1.0,1.0,0.0,0.0,1,2025-11-01 08:32:20.102174
1,2025-01-06 13:52:00,2025-01-06 14:02:50,N,1.0,75,166,1.0,1.7,10.7,0.0,1.5,3.0,0.0,,1.0,15.2,1.0,1.0,0.0,0.0,1,2025-11-01 08:32:20.102174
2,2025-01-06 11:14:21,2025-01-06 11:29:48,N,1.0,97,61,1.0,2.37,16.3,0.0,0.5,3.56,0.0,,1.0,21.36,1.0,1.0,0.0,0.0,1,2025-11-01 08:32:20.102174
2,2025-01-06 13:07:51,2025-01-06 13:12:26,N,1.0,41,41,1.0,0.62,6.5,0.0,0.5,0.0,0.0,,1.0,8.0,2.0,1.0,0.0,0.0,1,2025-11-01 08:32:20.102174
2,2025-01-06 13:52:00,2025-01-06 14:09:02,N,1.0,43,262,1.0,2.05,15.6,0.0,0.5,0.0,0.0,,1.0,19.85,2.0,1.0,2.75,0.0,1,2025-11-01 08:32:20.102174
2,2025-01-06 13:51:19,2025-01-06 13:59:34,N,1.0,95,135,1.0,1.41,10.0,0.0,0.5,0.0,0.0,,1.0,11.5,2.0,1.0,0.0,0.0,1,2025-11-01 08:32:20.102174
2,2025-01-06 13:08:00,2025-01-06 13:17:59,N,1.0,195,54,1.0,1.49,10.7,0.0,0.5,2.44,0.0,,1.0,14.64,1.0,1.0,0.0,0.0,1,2025-11-01 08:32:20.102174
2,2025-01-06 13:57:16,2025-01-06 14:45:40,N,1.0,41,132,1.0,18.08,73.0,0.0,0.5,16.29,6.94,,1.0,100.23,1.0,1.0,0.0,0.0,1,2025-11-01 08:32:20.102174
2,2025-01-06 13:57:34,2025-01-06 14:11:43,N,1.0,43,239,1.0,2.1,14.9,0.0,0.5,3.83,0.0,,1.0,22.98,1.0,1.0,2.75,0.0,1,2025-11-01 08:32:20.102174
2,2025-01-06 13:38:26,2025-01-06 13:54:06,N,1.0,74,237,1.0,2.52,16.3,0.0,0.5,4.11,0.0,,1.0,24.66,1.0,1.0,2.75,0.0,1,2025-11-01 08:32:20.102174
2,2025-01-06 13:33:44,2025-01-06 13:42:16,N,1.0,43,238,1.0,1.58,10.7,0.0,0.5,4.48,0.0,,1.0,19.43,1.0,1.0,2.75,0.0,1,2025-11-01 08:32:20.102174
2,2025-01-06 13:57:34,2025-01-06 14:07:12,N,1.0,129,82,1.0,1.76,11.4,0.0,0.5,0.0,0.0,,1.0,12.9,2.0,1.0,0.0,0.0,1,2025-11-01 08:32:20.102174
2,2025-01-06 13:52:35,2025-01-06 13:52:35,N,2.0,264,264,1.0,0.0,70.0,0.0,0.5,0.0,0.0,,1.0,71.5,2.0,1.0,0.0,0.0,1,2025-11-01 08:32:20.102174
2,2025-01-06 13:55:13,2025-01-06 14:02:45,N,1.0,75,41,6.0,1.64,10.0,0.0,0.5,0.0,0.0,,1.0,11.5,1.0,1.0,0.0,0.0,1,2025-11-01 08:32:20.102174
2,2025-01-06 13:09:00,2025-01-06 13:31:49,N,1.0,43,143,1.0,2.98,21.2,0.0,0.5,5.09,0.0,,1.0,30.54,1.0,1.0,2.75,0.0,1,2025-11-01 08:32:20.102174
2,2025-01-06 13:24:53,2025-01-06 13:46:48,N,1.0,244,138,1.0,9.57,38.7,5.0,0.5,15.64,6.94,,1.0,67.78,1.0,1.0,0.0,0.0,1,2025-11-01 08:32:20.102174
2,2025-01-06 13:07:28,2025-01-06 13:35:25,N,1.0,43,162,1.0,3.2,24.7,0.0,0.5,5.94,0.0,,1.0,35.64,1.0,1.0,2.75,0.75,1,2025-11-01 08:32:20.102174
2,2025-01-06 13:07:29,2025-01-06 13:37:06,N,1.0,75,79,1.0,6.04,31.0,0.0,0.5,9.0,0.0,,1.0,45.0,1.0,1.0,2.75,0.75,1,2025-11-01 08:32:20.102174
1,2025-01-06 13:53:51,2025-01-06 14:15:28,N,1.0,55,123,0.0,4.4,23.3,0.0,1.5,0.0,0.0,,1.0,24.8,2.0,1.0,0.0,0.0,1,2025-11-01 08:32:20.102174
2,2025-01-06 13:03:32,2025-01-06 13:13:26,N,1.0,42,75,1.0,1.54,11.4,0.0,0.5,2.58,0.0,,1.0,15.48,1.0,1.0,0.0,0.0,1,2025-11-01 08:32:20.102174
2,2025-01-06 13:43:58,2025-01-06 13:52:37,N,1.0,97,49,1.0,1.35,10.0,0.0,0.5,0.0,0.0,,1.0,11.5,2.0,1.0,0.0,0.0,1,2025-11-01 08:32:20.102174
2,2025-01-06 13:12:13,2025-01-06 13:17:23,N,1.0,75,74,1.0,0.7,7.2,0.0,0.5,1.74,0.0,,1.0,10.44,1.0,1.0,0.0,0.0,1,2025-11-01 08:32:20.102174
1,2025-01-06 13:39:28,2025-01-06 14:16:35,N,1.0,181,76,1.0,0.0,25.5,0.0,1.5,0.0,0.0,,1.0,27.0,1.0,1.0,0.0,0.0,1,2025-11-01 08:32:20.102174
2,2025-01-06 13:58:39,2025-01-06 14:30:00,N,1.0,75,160,1.0,12.54,50.6,0.0,0.5,11.81,6.94,,1.0,70.85,1.0,1.0,0.0,0.0,1,2025-11-01 08:32:20.102174
2,2025-01-06 13:25:34,2025-01-06 13:36:21,N,1.0,75,236,1.0,1.2,10.7,0.0,0.5,0.0,0.0,,1.0,14.95,2.0,1.0,2.75,0.0,1,2025-11-01 08:32:20.102174
1,2025-01-06 13:22:38,2025-01-06 13:38:40,N,1.0,97,181,1.0,2.0,15.6,0.0,1.5,5.1,0.0,,1.0,22.2,1.0,1.0,0.0,0.0,1,2025-11-01 08:32:20.102174
2,2025-01-06 13:01:40,2025-01-06 13:06:35,N,1.0,75,75,1.0,0.0,5.8,0.0,0.5,0.0,0.0,,1.0,7.3,2.0,1.0,0.0,0.0,1,2025-11-01 08:32:20.102174
2,2025-01-06 13:12:40,2025-01-06 13:27:37,N,1.0,75,262,1.0,1.5,14.2,0.0,0.5,3.69,0.0,,1.0,22.14,1.0,1.0,2.75,0.0,1,2025-11-01 08:32:20.102174
2,2025-01-06 13:38:11,2025-01-06 13:54:45,N,1.0,74,238,1.0,4.15,21.2,0.0,0.5,0.0,0.0,,1.0,25.45,2.0,1.0,2.75,0.0,1,2025-11-01 08:32:20.102174
2,2025-01-06 13:11:06,2025-01-06 13:17:35,N,1.0,7,193,1.0,0.87,7.9,0.0,0.5,2.6,0.0,,1.0,12.0,1.0,1.0,0.0,0.0,1,2025-11-01 08:32:20.102174
2,2025-01-06 13:55:57,2025-01-06 14:01:25,N,1.0,95,95,3.0,0.65,6.5,0.0,0.5,0.0,0.0,,1.0,8.0,2.0,1.0,0.0,0.0,1,2025-11-01 08:32:20.102174
2,2025-01-06 13:08:36,2025-01-06 13:27:36,N,1.0,74,263,1.0,2.35,18.4,0.0,0.5,3.4,0.0,,1.0,26.05,1.0,1.0,2.75,0.0,1,2025-11-01 08:32:20.102174
2,2025-01-06 13:19:05,2025-01-06 13:38:54,N,1.0,74,237,1.0,2.71,19.1,0.0,0.5,0.0,0.0,,1.0,23.35,2.0,1.0,2.75,0.0,1,2025-11-01 08:32:20.102174
2,2025-01-06 13:54:13,2025-01-06 14:00:33,N,1.0,74,166,1.0,0.88,7.9,0.0,0.5,1.88,0.0,,1.0,11.28,1.0,1.0,0.0,0.0,1,2025-11-01 08:32:20.102174
2,2025-01-06 13:25:55,2025-01-06 13:33:49,N,1.0,43,236,1.0,0.91,8.6,0.0,0.5,6.0,0.0,,1.0,18.85,1.0,1.0,2.75,0.0,1,2025-11-01 08:32:20.102174
2,2025-01-06 13:58:24,2025-01-06 14:05:38,N,1.0,130,134,1.0,1.75,10.0,0.0,0.5,0.0,0.0,,1.0,11.5,2.0,1.0,0.0,0.0,1,2025-11-01 08:32:20.102174
2,2025-01-06 13:14:20,2025-01-06 13:24:03,N,1.0,74,42,1.0,1.09,10.0,0.0,0.5,0.0,0.0,,1.0,11.5,2.0,1.0,0.0,0.0,1,2025-11-01 08:32:20.102174
2,2025-01-06 13:30:16,2025-01-06 13:49:43,N,1.0,74,236,1.0,2.6,18.4,0.0,0.5,4.53,0.0,,1.0,27.18,1.0,1.0,2.75,0.0,1,2025-11-01 08:32:20.102174
2,2025-01-06 13:17:33,2025-01-06 13:24:12,N,1.0,43,75,1.0,0.32,7.2,0.0,0.5,1.74,0.0,,1.0,10.44,1.0,1.0,0.0,0.0,1,2025-11-01 08:32:20.102174
2,2025-01-06 13:31:44,2025-01-06 13:55:08,N,1.0,75,230,1.0,3.43,22.6,0.0,0.5,0.0,0.0,,1.0,27.6,1.0,1.0,2.75,0.75,1,2025-11-01 08:32:20.102174
2,2025-01-06 13:34:15,2025-01-06 13:46:24,N,1.0,74,75,1.0,1.75,12.8,0.0,0.5,0.0,0.0,,1.0,14.3,2.0,1.0,0.0,0.0,1,2025-11-01 08:32:20.102174
2,2025-01-06 13:40:07,2025-01-06 13:57:51,N,1.0,74,116,1.0,2.41,17.0,0.0,0.5,2.0,0.0,,1.0,20.5,1.0,1.0,0.0,0.0,1,2025-11-01 08:32:20.102174
2,2025-01-06 13:26:45,2025-01-06 13:40:09,N,1.0,75,142,1.0,2.87,15.6,0.0,0.5,2.0,0.0,,1.0,22.6,1.0,1.0,2.75,0.75,1,2025-11-01 08:32:20.102174
2,2025-01-06 12:58:51,2025-01-06 13:12:38,N,1.0,75,239,2.0,1.9,14.2,0.0,0.5,9.0,0.0,,1.0,27.45,1.0,1.0,2.75,0.0,1,2025-11-01 08:32:20.102174
2,2025-01-06 13:45:02,2025-01-06 13:55:09,N,1.0,75,166,1.0,1.84,12.1,0.0,0.5,2.72,0.0,,1.0,16.32,1.0,1.0,0.0,0.0,1,2025-11-01 08:32:20.102174
1,2025-01-06 13:33:48,2025-01-06 13:46:38,N,1.0,108,123,1.0,0.0,17.5,0.0,1.5,0.0,0.0,,1.0,19.0,1.0,1.0,0.0,0.0,1,2025-11-01 08:32:20.102174
2,2025-01-06 13:57:39,2025-01-06 14:04:08,N,1.0,95,196,1.0,1.25,8.6,0.0,0.5,2.52,0.0,,1.0,12.62,1.0,1.0,0.0,0.0,1,2025-11-01 08:32:20.102174
2,2025-01-06 13:32:58,2025-01-06 13:55:47,N,1.0,74,239,1.0,3.58,21.9,0.0,0.5,5.23,0.0,,1.0,31.38,1.0,1.0,2.75,0.0,1,2025-11-01 08:32:20.102174
2,2025-01-06 13:32:05,2025-01-06 13:47:58,N,1.0,74,236,1.0,2.44,16.3,0.0,0.5,2.44,0.0,,1.0,22.74,1.0,1.0,2.5,0.0,1,2025-11-01 08:32:20.102174
2,2025-01-06 13:14:19,2025-01-06 13:36:37,N,1.0,75,233,1.0,4.37,22.6,0.0,0.5,0.0,0.0,,1.0,27.6,2.0,1.0,2.75,0.75,1,2025-11-01 08:32:20.102174
2,2025-01-06 13:21:50,2025-01-06 13:50:58,N,1.0,95,226,5.0,6.46,34.5,0.0,0.5,0.0,0.0,,1.0,36.0,2.0,1.0,0.0,0.0,1,2025-11-01 08:32:20.102174
2,2025-01-06 13:18:45,2025-01-06 13:25:30,N,1.0,236,236,6.0,0.99,7.9,0.0,0.5,1.22,0.0,,1.0,13.37,1.0,1.0,2.75,0.0,1,2025-11-01 08:32:20.102174
2,2025-01-06 13:56:42,2025-01-06 14:03:33,N,1.0,75,74,6.0,1.43,9.3,0.0,0.5,0.0,0.0,,1.0,10.8,2.0,1.0,0.0,0.0,1,2025-11-01 08:32:20.102174
1,2025-01-06 14:53:49,2025-01-06 14:53:53,N,1.0,145,145,1.0,0.0,3.0,0.0,1.5,0.0,0.0,,1.0,4.5,2.0,1.0,0.0,0.0,1,2025-11-01 08:32:20.102174
2,2025-01-06 14:43:40,2025-01-06 14:53:15,N,1.0,7,193,1.0,1.5,10.7,0.0,0.5,0.0,0.0,,1.0,12.2,2.0,1.0,0.0,0.0,1,2025-11-01 08:32:20.102174
2,2025-01-06 14:48:40,2025-01-06 15:17:11,N,1.0,82,82,1.0,3.55,26.8,0.0,0.5,0.0,0.0,,1.0,28.3,2.0,1.0,0.0,0.0,1,2025-11-01 08:32:20.102174
2,2025-01-06 14:09:48,2025-01-06 14:15:51,N,1.0,97,25,1.0,0.7,7.2,0.0,0.5,1.74,0.0,,1.0,10.44,1.0,1.0,0.0,0.0,1,2025-11-01 08:32:20.102174
2,2025-01-06 14:39:33,2025-01-06 14:53:05,N,1.0,75,42,1.0,1.98,13.5,0.0,0.5,0.0,0.0,,1.0,15.0,1.0,1.0,0.0,0.0,1,2025-11-01 08:32:20.102174
2,2025-01-06 15:00:36,2025-01-06 15:12:16,N,1.0,166,75,1.0,1.52,12.1,0.0,0.5,2.72,0.0,,1.0,16.32,1.0,1.0,0.0,0.0,1,2025-11-01 08:32:20.102174
2,2025-01-06 14:51:53,2025-01-06 17:13:29,N,1.0,92,92,2.0,3.87,103.8,0.0,0.5,0.0,0.0,,1.0,105.3,2.0,1.0,0.0,0.0,1,2025-11-01 08:32:20.102174
2,2025-01-06 14:43:32,2025-01-06 14:52:38,N,1.0,97,49,2.0,1.01,10.0,0.0,0.5,0.0,0.0,,1.0,11.5,2.0,1.0,0.0,0.0,1,2025-11-01 08:32:20.102174
2,2025-01-06 14:31:22,2025-01-06 15:22:44,N,1.0,75,7,1.0,6.89,46.4,0.0,0.5,0.0,0.0,,1.0,51.4,2.0,1.0,2.75,0.75,1,2025-11-01 08:32:20.102174
2,2025-01-06 14:46:51,2025-01-06 15:12:18,N,1.0,244,140,1.0,8.14,36.6,0.0,0.5,12.26,0.0,,1.0,53.11,1.0,1.0,2.75,0.0,1,2025-11-01 08:32:20.102174
2,2025-01-06 14:50:19,2025-01-06 15:09:33,N,1.0,41,263,1.0,2.59,18.4,0.0,0.5,0.0,0.0,,1.0,22.65,2.0,1.0,2.75,0.0,1,2025-11-01 08:32:20.102174
2,2025-01-06 14:04:50,2025-01-06 14:11:40,N,1.0,41,42,1.0,1.17,9.3,0.0,0.5,0.0,0.0,,1.0,10.8,1.0,1.0,0.0,0.0,1,2025-11-01 08:32:20.102174
2,2025-01-06 14:17:16,2025-01-06 14:28:15,N,1.0,42,74,1.0,1.41,12.1,0.0,0.5,0.0,0.0,,1.0,13.6,1.0,1.0,0.0,0.0,1,2025-11-01 08:32:20.102174
2,2025-01-06 14:30:56,2025-01-06 14:56:02,N,1.0,74,141,1.0,2.57,21.9,0.0,0.5,5.23,0.0,,1.0,31.38,1.0,1.0,2.75,0.0,1,2025-11-01 08:32:20.102174
1,2025-01-06 14:28:35,2025-01-06 14:48:03,N,1.0,116,69,1.0,0.0,18.5,0.0,1.5,0.0,0.0,,1.0,20.0,1.0,1.0,0.0,0.0,1,2025-11-01 08:32:20.102174
2,2025-01-06 14:23:13,2025-01-06 14:41:53,N,1.0,74,151,1.0,2.64,18.4,0.0,0.5,3.98,0.0,,1.0,23.88,1.0,1.0,0.0,0.0,1,2025-11-01 08:32:20.102174
1,2025-01-06 14:53:20,2025-01-06 15:09:44,N,1.0,75,237,1.0,2.1,14.2,2.75,1.5,3.65,0.0,,1.0,22.1,1.0,1.0,2.75,0.0,1,2025-11-01 08:32:20.102174
2,2025-01-06 10:59:43,2025-01-06 11:08:51,N,1.0,97,49,1.0,0.91,10.0,0.0,0.5,2.3,0.0,,1.0,13.8,1.0,1.0,0.0,0.0,1,2025-11-01 08:32:20.102174
2,2025-01-06 14:12:19,2025-01-06 14:37:49,N,1.0,244,90,1.0,8.61,39.4,0.0,0.5,0.0,0.0,,1.0,44.4,2.0,1.0,2.75,0.75,1,2025-11-01 08:32:20.102174
2,2025-01-06 14:26:20,2025-01-06 14:37:56,N,1.0,74,166,1.0,2.13,13.5,0.0,0.5,3.0,0.0,,1.0,18.0,1.0,1.0,0.0,0.0,1,2025-11-01 08:32:20.102174
2,2025-01-06 14:43:33,2025-01-06 14:47:28,N,1.0,166,166,1.0,0.91,6.5,0.0,0.5,0.0,0.0,,1.0,8.0,2.0,1.0,0.0,0.0,1,2025-11-01 08:32:20.102174
2,2025-01-06 14:51:50,2025-01-06 14:57:41,N,1.0,41,42,1.0,0.94,7.9,0.0,0.5,0.0,0.0,,1.0,9.4,2.0,1.0,0.0,0.0,1,2025-11-01 08:32:20.102174
1,2025-01-06 14:34:50,2025-01-06 14:51:52,N,1.0,75,42,1.0,2.2,14.2,0.0,1.5,0.0,0.0,,1.0,15.7,2.0,1.0,0.0,0.0,1,2025-11-01 08:32:20.102174
2,2025-01-06 14:12:46,2025-01-06 14:25:45,N,1.0,75,237,1.0,1.74,13.5,0.0,0.5,3.55,0.0,,1.0,21.3,1.0,1.0,2.75,0.0,1,2025-11-01 08:32:20.102174
2,2025-01-06 14:52:48,2025-01-06 15:10:29,N,1.0,75,237,1.0,1.99,17.0,0.0,0.5,0.0,0.0,,1.0,21.25,2.0,1.0,2.75,0.0,1,2025-11-01 08:32:20.102174
1,2025-01-06 14:09:35,2025-01-06 14:29:10,Y,1.0,244,68,1.0,7.6,31.7,3.5,1.5,0.0,0.0,,1.0,36.7,2.0,1.0,2.75,0.75,1,2025-11-01 08:32:20.102174
2,2025-01-06 14:06:17,2025-01-06 14:13:42,N,1.0,166,43,1.0,1.2,9.3,0.0,0.5,1.78,0.0,,1.0,12.58,1.0,1.0,0.0,0.0,1,2025-11-01 08:32:20.102174
2,2025-01-06 14:32:36,2025-01-06 14:46:51,N,1.0,75,238,1.0,1.25,13.5,0.0,0.5,0.0,0.0,,1.0,17.75,2.0,1.0,2.75,0.0,1,2025-11-01 08:32:20.102174
2,2025-01-06 14:20:12,2025-01-06 14:33:06,N,1.0,244,166,1.0,2.92,16.3,0.0,0.5,4.45,0.0,,1.0,22.25,1.0,1.0,0.0,0.0,1,2025-11-01 08:32:20.102174
2,2025-01-06 14:17:49,2025-01-06 14:31:43,N,1.0,43,237,6.0,2.0,14.9,0.0,0.5,3.83,0.0,,1.0,22.98,1.0,1.0,2.75,0.0,1,2025-11-01 08:32:20.102174
2,2025-01-06 14:57:59,2025-01-06 15:30:10,N,1.0,95,36,1.0,7.84,38.0,0.0,0.5,0.0,0.0,,1.0,39.5,2.0,1.0,0.0,0.0,1,2025-11-01 08:32:20.102174
2,2025-01-06 14:28:59,2025-01-06 14:50:12,N,1.0,75,244,1.0,5.95,29.6,0.0,0.5,5.0,0.0,,1.0,38.85,1.0,1.0,2.75,0.0,1,2025-11-01 08:32:20.102174
2,2025-01-06 14:39:52,2025-01-06 14:49:16,N,1.0,130,135,1.0,2.55,13.5,0.0,0.5,2.0,0.0,,1.0,17.0,1.0,1.0,0.0,0.0,1,2025-11-01 08:32:20.102174
2,2025-01-06 14:01:25,2025-01-06 14:28:50,N,1.0,75,237,1.0,2.24,23.3,0.0,0.5,5.51,0.0,,1.0,33.06,1.0,1.0,2.75,0.0,1,2025-11-01 08:32:20.102174
2,2025-01-06 14:46:43,2025-01-06 14:53:18,N,1.0,236,236,1.0,0.65,7.9,0.0,0.5,2.43,0.0,,1.0,14.58,1.0,1.0,2.75,0.0,1,2025-11-01 08:32:20.102174
1,2025-01-06 14:12:09,2025-01-06 14:22:00,N,1.0,129,260,1.0,0.0,16.5,0.0,1.5,0.0,0.0,,1.0,18.0,1.0,1.0,0.0,0.0,1,2025-11-01 08:32:20.102174
2,2025-01-06 14:00:56,2025-01-06 14:04:36,N,1.0,244,116,1.0,0.61,6.5,0.0,0.5,0.0,0.0,,1.0,8.0,2.0,1.0,0.0,0.0,1,2025-11-01 08:32:20.102174
2,2025-01-06 14:27:05,2025-01-06 14:52:35,N,1.0,41,140,1.0,3.4,24.7,0.0,0.5,4.34,0.0,,1.0,33.29,1.0,1.0,2.75,0.0,1,2025-11-01 08:32:20.102174
2,2025-01-06 14:15:00,2025-01-06 14:25:30,N,1.0,75,151,1.0,1.47,10.7,0.0,0.5,0.0,0.0,,1.0,12.2,2.0,1.0,0.0,0.0,1,2025-11-01 08:32:20.102174
2,2025-01-06 14:34:25,2025-01-06 14:42:01,N,1.0,166,116,1.0,1.91,10.7,0.0,0.5,2.44,0.0,,1.0,14.64,1.0,1.0,0.0,0.0,1,2025-11-01 08:32:20.102174
2,2025-01-06 14:03:42,2025-01-06 14:18:33,N,1.0,74,151,1.0,2.48,15.6,0.0,0.5,0.0,0.0,,1.0,17.1,2.0,1.0,0.0,0.0,1,2025-11-01 08:32:20.102174
2,2025-01-06 14:53:42,2025-01-06 15:19:57,N,1.0,134,38,1.0,10.23,40.1,0.0,0.5,0.0,0.0,,1.0,41.6,2.0,1.0,0.0,0.0,1,2025-11-01 08:32:20.102174
2,2025-01-06 14:26:57,2025-01-06 14:52:00,N,1.0,244,142,1.0,5.71,29.6,0.0,0.5,10.16,0.0,,1.0,44.01,1.0,1.0,2.75,0.0,1,2025-11-01 08:32:20.102174
2,2025-01-06 14:15:17,2025-01-06 14:22:43,N,1.0,75,74,1.0,1.25,9.3,0.0,0.5,2.16,0.0,,1.0,12.96,1.0,1.0,0.0,0.0,1,2025-11-01 08:32:20.102174
2,2025-01-06 14:14:59,2025-01-06 14:26:54,N,1.0,75,236,1.0,0.83,11.4,0.0,0.5,0.0,0.0,,1.0,15.65,2.0,1.0,2.75,0.0,1,2025-11-01 08:32:20.102174
2,2025-01-06 14:57:42,2025-01-06 15:14:24,N,1.0,43,141,1.0,1.94,15.6,0.0,0.5,1.98,0.0,,1.0,21.83,1.0,1.0,2.75,0.0,1,2025-11-01 08:32:20.102174
2,2025-01-06 14:56:36,2025-01-06 15:09:18,N,1.0,166,74,1.0,1.71,13.5,0.0,0.5,3.0,0.0,,1.0,18.0,1.0,1.0,0.0,0.0,1,2025-11-01 08:32:20.102174
2,2025-01-06 14:10:14,2025-01-06 14:23:34,N,1.0,75,141,1.0,1.96,14.2,0.0,0.5,0.1,0.0,,1.0,18.55,1.0,1.0,2.75,0.0,1,2025-11-01 08:32:20.102174
2,2025-01-06 14:07:20,2025-01-06 14:14:22,N,1.0,75,238,1.0,1.08,8.6,0.0,0.5,0.0,0.0,,1.0,10.1,2.0,1.0,0.0,0.0,1,2025-11-01 08:32:20.102174
2,2025-01-06 14:26:13,2025-01-06 14:33:14,N,1.0,75,238,1.0,1.16,8.6,0.0,0.5,2.57,0.0,,1.0,15.42,1.0,1.0,2.75,0.0,1,2025-11-01 08:32:20.102174
2,2025-01-06 14:55:47,2025-01-06 15:03:09,N,1.0,75,74,1.0,1.21,8.6,0.0,0.5,2.02,0.0,,1.0,12.12,1.0,1.0,0.0,0.0,1,2025-11-01 08:32:20.102174
2,2025-01-06 14:20:17,2025-01-06 14:27:17,N,1.0,65,49,1.0,1.05,8.6,0.0,0.5,3.03,0.0,,1.0,13.13,1.0,1.0,0.0,0.0,1,2025-11-01 08:32:20.102174
2,2025-01-06 14:01:45,2025-01-06 14:45:15,N,1.0,166,170,2.0,5.37,37.3,0.0,0.5,8.46,0.0,,1.0,50.76,1.0,1.0,2.75,0.75,1,2025-11-01 08:32:20.102174
2,2025-01-06 14:20:51,2025-01-06 14:39:44,N,1.0,43,143,1.0,2.9,19.1,0.0,0.5,4.67,0.0,,1.0,28.02,1.0,1.0,2.75,0.0,1,2025-11-01 08:32:20.102174
2,2025-01-06 14:53:44,2025-01-06 15:03:40,N,1.0,196,83,1.0,2.15,12.8,0.0,0.5,0.0,0.0,,1.0,14.3,2.0,1.0,0.0,0.0,1,2025-11-01 08:32:20.102174
2,2025-01-06 14:04:15,2025-01-06 14:18:42,N,1.0,74,166,2.0,1.51,13.5,0.0,0.5,3.75,0.0,,1.0,18.75,1.0,1.0,0.0,0.0,1,2025-11-01 08:32:20.102174
2,2025-01-06 14:56:57,2025-01-06 15:06:11,N,1.0,75,41,1.0,1.49,10.7,0.0,0.5,0.0,0.0,,1.0,12.2,1.0,1.0,0.0,0.0,1,2025-11-01 08:32:20.102174
2,2025-01-06 14:29:39,2025-01-06 14:46:58,N,1.0,65,225,1.0,2.91,18.4,0.0,0.5,1.0,0.0,,1.0,20.9,1.0,1.0,0.0,0.0,1,2025-11-01 08:32:20.102174
2,2025-01-06 14:05:26,2025-01-06 14:17:41,N,1.0,74,151,1.0,2.25,13.5,0.0,0.5,2.25,0.0,,1.0,17.25,1.0,1.0,0.0,0.0,1,2025-11-01 08:32:20.102174
1,2025-01-06 14:41:09,2025-01-06 14:54:41,N,1.0,76,76,1.0,0.0,17.5,0.0,1.5,0.0,0.0,,1.0,19.0,1.0,1.0,0.0,0.0,1,2025-11-01 08:32:20.102174
2,2025-01-06 14:05:57,2025-01-06 14:14:21,N,1.0,75,74,1.0,1.37,9.3,0.0,0.5,0.0,0.0,,1.0,10.8,2.0,1.0,0.0,0.0,1,2025-11-01 08:32:20.102174
2,2025-01-06 14:24:44,2025-01-06 14:35:52,N,1.0,41,238,1.0,1.72,12.8,0.0,0.5,3.0,0.0,,1.0,20.05,1.0,1.0,2.75,0.0,1,2025-11-01 08:32:20.102174
2,2025-01-06 14:50:05,2025-01-06 15:01:15,N,1.0,75,263,1.0,1.05,11.4,0.0,0.5,2.35,0.0,,1.0,18.0,1.0,1.0,2.75,0.0,1,2025-11-01 08:32:20.102174
2,2025-01-06 14:15:40,2025-01-06 14:24:30,N,1.0,75,263,1.0,1.03,9.3,0.0,0.5,4.06,0.0,,1.0,17.61,1.0,1.0,2.75,0.0,1,2025-11-01 08:32:20.102174
1,2025-01-06 14:25:17,2025-01-06 15:09:55,N,1.0,97,132,1.0,11.9,54.1,0.0,1.5,13.9,0.0,,1.0,69.5,1.0,1.0,0.0,0.0,1,2025-11-01 08:32:20.102174
1,2025-01-06 14:26:03,2025-01-06 14:57:36,N,1.0,179,75,1.0,0.0,26.5,0.0,1.5,0.0,6.94,,1.0,34.94,1.0,1.0,0.0,0.0,1,2025-11-01 08:32:20.102174
2,2025-01-06 14:14:07,2025-01-06 14:36:22,N,1.0,74,239,1.0,0.09,18.4,0.0,0.5,3.5,0.0,,1.0,26.15,1.0,1.0,2.75,0.0,1,2025-11-01 08:32:20.102174
2,2025-01-06 14:32:29,2025-01-06 14:42:02,N,1.0,74,75,1.0,1.26,10.0,0.0,0.5,0.0,0.0,,1.0,11.5,2.0,1.0,0.0,0.0,1,2025-11-01 08:32:20.102174
2,2025-01-06 14:10:35,2025-01-06 14:22:06,N,1.0,82,129,5.0,2.61,14.9,0.0,0.5,0.0,0.0,,1.0,16.4,2.0,1.0,0.0,0.0,1,2025-11-01 08:32:20.102174
2,2025-01-06 13:40:01,2025-01-07 12:53:23,N,1.0,74,236,1.0,1.91,14.2,0.0,0.5,1.0,0.0,,1.0,16.7,1.0,1.0,0.0,0.0,1,2025-11-01 08:32:20.102174
2,2025-01-06 14:54:23,2025-01-06 15:05:21,N,1.0,75,236,1.0,0.95,10.7,0.0,0.5,0.0,0.0,,1.0,14.95,2.0,1.0,2.75,0.0,1,2025-11-01 08:32:20.102174
2,2025-01-06 14:29:00,2025-01-06 14:41:38,N,1.0,43,263,1.0,1.35,12.8,0.0,0.5,3.41,0.0,,1.0,20.46,1.0,1.0,2.75,0.0,1,2025-11-01 08:32:20.102174
2,2025-01-06 14:05:41,2025-01-06 14:11:03,N,1.0,41,74,1.0,0.34,6.5,0.0,0.5,0.0,0.0,,1.0,8.0,2.0,1.0,0.0,0.0,1,2025-11-01 08:32:20.102174
2,2025-01-06 14:46:07,2025-01-06 14:56:26,N,1.0,129,129,6.0,1.13,10.7,0.0,0.5,0.0,0.0,,1.0,12.2,2.0,1.0,0.0,0.0,1,2025-11-01 08:32:20.102174
2,2025-01-06 14:06:10,2025-01-06 15:09:46,N,1.0,75,63,1.0,12.75,64.6,0.0,0.5,20.88,0.0,,1.0,90.48,1.0,1.0,2.75,0.75,1,2025-11-01 08:32:20.102174
2,2025-01-06 14:34:05,2025-01-06 15:04:19,N,1.0,129,180,1.0,0.0,23.3,0.0,0.5,2.0,0.0,,1.0,26.8,1.0,1.0,0.0,0.0,1,2025-11-01 08:32:20.102174
2,2025-01-06 14:22:32,2025-01-06 14:41:36,N,1.0,130,122,1.0,3.01,19.1,0.0,0.5,2.5,0.0,,1.0,23.1,1.0,1.0,0.0,0.0,1,2025-11-01 08:32:20.102174
2,2025-01-06 14:12:21,2025-01-06 14:29:04,N,1.0,41,151,1.0,2.15,17.0,0.0,0.5,0.0,0.0,,1.0,18.5,2.0,1.0,0.0,0.0,1,2025-11-01 08:32:20.102174
2,2025-01-06 14:45:03,2025-01-06 14:52:32,N,1.0,41,42,1.0,0.81,8.6,0.0,0.5,0.0,0.0,,1.0,10.1,2.0,1.0,0.0,0.0,1,2025-11-01 08:32:20.102174
2,2025-01-06 14:21:43,2025-01-06 14:30:22,N,1.0,75,74,1.0,1.35,10.0,0.0,0.5,2.3,0.0,,1.0,13.8,1.0,1.0,0.0,0.0,1,2025-11-01 08:32:20.102174
2,2025-01-06 14:32:05,2025-01-06 14:46:55,N,1.0,74,166,1.0,2.42,15.6,0.0,0.5,4.28,0.0,,1.0,21.38,1.0,1.0,0.0,0.0,1,2025-11-01 08:32:20.102174
1,2025-01-06 14:07:57,2025-01-06 14:11:33,N,1.0,116,116,1.0,0.0,0.0,0.0,0.0,0.0,0.0,,0.0,0.0,1.0,1.0,0.0,0.0,1,2025-11-01 08:32:20.102174
1,2025-01-06 14:45:25,2025-01-06 14:57:58,N,1.0,166,244,1.0,3.2,17.7,0.0,1.5,0.0,0.0,,1.0,19.2,2.0,1.0,0.0,0.0,1,2025-11-01 08:32:20.102174
2,2025-01-06 14:12:14,2025-01-06 14:30:23,N,1.0,166,43,1.0,2.3,17.7,0.0,0.5,4.39,0.0,,1.0,26.34,1.0,1.0,2.75,0.0,1,2025-11-01 08:32:20.102174
2,2025-01-06 13:43:35,2025-01-06 13:53:08,N,1.0,75,236,2.0,1.38,10.7,0.0,0.5,2.0,0.0,,1.0,16.95,1.0,1.0,2.75,0.0,1,2025-11-01 08:32:20.102174
2,2025-01-06 14:27:40,2025-01-06 14:52:03,N,1.0,244,186,1.0,8.11,36.6,0.0,0.5,6.24,0.0,,1.0,47.84,1.0,1.0,2.75,0.75,1,2025-11-01 08:32:20.102174
2,2025-01-06 14:17:14,2025-01-06 14:32:08,N,1.0,75,237,1.0,1.87,14.9,0.0,0.5,3.83,0.0,,1.0,22.98,1.0,1.0,2.75,0.0,1,2025-11-01 08:32:20.102174
2,2025-01-06 14:13:44,2025-01-06 14:37:14,N,1.0,41,126,1.0,4.23,24.0,0.0,0.5,0.0,0.0,,1.0,25.5,2.0,1.0,0.0,0.0,1,2025-11-01 08:32:20.102174
2,2025-01-06 14:21:34,2025-01-06 15:00:27,N,1.0,74,68,1.0,6.0,36.6,0.0,0.5,0.34,0.0,,1.0,41.69,1.0,1.0,2.5,0.75,1,2025-11-01 08:32:20.102174
2,2025-01-06 14:54:16,2025-01-06 15:17:16,N,1.0,74,43,1.0,2.89,21.2,0.0,0.5,5.09,0.0,,1.0,30.54,1.0,1.0,2.75,0.0,1,2025-11-01 08:32:20.102174
2,2025-01-06 14:00:25,2025-01-06 14:13:20,N,1.0,75,239,1.0,2.19,14.2,0.0,0.5,3.69,0.0,,1.0,22.14,1.0,1.0,2.75,0.0,1,2025-11-01 08:32:20.102174
2,2025-01-06 14:04:06,2025-01-06 14:15:03,N,1.0,74,236,1.0,0.14,10.0,0.0,0.5,0.0,0.0,,1.0,14.25,2.0,1.0,2.75,0.0,1,2025-11-01 08:32:20.102174
2,2025-01-06 15:08:42,2025-01-06 15:24:42,N,1.0,193,264,1.0,0.0,3.0,0.0,0.5,0.0,0.0,,1.0,4.5,2.0,1.0,0.0,0.0,1,2025-11-01 08:32:20.102174
2,2025-01-06 15:45:20,2025-01-06 16:12:41,N,1.0,75,141,1.0,2.41,23.3,0.0,0.5,5.51,0.0,,1.0,33.06,1.0,1.0,2.75,0.0,1,2025-11-01 08:32:20.102174
2,2025-01-06 15:41:41,2025-01-06 15:48:59,N,1.0,7,146,1.0,1.02,8.6,0.0,0.5,0.0,0.0,,1.0,10.1,2.0,1.0,0.0,0.0,1,2025-11-01 08:32:20.102174
2,2025-01-06 15:50:41,2025-01-06 17:08:00,N,1.0,82,82,1.0,17.74,88.4,0.0,0.5,0.0,0.0,,1.0,89.9,2.0,1.0,0.0,0.0,1,2025-11-01 08:32:20.102174
2,2025-01-06 15:04:03,2025-01-06 15:15:10,N,1.0,43,238,1.0,1.09,11.4,0.0,0.5,3.91,0.0,,1.0,19.56,1.0,1.0,2.75,0.0,1,2025-11-01 08:32:20.102174
2,2025-01-06 15:29:03,2025-01-06 16:01:22,N,1.0,75,137,1.0,4.47,28.9,0.0,0.5,6.78,0.0,,1.0,40.68,1.0,1.0,2.75,0.75,1,2025-11-01 08:32:20.102174
2,2025-01-06 15:05:19,2025-01-06 15:12:19,N,1.0,65,49,1.0,0.96,7.9,0.0,0.5,0.0,0.0,,1.0,9.4,1.0,1.0,0.0,0.0,1,2025-11-01 08:32:20.102174
2,2025-01-06 15:24:49,2025-01-06 15:28:20,N,1.0,43,238,1.0,0.89,6.5,0.0,0.5,2.15,0.0,,1.0,12.9,1.0,1.0,2.75,0.0,1,2025-11-01 08:32:20.102174
2,2025-01-06 15:15:12,2025-01-06 15:24:33,N,1.0,97,66,2.0,1.42,10.7,0.0,0.5,3.66,0.0,,1.0,15.86,1.0,1.0,0.0,0.0,1,2025-11-01 08:32:20.102174
1,2025-01-06 15:37:09,2025-01-06 15:55:17,N,1.0,65,61,2.0,2.6,17.7,0.0,1.5,0.0,0.0,,1.0,19.2,2.0,1.0,0.0,0.0,1,2025-11-01 08:32:20.102174
1,2025-01-06 15:26:31,2025-01-06 15:42:26,N,1.0,74,138,1.0,6.6,27.5,5.0,1.5,1.0,6.94,,1.0,41.94,1.0,1.0,0.0,0.0,1,2025-11-01 08:32:20.102174
2,2025-01-06 15:44:57,2025-01-06 15:53:12,N,5.0,193,7,1.0,0.58,10.0,0.0,0.0,0.0,0.0,,1.0,11.0,1.0,2.0,0.0,0.0,1,2025-11-01 08:32:20.102174
2,2025-01-06 15:29:07,2025-01-06 15:41:50,N,1.0,65,181,1.0,1.23,12.1,0.0,0.5,1.63,0.0,,1.0,15.23,1.0,1.0,0.0,0.0,1,2025-11-01 08:32:20.102174
2,2025-01-06 15:33:57,2025-01-06 15:48:07,N,1.0,74,236,1.0,2.31,15.6,0.0,0.5,0.0,0.0,,1.0,19.85,1.0,1.0,2.75,0.0,1,2025-11-01 08:32:20.102174
1,2025-01-06 15:04:10,2025-01-06 15:24:57,N,1.0,74,238,1.0,2.8,19.8,2.75,1.5,3.61,0.0,,1.0,27.66,1.0,1.0,2.75,0.0,1,2025-11-01 08:32:20.102174
2,2025-01-06 15:13:58,2025-01-06 15:22:27,N,1.0,75,74,1.0,1.46,10.0,0.0,0.5,0.0,0.0,,1.0,11.5,2.0,1.0,0.0,0.0,1,2025-11-01 08:32:20.102174
2,2025-01-06 15:57:38,2025-01-06 16:06:44,N,1.0,75,42,1.0,1.56,10.7,0.0,0.5,3.05,0.0,,1.0,15.25,1.0,1.0,0.0,0.0,1,2025-11-01 08:32:20.102174
2,2025-01-06 14:59:47,2025-01-06 15:05:57,N,1.0,74,41,1.0,0.76,7.2,0.0,0.5,0.0,0.0,,1.0,8.7,2.0,1.0,0.0,0.0,1,2025-11-01 08:32:20.102174
2,2025-01-06 15:02:56,2025-01-06 15:30:42,N,1.0,74,142,2.0,3.81,26.8,0.0,0.5,0.0,0.0,,1.0,31.05,2.0,1.0,2.75,0.0,1,2025-11-01 08:32:20.102174
2,2025-01-06 13:00:06,2025-01-06 13:14:20,N,1.0,74,236,1.0,2.29,15.6,0.0,0.5,3.97,0.0,,1.0,23.82,1.0,1.0,2.75,0.0,1,2025-11-01 08:32:20.102174
2,2025-01-06 15:50:30,2025-01-06 16:05:33,N,1.0,166,75,1.0,2.58,16.3,0.0,0.5,0.0,0.0,,1.0,17.8,2.0,1.0,0.0,0.0,1,2025-11-01 08:32:20.102174
1,2025-01-06 15:30:55,2025-01-06 15:58:04,N,1.0,244,229,2.0,8.6,38.0,3.5,1.5,7.2,0.0,,1.0,50.2,1.0,1.0,2.75,0.75,1,2025-11-01 08:32:20.102174
2,2025-01-06 15:39:45,2025-01-06 16:53:07,N,1.0,43,224,1.0,7.95,61.8,0.0,0.5,13.36,0.0,,1.0,80.16,1.0,1.0,2.75,0.75,1,2025-11-01 08:32:20.102174
2,2025-01-06 15:59:20,2025-01-06 16:11:33,N,1.0,95,28,1.0,2.55,14.9,0.0,0.5,3.28,0.0,,1.0,19.68,1.0,1.0,0.0,0.0,1,2025-11-01 08:32:20.102174
1,2025-01-06 15:44:40,2025-01-06 16:09:37,N,1.0,241,264,1.0,0.0,27.5,0.0,1.5,0.0,0.0,,1.0,29.0,1.0,1.0,0.0,0.0,1,2025-11-01 08:32:20.102174
2,2025-01-06 15:16:35,2025-01-06 15:26:30,N,1.0,166,238,1.0,1.4,10.7,0.0,0.5,2.99,0.0,,1.0,17.94,1.0,1.0,2.75,0.0,1,2025-11-01 08:32:20.102174
2,2025-01-06 15:42:27,2025-01-06 15:53:31,N,1.0,75,238,1.0,1.69,12.1,0.0,0.5,3.27,0.0,,1.0,19.62,1.0,1.0,2.75,0.0,1,2025-11-01 08:32:20.102174
2,2025-01-06 15:44:11,2025-01-06 15:56:18,N,1.0,134,216,1.0,2.14,13.5,0.0,0.5,8.0,0.0,,1.0,23.0,1.0,1.0,0.0,0.0,1,2025-11-01 08:32:20.102174
2,2025-01-06 11:31:42,2025-01-06 11:36:59,N,1.0,65,97,1.0,0.69,6.5,0.0,0.5,1.6,0.0,,1.0,9.6,1.0,1.0,0.0,0.0,1,2025-11-01 08:32:20.102174
2,2025-01-06 15:05:19,2025-01-06 15:21:20,N,1.0,134,216,1.0,2.39,16.3,0.0,0.5,0.0,0.0,,1.0,17.8,2.0,1.0,0.0,0.0,1,2025-11-01 08:32:20.102174
2,2025-01-06 15:15:41,2025-01-06 15:31:02,N,1.0,244,151,1.0,4.64,23.3,0.0,0.5,6.89,0.0,,1.0,34.44,1.0,1.0,2.75,0.0,1,2025-11-01 08:32:20.102174
2,2025-01-06 15:56:29,2025-01-06 16:06:44,N,1.0,74,75,1.0,1.84,12.1,0.0,0.5,2.72,0.0,,1.0,16.32,1.0,1.0,0.0,0.0,1,2025-11-01 08:32:20.102174
1,2025-01-06 15:31:24,2025-01-06 15:36:20,N,1.0,75,151,1.0,1.0,7.2,0.0,1.5,0.0,0.0,,1.0,8.7,1.0,1.0,0.0,0.0,1,2025-11-01 08:32:20.102174
2,2025-01-06 15:41:59,2025-01-06 15:48:14,N,1.0,75,236,1.0,1.03,8.6,0.0,0.5,2.57,0.0,,1.0,15.42,1.0,1.0,2.75,0.0,1,2025-11-01 08:32:20.102174
2,2025-01-06 15:19:01,2025-01-06 15:23:48,N,1.0,41,24,1.0,0.67,6.5,0.0,0.5,0.0,0.0,,1.0,8.0,2.0,1.0,0.0,0.0,1,2025-11-01 08:32:20.102174
1,2025-01-06 15:14:40,2025-01-06 15:39:42,Y,1.0,244,161,1.0,7.6,33.1,3.5,1.5,7.6,0.0,,1.0,45.7,1.0,1.0,2.75,0.75,1,2025-11-01 08:32:20.102174
2,2025-01-06 15:25:54,2025-01-06 15:47:12,N,1.0,43,116,1.0,3.16,21.2,0.0,0.5,0.0,0.0,,1.0,22.7,2.0,1.0,0.0,0.0,1,2025-11-01 08:32:20.102174
2,2025-01-06 15:52:06,2025-01-06 15:52:14,N,2.0,260,260,2.0,0.0,70.0,0.0,0.5,0.0,0.0,,1.0,71.5,2.0,1.0,0.0,0.0,1,2025-11-01 08:32:20.102174
2,2025-01-06 15:52:26,2025-01-06 16:06:15,N,1.0,260,138,2.0,4.13,21.2,5.0,0.5,5.54,0.0,,1.0,33.24,1.0,1.0,0.0,0.0,1,2025-11-01 08:32:20.102174
2,2025-01-06 15:03:41,2025-01-06 15:28:39,N,1.0,244,237,1.0,6.59,33.1,0.0,0.5,7.47,0.0,,1.0,44.82,1.0,1.0,2.75,0.0,1,2025-11-01 08:32:20.102174
2,2025-01-06 15:27:01,2025-01-06 15:31:17,N,1.0,43,151,1.0,0.83,6.5,0.0,0.5,0.0,0.0,,1.0,8.0,2.0,1.0,0.0,0.0,1,2025-11-01 08:32:20.102174
2,2025-01-06 15:44:12,2025-01-06 15:56:11,N,1.0,95,135,1.0,2.1,13.5,0.0,0.5,4.5,0.0,,1.0,19.5,1.0,1.0,0.0,0.0,1,2025-11-01 08:32:20.102174
2,2025-01-06 15:46:34,2025-01-06 16:14:58,N,1.0,130,10,1.0,4.31,27.5,0.0,0.5,0.0,0.0,,1.0,29.0,2.0,1.0,0.0,0.0,1,2025-11-01 08:32:20.102174
2,2025-01-06 15:21:12,2025-01-06 15:42:53,N,1.0,75,143,1.0,3.06,21.2,0.0,0.5,5.09,0.0,,1.0,30.54,1.0,1.0,2.75,0.0,1,2025-11-01 08:32:20.102174
1,2025-01-06 15:52:54,2025-01-06 16:22:04,N,1.0,223,60,1.0,0.0,27.5,0.0,1.5,0.0,6.94,,1.0,35.94,1.0,1.0,0.0,0.0,1,2025-11-01 08:32:20.102174
2,2025-01-06 15:09:41,2025-01-06 15:33:19,N,1.0,166,237,1.0,3.41,23.3,0.0,0.5,0.02,0.0,,1.0,27.57,1.0,1.0,2.75,0.0,1,2025-11-01 08:32:20.102174
2,2025-01-06 15:54:59,2025-01-06 16:00:48,N,1.0,75,74,1.0,1.22,7.9,0.0,0.5,0.0,0.0,,1.0,9.4,2.0,1.0,0.0,0.0,1,2025-11-01 08:32:20.102174
2,2025-01-06 15:23:55,2025-01-06 15:55:08,N,1.0,244,114,1.0,9.96,45.0,0.0,0.5,10.0,0.0,,1.0,60.0,1.0,1.0,2.75,0.75,1,2025-11-01 08:32:20.102174
2,2025-01-06 15:26:13,2025-01-06 15:28:58,N,1.0,75,236,6.0,0.36,5.1,0.0,0.5,2.34,0.0,,1.0,11.69,1.0,1.0,2.75,0.0,1,2025-11-01 08:32:20.102174
2,2025-01-06 15:37:22,2025-01-06 15:48:27,N,1.0,43,142,6.0,2.24,12.8,0.0,0.5,2.56,0.0,,1.0,19.61,1.0,1.0,2.75,0.0,1,2025-11-01 08:32:20.102174
2,2025-01-06 15:09:18,2025-01-06 15:16:02,N,1.0,244,243,1.0,1.06,8.6,0.0,0.5,0.0,0.0,,1.0,10.1,2.0,1.0,0.0,0.0,1,2025-11-01 08:32:20.102174
2,2025-01-06 15:52:03,2025-01-06 16:12:43,N,1.0,66,164,1.0,6.34,29.6,0.0,0.5,6.92,0.0,,1.0,41.52,1.0,1.0,2.75,0.75,1,2025-11-01 08:32:20.102174
2,2025-01-06 15:34:57,2025-01-06 15:45:15,N,1.0,41,42,2.0,0.98,10.7,0.0,0.5,0.0,0.0,,1.0,12.2,2.0,1.0,0.0,0.0,1,2025-11-01 08:32:20.102174
2,2025-01-06 15:36:08,2025-01-06 15:56:03,N,1.0,43,229,1.0,2.66,19.8,0.0,0.5,4.96,0.0,,1.0,29.76,1.0,1.0,2.75,0.75,1,2025-11-01 08:32:20.102174
2,2025-01-06 15:09:32,2025-01-06 15:18:52,N,1.0,41,75,1.0,1.22,10.0,0.0,0.5,0.0,0.0,,1.0,11.5,2.0,1.0,0.0,0.0,1,2025-11-01 08:32:20.102174
2,2025-01-06 15:28:03,2025-01-06 15:31:45,N,1.0,43,43,1.0,0.94,6.5,0.0,0.5,0.9,0.0,,1.0,11.65,1.0,1.0,2.75,0.0,1,2025-11-01 08:32:20.102174
2,2025-01-06 15:27:59,2025-01-06 15:43:26,N,1.0,97,17,1.0,2.34,16.3,0.0,0.5,0.0,0.0,,1.0,17.8,2.0,1.0,0.0,0.0,1,2025-11-01 08:32:20.102174
1,2025-01-06 15:20:16,2025-01-06 15:31:20,N,1.0,123,165,1.0,0.0,17.5,0.0,1.5,0.0,0.0,,1.0,19.0,1.0,1.0,0.0,0.0,1,2025-11-01 08:32:20.102174
2,2025-01-06 15:54:04,2025-01-06 16:04:48,N,1.0,74,166,1.0,1.95,12.8,0.0,0.5,0.0,0.0,,1.0,14.3,2.0,1.0,0.0,0.0,1,2025-11-01 08:32:20.102174
2,2025-01-06 15:30:55,2025-01-06 15:53:08,N,1.0,65,227,1.0,4.21,22.6,0.0,0.5,0.0,0.0,,1.0,24.1,2.0,1.0,0.0,0.0,1,2025-11-01 08:32:20.102174
2,2025-01-06 15:07:05,2025-01-06 15:18:19,N,1.0,97,106,1.0,1.77,12.1,0.0,0.5,2.72,0.0,,1.0,16.32,1.0,1.0,0.0,0.0,1,2025-11-01 08:32:20.102174
2,2025-01-06 15:25:52,2025-01-06 15:35:39,N,1.0,74,24,1.0,1.47,10.7,0.0,0.5,2.0,0.0,,1.0,14.2,1.0,1.0,0.0,0.0,1,2025-11-01 08:32:20.102174
2,2025-01-06 15:39:33,2025-01-06 15:46:50,N,1.0,43,43,1.0,1.47,9.3,0.0,0.5,0.0,0.0,,1.0,13.55,2.0,1.0,2.75,0.0,1,2025-11-01 08:32:20.102174
2,2025-01-06 15:04:36,2025-01-06 15:11:19,N,1.0,95,134,1.0,1.22,8.6,0.0,0.5,0.0,0.0,,1.0,10.1,2.0,1.0,0.0,0.0,1,2025-11-01 08:32:20.102174
2,2025-01-06 15:21:29,2025-01-06 15:35:17,N,1.0,75,42,1.0,2.54,14.9,0.0,0.5,0.0,0.0,,1.0,16.4,2.0,1.0,0.0,0.0,1,2025-11-01 08:32:20.102174
2,2025-01-06 15:41:26,2025-01-06 15:49:05,N,1.0,42,74,1.0,0.92,8.6,0.0,0.5,0.0,0.0,,1.0,10.1,2.0,1.0,0.0,0.0,1,2025-11-01 08:32:20.102174
2,2025-01-06 15:58:47,2025-01-06 16:11:20,N,1.0,74,236,1.0,1.92,13.5,0.0,0.5,0.0,0.0,,1.0,17.75,2.0,1.0,2.75,0.0,1,2025-11-01 08:32:20.102174
2,2025-01-06 15:01:42,2025-01-06 15:16:24,N,1.0,65,25,1.0,1.28,13.5,0.0,0.5,3.0,0.0,,1.0,18.0,1.0,1.0,0.0,0.0,1,2025-11-01 08:32:20.102174
1,2025-01-06 15:10:31,2025-01-06 15:35:58,N,1.0,236,226,1.0,0.0,24.5,0.0,1.5,0.0,0.0,,1.0,26.0,1.0,1.0,0.0,0.0,1,2025-11-01 08:32:20.102174
1,2025-01-06 15:51:41,2025-01-06 16:24:40,N,1.0,225,85,1.0,0.0,20.5,0.0,1.5,0.0,0.0,,1.0,22.0,1.0,1.0,0.0,0.0,1,2025-11-01 08:32:20.102174
2,2025-01-06 15:11:37,2025-01-06 15:36:57,N,1.0,112,7,1.0,3.85,24.7,0.0,0.5,5.24,0.0,,1.0,31.44,1.0,1.0,0.0,0.0,1,2025-11-01 08:32:20.102174
2,2025-01-06 15:16:17,2025-01-06 15:34:31,N,1.0,75,162,1.0,2.23,17.7,0.0,0.5,4.54,0.0,,1.0,27.24,1.0,1.0,2.75,0.75,1,2025-11-01 08:32:20.102174
2,2025-01-06 13:36:18,2025-01-07 13:05:12,N,1.0,74,239,1.0,4.34,28.9,0.0,0.5,2.0,0.0,,1.0,32.4,1.0,1.0,0.0,0.0,1,2025-11-01 08:32:20.102174
2,2025-01-06 15:17:44,2025-01-06 15:27:22,N,1.0,75,237,1.0,1.23,10.7,0.0,0.5,1.5,0.0,,1.0,16.45,1.0,1.0,2.75,0.0,1,2025-11-01 08:32:20.102174
2,2025-01-06 15:34:30,2025-01-06 15:36:09,N,1.0,43,236,1.0,0.41,4.4,0.0,0.5,1.73,0.0,,1.0,10.38,1.0,1.0,2.75,0.0,1,2025-11-01 08:32:20.102174
2,2025-01-06 15:29:54,2025-01-06 15:42:02,N,1.0,74,41,1.0,1.65,12.8,0.0,0.5,4.0,0.0,,1.0,18.3,1.0,1.0,0.0,0.0,1,2025-11-01 08:32:20.102174
2,2025-01-06 15:53:07,2025-01-06 16:00:44,N,1.0,75,42,1.0,1.53,10.0,0.0,0.5,0.0,0.0,,1.0,11.5,2.0,1.0,0.0,0.0,1,2025-11-01 08:32:20.102174
2,2025-01-06 15:17:55,2025-01-06 15:25:02,N,1.0,74,74,1.0,0.92,8.6,0.0,0.5,0.0,0.0,,1.0,10.1,2.0,1.0,0.0,0.0,1,2025-11-01 08:32:20.102174
2,2025-01-06 15:33:13,2025-01-06 15:50:37,N,1.0,74,239,1.0,3.1,17.7,0.0,0.5,4.39,0.0,,1.0,26.34,1.0,1.0,2.75,0.0,1,2025-11-01 08:32:20.102174
2,2025-01-06 15:27:13,2025-01-06 15:41:34,N,1.0,74,166,1.0,2.15,14.9,0.0,0.5,3.28,0.0,,1.0,19.68,1.0,1.0,0.0,0.0,1,2025-11-01 08:32:20.102174
2,2025-01-06 14:58:37,2025-01-06 15:01:43,N,1.0,42,42,1.0,0.61,5.8,0.0,0.5,1.46,0.0,,1.0,8.76,1.0,1.0,0.0,0.0,1,2025-11-01 08:32:20.102174
2,2025-01-06 15:34:07,2025-01-06 15:50:54,N,1.0,41,238,1.0,3.86,20.5,0.0,0.5,4.95,0.0,,1.0,29.7,1.0,1.0,2.75,0.0,1,2025-11-01 08:32:20.102174
2,2025-01-06 14:23:20,2025-01-06 14:30:37,N,1.0,43,236,2.0,1.01,8.6,0.0,0.5,1.0,0.0,,1.0,13.85,1.0,1.0,2.75,0.0,1,2025-11-01 08:32:20.102174
2,2025-01-06 14:57:39,2025-01-06 15:05:46,N,1.0,43,166,2.0,1.57,10.7,0.0,0.5,0.0,0.0,,1.0,12.2,2.0,1.0,0.0,0.0,1,2025-11-01 08:32:20.102174
2,2025-01-06 15:47:50,2025-01-06 16:40:31,N,5.0,94,127,1.0,7.43,16.0,0.0,0.0,0.0,0.0,,1.0,17.0,2.0,2.0,0.0,0.0,1,2025-11-01 08:32:20.102174
2,2025-01-06 15:02:07,2025-01-06 15:14:05,N,1.0,74,166,1.0,1.31,12.1,0.0,0.5,2.0,0.0,,1.0,15.6,1.0,1.0,0.0,0.0,1,2025-11-01 08:32:20.102174
2,2025-01-06 15:52:52,2025-01-06 15:59:46,N,1.0,43,238,1.0,1.0,8.6,0.0,0.5,2.02,0.0,,1.0,12.12,1.0,1.0,0.0,0.0,1,2025-11-01 08:32:20.102174
2,2025-01-06 15:46:45,2025-01-06 16:31:25,N,2.0,74,132,1.0,17.12,70.0,0.0,0.5,0.0,6.94,,1.0,78.44,2.0,1.0,0.0,0.0,1,2025-11-01 08:32:20.102174
2,2025-01-06 15:47:03,2025-01-06 15:53:33,N,1.0,75,74,1.0,1.38,8.6,0.0,0.5,2.02,0.0,,1.0,12.12,1.0,1.0,0.0,0.0,1,2025-11-01 08:32:20.102174
2,2025-01-06 15:29:44,2025-01-06 16:44:56,N,1.0,43,217,1.0,9.61,68.1,0.0,0.5,2.0,0.0,,1.0,75.1,1.0,1.0,2.75,0.75,1,2025-11-01 08:32:20.102174
2,2025-01-06 15:57:17,2025-01-06 16:06:08,N,1.0,95,95,5.0,1.23,10.7,0.0,0.5,2.44,0.0,,1.0,14.64,1.0,1.0,0.0,0.0,1,2025-11-01 08:32:20.102174
2,2025-01-06 15:12:47,2025-01-06 15:28:41,N,1.0,75,140,1.0,2.26,16.3,0.0,0.5,4.11,0.0,,1.0,24.66,1.0,1.0,2.75,0.0,1,2025-11-01 08:32:20.102174
2,2025-01-06 15:52:16,2025-01-06 15:57:29,N,1.0,75,74,6.0,1.31,7.9,0.0,0.5,2.82,0.0,,1.0,12.22,1.0,1.0,0.0,0.0,1,2025-11-01 08:32:20.102174
2,2025-01-06 15:06:49,2025-01-06 15:08:51,N,1.0,92,92,1.0,0.23,-4.4,0.0,-0.5,0.0,0.0,,-1.0,-5.9,3.0,1.0,0.0,0.0,1,2025-11-01 08:32:20.102174
2,2025-01-06 15:06:49,2025-01-06 15:08:51,N,1.0,92,92,1.0,0.23,4.4,0.0,0.5,0.0,0.0,,1.0,5.9,3.0,1.0,0.0,0.0,1,2025-11-01 08:32:20.102174
2,2025-01-06 15:48:51,2025-01-06 15:56:17,N,1.0,92,53,1.0,1.33,9.3,0.0,0.5,2.16,0.0,,1.0,12.96,1.0,1.0,0.0,0.0,1,2025-11-01 08:32:20.102174
2,2025-01-06 15:23:05,2025-01-06 15:41:18,N,1.0,74,239,1.0,0.97,16.3,0.0,0.5,0.0,0.0,,1.0,20.55,2.0,1.0,2.75,0.0,1,2025-11-01 08:32:20.102174
2,2025-01-06 15:56:21,2025-01-06 16:14:45,N,1.0,166,166,1.0,1.86,17.0,0.0,0.5,3.7,0.0,,1.0,22.2,1.0,1.0,0.0,0.0,1,2025-11-01 08:32:20.102174
2,2025-01-06 16:37:36,2025-01-06 16:52:12,N,1.0,75,262,1.0,2.09,14.2,2.5,0.5,4.19,0.0,,1.0,25.14,1.0,1.0,2.75,0.0,1,2025-11-01 08:32:20.102174
2,2025-01-06 16:37:40,2025-01-06 17:01:42,N,1.0,97,89,1.0,3.75,24.0,2.5,0.5,5.6,0.0,,1.0,33.6,1.0,1.0,0.0,0.0,1,2025-11-01 08:32:20.102174
2,2025-01-06 16:28:13,2025-01-06 16:39:47,N,1.0,95,28,1.0,1.91,13.5,2.5,0.5,0.0,0.0,,1.0,17.5,2.0,1.0,0.0,0.0,1,2025-11-01 08:32:20.102174
2,2025-01-06 16:52:14,2025-01-06 17:18:51,N,1.0,130,38,1.0,5.39,28.9,2.5,0.5,0.0,0.0,,1.0,32.9,2.0,1.0,0.0,0.0,1,2025-11-01 08:32:20.102174
2,2025-01-06 16:00:39,2025-01-06 16:22:15,N,1.0,65,188,1.0,3.19,21.2,2.5,0.5,7.56,0.0,,1.0,32.76,1.0,1.0,0.0,0.0,1,2025-11-01 08:32:20.102174
2,2025-01-06 16:33:29,2025-01-06 17:00:42,N,1.0,75,229,1.0,3.13,24.0,2.5,0.5,6.3,0.0,,1.0,37.8,1.0,1.0,2.75,0.75,1,2025-11-01 08:32:20.102174
1,2025-01-06 16:01:03,2025-01-06 16:08:33,N,1.0,108,55,1.0,0.0,17.5,0.0,1.5,0.0,0.0,,1.0,19.0,1.0,1.0,0.0,0.0,1,2025-11-01 08:32:20.102174
2,2025-01-06 16:56:07,2025-01-06 17:20:11,N,1.0,75,170,1.0,3.41,21.9,2.5,0.5,5.88,0.0,,1.0,35.28,1.0,1.0,2.75,0.75,1,2025-11-01 08:32:20.102174
2,2025-01-06 16:29:35,2025-01-06 17:02:06,N,1.0,74,244,1.0,4.09,28.9,2.5,0.5,6.58,0.0,,1.0,39.48,1.0,1.0,0.0,0.0,1,2025-11-01 08:32:20.102174
2,2025-01-06 16:19:48,2025-01-06 16:58:59,N,1.0,193,146,1.0,6.9,40.1,2.5,0.5,0.0,0.0,,1.0,44.1,2.0,1.0,0.0,0.0,1,2025-11-01 08:32:20.102174
2,2025-01-06 16:04:27,2025-01-06 16:14:39,N,1.0,74,75,1.0,1.47,11.4,2.5,0.5,2.25,0.0,,1.0,17.65,1.0,1.0,0.0,0.0,1,2025-11-01 08:32:20.102174
2,2025-01-06 16:48:39,2025-01-06 17:03:11,N,1.0,97,181,1.0,1.87,14.2,2.5,0.5,3.64,0.0,,1.0,21.84,1.0,1.0,0.0,0.0,1,2025-11-01 08:32:20.102174
1,2025-01-06 16:15:35,2025-01-06 16:38:40,N,1.0,74,141,1.0,3.2,22.6,5.25,1.5,5.85,0.0,,1.0,35.2,1.0,1.0,2.75,0.0,1,2025-11-01 08:32:20.102174
2,2025-01-06 16:18:10,2025-01-06 16:26:45,N,1.0,43,166,1.0,2.0,11.4,2.5,0.5,3.08,0.0,,1.0,18.48,1.0,1.0,0.0,0.0,1,2025-11-01 08:32:20.102174
2,2025-01-06 16:36:31,2025-01-06 16:46:43,N,1.0,166,43,1.0,1.53,11.4,2.5,0.5,3.08,0.0,,1.0,18.48,1.0,1.0,0.0,0.0,1,2025-11-01 08:32:20.102174
2,2025-01-06 16:26:23,2025-01-06 16:37:13,N,1.0,244,74,1.0,3.82,18.4,2.5,0.5,0.0,0.0,,1.0,22.4,2.0,1.0,0.0,0.0,1,2025-11-01 08:32:20.102174
2,2025-01-06 16:21:55,2025-01-06 16:27:46,N,1.0,74,41,2.0,0.94,7.9,2.5,0.5,0.0,0.0,,1.0,11.9,2.0,1.0,0.0,0.0,1,2025-11-01 08:32:20.102174
2,2025-01-06 13:00:15,2025-01-06 13:19:59,N,1.0,74,239,1.0,3.02,19.1,2.5,0.5,0.5,0.0,,1.0,26.35,1.0,1.0,2.75,0.0,1,2025-11-01 08:32:20.102174
2,2025-01-06 16:25:28,2025-01-06 16:30:37,N,1.0,75,41,1.0,1.23,7.9,2.5,0.5,0.0,0.0,,1.0,11.9,2.0,1.0,0.0,0.0,1,2025-11-01 08:32:20.102174
1,2025-01-06 16:16:34,2025-01-06 16:24:18,N,1.0,75,74,1.0,1.4,9.3,2.5,1.5,2.66,0.0,,1.0,15.96,1.0,1.0,0.0,0.0,1,2025-11-01 08:32:20.102174
1,2025-01-06 16:32:57,2025-01-06 16:40:50,N,1.0,43,263,2.0,1.3,9.3,5.25,1.5,3.2,0.0,,1.0,19.25,1.0,1.0,2.75,0.0,1,2025-11-01 08:32:20.102174
1,2025-01-06 16:52:56,2025-01-06 17:00:46,N,1.0,43,74,1.0,1.6,10.7,2.5,1.5,2.9,0.0,,1.0,17.6,1.0,1.0,0.0,0.0,1,2025-11-01 08:32:20.102174
2,2025-01-06 16:20:01,2025-01-06 16:27:34,N,1.0,75,74,1.0,1.03,8.6,2.5,0.5,2.52,0.0,,1.0,15.12,1.0,1.0,0.0,0.0,1,2025-11-01 08:32:20.102174
2,2025-01-06 16:55:07,2025-01-06 17:01:09,N,1.0,65,97,2.0,0.93,6.5,2.5,0.5,2.1,0.0,,1.0,12.6,1.0,1.0,0.0,0.0,1,2025-11-01 08:32:20.102174
2,2025-01-06 16:08:01,2025-01-06 16:28:07,N,1.0,74,43,1.0,2.89,19.8,2.5,0.5,5.31,0.0,,1.0,31.86,1.0,1.0,2.75,0.0,1,2025-11-01 08:32:20.102174
1,2025-01-06 16:21:33,2025-01-06 16:59:01,N,1.0,41,51,1.0,0.0,37.5,0.0,1.5,0.0,0.0,,1.0,39.0,1.0,1.0,0.0,0.0,1,2025-11-01 08:32:20.102174
2,2025-01-06 16:52:27,2025-01-06 16:57:14,N,1.0,43,236,1.0,0.62,6.5,2.5,0.5,2.65,0.0,,1.0,15.9,1.0,1.0,2.75,0.0,1,2025-11-01 08:32:20.102174
1,2025-01-06 16:06:15,2025-01-06 16:12:41,N,1.0,75,263,2.0,1.0,7.2,2.75,1.5,0.0,0.0,,1.0,11.45,2.0,1.0,2.75,0.0,1,2025-11-01 08:32:20.102174
1,2025-01-06 16:29:30,2025-01-06 16:45:21,N,1.0,75,141,2.0,1.8,12.8,5.25,1.5,3.9,0.0,,1.0,23.45,1.0,1.0,2.75,0.0,1,2025-11-01 08:32:20.102174
1,2025-01-06 16:59:30,2025-01-06 17:11:15,N,1.0,75,42,1.0,2.2,12.1,2.5,1.5,0.0,0.0,,1.0,16.1,1.0,1.0,0.0,0.0,1,2025-11-01 08:32:20.102174
2,2025-01-06 16:06:38,2025-01-06 16:10:54,N,1.0,134,135,1.0,0.95,7.2,2.5,0.5,2.24,0.0,,1.0,13.44,1.0,1.0,0.0,0.0,1,2025-11-01 08:32:20.102174
2,2025-01-06 16:37:41,2025-01-06 17:01:26,N,1.0,244,142,1.0,5.76,31.0,2.5,0.5,5.66,0.0,,1.0,43.41,1.0,1.0,2.75,0.0,1,2025-11-01 08:32:20.102174
2,2025-01-06 16:14:51,2025-01-06 16:20:15,N,1.0,75,74,1.0,1.4,8.6,2.5,0.5,3.15,0.0,,1.0,15.75,1.0,1.0,0.0,0.0,1,2025-11-01 08:32:20.102174
2,2025-01-06 16:00:34,2025-01-06 16:09:26,N,1.0,74,41,1.0,1.21,10.0,2.5,0.5,2.8,0.0,,1.0,16.8,1.0,1.0,0.0,0.0,1,2025-11-01 08:32:20.102174
2,2025-01-06 16:35:01,2025-01-06 16:38:45,N,1.0,41,42,1.0,1.04,6.5,2.5,0.5,2.1,0.0,,1.0,12.6,1.0,1.0,0.0,0.0,1,2025-11-01 08:32:20.102174
1,2025-01-06 16:30:00,2025-01-06 16:42:37,N,1.0,75,238,1.0,1.3,10.7,2.5,1.5,0.0,0.0,,1.0,14.7,2.0,1.0,0.0,0.0,1,2025-11-01 08:32:20.102174
1,2025-01-06 16:38:19,2025-01-06 16:50:43,N,1.0,168,41,1.0,0.0,18.5,0.0,1.5,0.0,0.0,,1.0,20.0,1.0,1.0,0.0,0.0,1,2025-11-01 08:32:20.102174
2,2025-01-06 16:19:55,2025-01-06 16:28:32,N,1.0,244,220,1.0,4.26,18.4,2.5,0.5,5.12,3.18,,1.0,30.7,1.0,1.0,0.0,0.0,1,2025-11-01 08:32:20.102174
2,2025-01-06 16:58:06,2025-01-06 17:05:08,N,1.0,74,152,1.0,1.22,9.3,2.5,0.5,2.66,0.0,,1.0,15.96,1.0,1.0,0.0,0.0,1,2025-11-01 08:32:20.102174
2,2025-01-06 16:48:35,2025-01-06 17:40:38,N,1.0,82,191,1.0,10.62,46.4,2.5,0.5,0.0,0.0,,1.0,50.4,2.0,1.0,0.0,0.0,1,2025-11-01 08:32:20.102174
1,2025-01-06 16:30:59,2025-01-06 16:35:55,N,1.0,52,40,1.0,0.8,6.5,2.5,1.5,3.1,0.0,,1.0,13.6,1.0,1.0,0.0,0.0,1,2025-11-01 08:32:20.102174
2,2025-01-06 16:07:38,2025-01-06 16:13:57,N,1.0,75,74,1.0,1.02,8.6,2.5,0.5,0.0,0.0,,1.0,12.6,2.0,1.0,0.0,0.0,1,2025-11-01 08:32:20.102174
2,2025-01-06 16:33:56,2025-01-06 16:38:12,N,1.0,75,74,1.0,1.35,7.2,2.5,0.5,2.24,0.0,,1.0,13.44,1.0,1.0,0.0,0.0,1,2025-11-01 08:32:20.102174
2,2025-01-06 17:01:21,2025-01-06 17:15:46,N,1.0,75,152,1.0,2.4,15.6,2.5,0.5,0.0,0.0,,1.0,19.6,2.0,1.0,0.0,0.0,1,2025-11-01 08:32:20.102174
1,2025-01-06 16:56:38,2025-01-06 17:04:22,N,1.0,74,75,1.0,1.3,10.0,2.5,1.5,2.8,0.0,,1.0,16.8,1.0,1.0,0.0,0.0,1,2025-11-01 08:32:20.102174
2,2025-01-06 16:05:29,2025-01-06 16:12:05,N,1.0,7,179,1.0,0.84,7.9,2.5,0.5,0.0,0.0,,1.0,11.9,2.0,1.0,0.0,0.0,1,2025-11-01 08:32:20.102174
2,2025-01-06 16:07:23,2025-01-06 16:19:24,N,1.0,75,42,1.0,2.19,13.5,2.5,0.5,1.0,0.0,,1.0,18.5,1.0,1.0,0.0,0.0,1,2025-11-01 08:32:20.102174
2,2025-01-06 17:01:44,2025-01-06 17:20:26,N,1.0,74,116,1.0,2.43,17.7,2.5,0.5,0.0,0.0,,1.0,21.7,2.0,1.0,0.0,0.0,1,2025-11-01 08:32:20.102174
2,2025-01-06 16:04:24,2025-01-06 16:16:21,N,1.0,166,239,1.0,1.99,13.5,2.5,0.5,0.02,0.0,,1.0,20.27,1.0,1.0,2.75,0.0,1,2025-11-01 08:32:20.102174
2,2025-01-06 16:38:06,2025-01-06 16:43:20,N,1.0,43,151,1.0,0.88,7.2,2.5,0.5,3.36,0.0,,1.0,14.56,1.0,1.0,0.0,0.0,1,2025-11-01 08:32:20.102174
2,2025-01-06 16:46:45,2025-01-06 16:54:45,N,1.0,95,95,1.0,0.87,8.6,2.5,0.5,0.0,0.0,,1.0,12.6,1.0,1.0,0.0,0.0,1,2025-11-01 08:32:20.102174
2,2025-01-06 16:07:36,2025-01-06 16:13:46,N,1.0,75,236,6.0,0.92,7.9,2.5,0.5,2.0,0.0,,1.0,16.65,1.0,1.0,2.75,0.0,1,2025-11-01 08:32:20.102174
2,2025-01-06 16:28:04,2025-01-06 16:32:08,N,1.0,75,41,6.0,0.85,6.5,2.5,0.5,2.1,0.0,,1.0,12.6,1.0,1.0,0.0,0.0,1,2025-11-01 08:32:20.102174
2,2025-01-06 16:48:10,2025-01-06 16:55:24,N,1.0,75,74,6.0,1.4,9.3,2.5,0.5,2.0,0.0,,1.0,15.3,1.0,1.0,0.0,0.0,1,2025-11-01 08:32:20.102174
2,2025-01-06 16:40:41,2025-01-06 17:00:22,N,1.0,74,238,1.0,2.92,19.1,2.5,0.5,5.17,0.0,,1.0,31.02,1.0,1.0,2.75,0.0,1,2025-11-01 08:32:20.102174
2,2025-01-06 16:54:50,2025-01-06 17:37:22,N,1.0,65,21,2.0,8.89,45.7,2.5,0.5,0.0,0.0,,1.0,49.7,2.0,1.0,0.0,0.0,1,2025-11-01 08:32:20.102174
2,2025-01-06 16:13:47,2025-01-06 16:26:24,N,1.0,75,239,1.0,1.82,14.2,2.5,0.5,5.24,0.0,,1.0,26.19,1.0,1.0,2.75,0.0,1,2025-11-01 08:32:20.102174
2,2025-01-06 16:46:12,2025-01-06 16:54:11,N,1.0,75,74,1.0,1.03,8.6,2.5,0.5,0.0,0.0,,1.0,12.6,1.0,1.0,0.0,0.0,1,2025-11-01 08:32:20.102174
1,2025-01-06 16:54:13,2025-01-06 17:13:29,N,1.0,83,193,1.0,4.8,22.6,2.5,1.5,0.0,0.0,,1.0,26.6,2.0,1.0,0.0,0.0,1,2025-11-01 08:32:20.102174
2,2025-01-06 16:01:20,2025-01-06 16:10:15,N,1.0,159,42,1.0,1.44,10.7,2.5,0.5,0.0,0.0,,1.0,14.7,1.0,1.0,0.0,0.0,1,2025-11-01 08:32:20.102174
2,2025-01-06 16:39:33,2025-01-06 17:12:00,N,1.0,130,130,1.0,6.78,34.5,2.5,0.5,0.0,0.0,,1.0,38.5,2.0,1.0,0.0,0.0,1,2025-11-01 08:32:20.102174
2,2025-01-06 15:56:48,2025-01-06 16:59:01,N,1.0,43,132,1.0,18.71,80.7,2.5,0.5,15.08,6.94,,1.0,106.72,1.0,1.0,0.0,0.0,1,2025-11-01 08:32:20.102174
1,2025-01-06 16:44:10,2025-01-06 17:14:54,N,1.0,182,75,1.0,0.0,30.5,0.0,1.5,0.0,0.0,,1.0,32.0,1.0,1.0,0.0,0.0,1,2025-11-01 08:32:20.102174
2,2025-01-06 16:50:37,2025-01-06 16:57:23,N,1.0,41,116,1.0,1.23,9.3,2.5,0.5,0.0,0.0,,1.0,13.3,1.0,1.0,0.0,0.0,1,2025-11-01 08:32:20.102174
2,2025-01-06 16:30:46,2025-01-06 16:44:59,N,1.0,43,237,1.0,1.77,14.2,2.5,0.5,4.19,0.0,,1.0,25.14,1.0,1.0,2.75,0.0,1,2025-11-01 08:32:20.102174
2,2025-01-06 16:55:01,2025-01-06 17:01:10,N,1.0,43,24,1.0,1.5,8.6,2.5,0.5,0.0,0.0,,1.0,12.6,2.0,1.0,0.0,0.0,1,2025-11-01 08:32:20.102174
1,2025-01-06 16:17:14,2025-01-06 16:28:20,N,1.0,74,236,1.0,1.8,12.8,5.25,1.5,3.9,0.0,,1.0,23.45,1.0,1.0,2.75,0.0,1,2025-11-01 08:32:20.102174
1,2025-01-06 16:35:05,2025-01-06 16:39:38,N,1.0,75,74,1.0,1.3,7.9,2.5,1.5,0.0,0.0,,1.0,11.9,2.0,1.0,0.0,0.0,1,2025-11-01 08:32:20.102174
2,2025-01-06 16:29:00,2025-01-06 16:44:34,N,1.0,43,141,6.0,2.04,15.6,2.5,0.5,4.47,0.0,,1.0,26.82,1.0,1.0,2.75,0.0,1,2025-11-01 08:32:20.102174
2,2025-01-06 16:02:33,2025-01-06 16:18:52,N,1.0,43,24,1.0,1.82,16.3,2.5,0.5,5.0,0.0,,1.0,25.3,1.0,1.0,0.0,0.0,1,2025-11-01 08:32:20.102174
2,2025-01-06 16:53:11,2025-01-06 17:01:52,N,1.0,43,238,1.0,1.14,10.0,2.5,0.5,2.8,0.0,,1.0,16.8,1.0,1.0,0.0,0.0,1,2025-11-01 08:32:20.102174
2,2025-01-06 16:02:32,2025-01-06 16:09:05,N,1.0,166,151,1.0,0.82,7.9,2.5,0.5,0.1,0.0,,1.0,12.0,1.0,1.0,0.0,0.0,1,2025-11-01 08:32:20.102174
2,2025-01-06 16:37:28,2025-01-06 16:46:02,N,1.0,7,223,1.0,0.94,9.3,2.5,0.5,0.0,0.0,,1.0,13.3,2.0,1.0,0.0,0.0,1,2025-11-01 08:32:20.102174
1,2025-01-06 16:04:24,2025-01-06 16:42:51,N,1.0,226,95,1.0,5.2,35.9,2.5,1.5,0.0,0.0,,1.0,39.9,2.0,1.0,0.0,0.0,1,2025-11-01 08:32:20.102174
2,2025-01-06 16:00:12,2025-01-06 16:11:16,N,1.0,75,239,2.0,1.86,12.1,2.5,0.5,3.77,0.0,,1.0,22.62,1.0,1.0,2.75,0.0,1,2025-11-01 08:32:20.102174
2,2025-01-06 16:39:52,2025-01-06 16:44:57,N,1.0,75,74,1.0,1.25,7.9,2.5,0.5,2.0,0.0,,1.0,13.9,1.0,1.0,0.0,0.0,1,2025-11-01 08:32:20.102174
2,2025-01-06 16:43:27,2025-01-06 17:02:23,N,1.0,166,142,2.0,2.75,18.4,2.5,0.5,3.0,0.0,,1.0,28.15,1.0,1.0,2.75,0.0,1,2025-11-01 08:32:20.102174
2,2025-01-06 16:01:14,2025-01-06 16:14:36,N,1.0,43,238,1.0,1.66,13.5,2.5,0.5,6.08,0.0,,1.0,26.33,1.0,1.0,2.75,0.0,1,2025-11-01 08:32:20.102174
2,2025-01-06 16:36:45,2025-01-06 16:51:43,N,1.0,75,237,1.0,1.99,14.9,2.5,0.5,4.33,0.0,,1.0,25.98,1.0,1.0,2.75,0.0,1,2025-11-01 08:32:20.102174
2,2025-01-06 16:56:58,2025-01-06 17:14:59,N,1.0,97,17,1.0,2.15,17.0,2.5,0.5,4.2,0.0,,1.0,25.2,1.0,1.0,0.0,0.0,1,2025-11-01 08:32:20.102174
1,2025-01-06 16:00:03,2025-01-06 16:11:51,N,1.0,150,108,1.0,0.0,22.5,0.0,1.5,0.0,0.0,,1.0,24.0,1.0,1.0,0.0,0.0,1,2025-11-01 08:32:20.102174
2,2025-01-06 16:57:09,2025-01-06 17:12:20,N,1.0,65,189,1.0,1.98,13.5,2.5,0.5,0.0,0.0,,1.0,17.5,2.0,1.0,0.0,0.0,1,2025-11-01 08:32:20.102174
1,2025-01-06 16:16:24,2025-01-06 16:34:08,N,1.0,82,252,1.0,5.5,23.3,2.5,1.5,5.45,0.0,,1.0,32.75,1.0,1.0,0.0,0.0,1,2025-11-01 08:32:20.102174
2,2025-01-06 16:27:46,2025-01-06 16:46:07,N,1.0,74,238,1.0,2.95,19.1,2.5,0.5,5.17,0.0,,1.0,31.02,1.0,1.0,2.75,0.0,1,2025-11-01 08:32:20.102174
1,2025-01-06 16:00:05,2025-01-06 16:50:36,N,1.0,85,25,1.0,0.0,23.5,0.0,1.5,0.0,0.0,,1.0,25.0,1.0,1.0,0.0,0.0,1,2025-11-01 08:32:20.102174
2,2025-01-06 16:08:44,2025-01-06 16:21:03,N,1.0,43,74,1.0,1.54,12.1,2.5,0.5,0.0,0.0,,1.0,16.1,2.0,1.0,0.0,0.0,1,2025-11-01 08:32:20.102174
2,2025-01-06 16:23:30,2025-01-06 16:34:02,N,1.0,75,75,1.0,0.94,10.7,2.5,0.5,0.0,0.0,,1.0,14.7,2.0,1.0,0.0,0.0,1,2025-11-01 08:32:20.102174
1,2025-01-06 16:05:58,2025-01-06 16:53:00,N,1.0,226,76,1.0,0.0,28.5,0.0,1.5,0.0,0.0,,1.0,30.0,1.0,1.0,0.0,0.0,1,2025-11-01 08:32:20.102174
2,2025-01-06 16:06:49,2025-01-06 16:19:59,N,1.0,74,43,1.0,0.0,12.1,2.5,0.5,4.71,0.0,,1.0,23.56,1.0,1.0,2.75,0.0,1,2025-11-01 08:32:20.102174
2,2025-01-06 16:15:41,2025-01-06 16:31:35,N,1.0,75,141,1.0,2.36,15.6,2.5,0.5,4.47,0.0,,1.0,26.82,1.0,1.0,2.75,0.0,1,2025-11-01 08:32:20.102174
2,2025-01-06 16:57:53,2025-01-06 17:06:05,N,1.0,75,239,1.0,1.75,10.7,2.5,0.5,0.0,0.0,,1.0,17.45,2.0,1.0,2.75,0.0,1,2025-11-01 08:32:20.102174
2,2025-01-06 16:02:12,2025-01-06 16:09:48,N,1.0,75,74,1.0,1.36,9.3,2.5,0.5,2.66,0.0,,1.0,15.96,1.0,1.0,0.0,0.0,1,2025-11-01 08:32:20.102174
2,2025-01-06 16:19:47,2025-01-06 16:26:29,N,1.0,75,239,1.0,1.76,10.0,2.5,0.5,4.19,0.0,,1.0,20.94,1.0,1.0,2.75,0.0,1,2025-11-01 08:32:20.102174
2,2025-01-06 16:44:42,2025-01-06 16:55:03,N,1.0,75,239,2.0,2.05,12.8,2.5,0.5,3.91,0.0,,1.0,23.46,1.0,1.0,2.75,0.0,1,2025-11-01 08:32:20.102174
2,2025-01-06 13:34:55,2025-01-07 12:50:28,N,1.0,74,166,1.0,2.05,14.9,2.5,0.5,5.67,0.0,,1.0,24.57,1.0,1.0,0.0,0.0,1,2025-11-01 08:32:20.102174
2,2025-01-06 15:54:08,2025-01-06 16:17:40,N,1.0,75,162,1.0,2.98,21.9,2.5,0.5,0.0,0.0,,1.0,29.4,1.0,1.0,2.75,0.75,1,2025-11-01 08:32:20.102174
2,2025-01-06 16:30:29,2025-01-06 16:45:42,N,1.0,74,238,1.0,2.89,17.0,2.5,0.5,4.75,0.0,,1.0,28.5,1.0,1.0,2.75,0.0,1,2025-11-01 08:32:20.102174
2,2025-01-06 16:09:41,2025-01-06 16:55:09,N,1.0,82,254,6.0,12.3,57.6,2.5,0.5,0.0,0.0,,1.0,61.6,2.0,1.0,0.0,0.0,1,2025-11-01 08:32:20.102174
2,2025-01-06 16:05:43,2025-01-06 16:20:14,N,1.0,75,238,1.0,1.83,14.9,2.5,0.5,0.0,0.0,,1.0,21.65,2.0,1.0,2.75,0.0,1,2025-11-01 08:32:20.102174
2,2025-01-06 16:54:09,2025-01-06 17:14:00,N,1.0,43,140,1.0,2.26,18.4,2.5,0.5,0.0,0.0,,1.0,25.15,2.0,1.0,2.75,0.0,1,2025-11-01 08:32:20.102174
2,2025-01-06 16:37:35,2025-01-06 16:48:39,N,1.0,74,236,1.0,1.51,12.1,2.5,0.5,3.22,0.0,,1.0,19.32,1.0,1.0,0.0,0.0,1,2025-11-01 08:32:20.102174
2,2025-01-06 16:19:12,2025-01-06 16:26:52,N,1.0,75,74,1.0,1.35,9.3,2.5,0.5,2.66,0.0,,1.0,15.96,1.0,1.0,0.0,0.0,1,2025-11-01 08:32:20.102174
2,2025-01-06 16:40:36,2025-01-06 16:47:24,N,1.0,75,236,1.0,1.19,8.6,2.5,0.5,3.07,0.0,,1.0,18.42,1.0,1.0,2.75,0.0,1,2025-11-01 08:32:20.102174
2,2025-01-06 16:01:50,2025-01-06 16:10:24,N,1.0,75,263,1.0,1.14,10.0,2.5,0.5,1.25,0.0,,1.0,18.0,1.0,1.0,2.75,0.0,1,2025-11-01 08:32:20.102174
2,2025-01-06 16:24:57,2025-01-06 16:30:33,N,1.0,75,74,1.0,1.35,8.6,2.5,0.5,2.52,0.0,,1.0,15.12,1.0,1.0,0.0,0.0,1,2025-11-01 08:32:20.102174
2,2025-01-06 16:49:44,2025-01-06 17:07:36,N,1.0,43,230,1.0,3.04,18.4,2.5,0.5,2.59,0.0,,1.0,28.49,1.0,1.0,2.75,0.75,1,2025-11-01 08:32:20.102174
2,2025-01-06 16:08:44,2025-01-06 16:19:49,N,1.0,75,41,1.0,1.67,12.1,2.5,0.5,4.02,0.0,,1.0,20.12,1.0,1.0,0.0,0.0,1,2025-11-01 08:32:20.102174
2,2025-01-06 16:38:04,2025-01-06 16:44:19,N,1.0,41,152,1.0,0.84,7.9,2.5,0.5,0.0,0.0,,1.0,11.9,2.0,1.0,0.0,0.0,1,2025-11-01 08:32:20.102174
1,2025-01-06 16:18:49,2025-01-06 16:29:06,N,1.0,166,116,3.0,1.7,12.1,1.0,1.5,3.65,0.0,,1.0,18.25,1.0,1.0,0.0,0.0,1,2025-11-01 08:32:20.102174
2,2025-01-06 16:32:59,2025-01-06 16:51:04,N,1.0,74,239,1.0,3.54,19.8,2.5,0.5,6.64,0.0,,1.0,33.19,1.0,1.0,2.75,0.0,1,2025-11-01 08:32:20.102174
2,2025-01-06 16:36:28,2025-01-06 16:48:49,N,1.0,74,238,1.0,2.3,13.5,2.5,0.5,3.5,0.0,,1.0,21.0,1.0,1.0,0.0,0.0,1,2025-11-01 08:32:20.102174
2,2025-01-06 16:45:12,2025-01-06 17:04:15,N,1.0,95,135,1.0,1.76,18.4,2.5,0.5,7.0,0.0,,1.0,29.4,1.0,1.0,0.0,0.0,1,2025-11-01 08:32:20.102174
2,2025-01-06 15:58:49,2025-01-06 16:14:37,N,1.0,74,237,1.0,2.6,17.0,2.5,0.5,4.75,0.0,,1.0,28.5,1.0,1.0,2.75,0.0,1,2025-11-01 08:32:20.102174
2,2025-01-06 16:26:44,2025-01-06 16:43:16,N,1.0,75,141,1.0,2.23,17.0,2.5,0.5,4.75,0.0,,1.0,28.5,1.0,1.0,2.75,0.0,1,2025-11-01 08:32:20.102174
2,2025-01-06 16:07:36,2025-01-06 16:15:28,N,1.0,75,236,6.0,0.86,8.6,2.5,0.5,2.3,0.0,,1.0,17.65,1.0,1.0,2.75,0.0,1,2025-11-01 08:32:20.102174
2,2025-01-06 16:26:32,2025-01-06 16:32:51,N,1.0,75,236,6.0,0.77,7.9,2.5,0.5,2.93,0.0,,1.0,17.58,1.0,1.0,2.75,0.0,1,2025-11-01 08:32:20.102174
2,2025-01-06 17:06:41,2025-01-06 17:20:05,N,1.0,74,151,1.0,1.87,14.2,2.5,0.5,3.5,0.0,,0.3,21.0,1.0,1.0,0.0,0.0,1,2025-11-01 08:32:20.102174
2,2025-01-06 17:34:29,2025-01-06 17:51:09,N,1.0,74,239,1.0,2.82,17.7,2.5,0.5,5.94,0.0,,0.3,29.69,1.0,1.0,2.75,0.0,1,2025-11-01 08:32:20.102174
2,2025-01-06 17:10:42,2025-01-06 17:20:49,N,5.0,130,130,1.0,0.03,10.0,0.0,0.0,0.0,0.0,,1.0,11.0,2.0,2.0,0.0,0.0,1,2025-11-01 08:32:20.102174
2,2025-01-06 17:46:35,2025-01-06 17:47:14,N,5.0,134,134,1.0,0.0,20.0,0.0,0.0,0.0,0.0,,1.0,21.0,1.0,2.0,0.0,0.0,1,2025-11-01 08:32:20.102174
2,2025-01-06 17:51:16,2025-01-06 18:52:33,N,1.0,56,82,1.0,11.31,60.4,2.5,0.5,0.0,0.0,,1.0,64.4,2.0,1.0,0.0,0.0,1,2025-11-01 08:32:20.102174
2,2025-01-06 17:47:20,2025-01-06 17:59:35,N,1.0,129,223,1.0,2.18,14.9,2.5,0.5,0.0,0.0,,1.0,18.9,1.0,1.0,0.0,0.0,1,2025-11-01 08:32:20.102174
2,2025-01-06 17:57:50,2025-01-06 18:04:37,N,1.0,75,238,1.0,1.0,8.6,2.5,0.5,1.26,0.0,,1.0,13.86,1.0,1.0,0.0,0.0,1,2025-11-01 08:32:20.102174
2,2025-01-06 17:35:19,2025-01-06 17:45:35,N,1.0,97,66,1.0,1.31,10.7,2.5,0.5,0.0,0.0,,1.0,14.7,2.0,1.0,0.0,0.0,1,2025-11-01 08:32:20.102174
2,2025-01-06 17:25:06,2025-01-06 17:30:09,N,1.0,75,74,1.0,1.33,7.9,2.5,0.5,2.38,0.0,,1.0,14.28,1.0,1.0,0.0,0.0,1,2025-11-01 08:32:20.102174
2,2025-01-06 17:42:28,2025-01-06 17:49:07,N,1.0,75,74,1.0,1.46,9.3,2.5,0.5,1.0,0.0,,1.0,14.3,1.0,1.0,0.0,0.0,1,2025-11-01 08:32:20.102174
2,2025-01-06 17:33:03,2025-01-06 17:41:31,N,1.0,75,239,1.0,1.78,10.7,2.5,0.5,3.49,0.0,,1.0,20.94,1.0,1.0,2.75,0.0,1,2025-11-01 08:32:20.102174
2,2025-01-06 17:18:47,2025-01-06 17:36:11,N,1.0,74,262,1.0,2.66,17.7,2.5,0.5,2.44,0.0,,1.0,26.89,1.0,1.0,2.75,0.0,1,2025-11-01 08:32:20.102174
2,2025-01-06 17:03:50,2025-01-06 17:15:11,N,1.0,75,41,1.0,1.97,12.8,2.5,0.5,2.0,0.0,,1.0,18.8,1.0,1.0,0.0,0.0,1,2025-11-01 08:32:20.102174
2,2025-01-06 17:23:28,2025-01-06 17:26:11,N,1.0,41,42,1.0,0.68,5.1,2.5,0.5,0.0,0.0,,1.0,9.1,2.0,1.0,0.0,0.0,1,2025-11-01 08:32:20.102174
2,2025-01-06 17:06:11,2025-01-06 17:22:15,N,1.0,74,236,2.0,2.51,17.0,2.5,0.5,4.75,0.0,,1.0,28.5,1.0,1.0,2.75,0.0,1,2025-11-01 08:32:20.102174
2,2025-01-06 17:29:15,2025-01-06 17:33:40,N,1.0,75,75,1.0,0.69,6.5,2.5,0.5,2.1,0.0,,1.0,12.6,1.0,1.0,0.0,0.0,1,2025-11-01 08:32:20.102174
2,2025-01-06 17:31:15,2025-01-06 17:35:43,N,1.0,75,74,1.0,1.22,7.2,2.5,0.5,0.01,0.0,,1.0,11.21,1.0,1.0,0.0,0.0,1,2025-11-01 08:32:20.102174
2,2025-01-06 17:11:31,2025-01-06 17:21:38,N,1.0,130,10,1.0,1.89,12.1,2.5,0.5,3.22,0.0,,1.0,19.32,1.0,1.0,0.0,0.0,1,2025-11-01 08:32:20.102174
1,2025-01-06 17:02:04,2025-01-06 17:14:32,N,1.0,74,236,1.0,2.0,14.2,5.25,1.5,0.0,0.0,,1.0,20.95,2.0,1.0,2.75,0.0,1,2025-11-01 08:32:20.102174
1,2025-01-06 17:28:00,2025-01-06 17:38:34,N,1.0,75,236,1.0,1.1,10.7,5.25,1.5,0.0,0.0,,1.0,17.45,2.0,1.0,2.75,0.0,1,2025-11-01 08:32:20.102174
1,2025-01-06 17:46:03,2025-01-06 17:54:07,N,1.0,75,239,1.0,1.9,10.7,5.25,1.5,2.62,0.0,,1.0,20.07,1.0,1.0,2.75,0.0,1,2025-11-01 08:32:20.102174
2,2025-01-06 17:31:42,2025-01-06 17:41:55,N,1.0,75,238,1.0,1.4,11.4,2.5,0.5,4.54,0.0,,1.0,22.69,1.0,1.0,2.75,0.0,1,2025-11-01 08:32:20.102174
2,2025-01-06 17:28:33,2025-01-06 17:45:22,N,1.0,75,237,1.0,2.19,17.0,2.5,0.5,5.94,0.0,,1.0,29.69,1.0,1.0,2.75,0.0,1,2025-11-01 08:32:20.102174
2,2025-01-06 17:42:20,2025-01-06 17:51:01,N,1.0,97,97,2.0,0.65,8.6,2.5,0.5,0.0,0.0,,1.0,12.6,2.0,1.0,0.0,0.0,1,2025-11-01 08:32:20.102174
2,2025-01-06 17:06:44,2025-01-06 17:22:03,N,1.0,74,263,1.0,1.97,15.6,2.5,0.5,0.0,0.0,,1.0,22.35,2.0,1.0,2.75,0.0,1,2025-11-01 08:32:20.102174
1,2025-01-06 17:26:25,2025-01-06 17:44:04,N,1.0,61,35,1.0,0.0,17.5,0.0,1.5,0.0,0.0,,1.0,19.0,1.0,1.0,0.0,0.0,1,2025-11-01 08:32:20.102174
2,2025-01-06 17:06:47,2025-01-06 17:11:01,N,1.0,134,28,1.0,0.47,5.8,2.5,0.5,2.45,0.0,,1.0,12.25,1.0,1.0,0.0,0.0,1,2025-11-01 08:32:20.102174
2,2025-01-06 17:12:16,2025-01-06 17:30:15,N,1.0,43,142,1.0,2.21,17.7,2.5,0.5,6.11,0.0,,1.0,30.56,1.0,1.0,2.75,0.0,1,2025-11-01 08:32:20.102174
2,2025-01-06 17:57:08,2025-01-06 18:12:58,N,1.0,134,216,1.0,3.61,18.4,2.5,0.5,2.6,0.0,,1.0,25.0,1.0,1.0,0.0,0.0,1,2025-11-01 08:32:20.102174
2,2025-01-06 17:30:54,2025-01-06 17:48:05,N,1.0,74,116,1.0,2.22,16.3,2.5,0.5,4.06,0.0,,1.0,24.36,1.0,1.0,0.0,0.0,1,2025-11-01 08:32:20.102174
1,2025-01-06 17:06:49,2025-01-06 17:22:10,N,1.0,75,237,1.0,2.5,14.9,5.25,1.5,0.0,0.0,,1.0,21.65,3.0,1.0,2.75,0.0,1,2025-11-01 08:32:20.102174
1,2025-01-06 17:42:03,2025-01-06 17:47:46,N,1.0,75,74,1.0,1.3,7.9,2.5,1.5,2.35,0.0,,1.0,14.25,1.0,1.0,0.0,0.0,1,2025-11-01 08:32:20.102174
1,2025-01-06 17:54:30,2025-01-06 18:11:47,N,1.0,74,237,1.0,2.7,16.3,5.25,1.5,4.6,0.0,,1.0,27.65,1.0,1.0,2.75,0.0,1,2025-11-01 08:32:20.102174
2,2025-01-06 17:23:08,2025-01-06 17:28:41,N,1.0,7,7,1.0,0.74,6.5,2.5,0.5,0.0,0.0,,1.0,10.5,2.0,1.0,0.0,0.0,1,2025-11-01 08:32:20.102174
2,2025-01-06 17:36:33,2025-01-06 17:56:46,N,1.0,82,28,1.0,3.47,21.2,2.5,0.5,5.04,0.0,,1.0,30.24,1.0,1.0,0.0,0.0,1,2025-11-01 08:32:20.102174
2,2025-01-06 17:33:16,2025-01-06 17:39:38,N,1.0,75,75,1.0,0.93,7.9,2.5,0.5,0.0,0.0,,1.0,11.9,2.0,1.0,0.0,0.0,1,2025-11-01 08:32:20.102174
1,2025-01-06 17:23:44,2025-01-06 17:29:49,N,1.0,75,74,1.0,1.3,8.6,2.5,1.5,2.52,0.0,,1.0,15.12,1.0,1.0,0.0,0.0,1,2025-11-01 08:32:20.102174
1,2025-01-06 17:36:12,2025-01-06 17:44:27,N,1.0,74,236,1.0,1.5,10.7,2.5,1.5,2.9,0.0,,1.0,17.6,1.0,1.0,0.0,0.0,1,2025-11-01 08:32:20.102174
1,2025-01-06 17:48:14,2025-01-06 18:18:18,Y,1.0,244,202,2.0,9.8,40.8,2.5,1.5,10.3,6.94,,1.0,62.04,1.0,1.0,0.0,0.0,1,2025-11-01 08:32:20.102174
2,2025-01-06 17:37:31,2025-01-06 17:41:35,N,1.0,75,75,1.0,0.69,5.8,2.5,0.5,0.0,0.0,,1.0,9.8,1.0,1.0,0.0,0.0,1,2025-11-01 08:32:20.102174
2,2025-01-06 17:34:20,2025-01-06 17:58:57,N,1.0,244,142,1.0,5.83,30.3,2.5,0.5,7.41,0.0,,1.0,44.46,1.0,1.0,2.75,0.0,1,2025-11-01 08:32:20.102174
2,2025-01-06 17:49:26,2025-01-06 17:59:15,N,1.0,95,196,1.0,0.92,9.3,2.5,0.5,0.0,0.0,,1.0,13.3,2.0,1.0,0.0,0.0,1,2025-11-01 08:32:20.102174
2,2025-01-06 17:58:59,2025-01-06 18:18:30,N,1.0,244,238,1.0,5.06,24.7,2.5,0.5,6.29,0.0,,1.0,37.74,1.0,1.0,2.75,0.0,1,2025-11-01 08:32:20.102174
2,2025-01-06 17:08:55,2025-01-06 17:15:43,N,1.0,75,263,6.0,0.76,7.9,2.5,0.5,0.0,0.0,,1.0,14.65,2.0,1.0,2.75,0.0,1,2025-11-01 08:32:20.102174
2,2025-01-06 17:46:46,2025-01-06 17:59:35,N,1.0,82,160,1.0,2.18,13.5,2.5,0.5,3.5,0.0,,1.0,21.0,1.0,1.0,0.0,0.0,1,2025-11-01 08:32:20.102174
2,2025-01-06 17:55:40,2025-01-06 18:19:01,N,1.0,7,83,1.0,4.82,26.8,2.5,0.5,2.0,0.0,,1.0,32.8,1.0,1.0,0.0,0.0,1,2025-11-01 08:32:20.102174
2,2025-01-06 17:33:00,2025-01-06 17:47:02,N,1.0,74,24,1.0,2.25,14.9,2.5,0.5,3.78,0.0,,1.0,22.68,1.0,1.0,0.0,0.0,1,2025-11-01 08:32:20.102174
2,2025-01-06 17:22:38,2025-01-06 17:33:54,N,1.0,95,135,1.0,1.44,12.1,2.5,0.5,0.0,0.0,,1.0,16.1,2.0,1.0,0.0,0.0,1,2025-11-01 08:32:20.102174
2,2025-01-06 17:26:00,2025-01-06 17:37:20,N,1.0,166,239,1.0,1.93,12.8,2.5,0.5,3.91,0.0,,1.0,23.46,1.0,1.0,2.75,0.0,1,2025-11-01 08:32:20.102174
2,2025-01-06 17:19:41,2025-01-06 17:33:07,N,1.0,130,205,1.0,2.6,14.9,2.5,0.5,3.0,0.0,,1.0,21.9,1.0,1.0,0.0,0.0,1,2025-11-01 08:32:20.102174
1,2025-01-06 17:22:59,2025-01-06 17:27:49,N,1.0,75,236,1.0,0.7,7.2,5.25,1.5,2.75,0.0,,1.0,16.7,1.0,1.0,2.75,0.0,1,2025-11-01 08:32:20.102174
2,2025-01-06 17:52:18,2025-01-06 17:59:03,N,1.0,223,223,5.0,1.37,9.3,2.5,0.5,2.66,0.0,,1.0,15.96,1.0,1.0,0.0,0.0,1,2025-11-01 08:32:20.102174
2,2025-01-06 17:20:35,2025-01-06 17:30:14,N,1.0,43,236,1.0,1.37,10.7,2.5,0.5,3.49,0.0,,1.0,20.94,1.0,1.0,2.75,0.0,1,2025-11-01 08:32:20.102174
2,2025-01-06 17:42:59,2025-01-06 18:07:45,N,1.0,75,163,1.0,2.86,24.0,2.5,0.5,6.0,0.0,,1.0,37.5,1.0,1.0,2.75,0.75,1,2025-11-01 08:32:20.102174
2,2025-01-06 17:09:27,2025-01-06 17:33:56,N,5.0,244,75,1.0,6.25,22.0,0.0,0.0,0.0,0.0,,1.0,25.75,2.0,2.0,2.75,0.0,1,2025-11-01 08:32:20.102174
2,2025-01-06 17:31:41,2025-01-06 17:41:06,N,1.0,95,95,1.0,0.9,10.0,2.5,0.5,2.8,0.0,,1.0,16.8,1.0,1.0,0.0,0.0,1,2025-11-01 08:32:20.102174
2,2025-01-06 17:33:34,2025-01-06 17:45:19,N,1.0,75,166,6.0,2.01,12.8,2.5,0.5,3.36,0.0,,1.0,20.16,1.0,1.0,0.0,0.0,1,2025-11-01 08:32:20.102174
2,2025-01-06 17:54:35,2025-01-06 17:58:36,N,1.0,166,41,6.0,0.62,6.5,2.5,0.5,0.0,0.0,,1.0,10.5,2.0,1.0,0.0,0.0,1,2025-11-01 08:32:20.102174
2,2025-01-06 17:23:47,2025-01-06 17:36:12,N,1.0,75,263,1.0,1.69,12.8,2.5,0.5,3.91,0.0,,1.0,23.46,1.0,1.0,2.75,0.0,1,2025-11-01 08:32:20.102174
1,2025-01-06 17:37:20,2025-01-06 17:45:48,N,1.0,166,238,1.0,1.6,10.0,5.25,1.5,3.35,0.0,,1.0,20.1,1.0,1.0,2.75,0.0,1,2025-11-01 08:32:20.102174
1,2025-01-06 17:39:49,2025-01-06 17:49:05,N,1.0,95,28,1.0,1.6,11.4,2.5,1.5,2.0,0.0,,1.0,17.4,1.0,1.0,0.0,0.0,1,2025-11-01 08:32:20.102174
2,2025-01-06 17:11:42,2025-01-06 17:16:49,N,1.0,43,238,2.0,1.22,7.2,2.5,0.5,0.0,0.0,,1.0,13.95,2.0,1.0,2.75,0.0,1,2025-11-01 08:32:20.102174
2,2025-01-06 17:32:24,2025-01-06 17:53:11,N,1.0,97,225,1.0,2.78,19.1,2.5,0.5,4.62,0.0,,1.0,27.72,1.0,1.0,0.0,0.0,1,2025-11-01 08:32:20.102174
2,2025-01-06 17:40:45,2025-01-06 17:44:29,N,1.0,75,75,2.0,0.53,5.8,2.5,0.5,1.96,0.0,,1.0,11.76,1.0,1.0,0.0,0.0,1,2025-11-01 08:32:20.102174
2,2025-01-06 17:57:02,2025-01-06 18:03:58,N,1.0,75,74,1.0,0.94,7.9,2.5,0.5,0.0,0.0,,1.0,11.9,2.0,1.0,0.0,0.0,1,2025-11-01 08:32:20.102174
2,2025-01-06 17:49:54,2025-01-06 18:06:41,N,1.0,97,17,1.0,2.1,15.6,2.5,0.5,4.9,0.0,,1.0,24.5,1.0,1.0,0.0,0.0,1,2025-11-01 08:32:20.102174
2,2025-01-06 17:21:28,2025-01-06 17:31:39,N,1.0,97,97,1.0,1.25,10.7,2.5,0.5,2.94,0.0,,1.0,17.64,1.0,1.0,0.0,0.0,1,2025-11-01 08:32:20.102174
1,2025-01-06 17:09:16,2025-01-06 17:21:43,N,1.0,82,157,1.0,2.5,13.5,2.5,1.5,2.0,0.0,,1.0,19.5,1.0,1.0,0.0,0.0,1,2025-11-01 08:32:20.102174
2,2025-01-06 17:51:45,2025-01-06 18:02:30,N,1.0,82,138,1.0,3.76,17.7,7.5,0.5,5.34,0.0,,1.0,32.04,1.0,1.0,0.0,0.0,1,2025-11-01 08:32:20.102174
1,2025-01-06 17:14:20,2025-01-06 17:14:31,N,1.0,265,265,1.0,0.0,3.0,2.5,1.5,2.1,0.0,,1.0,9.1,1.0,1.0,0.0,0.0,1,2025-11-01 08:32:20.102174
2,2025-01-06 17:54:46,2025-01-06 18:14:47,N,1.0,130,122,1.0,3.24,21.9,2.5,0.5,6.47,0.0,,1.0,32.37,1.0,1.0,0.0,0.0,1,2025-11-01 08:32:20.102174
2,2025-01-06 17:41:00,2025-01-06 17:59:55,N,1.0,33,255,1.0,4.29,21.9,2.5,0.5,0.0,0.0,,1.0,25.9,2.0,1.0,0.0,0.0,1,2025-11-01 08:32:20.102174
1,2025-01-06 17:43:17,2025-01-06 17:55:13,N,1.0,97,49,0.0,1.4,12.1,2.5,1.5,3.2,0.0,,1.0,19.3,1.0,1.0,0.0,0.0,1,2025-11-01 08:32:20.102174
2,2025-01-06 17:23:36,2025-01-06 17:30:12,N,1.0,74,75,2.0,1.46,9.3,2.5,0.5,1.25,0.0,,1.0,14.55,1.0,1.0,0.0,0.0,1,2025-11-01 08:32:20.102174
2,2025-01-06 17:22:35,2025-01-06 17:27:39,N,1.0,75,74,1.0,1.4,7.9,2.5,0.5,2.38,0.0,,1.0,14.28,1.0,1.0,0.0,0.0,1,2025-11-01 08:32:20.102174
2,2025-01-06 17:55:20,2025-01-06 18:00:18,N,1.0,75,74,1.0,1.39,7.9,2.5,0.5,0.0,0.0,,1.0,11.9,2.0,1.0,0.0,0.0,1,2025-11-01 08:32:20.102174
1,2025-01-06 17:42:34,2025-01-06 17:58:36,N,1.0,61,37,2.0,2.2,15.6,2.5,1.5,0.0,0.0,,1.0,19.6,2.0,1.0,0.0,0.0,1,2025-11-01 08:32:20.102174
2,2025-01-06 17:07:14,2025-01-06 17:24:05,N,5.0,65,233,1.0,6.17,40.0,0.0,0.0,8.9,0.0,,1.0,53.4,1.0,2.0,2.75,0.75,1,2025-11-01 08:32:20.102174
2,2025-01-06 16:55:57,2025-01-06 17:07:09,N,1.0,74,263,1.0,0.0,10.7,2.5,0.5,3.49,0.0,,1.0,20.94,1.0,1.0,2.75,0.0,1,2025-11-01 08:32:20.102174
2,2025-01-06 17:29:52,2025-01-06 17:59:47,N,1.0,74,239,1.0,0.0,23.3,2.5,0.5,5.41,0.0,,1.0,35.46,1.0,1.0,2.75,0.0,1,2025-11-01 08:32:20.102174
2,2025-01-06 17:30:29,2025-01-06 17:32:44,N,1.0,74,74,1.0,0.29,4.4,2.5,0.5,0.0,0.0,,1.0,8.4,2.0,1.0,0.0,0.0,1,2025-11-01 08:32:20.102174
2,2025-01-06 17:41:43,2025-01-06 17:47:05,N,1.0,74,42,1.0,0.82,7.2,2.5,0.5,0.0,0.0,,1.0,11.2,2.0,1.0,0.0,0.0,1,2025-11-01 08:32:20.102174
2,2025-01-06 17:27:43,2025-01-06 17:33:55,N,1.0,75,74,1.0,1.31,7.9,2.5,0.5,1.78,0.0,,1.0,13.68,1.0,1.0,0.0,0.0,1,2025-11-01 08:32:20.102174
2,2025-01-06 17:13:08,2025-01-06 17:20:12,N,1.0,75,236,1.0,1.08,8.6,2.5,0.5,4.6,0.0,,1.0,19.95,1.0,1.0,2.75,0.0,1,2025-11-01 08:32:20.102174
2,2025-01-06 17:38:53,2025-01-06 17:44:39,N,1.0,75,74,1.0,1.33,7.9,2.5,0.5,2.38,0.0,,1.0,14.28,1.0,1.0,0.0,0.0,1,2025-11-01 08:32:20.102174
2,2025-01-06 17:56:17,2025-01-06 18:06:22,N,1.0,75,262,1.0,1.51,11.4,2.5,0.5,3.63,0.0,,1.0,21.78,1.0,1.0,2.75,0.0,1,2025-11-01 08:32:20.102174
2,2025-01-06 13:09:24,2025-01-06 13:23:20,N,1.0,74,236,1.0,2.18,14.9,2.5,0.5,0.0,0.0,,1.0,21.65,2.0,1.0,2.75,0.0,1,2025-11-01 08:32:20.102174
2,2025-01-06 17:29:28,2025-01-06 17:57:03,N,1.0,75,158,1.0,6.99,35.2,2.5,0.5,8.0,0.0,,1.0,50.7,1.0,1.0,2.75,0.75,1,2025-11-01 08:32:20.102174
2,2025-01-06 17:01:47,2025-01-06 17:05:42,N,1.0,75,74,1.0,1.41,7.9,2.5,0.5,3.57,0.0,,1.0,15.47,1.0,1.0,0.0,0.0,1,2025-11-01 08:32:20.102174
2,2025-01-06 17:15:28,2025-01-06 17:27:23,N,1.0,74,116,1.0,2.39,13.5,2.5,0.5,0.0,0.0,,1.0,17.5,1.0,1.0,0.0,0.0,1,2025-11-01 08:32:20.102174
2,2025-01-06 17:15:49,2025-01-06 17:28:27,N,1.0,82,129,1.0,1.83,13.5,2.5,0.5,0.0,0.0,,1.0,17.5,2.0,1.0,0.0,0.0,1,2025-11-01 08:32:20.102174
2,2025-01-06 17:35:30,2025-01-06 18:00:02,N,1.0,74,247,1.0,3.46,23.3,2.5,0.5,6.82,0.0,,1.0,34.12,1.0,1.0,0.0,0.0,1,2025-11-01 08:32:20.102174
2,2025-01-06 17:02:57,2025-01-06 17:14:46,N,1.0,43,263,1.0,1.25,11.4,2.5,0.5,3.63,0.0,,1.0,21.78,1.0,1.0,2.75,0.0,1,2025-11-01 08:32:20.102174
2,2025-01-06 17:53:04,2025-01-06 18:02:05,N,1.0,75,262,1.0,1.08,10.0,2.5,0.5,2.0,0.0,,1.0,18.75,1.0,1.0,2.75,0.0,1,2025-11-01 08:32:20.102174
2,2025-01-06 17:00:25,2025-01-06 17:00:30,N,5.0,25,25,1.0,0.0,25.0,0.0,0.0,5.2,0.0,,1.0,31.2,1.0,2.0,0.0,0.0,1,2025-11-01 08:32:20.102174
2,2025-01-06 17:28:37,2025-01-06 17:47:42,N,1.0,75,48,1.0,3.59,20.5,2.5,0.5,2.0,0.0,,1.0,30.0,1.0,1.0,2.75,0.75,1,2025-11-01 08:32:20.102174
2,2025-01-06 17:35:48,2025-01-06 17:46:31,N,1.0,74,236,1.0,2.14,13.5,2.5,0.5,4.05,0.0,,1.0,24.3,1.0,1.0,2.75,0.0,1,2025-11-01 08:32:20.102174
2,2025-01-06 17:06:00,2025-01-06 17:23:48,N,1.0,42,168,1.0,2.12,17.0,2.5,0.5,0.0,0.0,,1.0,21.0,2.0,1.0,0.0,0.0,1,2025-11-01 08:32:20.102174
1,2025-01-06 17:41:29,2025-01-06 17:46:31,N,1.0,41,247,1.0,1.6,8.6,1.0,1.5,0.0,0.0,,1.0,11.1,2.0,1.0,0.0,0.0,1,2025-11-01 08:32:20.102174
2,2025-01-06 16:07:33,2025-01-06 16:16:13,N,1.0,43,238,2.0,1.17,10.0,2.5,0.5,2.8,0.0,,1.0,16.8,1.0,1.0,0.0,0.0,1,2025-11-01 08:32:20.102174
2,2025-01-06 16:23:47,2025-01-06 16:33:23,N,1.0,75,263,2.0,0.57,9.3,2.5,0.5,1.75,0.0,,1.0,17.8,1.0,1.0,2.75,0.0,1,2025-11-01 08:32:20.102174
2,2025-01-06 16:51:24,2025-01-06 16:57:13,N,1.0,75,74,2.0,1.35,8.6,2.5,0.5,1.0,0.0,,1.0,13.6,1.0,1.0,0.0,0.0,1,2025-11-01 08:32:20.102174
2,2025-01-06 17:06:26,2025-01-06 17:13:53,N,1.0,43,236,1.0,1.09,8.6,2.5,0.5,3.84,0.0,,1.0,19.19,1.0,1.0,2.75,0.0,1,2025-11-01 08:32:20.102174
2,2025-01-06 17:45:10,2025-01-06 18:16:51,N,1.0,75,234,1.0,4.26,29.6,2.5,0.5,5.0,0.0,,1.0,42.1,1.0,1.0,2.75,0.75,1,2025-11-01 08:32:20.102174
2,2025-01-06 17:47:20,2025-01-06 18:07:43,N,1.0,33,217,1.0,2.89,20.5,2.5,0.5,0.0,0.0,,1.0,24.5,2.0,1.0,0.0,0.0,1,2025-11-01 08:32:20.102174
2,2025-01-06 17:04:35,2025-01-06 17:12:18,N,1.0,75,41,1.0,1.51,10.0,2.5,0.5,2.8,0.0,,1.0,16.8,1.0,1.0,0.0,0.0,1,2025-11-01 08:32:20.102174
2,2025-01-06 17:28:53,2025-01-06 17:40:51,N,1.0,74,236,1.0,2.29,13.5,2.5,0.5,3.0,0.0,,1.0,23.25,1.0,1.0,2.75,0.0,1,2025-11-01 08:32:20.102174
2,2025-01-06 18:02:12,2025-01-06 18:10:28,N,1.0,223,223,1.0,1.32,9.3,2.5,0.5,2.66,0.0,,1.0,15.96,1.0,1.0,0.0,0.0,1,2025-11-01 08:32:20.102174
2,2025-01-06 17:23:53,2025-01-06 17:31:07,N,1.0,82,83,2.0,1.04,8.6,2.5,0.5,2.52,0.0,,1.0,15.12,1.0,1.0,0.0,0.0,1,2025-11-01 08:32:20.102174
2,2025-01-06 17:02:40,2025-01-06 17:08:42,N,1.0,75,236,1.0,1.01,7.9,2.5,0.5,0.0,0.0,,1.0,14.65,2.0,1.0,2.75,0.0,1,2025-11-01 08:32:20.102174
2,2025-01-06 17:48:53,2025-01-06 17:52:34,N,1.0,75,41,1.0,0.84,6.5,2.5,0.5,3.15,0.0,,1.0,13.65,1.0,1.0,0.0,0.0,1,2025-11-01 08:32:20.102174
2,2025-01-06 17:35:48,2025-01-06 17:58:28,N,1.0,75,163,1.0,3.71,23.3,2.5,0.5,6.16,0.0,,1.0,36.96,1.0,1.0,2.75,0.75,1,2025-11-01 08:32:20.102174
2,2025-01-06 17:10:16,2025-01-06 17:23:00,N,1.0,95,95,5.0,0.91,12.1,2.5,0.5,0.0,0.0,,1.0,16.1,2.0,1.0,0.0,0.0,1,2025-11-01 08:32:20.102174
2,2025-01-06 17:07:01,2025-01-06 17:15:13,N,1.0,75,263,6.0,1.16,10.0,2.5,0.5,3.35,0.0,,1.0,20.1,1.0,1.0,2.75,0.0,1,2025-11-01 08:32:20.102174
2,2025-01-06 18:38:55,2025-01-06 18:53:07,N,1.0,97,66,1.0,1.74,13.5,2.5,0.5,3.5,0.0,,1.0,21.0,1.0,1.0,0.0,0.0,1,2025-11-01 08:32:20.102174
2,2025-01-06 18:50:36,2025-01-06 19:01:04,N,1.0,223,193,1.0,2.04,12.8,2.5,0.5,1.0,0.0,,1.0,17.8,1.0,1.0,0.0,0.0,1,2025-11-01 08:32:20.102174
2,2025-01-06 18:21:47,2025-01-06 18:31:10,N,1.0,74,236,1.0,1.83,11.4,2.5,0.5,3.49,0.0,,0.3,20.94,1.0,1.0,2.75,0.0,1,2025-11-01 08:32:20.102174
2,2025-01-06 18:12:22,2025-01-06 18:15:12,N,1.0,134,28,5.0,0.66,5.1,2.5,0.5,1.82,0.0,,1.0,10.92,1.0,1.0,0.0,0.0,1,2025-11-01 08:32:20.102174
2,2025-01-06 18:17:40,2025-01-06 18:38:10,N,1.0,75,143,1.0,3.35,20.5,2.5,0.5,5.6,0.0,,1.0,33.6,1.0,1.0,2.75,0.75,1,2025-11-01 08:32:20.102174
2,2025-01-06 18:47:54,2025-01-06 18:57:55,N,1.0,97,181,1.0,0.78,10.0,2.5,0.5,0.0,0.0,,1.0,14.0,1.0,1.0,0.0,0.0,1,2025-11-01 08:32:20.102174
2,2025-01-06 18:15:33,2025-01-06 18:19:37,N,1.0,75,74,1.0,1.27,7.2,2.5,0.5,2.24,0.0,,1.0,13.44,1.0,1.0,0.0,0.0,1,2025-11-01 08:32:20.102174
2,2025-01-06 18:37:34,2025-01-06 19:00:34,N,1.0,75,13,1.0,7.73,34.5,2.5,0.5,8.4,0.0,,1.0,50.4,1.0,1.0,2.75,0.75,1,2025-11-01 08:32:20.102174
1,2025-01-06 18:48:05,2025-01-06 18:56:40,N,1.0,97,97,1.0,1.2,9.3,2.5,1.5,2.65,0.0,,1.0,15.95,1.0,1.0,0.0,0.0,1,2025-11-01 08:32:20.102174
2,2025-01-06 18:43:05,2025-01-06 18:48:25,N,1.0,75,74,1.0,1.5,8.6,2.5,0.5,1.91,0.0,,1.0,14.51,1.0,1.0,0.0,0.0,1,2025-11-01 08:32:20.102174
2,2025-01-06 18:55:53,2025-01-06 19:00:03,N,1.0,75,75,1.0,0.43,4.4,2.5,0.5,0.0,0.0,,1.0,8.4,2.0,1.0,0.0,0.0,1,2025-11-01 08:32:20.102174
2,2025-01-06 18:31:48,2025-01-06 18:37:16,N,1.0,75,74,1.0,1.3,7.9,2.5,0.5,1.0,0.0,,1.0,12.9,1.0,1.0,0.0,0.0,1,2025-11-01 08:32:20.102174
2,2025-01-06 18:38:44,2025-01-06 18:55:49,N,1.0,74,151,2.0,2.58,17.7,2.5,0.5,4.34,0.0,,1.0,26.04,1.0,1.0,0.0,0.0,1,2025-11-01 08:32:20.102174
2,2025-01-06 19:01:10,2025-01-06 19:11:02,N,1.0,193,145,1.0,2.2,12.8,2.5,0.5,3.36,0.0,,1.0,20.16,1.0,1.0,0.0,0.0,1,2025-11-01 08:32:20.102174
2,2025-01-06 18:15:44,2025-01-06 18:30:22,N,1.0,97,25,1.0,1.53,13.5,2.5,0.5,2.0,0.0,,1.0,19.5,1.0,1.0,0.0,0.0,1,2025-11-01 08:32:20.102174
2,2025-01-06 18:55:32,2025-01-06 19:05:21,N,1.0,97,49,1.0,1.2,10.0,2.5,0.5,1.4,0.0,,1.0,15.4,1.0,1.0,0.0,0.0,1,2025-11-01 08:32:20.102174
1,2025-01-06 18:51:19,2025-01-06 19:05:29,N,1.0,198,37,1.0,0.0,18.5,0.0,1.5,0.0,0.0,,1.0,20.0,1.0,1.0,0.0,0.0,1,2025-11-01 08:32:20.102174
2,2025-01-06 18:57:22,2025-01-06 19:02:39,N,1.0,95,134,1.0,1.05,7.9,2.5,0.5,1.0,0.0,,1.0,12.9,1.0,1.0,0.0,0.0,1,2025-11-01 08:32:20.102174
2,2025-01-06 18:08:16,2025-01-06 18:23:51,N,1.0,74,138,3.0,6.72,27.5,7.5,0.5,8.69,6.94,,1.0,52.13,1.0,1.0,0.0,0.0,1,2025-11-01 08:32:20.102174
2,2025-01-06 18:54:55,2025-01-06 19:07:23,N,1.0,74,151,2.0,2.41,14.2,2.5,0.5,4.55,0.0,,1.0,22.75,1.0,1.0,0.0,0.0,1,2025-11-01 08:32:20.102174
1,2025-01-06 18:27:54,2025-01-06 18:34:54,N,1.0,41,152,0.0,1.2,9.3,2.5,1.5,0.0,0.0,,1.0,13.3,2.0,1.0,0.0,0.0,1,2025-11-01 08:32:20.102174
2,2025-01-06 18:10:05,2025-01-07 17:24:03,N,1.0,74,236,1.0,1.95,13.5,2.5,0.5,1.0,0.0,,1.0,21.25,1.0,1.0,2.75,0.0,1,2025-11-01 08:32:20.102174
2,2025-01-06 18:08:29,2025-01-06 18:18:11,N,1.0,41,238,1.0,1.49,10.7,2.5,0.5,2.94,0.0,,1.0,17.64,1.0,1.0,0.0,0.0,1,2025-11-01 08:32:20.102174
2,2025-01-06 18:36:38,2025-01-06 18:47:47,N,1.0,41,168,1.0,2.42,14.2,2.5,0.5,0.0,0.0,,1.0,18.2,2.0,1.0,0.0,0.0,1,2025-11-01 08:32:20.102174
1,2025-01-06 18:11:50,2025-01-06 18:21:00,N,1.0,75,263,1.0,1.3,10.7,5.25,1.5,1.5,0.0,,1.0,18.95,1.0,1.0,2.75,0.0,1,2025-11-01 08:32:20.102174
1,2025-01-06 18:30:49,2025-01-06 18:33:51,N,1.0,75,75,1.0,0.4,5.1,2.5,1.5,0.0,0.0,,1.0,9.1,2.0,1.0,0.0,0.0,1,2025-11-01 08:32:20.102174
2,2025-01-06 18:17:13,2025-01-06 18:22:08,N,1.0,75,236,1.0,0.7,6.5,2.5,0.5,0.0,0.0,,1.0,13.25,2.0,1.0,2.75,0.0,1,2025-11-01 08:32:20.102174
2,2025-01-06 18:43:52,2025-01-06 18:50:41,N,1.0,75,74,1.0,1.33,8.6,2.5,0.5,2.0,0.0,,1.0,14.6,1.0,1.0,0.0,0.0,1,2025-11-01 08:32:20.102174
2,2025-01-06 18:48:04,2025-01-06 18:54:32,N,1.0,43,263,1.0,0.87,7.9,2.5,0.5,0.0,0.0,,1.0,14.65,2.0,1.0,2.75,0.0,1,2025-11-01 08:32:20.102174
2,2025-01-06 18:44:56,2025-01-06 18:54:05,N,1.0,97,49,2.0,1.47,10.7,2.5,0.5,0.0,0.0,,1.0,14.7,2.0,1.0,0.0,0.0,1,2025-11-01 08:32:20.102174
2,2025-01-06 18:00:25,2025-01-06 18:15:31,N,1.0,33,25,1.0,0.6,13.5,2.5,0.5,5.25,0.0,,1.0,22.75,1.0,1.0,0.0,0.0,1,2025-11-01 08:32:20.102174
2,2025-01-06 18:31:48,2025-01-06 18:48:27,N,1.0,66,61,1.0,3.38,19.1,2.5,0.5,4.62,0.0,,1.0,27.72,1.0,1.0,0.0,0.0,1,2025-11-01 08:32:20.102174
2,2025-01-06 18:08:33,2025-01-06 18:18:53,N,1.0,74,236,1.0,1.76,12.1,2.5,0.5,3.77,0.0,,1.0,22.62,1.0,1.0,2.75,0.0,1,2025-11-01 08:32:20.102174
2,2025-01-06 18:22:49,2025-01-06 18:34:30,N,1.0,75,42,1.0,2.24,13.5,2.5,0.5,2.0,0.0,,1.0,19.5,1.0,1.0,0.0,0.0,1,2025-11-01 08:32:20.102174
2,2025-01-06 18:51:02,2025-01-06 18:59:15,N,1.0,43,238,1.0,1.56,10.7,2.5,0.5,5.24,0.0,,1.0,22.69,1.0,1.0,2.75,0.0,1,2025-11-01 08:32:20.102174
1,2025-01-06 18:23:52,2025-01-06 18:30:42,N,1.0,17,217,1.0,0.0,15.5,0.0,1.5,0.0,0.0,,1.0,17.0,1.0,1.0,0.0,0.0,1,2025-11-01 08:32:20.102174
1,2025-01-06 18:57:01,2025-01-06 19:09:56,N,1.0,97,66,2.0,1.7,13.5,2.5,1.5,2.63,0.0,,1.0,20.13,1.0,1.0,0.0,0.0,1,2025-11-01 08:32:20.102174
2,2025-01-06 18:34:09,2025-01-06 18:38:12,N,1.0,75,74,1.0,1.23,7.2,2.5,0.5,0.0,0.0,,1.0,11.2,1.0,1.0,0.0,0.0,1,2025-11-01 08:32:20.102174
2,2025-01-06 18:27:39,2025-01-06 18:36:28,N,1.0,74,75,6.0,1.59,10.7,2.5,0.5,2.0,0.0,,1.0,16.7,1.0,1.0,0.0,0.0,1,2025-11-01 08:32:20.102174
2,2025-01-06 18:36:47,2025-01-06 18:43:24,N,1.0,43,24,1.0,1.46,8.6,2.5,0.5,3.78,0.0,,1.0,16.38,1.0,1.0,0.0,0.0,1,2025-11-01 08:32:20.102174
2,2025-01-06 18:02:15,2025-01-06 18:02:18,N,5.0,216,216,1.0,0.0,20.0,0.0,0.0,0.0,0.0,,1.0,21.0,1.0,2.0,0.0,0.0,1,2025-11-01 08:32:20.102174
2,2025-01-06 18:17:00,2025-01-06 18:27:40,N,1.0,134,197,1.0,1.93,12.1,2.5,0.5,0.0,0.0,,1.0,16.1,1.0,1.0,0.0,0.0,1,2025-11-01 08:32:20.102174
2,2025-01-06 18:49:17,2025-01-06 19:02:56,N,1.0,226,226,1.0,2.13,13.5,2.5,0.5,0.0,0.0,,1.0,17.5,2.0,1.0,0.0,0.0,1,2025-11-01 08:32:20.102174
2,2025-01-06 18:16:03,2025-01-06 18:33:48,N,1.0,129,92,1.0,5.21,24.0,2.5,0.5,0.0,0.0,,1.0,28.0,2.0,1.0,0.0,0.0,1,2025-11-01 08:32:20.102174
1,2025-01-06 18:32:20,2025-01-06 18:43:56,N,1.0,75,42,1.0,3.1,14.9,2.5,1.5,0.0,0.0,,1.0,18.9,2.0,1.0,0.0,0.0,1,2025-11-01 08:32:20.102174
2,2025-01-06 18:38:27,2025-01-06 18:55:03,N,1.0,244,162,1.0,9.22,35.9,2.5,0.5,8.68,0.0,,1.0,52.08,1.0,1.0,2.75,0.75,1,2025-11-01 08:32:20.102174
2,2025-01-06 18:49:10,2025-01-06 18:53:42,N,1.0,223,223,1.0,0.72,6.5,2.5,0.5,2.1,0.0,,1.0,12.6,1.0,1.0,0.0,0.0,1,2025-11-01 08:32:20.102174
2,2025-01-06 18:48:12,2025-01-06 19:03:58,N,4.0,244,265,2.0,7.94,37.3,2.5,0.5,0.0,0.0,,1.0,41.3,2.0,1.0,0.0,0.0,1,2025-11-01 08:32:20.102174
1,2025-01-06 18:17:33,2025-01-06 18:24:10,N,1.0,52,54,1.0,1.2,8.6,2.5,1.5,0.0,0.0,,1.0,12.6,2.0,1.0,0.0,0.0,1,2025-11-01 08:32:20.102174
2,2025-01-06 18:13:49,2025-01-06 18:21:35,N,1.0,75,263,1.0,1.53,9.3,2.5,0.5,2.5,0.0,,1.0,18.55,1.0,1.0,2.75,0.0,1,2025-11-01 08:32:20.102174
2,2025-01-06 18:49:06,2025-01-06 18:54:15,N,1.0,75,74,1.0,1.35,7.9,2.5,0.5,2.38,0.0,,1.0,14.28,1.0,1.0,0.0,0.0,1,2025-11-01 08:32:20.102174
1,2025-01-06 18:39:00,2025-01-06 19:00:13,N,1.0,74,140,0.0,3.2,21.2,5.25,1.5,4.0,0.0,,1.0,31.95,1.0,1.0,2.75,0.0,1,2025-11-01 08:32:20.102174
2,2025-01-06 18:42:46,2025-01-06 18:49:05,N,1.0,260,260,2.0,0.72,7.9,2.5,0.5,1.0,0.0,,1.0,12.9,1.0,1.0,0.0,0.0,1,2025-11-01 08:32:20.102174
2,2025-01-06 18:26:55,2025-01-06 18:33:32,N,1.0,75,236,1.0,1.1,8.6,2.5,0.5,2.3,0.0,,1.0,17.65,1.0,1.0,2.75,0.0,1,2025-11-01 08:32:20.102174
2,2025-01-06 18:11:52,2025-01-06 18:23:40,N,1.0,95,28,1.0,2.09,13.5,2.5,0.5,3.5,0.0,,1.0,21.0,1.0,1.0,0.0,0.0,1,2025-11-01 08:32:20.102174
2,2025-01-06 18:53:33,2025-01-06 19:07:52,N,1.0,43,140,1.0,2.01,14.9,2.5,0.5,4.33,0.0,,1.0,25.98,1.0,1.0,2.75,0.0,1,2025-11-01 08:32:20.102174
2,2025-01-06 18:04:34,2025-01-06 18:11:53,N,1.0,41,75,1.0,1.46,9.3,2.5,0.5,0.0,0.0,,1.0,13.3,1.0,1.0,0.0,0.0,1,2025-11-01 08:32:20.102174
2,2025-01-06 18:39:51,2025-01-06 18:48:09,N,1.0,74,41,1.0,1.19,10.0,2.5,0.5,2.8,0.0,,1.0,16.8,1.0,1.0,0.0,0.0,1,2025-11-01 08:32:20.102174
2,2025-01-06 18:21:14,2025-01-06 18:33:31,N,1.0,74,24,1.0,2.08,13.5,2.5,0.5,3.5,0.0,,1.0,21.0,1.0,1.0,0.0,0.0,1,2025-11-01 08:32:20.102174
2,2025-01-06 18:44:54,2025-01-06 18:52:05,N,1.0,95,196,1.0,1.06,8.6,2.5,0.5,2.52,0.0,,1.0,15.12,1.0,1.0,0.0,0.0,1,2025-11-01 08:32:20.102174
2,2025-01-06 18:02:06,2025-01-06 18:10:28,N,1.0,55,55,1.0,1.16,9.3,2.5,0.5,2.66,0.0,,1.0,15.96,1.0,1.0,0.0,0.0,1,2025-11-01 08:32:20.102174
2,2025-01-06 18:12:49,2025-01-06 18:26:37,N,1.0,166,239,1.0,2.09,14.9,2.5,0.5,5.41,0.0,,1.0,27.06,1.0,1.0,2.75,0.0,1,2025-11-01 08:32:20.102174
2,2025-01-06 18:22:24,2025-01-06 18:50:00,N,1.0,75,74,1.0,3.58,23.3,2.5,0.5,0.0,0.0,,1.0,27.3,1.0,1.0,0.0,0.0,1,2025-11-01 08:32:20.102174
1,2025-01-06 18:00:09,2025-01-06 18:04:57,N,1.0,75,74,1.0,1.4,7.9,2.5,1.5,2.35,0.0,,1.0,14.25,1.0,1.0,0.0,0.0,1,2025-11-01 08:32:20.102174
1,2025-01-06 18:11:22,2025-01-06 18:13:36,N,1.0,41,41,1.0,0.7,5.1,2.5,1.5,0.0,0.0,,1.0,9.1,2.0,1.0,0.0,0.0,1,2025-11-01 08:32:20.102174
1,2025-01-06 18:47:08,2025-01-06 18:53:39,N,1.0,43,263,1.0,0.9,7.9,5.25,1.5,2.9,0.0,,1.0,17.55,1.0,1.0,2.75,0.0,1,2025-11-01 08:32:20.102174
2,2025-01-06 18:23:26,2025-01-06 18:30:53,N,1.0,43,238,1.0,1.69,10.0,2.5,0.5,2.0,0.0,,1.0,18.75,1.0,1.0,2.75,0.0,1,2025-11-01 08:32:20.102174
2,2025-01-06 18:29:22,2025-01-06 18:34:39,N,1.0,75,74,1.0,1.48,8.6,2.5,0.5,2.52,0.0,,1.0,15.12,1.0,1.0,0.0,0.0,1,2025-11-01 08:32:20.102174
2,2025-01-06 18:39:39,2025-01-06 18:46:10,N,1.0,41,74,1.0,1.01,8.6,2.5,0.5,0.0,0.0,,1.0,12.6,2.0,1.0,0.0,0.0,1,2025-11-01 08:32:20.102174
2,2025-01-06 18:04:35,2025-01-06 18:41:29,N,1.0,24,4,1.0,7.93,39.4,2.5,0.5,7.04,0.0,,1.0,53.94,1.0,1.0,2.75,0.75,1,2025-11-01 08:32:20.102174
1,2025-01-06 18:13:11,2025-01-06 18:23:36,N,1.0,74,236,1.0,2.1,12.8,5.25,1.5,4.85,0.0,,1.0,24.4,1.0,1.0,2.75,0.0,1,2025-11-01 08:32:20.102174
1,2025-01-06 18:31:33,2025-01-06 18:35:13,N,1.0,75,74,1.0,1.2,7.2,2.5,1.5,1.68,0.0,,1.0,12.88,1.0,1.0,0.0,0.0,1,2025-11-01 08:32:20.102174
1,2025-01-06 18:39:53,2025-01-06 18:52:15,N,1.0,74,141,1.0,3.4,16.3,5.25,1.5,1.0,0.0,,1.0,24.05,1.0,1.0,2.75,0.0,1,2025-11-01 08:32:20.102174
2,2025-01-06 18:58:05,2025-01-06 19:11:57,N,1.0,82,82,1.0,1.27,12.8,2.5,0.5,0.0,0.0,,1.0,16.8,2.0,1.0,0.0,0.0,1,2025-11-01 08:32:20.102174
2,2025-01-06 18:07:42,2025-01-06 18:18:04,N,1.0,95,134,1.0,1.41,10.7,2.5,0.5,2.94,0.0,,1.0,17.64,1.0,1.0,0.0,0.0,1,2025-11-01 08:32:20.102174
2,2025-01-06 18:40:59,2025-01-06 18:49:29,N,1.0,43,43,6.0,1.66,10.7,2.5,0.5,4.36,0.0,,1.0,21.81,1.0,1.0,2.75,0.0,1,2025-11-01 08:32:20.102174
2,2025-01-06 18:37:44,2025-01-06 19:04:53,N,1.0,43,112,1.0,5.82,29.6,2.5,0.5,5.0,0.0,,1.0,42.1,1.0,1.0,2.75,0.75,1,2025-11-01 08:32:20.102174
2,2025-01-06 18:20:07,2025-01-06 18:27:50,N,1.0,74,75,1.0,1.45,9.3,2.5,0.5,2.66,0.0,,1.0,15.96,1.0,1.0,0.0,0.0,1,2025-11-01 08:32:20.102174
1,2025-01-06 18:21:29,2025-01-06 18:31:35,N,1.0,74,236,1.0,1.5,10.0,5.25,1.5,0.0,0.0,,1.0,16.75,2.0,1.0,2.75,0.0,1,2025-11-01 08:32:20.102174
2,2025-01-06 18:15:45,2025-01-06 18:33:04,N,1.0,82,129,1.0,1.64,14.9,2.5,0.5,0.0,0.0,,1.0,18.9,2.0,1.0,0.0,0.0,1,2025-11-01 08:32:20.102174
2,2025-01-06 18:18:10,2025-01-06 18:25:47,N,1.0,43,239,2.0,1.39,9.3,2.5,0.5,3.21,0.0,,1.0,19.26,1.0,1.0,2.75,0.0,1,2025-11-01 08:32:20.102174
2,2025-01-06 18:49:35,2025-01-06 18:57:16,N,1.0,97,17,1.0,1.38,9.3,2.5,0.5,0.0,0.0,,1.0,13.3,1.0,1.0,0.0,0.0,1,2025-11-01 08:32:20.102174
2,2025-01-06 18:33:06,2025-01-06 18:36:28,N,1.0,145,145,1.0,0.67,5.8,2.5,0.5,1.0,0.0,,1.0,10.8,1.0,1.0,0.0,0.0,1,2025-11-01 08:32:20.102174
2,2025-01-06 18:49:27,2025-01-06 18:59:03,N,1.0,130,10,1.0,2.72,13.5,2.5,0.5,0.0,0.0,,1.0,17.5,1.0,1.0,0.0,0.0,1,2025-11-01 08:32:20.102174
2,2025-01-06 18:27:15,2025-01-06 18:27:21,N,5.0,210,210,1.0,0.0,10.0,0.0,0.0,2.2,0.0,,1.0,13.2,1.0,2.0,0.0,0.0,1,2025-11-01 08:32:20.102174
2,2025-01-06 18:42:13,2025-01-06 18:51:31,N,1.0,75,236,1.0,1.52,10.7,2.5,0.5,3.49,0.0,,1.0,20.94,1.0,1.0,2.75,0.0,1,2025-11-01 08:32:20.102174
2,2025-01-06 18:56:04,2025-01-06 19:01:39,N,1.0,97,97,1.0,0.87,7.2,2.5,0.5,0.0,0.0,,1.0,11.2,2.0,1.0,0.0,0.0,1,2025-11-01 08:32:20.102174
2,2025-01-06 18:32:06,2025-01-06 18:47:20,N,1.0,260,140,1.0,3.99,20.5,2.5,0.5,0.0,0.0,,1.0,27.25,2.0,1.0,2.75,0.0,1,2025-11-01 08:32:20.102174
2,2025-01-06 18:41:47,2025-01-06 18:55:13,N,1.0,97,17,1.0,2.23,14.2,2.5,0.5,2.8,0.0,,1.0,21.0,1.0,1.0,0.0,0.0,1,2025-11-01 08:32:20.102174
2,2025-01-06 18:42:23,2025-01-06 18:59:32,N,1.0,97,195,1.0,3.07,17.7,2.5,0.5,5.42,0.0,,1.0,27.12,1.0,1.0,0.0,0.0,1,2025-11-01 08:32:20.102174
1,2025-01-06 18:48:49,2025-01-06 19:03:42,N,1.0,82,95,1.0,2.7,15.6,2.5,1.5,0.0,0.0,,1.0,19.6,1.0,1.0,0.0,0.0,1,2025-11-01 08:32:20.102174
2,2025-01-06 18:03:09,2025-01-06 18:14:20,N,1.0,97,49,1.0,1.04,10.7,2.5,0.5,2.94,0.0,,1.0,17.64,1.0,1.0,0.0,0.0,1,2025-11-01 08:32:20.102174
2,2025-01-06 18:54:19,2025-01-06 19:02:51,N,1.0,97,65,1.0,0.88,9.3,2.5,0.5,2.66,0.0,,1.0,15.96,1.0,1.0,0.0,0.0,1,2025-11-01 08:32:20.102174
2,2025-01-06 18:42:15,2025-01-06 18:51:22,N,1.0,74,244,1.0,3.82,17.0,2.5,0.5,0.0,0.0,,1.0,21.0,2.0,1.0,0.0,0.0,1,2025-11-01 08:32:20.102174
1,2025-01-06 18:13:49,2025-01-06 18:28:07,N,1.0,181,49,1.0,0.0,18.5,0.0,1.5,0.0,0.0,,1.0,20.0,1.0,1.0,0.0,0.0,1,2025-11-01 08:32:20.102174
2,2025-01-06 18:20:51,2025-01-06 18:34:45,N,1.0,74,166,2.0,2.13,14.2,2.5,0.5,3.64,0.0,,1.0,21.84,1.0,1.0,0.0,0.0,1,2025-11-01 08:32:20.102174
2,2025-01-06 18:11:41,2025-01-06 18:21:27,N,1.0,97,97,1.0,2.11,13.5,2.5,0.5,3.5,0.0,,1.0,21.0,1.0,1.0,0.0,0.0,1,2025-11-01 08:32:20.102174
2,2025-01-06 18:22:05,2025-01-06 18:29:15,N,1.0,74,75,1.0,1.27,9.3,2.5,0.5,2.66,0.0,,1.0,15.96,1.0,1.0,0.0,0.0,1,2025-11-01 08:32:20.102174
2,2025-01-06 18:07:45,2025-01-06 18:21:56,N,1.0,43,239,1.0,2.91,17.0,2.5,0.5,5.94,0.0,,1.0,29.69,1.0,1.0,2.75,0.0,1,2025-11-01 08:32:20.102174
2,2025-01-06 18:48:42,2025-01-06 18:54:17,N,1.0,75,43,1.0,0.99,7.9,2.5,0.5,2.93,0.0,,1.0,17.58,1.0,1.0,2.75,0.0,1,2025-11-01 08:32:20.102174
2,2025-01-06 18:05:05,2025-01-06 18:25:37,N,1.0,74,141,1.0,2.99,21.2,2.5,0.5,6.99,0.0,,1.0,34.94,1.0,1.0,2.75,0.0,1,2025-11-01 08:32:20.102174
2,2025-01-06 18:08:01,2025-01-06 18:15:40,N,1.0,74,41,1.0,1.21,9.3,2.5,0.5,2.66,0.0,,1.0,15.96,1.0,1.0,0.0,0.0,1,2025-11-01 08:32:20.102174
2,2025-01-06 18:35:31,2025-01-06 18:49:17,N,1.0,74,238,1.0,2.68,15.6,2.5,0.5,4.47,0.0,,1.0,26.82,1.0,1.0,2.75,0.0,1,2025-11-01 08:32:20.102174
2,2025-01-06 18:33:09,2025-01-06 18:39:17,N,1.0,75,43,1.0,1.25,7.9,2.5,0.5,2.38,0.0,,1.0,14.28,1.0,1.0,0.0,0.0,1,2025-11-01 08:32:20.102174
2,2025-01-06 18:43:25,2025-01-06 18:46:11,N,1.0,43,75,1.0,0.54,5.1,2.5,0.5,1.82,0.0,,1.0,10.92,1.0,1.0,0.0,0.0,1,2025-11-01 08:32:20.102174
2,2025-01-06 18:54:27,2025-01-06 18:58:29,N,1.0,75,74,1.0,0.99,6.5,2.5,0.5,2.1,0.0,,1.0,12.6,1.0,1.0,0.0,0.0,1,2025-11-01 08:32:20.102174
2,2025-01-06 17:41:32,2025-01-06 17:56:26,N,1.0,74,263,1.0,2.56,16.3,2.5,0.5,2.3,0.0,,1.0,25.35,1.0,1.0,2.75,0.0,1,2025-11-01 08:32:20.102174
2,2025-01-06 18:18:12,2025-01-06 18:22:05,N,1.0,43,236,2.0,0.74,5.8,2.5,0.5,2.0,0.0,,1.0,14.55,1.0,1.0,2.75,0.0,1,2025-11-01 08:32:20.102174
2,2025-01-06 18:17:38,2025-01-06 18:21:33,N,1.0,166,116,1.0,1.04,6.5,2.5,0.5,0.0,0.0,,1.0,10.5,1.0,1.0,0.0,0.0,1,2025-11-01 08:32:20.102174
2,2025-01-06 19:03:20,2025-01-06 19:12:00,N,1.0,236,262,1.0,1.51,10.0,2.5,0.5,1.4,0.0,,1.0,18.15,1.0,1.0,2.75,0.0,1,2025-11-01 08:32:20.102174
2,2025-01-06 18:11:08,2025-01-06 18:11:13,N,5.0,197,197,1.0,0.0,18.0,0.0,0.0,4.75,0.0,,1.0,23.75,1.0,2.0,0.0,0.0,1,2025-11-01 08:32:20.102174
2,2025-01-06 18:50:40,2025-01-06 19:02:22,N,1.0,130,134,2.0,2.18,13.5,2.5,0.5,0.0,0.0,,1.0,17.5,2.0,1.0,0.0,0.0,1,2025-11-01 08:32:20.102174
2,2025-01-06 18:13:26,2025-01-06 18:17:33,N,1.0,247,247,1.0,0.66,5.8,2.5,0.5,0.0,0.0,,1.0,9.8,2.0,1.0,0.0,0.0,1,2025-11-01 08:32:20.102174
2,2025-01-06 18:45:01,2025-01-06 19:02:07,N,1.0,43,224,1.0,5.17,24.7,2.5,0.5,4.0,0.0,,1.0,36.2,1.0,1.0,2.75,0.75,1,2025-11-01 08:32:20.102174
2,2025-01-06 18:12:05,2025-01-06 18:17:49,N,1.0,75,236,1.0,1.12,7.9,2.5,0.5,1.46,0.0,,1.0,16.11,1.0,1.0,2.75,0.0,1,2025-11-01 08:32:20.102174
2,2025-01-06 18:25:53,2025-01-06 18:31:20,N,1.0,75,236,1.0,0.87,7.2,2.5,0.5,2.09,0.0,,1.0,16.04,1.0,1.0,2.75,0.0,1,2025-11-01 08:32:20.102174
2,2025-01-06 18:44:15,2025-01-06 19:05:50,N,1.0,236,229,1.0,3.03,21.2,2.5,0.5,5.74,0.0,,1.0,34.44,1.0,1.0,2.75,0.75,1,2025-11-01 08:32:20.102174
2,2025-01-06 17:06:54,2025-01-06 17:33:27,N,1.0,74,200,2.0,7.97,35.2,2.5,0.5,8.48,3.18,,1.0,50.86,1.0,1.0,0.0,0.0,1,2025-11-01 08:32:20.102174
2,2025-01-06 18:34:44,2025-01-06 18:44:22,N,1.0,134,197,1.0,1.32,10.7,2.5,0.5,0.0,0.0,,1.0,14.7,2.0,1.0,0.0,0.0,1,2025-11-01 08:32:20.102174
2,2025-01-06 18:55:09,2025-01-06 19:04:12,N,1.0,43,238,1.0,1.32,10.7,2.5,0.5,2.94,0.0,,1.0,17.64,1.0,1.0,0.0,0.0,1,2025-11-01 08:32:20.102174
2,2025-01-06 18:49:56,2025-01-06 19:00:07,N,1.0,95,102,1.0,1.85,12.8,2.5,0.5,3.36,0.0,,1.0,20.16,1.0,1.0,0.0,0.0,1,2025-11-01 08:32:20.102174
2,2025-01-06 18:39:47,2025-01-06 18:46:21,N,1.0,134,28,1.0,0.95,7.9,2.5,0.5,2.38,0.0,,1.0,14.28,1.0,1.0,0.0,0.0,1,2025-11-01 08:32:20.102174
2,2025-01-06 18:46:01,2025-01-06 18:54:08,N,1.0,210,210,1.0,0.99,9.3,2.5,0.5,2.0,0.0,,1.0,15.3,1.0,1.0,0.0,0.0,1,2025-11-01 08:32:20.102174
2,2025-01-06 18:22:41,2025-01-06 18:36:55,N,1.0,74,152,1.0,2.38,14.9,2.5,0.5,4.72,0.0,,1.0,23.62,1.0,1.0,0.0,0.0,1,2025-11-01 08:32:20.102174
2,2025-01-06 18:08:00,2025-01-06 18:19:41,N,1.0,74,262,1.0,2.29,14.2,2.5,0.5,4.19,0.0,,1.0,25.14,1.0,1.0,2.75,0.0,1,2025-11-01 08:32:20.102174
2,2025-01-06 18:21:22,2025-01-06 18:26:12,N,1.0,95,95,1.0,1.06,7.2,2.5,0.5,2.24,0.0,,1.0,13.44,1.0,1.0,0.0,0.0,1,2025-11-01 08:32:20.102174
1,2025-01-06 18:08:09,2025-01-06 18:19:28,N,1.0,66,211,2.0,2.3,14.2,6.0,1.5,4.3,0.0,,1.0,26.0,1.0,1.0,2.75,0.75,1,2025-11-01 08:32:20.102174
2,2025-01-06 18:27:42,2025-01-06 18:31:09,N,1.0,43,236,1.0,0.58,5.8,2.5,0.5,2.51,0.0,,1.0,15.06,1.0,1.0,2.75,0.0,1,2025-11-01 08:32:20.102174
2,2025-01-06 18:35:11,2025-01-06 18:48:36,N,1.0,95,134,5.0,1.9,13.5,2.5,0.5,3.5,0.0,,1.0,21.0,1.0,1.0,0.0,0.0,1,2025-11-01 08:32:20.102174
2,2025-01-06 19:55:35,2025-01-06 20:02:34,N,1.0,65,49,1.0,0.93,7.9,2.5,0.5,1.19,0.0,,1.0,13.09,1.0,1.0,0.0,0.0,1,2025-11-01 08:32:20.102174
2,2025-01-06 19:35:45,2025-01-06 19:47:01,N,1.0,223,7,1.0,1.71,12.1,2.5,0.5,4.02,0.0,,1.0,20.12,1.0,1.0,0.0,0.0,1,2025-11-01 08:32:20.102174
2,2025-01-06 19:13:56,2025-01-06 19:32:30,N,1.0,74,143,1.0,4.26,21.9,2.5,0.5,8.38,0.0,,0.3,36.33,1.0,1.0,2.75,0.0,1,2025-11-01 08:32:20.102174
2,2025-01-06 19:37:27,2025-01-06 20:17:25,N,1.0,82,83,1.0,3.32,33.1,2.5,0.5,0.0,0.0,,1.0,37.1,2.0,1.0,0.0,0.0,1,2025-11-01 08:32:20.102174
2,2025-01-06 19:03:28,2025-01-06 19:20:39,N,1.0,83,7,1.0,2.16,16.3,2.5,0.5,0.0,0.0,,1.0,20.3,2.0,1.0,0.0,0.0,1,2025-11-01 08:32:20.102174
2,2025-01-06 19:31:10,2025-01-06 19:35:41,N,1.0,43,236,1.0,1.43,7.9,2.5,0.5,0.0,0.0,,1.0,14.65,2.0,1.0,2.75,0.0,1,2025-11-01 08:32:20.102174
2,2025-01-06 19:47:41,2025-01-06 19:52:16,N,1.0,75,236,1.0,0.69,6.5,2.5,0.5,1.0,0.0,,1.0,14.25,1.0,1.0,2.75,0.0,1,2025-11-01 08:32:20.102174
2,2025-01-06 19:55:52,2025-01-06 20:03:25,N,1.0,41,152,1.0,1.02,9.3,2.5,0.5,2.66,0.0,,1.0,15.96,1.0,1.0,0.0,0.0,1,2025-11-01 08:32:20.102174
1,2025-01-06 19:56:16,2025-01-06 20:05:18,N,1.0,65,49,1.0,1.7,10.7,1.0,1.5,2.6,0.0,,1.0,15.8,1.0,1.0,0.0,0.0,1,2025-11-01 08:32:20.102174
2,2025-01-06 19:01:48,2025-01-06 19:06:49,N,1.0,43,238,1.0,0.96,7.9,2.5,0.5,2.38,0.0,,1.0,14.28,1.0,1.0,0.0,0.0,1,2025-11-01 08:32:20.102174
2,2025-01-06 19:19:50,2025-01-06 19:27:53,N,1.0,75,141,1.0,1.55,10.0,2.5,0.5,3.35,0.0,,1.0,20.1,1.0,1.0,2.75,0.0,1,2025-11-01 08:32:20.102174
2,2025-01-06 19:18:56,2025-01-06 19:27:57,N,1.0,75,236,1.0,1.19,10.7,2.5,0.5,0.0,0.0,,1.0,17.45,2.0,1.0,2.75,0.0,1,2025-11-01 08:32:20.102174
2,2025-01-06 19:17:56,2025-01-06 19:23:10,N,1.0,7,7,1.0,0.59,6.5,2.5,0.5,2.0,0.0,,1.0,12.5,1.0,1.0,0.0,0.0,1,2025-11-01 08:32:20.102174
1,2025-01-06 19:52:21,2025-01-06 20:09:45,N,1.0,25,232,1.0,0.0,21.5,0.0,1.5,0.0,0.0,,1.0,23.0,1.0,1.0,0.0,0.0,1,2025-11-01 08:32:20.102174
2,2025-01-06 17:36:54,2025-01-06 17:42:14,N,1.0,75,236,1.0,0.94,7.2,2.5,0.5,4.18,0.0,,1.0,18.13,1.0,1.0,2.75,0.0,1,2025-11-01 08:32:20.102174
1,2025-01-06 19:11:43,2025-01-06 19:35:36,N,1.0,41,161,1.0,4.6,26.1,6.0,1.5,6.7,0.0,,1.0,40.3,1.0,1.0,2.75,0.75,1,2025-11-01 08:32:20.102174
1,2025-01-06 19:10:40,2025-01-06 19:16:14,N,1.0,75,236,2.0,1.1,7.9,5.25,1.5,2.9,0.0,,1.0,17.55,1.0,1.0,2.75,0.0,1,2025-11-01 08:32:20.102174
1,2025-01-06 19:33:36,2025-01-06 19:37:01,N,1.0,75,151,1.0,0.8,6.5,2.5,1.5,2.0,0.0,,1.0,12.5,1.0,1.0,0.0,0.0,1,2025-11-01 08:32:20.102174
2,2025-01-06 19:20:42,2025-01-06 19:33:53,N,1.0,75,263,1.0,1.62,12.8,2.5,0.5,3.91,0.0,,1.0,23.46,1.0,1.0,2.75,0.0,1,2025-11-01 08:32:20.102174
2,2025-01-06 19:39:48,2025-01-06 19:51:29,N,1.0,116,42,2.0,1.82,12.8,2.5,0.5,1.0,0.0,,1.0,17.8,1.0,1.0,0.0,0.0,1,2025-11-01 08:32:20.102174
2,2025-01-06 19:23:17,2025-01-06 19:31:27,N,1.0,43,236,1.0,1.12,9.3,2.5,0.5,3.21,0.0,,1.0,19.26,1.0,1.0,2.75,0.0,1,2025-11-01 08:32:20.102174
2,2025-01-06 19:54:32,2025-01-06 20:15:28,N,1.0,75,233,1.0,3.25,21.2,2.5,0.5,2.0,0.0,,1.0,30.7,1.0,1.0,2.75,0.75,1,2025-11-01 08:32:20.102174
2,2025-01-06 19:26:04,2025-01-06 19:36:50,N,1.0,65,49,2.0,1.13,10.0,2.5,0.5,2.8,0.0,,1.0,16.8,1.0,1.0,0.0,0.0,1,2025-11-01 08:32:20.102174
2,2025-01-06 19:13:12,2025-01-06 19:26:45,N,1.0,74,238,1.0,2.61,15.6,2.5,0.5,3.92,0.0,,1.0,23.52,1.0,1.0,0.0,0.0,1,2025-11-01 08:32:20.102174
2,2025-01-06 19:30:38,2025-01-06 19:40:08,N,1.0,43,262,1.0,1.52,10.7,2.5,0.5,3.49,0.0,,1.0,20.94,1.0,1.0,2.75,0.0,1,2025-11-01 08:32:20.102174
2,2025-01-06 19:04:24,2025-01-06 19:13:56,N,1.0,166,42,1.0,1.93,10.7,2.5,0.5,0.0,0.0,,1.0,14.7,2.0,1.0,0.0,0.0,1,2025-11-01 08:32:20.102174
2,2025-01-06 19:40:00,2025-01-06 20:00:03,N,1.0,166,161,1.0,4.94,24.7,2.5,0.5,0.0,0.0,,1.0,31.45,2.0,1.0,2.75,0.0,1,2025-11-01 08:32:20.102174
2,2025-01-06 19:12:19,2025-01-06 19:30:10,N,1.0,74,143,6.0,4.16,21.2,2.5,0.5,5.59,0.0,,1.0,33.54,1.0,1.0,2.75,0.0,1,2025-11-01 08:32:20.102174
2,2025-01-06 19:48:20,2025-01-06 19:59:07,N,1.0,166,74,6.0,1.96,12.1,2.5,0.5,0.0,0.0,,1.0,16.1,2.0,1.0,0.0,0.0,1,2025-11-01 08:32:20.102174
1,2025-01-06 19:49:00,2025-01-06 19:59:16,N,1.0,41,166,1.0,1.2,9.3,2.5,1.5,2.65,0.0,,1.0,15.95,1.0,1.0,0.0,0.0,1,2025-11-01 08:32:20.102174
2,2025-01-06 19:37:47,2025-01-06 19:52:52,N,1.0,74,141,1.0,3.11,17.7,2.5,0.5,4.89,0.0,,1.0,29.34,1.0,1.0,2.75,0.0,1,2025-11-01 08:32:20.102174
1,2025-01-06 19:21:55,2025-01-06 19:28:23,N,1.0,75,263,1.0,1.6,9.3,5.25,1.5,3.2,0.0,,1.0,19.25,1.0,1.0,2.75,0.0,1,2025-11-01 08:32:20.102174
2,2025-01-06 19:16:15,2025-01-06 19:27:42,N,1.0,223,146,1.0,1.76,12.8,2.5,0.5,0.0,0.0,,1.0,16.8,2.0,1.0,0.0,0.0,1,2025-11-01 08:32:20.102174
2,2025-01-06 19:26:15,2025-01-06 19:31:12,N,1.0,75,41,1.0,1.4,8.6,2.5,0.5,1.4,0.0,,1.0,14.0,1.0,1.0,0.0,0.0,1,2025-11-01 08:32:20.102174
1,2025-01-06 19:18:30,2025-01-06 19:24:10,N,1.0,75,74,1.0,1.4,8.6,2.5,1.5,2.5,0.0,,1.0,15.1,1.0,1.0,0.0,0.0,1,2025-11-01 08:32:20.102174
1,2025-01-06 19:32:43,2025-01-06 19:43:07,N,1.0,75,43,1.0,1.3,10.7,2.5,1.5,0.0,0.0,,1.0,14.7,1.0,1.0,0.0,0.0,1,2025-11-01 08:32:20.102174
1,2025-01-06 19:48:11,2025-01-06 19:57:56,N,1.0,75,237,1.0,1.8,12.8,5.25,1.5,2.35,0.0,,1.0,21.9,1.0,1.0,2.75,0.0,1,2025-11-01 08:32:20.102174
2,2025-01-06 19:29:17,2025-01-06 19:42:04,N,1.0,244,239,1.0,5.07,22.6,2.5,0.5,5.87,0.0,,1.0,35.22,1.0,1.0,2.75,0.0,1,2025-11-01 08:32:20.102174
2,2025-01-06 19:21:24,2025-01-06 19:41:02,N,1.0,43,48,1.0,3.73,21.2,2.5,0.5,4.0,0.0,,1.0,32.7,1.0,1.0,2.75,0.75,1,2025-11-01 08:32:20.102174
2,2025-01-06 18:59:58,2025-01-06 19:11:10,N,1.0,65,195,2.0,2.06,12.8,2.5,0.5,0.0,0.0,,1.0,16.8,2.0,1.0,0.0,0.0,1,2025-11-01 08:32:20.102174
2,2025-01-06 19:16:47,2025-01-06 19:30:49,N,1.0,75,141,1.0,2.16,15.6,2.5,0.5,0.0,0.0,,1.0,22.35,2.0,1.0,2.75,0.0,1,2025-11-01 08:32:20.102174
2,2025-01-06 19:12:36,2025-01-06 19:20:31,N,1.0,41,116,1.0,1.58,10.0,2.5,0.5,2.8,0.0,,1.0,16.8,1.0,1.0,0.0,0.0,1,2025-11-01 08:32:20.102174
2,2025-01-06 19:52:54,2025-01-06 20:04:14,N,1.0,129,83,1.0,1.68,12.1,2.5,0.5,0.0,0.0,,1.0,16.1,2.0,1.0,0.0,0.0,1,2025-11-01 08:32:20.102174
2,2025-01-06 19:18:43,2025-01-06 19:26:52,N,1.0,75,41,1.0,1.63,10.0,2.5,0.5,2.8,0.0,,1.0,16.8,1.0,1.0,0.0,0.0,1,2025-11-01 08:32:20.102174
2,2025-01-06 19:39:57,2025-01-06 19:48:57,N,1.0,75,263,1.0,1.67,10.7,2.5,0.5,3.49,0.0,,1.0,20.94,1.0,1.0,2.75,0.0,1,2025-11-01 08:32:20.102174
2,2025-01-06 19:17:02,2025-01-06 19:39:17,N,1.0,43,107,1.0,5.6,29.6,2.5,0.5,1.25,0.0,,1.0,38.35,1.0,1.0,2.75,0.75,1,2025-11-01 08:32:20.102174
2,2025-01-06 19:17:17,2025-01-06 19:29:18,N,1.0,43,239,1.0,2.05,13.5,2.5,0.5,4.05,0.0,,1.0,24.3,1.0,1.0,2.75,0.0,1,2025-11-01 08:32:20.102174
2,2025-01-06 19:50:12,2025-01-06 20:06:47,N,1.0,75,107,1.0,5.76,24.7,2.5,0.5,3.0,0.0,,1.0,35.2,1.0,1.0,2.75,0.75,1,2025-11-01 08:32:20.102174
2,2025-01-06 19:45:50,2025-01-06 19:54:21,N,1.0,129,138,1.0,3.76,17.0,7.5,0.5,0.0,0.0,,1.0,26.0,2.0,1.0,0.0,0.0,1,2025-11-01 08:32:20.102174
2,2025-01-06 19:16:39,2025-01-06 19:32:34,N,1.0,74,238,1.0,3.17,17.7,2.5,0.5,4.89,0.0,,1.0,29.34,1.0,1.0,2.75,0.0,1,2025-11-01 08:32:20.102174
1,2025-01-06 19:49:49,2025-01-06 19:56:04,N,1.0,74,75,1.0,1.6,10.0,2.5,1.5,5.0,0.0,,1.0,19.0,1.0,1.0,0.0,0.0,1,2025-11-01 08:32:20.102174
2,2025-01-06 19:18:58,2025-01-06 19:23:29,N,1.0,7,7,5.0,0.65,6.5,2.5,0.5,2.1,0.0,,1.0,12.6,1.0,1.0,0.0,0.0,1,2025-11-01 08:32:20.102174
2,2025-01-06 19:21:32,2025-01-06 19:30:21,N,1.0,66,65,5.0,1.39,10.0,2.5,0.5,2.8,0.0,,1.0,16.8,1.0,1.0,0.0,0.0,1,2025-11-01 08:32:20.102174
2,2025-01-06 19:59:03,2025-01-06 20:02:20,N,1.0,95,95,1.0,0.8,5.8,2.5,0.5,0.0,0.0,,1.0,9.8,2.0,1.0,0.0,0.0,1,2025-11-01 08:32:20.102174
1,2025-01-06 19:08:17,2025-01-06 19:23:04,N,1.0,74,141,1.0,2.6,14.9,5.25,1.5,4.3,0.0,,1.0,25.95,1.0,1.0,2.75,0.0,1,2025-11-01 08:32:20.102174
2,2025-01-06 19:00:29,2025-01-06 19:10:36,N,1.0,75,141,1.0,1.8,11.4,2.5,0.5,0.0,0.0,,1.0,18.15,2.0,1.0,2.75,0.0,1,2025-11-01 08:32:20.102174
2,2025-01-06 19:27:35,2025-01-06 19:33:00,N,1.0,75,236,1.0,1.07,7.2,2.5,0.5,1.0,0.0,,1.0,14.95,1.0,1.0,2.75,0.0,1,2025-11-01 08:32:20.102174
2,2025-01-06 19:48:41,2025-01-06 19:54:04,N,1.0,75,75,1.0,0.96,7.2,2.5,0.5,2.0,0.0,,1.0,13.2,1.0,1.0,0.0,0.0,1,2025-11-01 08:32:20.102174
2,2025-01-06 19:24:47,2025-01-06 19:28:39,N,1.0,97,97,1.0,0.23,5.8,2.5,0.5,0.0,0.0,,1.0,9.8,2.0,1.0,0.0,0.0,1,2025-11-01 08:32:20.102174
2,2025-01-06 19:16:02,2025-01-06 19:16:31,N,1.0,130,130,1.0,0.03,3.0,2.5,0.5,0.0,0.0,,1.0,7.0,2.0,1.0,0.0,0.0,1,2025-11-01 08:32:20.102174
2,2025-01-06 19:33:58,2025-01-06 20:00:04,N,1.0,130,45,1.0,13.9,53.4,2.5,0.5,0.0,0.0,,1.0,60.9,2.0,1.0,2.75,0.75,1,2025-11-01 08:32:20.102174
2,2025-01-06 19:39:53,2025-01-06 19:47:44,N,1.0,75,41,1.0,1.52,10.0,2.5,0.5,2.8,0.0,,1.0,16.8,1.0,1.0,0.0,0.0,1,2025-11-01 08:32:20.102174
2,2025-01-06 20:06:17,2025-01-06 20:21:05,N,1.0,66,144,1.0,2.81,17.0,2.5,0.5,0.0,0.0,,1.0,24.5,1.0,1.0,2.75,0.75,1,2025-11-01 08:32:20.102174
2,2025-01-06 19:19:03,2025-01-06 19:23:21,N,1.0,130,197,1.0,0.87,6.5,2.5,0.5,2.0,0.0,,1.0,12.5,1.0,1.0,0.0,0.0,1,2025-11-01 08:32:20.102174
2,2025-01-06 19:02:20,2025-01-06 19:18:21,N,1.0,243,194,1.0,5.41,25.4,2.5,0.5,0.0,6.94,,1.0,36.34,2.0,1.0,0.0,0.0,1,2025-11-01 08:32:20.102174
2,2025-01-06 19:12:37,2025-01-06 19:16:30,N,1.0,65,52,1.0,0.8,5.8,2.5,0.5,1.18,0.0,,1.0,10.98,1.0,1.0,0.0,0.0,1,2025-11-01 08:32:20.102174
2,2025-01-06 19:49:43,2025-01-06 19:52:20,N,1.0,25,40,1.0,0.72,5.1,2.5,0.5,1.82,0.0,,1.0,10.92,1.0,1.0,0.0,0.0,1,2025-11-01 08:32:20.102174
2,2025-01-06 19:31:40,2025-01-06 19:34:47,N,1.0,74,41,2.0,0.75,5.8,2.5,0.5,1.96,0.0,,1.0,11.76,1.0,1.0,0.0,0.0,1,2025-11-01 08:32:20.102174
2,2025-01-06 19:06:20,2025-01-06 19:11:43,N,1.0,75,74,1.0,1.38,8.6,2.5,0.5,0.0,0.0,,1.0,12.6,2.0,1.0,0.0,0.0,1,2025-11-01 08:32:20.102174
2,2025-01-06 19:06:10,2025-01-06 19:16:58,N,1.0,43,141,5.0,1.67,12.1,2.5,0.5,3.77,0.0,,1.0,22.62,1.0,1.0,2.75,0.0,1,2025-11-01 08:32:20.102174
2,2025-01-06 19:41:53,2025-01-06 19:55:08,N,1.0,75,262,5.0,1.86,14.2,2.5,0.5,2.0,0.0,,1.0,22.95,1.0,1.0,2.75,0.0,1,2025-11-01 08:32:20.102174
2,2025-01-06 19:11:01,2025-01-06 19:24:09,N,1.0,196,134,2.0,2.8,14.9,2.5,0.5,0.0,0.0,,1.0,18.9,2.0,1.0,0.0,0.0,1,2025-11-01 08:32:20.102174
2,2025-01-06 19:36:28,2025-01-06 19:52:08,N,1.0,74,237,1.0,2.96,17.7,2.5,0.5,2.5,0.0,,1.0,26.95,1.0,1.0,2.75,0.0,1,2025-11-01 08:32:20.102174
2,2025-01-06 19:06:11,2025-01-06 19:16:37,N,1.0,97,49,1.0,3.94,17.7,2.5,0.5,0.0,0.0,,1.0,21.7,2.0,1.0,0.0,0.0,1,2025-11-01 08:32:20.102174
2,2025-01-06 19:08:07,2025-01-06 19:22:13,N,1.0,74,141,1.0,0.62,12.8,2.5,0.5,1.0,0.0,,1.0,20.55,1.0,1.0,2.75,0.0,1,2025-11-01 08:32:20.102174
2,2025-01-06 19:20:38,2025-01-06 19:25:25,N,1.0,43,238,1.0,1.21,7.9,2.5,0.5,0.0,0.0,,1.0,11.9,2.0,1.0,0.0,0.0,1,2025-11-01 08:32:20.102174
2,2025-01-06 19:37:57,2025-01-06 19:50:56,N,1.0,43,161,1.0,2.58,15.6,2.5,0.5,0.0,0.0,,1.0,23.1,1.0,1.0,2.75,0.75,1,2025-11-01 08:32:20.102174
2,2025-01-06 19:31:57,2025-01-06 19:39:03,N,1.0,74,236,1.0,1.6,10.0,2.5,0.5,3.35,0.0,,1.0,20.1,1.0,1.0,2.75,0.0,1,2025-11-01 08:32:20.102174
2,2025-01-06 19:36:53,2025-01-06 19:44:23,N,1.0,74,41,1.0,1.28,9.3,2.5,0.5,2.66,0.0,,1.0,15.96,1.0,1.0,0.0,0.0,1,2025-11-01 08:32:20.102174
2,2025-01-06 17:38:12,2025-01-06 17:59:29,N,1.0,74,236,1.0,4.17,23.3,2.5,0.5,6.01,0.0,,1.0,36.06,1.0,1.0,2.75,0.0,1,2025-11-01 08:32:20.102174
2,2025-01-06 19:05:47,2025-01-06 19:11:48,N,1.0,74,41,1.0,1.24,7.9,2.5,0.5,2.08,0.0,,1.0,13.98,1.0,1.0,0.0,0.0,1,2025-11-01 08:32:20.102174
2,2025-01-06 19:55:32,2025-01-06 20:04:52,N,1.0,74,263,1.0,2.0,11.4,2.5,0.5,2.0,0.0,,1.0,20.15,1.0,1.0,2.75,0.0,1,2025-11-01 08:32:20.102174
2,2025-01-06 18:35:00,2025-01-06 18:47:00,N,1.0,74,116,1.0,2.12,13.5,2.5,0.5,0.0,0.0,,1.0,17.5,1.0,1.0,0.0,0.0,1,2025-11-01 08:32:20.102174
2,2025-01-06 19:10:15,2025-01-07 18:22:05,N,1.0,43,236,2.0,1.04,7.9,2.5,0.5,3.66,0.0,,1.0,18.31,1.0,1.0,2.75,0.0,1,2025-11-01 08:32:20.102174
2,2025-01-06 19:31:55,2025-01-06 19:39:50,N,1.0,43,239,2.0,2.03,11.4,2.5,0.5,3.09,0.0,,1.0,21.24,1.0,1.0,2.75,0.0,1,2025-11-01 08:32:20.102174
2,2025-01-06 19:32:59,2025-01-06 19:43:37,N,1.0,82,129,6.0,1.07,7.9,2.5,0.5,0.0,0.0,,1.0,11.9,2.0,1.0,0.0,0.0,1,2025-11-01 08:32:20.102174
2,2025-01-06 19:07:45,2025-01-06 19:18:02,N,1.0,82,129,1.0,1.1,10.7,2.5,0.5,2.0,0.0,,1.0,16.7,1.0,1.0,0.0,0.0,1,2025-11-01 08:32:20.102174
2,2025-01-06 19:24:11,2025-01-06 19:27:38,N,1.0,130,215,2.0,0.81,5.8,2.5,0.5,1.96,0.0,,1.0,11.76,1.0,1.0,0.0,0.0,1,2025-11-01 08:32:20.102174
2,2025-01-06 19:45:12,2025-01-06 19:52:17,N,1.0,130,10,2.0,2.19,11.4,2.5,0.5,2.0,0.0,,1.0,17.4,1.0,1.0,0.0,0.0,1,2025-11-01 08:32:20.102174
2,2025-01-06 19:39:18,2025-01-06 19:42:47,N,1.0,43,263,1.0,0.63,5.8,2.5,0.5,1.96,0.0,,1.0,11.76,1.0,1.0,0.0,0.0,1,2025-11-01 08:32:20.102174
2,2025-01-06 18:07:59,2025-01-06 18:28:15,N,1.0,74,141,2.0,3.35,19.8,2.5,0.5,1.5,0.0,,1.0,28.05,1.0,1.0,2.75,0.0,1,2025-11-01 08:32:20.102174
2,2025-01-06 18:43:09,2025-01-06 18:53:15,N,1.0,236,237,2.0,1.62,11.4,2.5,0.5,0.0,0.0,,1.0,18.15,2.0,1.0,2.75,0.0,1,2025-11-01 08:32:20.102174
2,2025-01-06 19:55:59,2025-01-06 20:01:26,N,1.0,134,134,1.0,0.99,7.2,2.5,0.5,0.0,0.0,,1.0,11.2,1.0,1.0,0.0,0.0,1,2025-11-01 08:32:20.102174
2,2025-01-06 19:28:41,2025-01-06 19:31:55,N,1.0,75,151,1.0,0.97,6.5,2.5,0.5,2.1,0.0,,1.0,12.6,1.0,1.0,0.0,0.0,1,2025-11-01 08:32:20.102174
2,2025-01-06 19:52:34,2025-01-06 20:00:49,N,1.0,134,121,1.0,1.68,11.4,2.5,0.5,3.08,0.0,,1.0,18.48,1.0,1.0,0.0,0.0,1,2025-11-01 08:32:20.102174
2,2025-01-06 19:06:26,2025-01-06 19:16:23,N,1.0,74,263,1.0,1.91,11.4,2.5,0.5,3.63,0.0,,1.0,21.78,1.0,1.0,2.75,0.0,1,2025-11-01 08:32:20.102174
2,2025-01-06 19:50:14,2025-01-06 20:00:29,N,1.0,74,116,1.0,1.97,12.1,2.5,0.5,3.22,0.0,,1.0,19.32,1.0,1.0,0.0,0.0,1,2025-11-01 08:32:20.102174
1,2025-01-06 19:24:25,2025-01-06 19:42:08,N,1.0,159,166,2.0,0.0,14.9,2.5,1.5,2.0,0.0,,1.0,20.9,1.0,1.0,0.0,0.0,1,2025-11-01 08:32:20.102174
2,2025-01-06 19:03:00,2025-01-06 19:07:29,N,1.0,33,52,1.0,0.57,5.8,2.5,0.5,0.0,0.0,,1.0,9.8,1.0,1.0,0.0,0.0,1,2025-11-01 08:32:20.102174
2,2025-01-06 19:12:34,2025-01-06 19:19:59,N,1.0,74,75,1.0,1.59,10.0,2.5,0.5,2.8,0.0,,1.0,16.8,1.0,1.0,0.0,0.0,1,2025-11-01 08:32:20.102174
2,2025-01-06 19:34:17,2025-01-06 19:49:04,N,1.0,75,244,1.0,5.8,25.4,2.5,0.5,0.0,0.0,,1.0,29.4,2.0,1.0,0.0,0.0,1,2025-11-01 08:32:20.102174
2,2025-01-06 19:54:33,2025-01-06 19:58:30,N,1.0,95,95,1.0,0.85,6.5,2.5,0.5,2.1,0.0,,1.0,12.6,1.0,1.0,0.0,0.0,1,2025-11-01 08:32:20.102174
2,2025-01-06 19:07:42,2025-01-06 19:10:58,N,1.0,42,42,5.0,0.6,5.8,2.5,0.5,0.0,0.0,,1.0,9.8,2.0,1.0,0.0,0.0,1,2025-11-01 08:32:20.102174
2,2025-01-06 20:39:59,2025-01-06 20:49:55,N,1.0,75,141,1.0,1.91,12.1,1.0,0.5,0.0,0.0,,1.0,17.35,2.0,1.0,2.75,0.0,1,2025-11-01 08:32:20.102174
2,2025-01-06 20:50:13,2025-01-06 21:11:45,N,1.0,226,68,1.0,4.22,24.0,1.0,0.5,0.0,0.0,,1.0,30.0,2.0,1.0,2.75,0.75,1,2025-11-01 08:32:20.102174
1,2025-01-06 20:49:07,2025-01-06 20:54:01,N,1.0,66,33,4.0,0.6,6.5,1.0,1.5,1.8,0.0,,1.0,10.8,1.0,1.0,0.0,0.0,1,2025-11-01 08:32:20.102174
2,2025-01-06 20:32:37,2025-01-06 20:40:33,N,1.0,75,263,1.0,1.25,10.0,1.0,0.5,3.05,0.0,,1.0,18.3,1.0,1.0,2.75,0.0,1,2025-11-01 08:32:20.102174
2,2025-01-06 20:06:37,2025-01-06 20:09:30,N,1.0,43,238,1.0,0.68,5.8,1.0,0.5,1.66,0.0,,1.0,9.96,1.0,1.0,0.0,0.0,1,2025-11-01 08:32:20.102174
2,2025-01-06 20:21:50,2025-01-06 20:38:02,N,1.0,75,163,2.0,4.55,22.6,1.0,0.5,5.72,0.0,,1.0,34.32,1.0,1.0,2.75,0.75,1,2025-11-01 08:32:20.102174
2,2025-01-06 20:29:46,2025-01-06 20:39:49,N,1.0,74,262,1.0,2.4,12.8,1.0,0.5,1.5,0.0,,1.0,19.55,1.0,1.0,2.75,0.0,1,2025-11-01 08:32:20.102174
2,2025-01-06 20:56:19,2025-01-06 21:12:23,N,1.0,7,7,1.0,3.5,18.4,1.0,0.5,0.0,0.0,,1.0,20.9,2.0,1.0,0.0,0.0,1,2025-11-01 08:32:20.102174
1,2025-01-06 20:18:08,2025-01-06 20:21:15,N,1.0,75,236,1.0,0.6,5.8,3.75,1.5,2.76,0.0,,1.0,13.81,1.0,1.0,2.75,0.0,1,2025-11-01 08:32:20.102174
1,2025-01-06 20:31:46,2025-01-06 20:39:11,N,1.0,75,237,1.0,1.6,10.7,3.75,1.5,3.15,0.0,,1.0,19.1,1.0,1.0,2.75,0.0,1,2025-11-01 08:32:20.102174
2,2025-01-06 20:14:52,2025-01-06 20:14:56,N,5.0,74,74,2.0,0.0,25.0,0.0,0.0,5.2,0.0,,1.0,31.2,1.0,2.0,0.0,0.0,1,2025-11-01 08:32:20.102174
2,2025-01-06 20:31:48,2025-01-06 20:44:54,N,1.0,75,142,1.0,2.47,15.6,1.0,0.5,3.13,0.0,,1.0,23.98,1.0,1.0,2.75,0.0,1,2025-11-01 08:32:20.102174
2,2025-01-06 20:37:07,2025-01-06 20:45:00,N,1.0,74,42,1.0,1.9,10.7,1.0,0.5,0.0,0.0,,1.0,13.2,1.0,1.0,0.0,0.0,1,2025-11-01 08:32:20.102174
2,2025-01-06 20:42:00,2025-01-06 20:47:27,N,1.0,75,41,2.0,1.13,7.9,1.0,0.5,2.6,0.0,,1.0,13.0,1.0,1.0,0.0,0.0,1,2025-11-01 08:32:20.102174
2,2025-01-06 20:26:04,2025-01-06 20:34:13,N,1.0,95,134,1.0,1.4,10.0,1.0,0.5,3.12,0.0,,1.0,15.62,1.0,1.0,0.0,0.0,1,2025-11-01 08:32:20.102174
2,2025-01-06 20:37:10,2025-01-06 20:48:13,N,1.0,82,226,1.0,2.58,14.9,1.0,0.5,2.0,0.0,,1.0,19.4,1.0,1.0,0.0,0.0,1,2025-11-01 08:32:20.102174
2,2025-01-06 20:38:41,2025-01-06 21:10:40,N,1.0,25,50,2.0,8.21,40.1,1.0,0.5,13.83,0.0,,1.0,59.93,1.0,1.0,2.75,0.75,1,2025-11-01 08:32:20.102174
2,2025-01-06 20:44:34,2025-01-06 20:54:40,N,1.0,41,244,1.0,2.34,12.8,1.0,0.5,0.0,0.0,,1.0,15.3,2.0,1.0,0.0,0.0,1,2025-11-01 08:32:20.102174
2,2025-01-06 19:02:38,2025-01-06 19:13:47,N,1.0,83,260,1.0,1.47,12.1,1.0,0.5,0.0,0.0,,1.0,14.6,2.0,1.0,0.0,0.0,1,2025-11-01 08:32:20.102174
1,2025-01-06 20:55:49,2025-01-06 21:03:46,Y,1.0,83,157,1.0,1.5,9.3,1.0,1.5,2.35,0.0,,1.0,14.15,1.0,1.0,0.0,0.0,1,2025-11-01 08:32:20.102174
2,2025-01-06 20:03:35,2025-01-06 20:14:08,N,1.0,95,95,1.0,1.71,11.4,1.0,0.5,2.78,0.0,,1.0,16.68,1.0,1.0,0.0,0.0,1,2025-11-01 08:32:20.102174
2,2025-01-06 20:40:39,2025-01-06 21:16:03,N,1.0,223,223,1.0,0.64,27.5,1.0,0.5,0.0,0.0,,1.0,30.0,2.0,1.0,0.0,0.0,1,2025-11-01 08:32:20.102174
2,2025-01-06 20:04:35,2025-01-06 20:10:47,N,1.0,166,151,1.0,0.8,7.2,1.0,0.5,0.0,0.0,,1.0,9.7,2.0,1.0,0.0,0.0,1,2025-11-01 08:32:20.102174
2,2025-01-06 20:24:03,2025-01-06 20:29:56,N,1.0,75,238,1.0,1.11,8.6,1.0,0.5,0.0,0.0,,1.0,11.1,2.0,1.0,0.0,0.0,1,2025-11-01 08:32:20.102174
2,2025-01-06 20:01:47,2025-01-06 20:08:18,N,1.0,66,33,5.0,0.73,7.2,1.0,0.5,0.0,0.0,,1.0,9.7,1.0,1.0,0.0,0.0,1,2025-11-01 08:32:20.102174
2,2025-01-06 20:06:59,2025-01-06 20:19:13,N,1.0,65,225,1.0,2.31,13.5,1.0,0.5,4.0,0.0,,1.0,20.0,1.0,1.0,0.0,0.0,1,2025-11-01 08:32:20.102174
2,2025-01-06 20:31:34,2025-01-06 20:38:27,N,1.0,95,196,1.0,0.79,7.9,1.0,0.5,0.0,0.0,,1.0,10.4,2.0,1.0,0.0,0.0,1,2025-11-01 08:32:20.102174
2,2025-01-06 20:19:23,2025-01-06 20:25:55,N,1.0,210,210,1.0,1.03,8.6,1.0,0.5,2.22,0.0,,1.0,13.32,1.0,1.0,0.0,0.0,1,2025-11-01 08:32:20.102174
2,2025-01-06 20:16:53,2025-01-06 20:25:37,N,1.0,75,42,1.0,1.84,10.7,1.0,0.5,2.64,0.0,,1.0,15.84,1.0,1.0,0.0,0.0,1,2025-11-01 08:32:20.102174
2,2025-01-06 20:09:04,2025-01-06 20:34:12,N,1.0,66,163,1.0,7.54,34.5,1.0,0.5,0.0,0.0,,1.0,40.5,1.0,1.0,2.75,0.75,1,2025-11-01 08:32:20.102174
2,2025-01-06 20:24:39,2025-01-06 20:33:25,N,1.0,65,189,1.0,1.68,11.4,1.0,0.5,2.78,0.0,,1.0,16.68,1.0,1.0,0.0,0.0,1,2025-11-01 08:32:20.102174
2,2025-01-06 20:17:59,2025-01-06 20:30:24,N,1.0,47,250,1.0,4.45,20.5,1.0,0.5,2.0,0.0,,1.0,25.0,1.0,1.0,0.0,0.0,1,2025-11-01 08:32:20.102174
2,2025-01-06 20:35:14,2025-01-06 20:43:27,N,1.0,65,181,1.0,1.56,10.0,1.0,0.5,3.12,0.0,,1.0,15.62,1.0,1.0,0.0,0.0,1,2025-11-01 08:32:20.102174
1,2025-01-06 20:53:10,2025-01-06 21:01:10,N,1.0,82,56,1.0,0.9,7.9,1.0,1.5,0.0,0.0,,1.0,10.4,2.0,1.0,0.0,0.0,1,2025-11-01 08:32:20.102174
2,2025-01-06 19:59:07,2025-01-06 20:07:47,N,1.0,130,10,1.0,1.44,10.0,1.0,0.5,0.0,0.0,,1.0,12.5,1.0,1.0,0.0,0.0,1,2025-11-01 08:32:20.102174
2,2025-01-06 20:31:56,2025-01-06 20:41:52,N,1.0,65,61,1.0,1.91,12.1,1.0,0.5,2.92,0.0,,1.0,17.52,1.0,1.0,0.0,0.0,1,2025-11-01 08:32:20.102174
2,2025-01-06 20:40:28,2025-01-06 20:46:51,N,1.0,33,25,1.0,0.89,7.9,1.0,0.5,2.6,0.0,,1.0,13.0,1.0,1.0,0.0,0.0,1,2025-11-01 08:32:20.102174
2,2025-01-06 20:00:28,2025-01-06 20:09:57,N,1.0,75,168,2.0,3.24,14.9,1.0,0.5,0.0,0.0,,1.0,17.4,2.0,1.0,0.0,0.0,1,2025-11-01 08:32:20.102174
2,2025-01-06 20:44:37,2025-01-06 20:49:18,N,1.0,75,238,5.0,1.08,7.2,1.0,0.5,2.0,0.0,,1.0,11.7,1.0,1.0,0.0,0.0,1,2025-11-01 08:32:20.102174
2,2025-01-06 20:16:52,2025-01-06 20:41:23,N,1.0,42,170,1.0,5.19,28.2,1.0,0.5,10.26,0.0,,1.0,44.46,1.0,1.0,2.75,0.75,1,2025-11-01 08:32:20.102174
2,2025-01-06 20:33:41,2025-01-06 20:42:38,N,1.0,74,151,1.0,1.37,10.7,1.0,0.5,3.3,0.0,,1.0,16.5,1.0,1.0,0.0,0.0,1,2025-11-01 08:32:20.102174
1,2025-01-06 20:45:21,2025-01-06 21:03:41,N,1.0,196,173,1.0,2.7,16.3,1.0,1.5,3.75,0.0,,1.0,22.55,1.0,1.0,0.0,0.0,1,2025-11-01 08:32:20.102174
2,2025-01-06 20:38:46,2025-01-06 20:42:09,N,1.0,75,238,1.0,1.13,7.2,1.0,0.5,1.5,0.0,,1.0,11.2,1.0,1.0,0.0,0.0,1,2025-11-01 08:32:20.102174
2,2025-01-06 20:57:46,2025-01-06 21:01:48,N,1.0,75,74,1.0,1.55,7.9,1.0,0.5,2.08,0.0,,1.0,12.48,1.0,1.0,0.0,0.0,1,2025-11-01 08:32:20.102174
2,2025-01-06 20:10:15,2025-01-06 20:19:28,N,1.0,74,262,1.0,2.75,14.2,1.0,0.5,3.89,0.0,,1.0,23.34,1.0,1.0,2.75,0.0,1,2025-11-01 08:32:20.102174
2,2025-01-06 20:30:29,2025-01-06 20:45:11,N,1.0,74,239,1.0,4.47,21.2,1.0,0.5,5.29,0.0,,1.0,31.74,1.0,1.0,2.75,0.0,1,2025-11-01 08:32:20.102174
2,2025-01-06 20:09:39,2025-01-06 20:14:11,N,1.0,75,74,1.0,1.26,7.9,1.0,0.5,2.08,0.0,,1.0,12.48,1.0,1.0,0.0,0.0,1,2025-11-01 08:32:20.102174
2,2025-01-06 20:29:50,2025-01-06 20:46:30,N,1.0,74,239,1.0,3.18,18.4,1.0,0.5,3.0,0.0,,1.0,26.65,1.0,1.0,2.75,0.0,1,2025-11-01 08:32:20.102174
2,2025-01-06 20:50:52,2025-01-06 20:59:09,N,1.0,75,262,1.0,1.37,9.3,1.0,0.5,2.91,0.0,,1.0,17.46,1.0,1.0,2.75,0.0,1,2025-11-01 08:32:20.102174
2,2025-01-06 20:38:16,2025-01-06 20:54:36,N,1.0,74,236,1.0,2.38,16.3,1.0,0.5,2.0,0.0,,1.0,23.55,1.0,1.0,2.75,0.0,1,2025-11-01 08:32:20.102174
2,2025-01-06 20:45:13,2025-01-06 20:45:27,N,5.0,65,65,1.0,0.07,30.0,0.0,0.0,0.0,0.0,,1.0,31.0,1.0,2.0,0.0,0.0,1,2025-11-01 08:32:20.102174
2,2025-01-06 20:08:24,2025-01-06 20:20:04,N,1.0,260,7,1.0,2.61,14.9,1.0,0.5,3.5,0.0,,1.0,20.9,1.0,1.0,0.0,0.0,1,2025-11-01 08:32:20.102174
2,2025-01-06 20:58:35,2025-01-06 21:06:06,N,1.0,134,197,1.0,1.4,9.3,1.0,0.5,2.0,0.0,,1.0,13.8,1.0,1.0,0.0,0.0,1,2025-11-01 08:32:20.102174
2,2025-01-06 20:08:47,2025-01-06 20:15:07,N,1.0,75,239,1.0,1.73,9.3,1.0,0.5,2.91,0.0,,1.0,17.46,1.0,1.0,2.75,0.0,1,2025-11-01 08:32:20.102174
2,2025-01-06 20:53:57,2025-01-06 21:00:08,N,1.0,43,236,1.0,1.21,8.6,1.0,0.5,2.77,0.0,,1.0,16.62,1.0,1.0,2.75,0.0,1,2025-11-01 08:32:20.102174
2,2025-01-06 20:21:14,2025-01-06 20:33:52,N,1.0,95,102,1.0,2.8,14.9,1.0,0.5,2.8,0.0,,1.0,20.2,1.0,1.0,0.0,0.0,1,2025-11-01 08:32:20.102174
2,2025-01-06 20:20:45,2025-01-06 20:32:19,N,1.0,74,239,1.0,2.97,14.9,1.0,0.5,4.03,0.0,,1.0,24.18,1.0,1.0,2.75,0.0,1,2025-11-01 08:32:20.102174
1,2025-01-06 20:54:26,2025-01-06 21:09:08,N,1.0,75,161,1.0,0.0,12.8,4.5,1.5,3.75,0.0,,1.0,22.55,1.0,1.0,2.75,0.75,1,2025-11-01 08:32:20.102174
2,2025-01-06 20:09:24,2025-01-06 20:15:50,N,1.0,196,95,1.0,0.98,7.9,1.0,0.5,2.08,0.0,,1.0,12.48,1.0,1.0,0.0,0.0,1,2025-11-01 08:32:20.102174
2,2025-01-06 20:07:59,2025-01-06 20:15:18,N,1.0,42,74,1.0,1.34,9.3,1.0,0.5,0.0,0.0,,1.0,11.8,2.0,1.0,0.0,0.0,1,2025-11-01 08:32:20.102174
2,2025-01-06 20:44:22,2025-01-06 20:55:01,N,1.0,95,131,1.0,3.73,17.7,1.0,0.5,4.04,0.0,,1.0,24.24,1.0,1.0,0.0,0.0,1,2025-11-01 08:32:20.102174
1,2025-01-06 20:18:16,2025-01-06 20:21:10,N,1.0,33,40,2.0,0.8,5.1,1.0,1.5,2.25,0.0,,1.0,9.85,1.0,1.0,0.0,0.0,1,2025-11-01 08:32:20.102174
1,2025-01-06 20:45:07,2025-01-06 20:53:07,N,1.0,40,66,2.0,1.6,9.3,1.0,1.5,3.0,0.0,,1.0,14.8,1.0,1.0,0.0,0.0,1,2025-11-01 08:32:20.102174
2,2025-01-06 21:40:00,2025-01-06 21:47:26,N,1.0,83,129,2.0,2.05,11.4,1.0,0.5,0.0,0.0,,1.0,13.9,1.0,1.0,0.0,0.0,1,2025-11-01 08:32:20.102174
2,2025-01-06 21:40:38,2025-01-06 21:50:38,N,1.0,74,238,1.0,2.25,12.8,1.0,0.5,3.06,0.0,,1.0,18.36,1.0,1.0,0.0,0.0,1,2025-11-01 08:32:20.102174
1,2025-01-06 21:38:20,2025-01-06 21:50:03,N,1.0,65,40,3.0,1.6,12.1,1.0,1.5,3.0,0.0,,1.0,17.6,1.0,1.0,0.0,0.0,1,2025-11-01 08:32:20.102174
2,2025-01-06 21:21:50,2025-01-06 21:36:09,N,1.0,41,142,1.0,3.5,17.7,1.0,0.5,4.59,0.0,,1.0,27.54,1.0,1.0,2.75,0.0,1,2025-11-01 08:32:20.102174
1,2025-01-06 21:56:52,2025-01-06 22:19:01,N,1.0,181,67,4.0,8.6,36.6,1.0,1.5,5.0,0.0,,1.0,44.1,1.0,1.0,0.0,0.0,1,2025-11-01 08:32:20.102174
2,2025-01-06 21:10:09,2025-01-06 21:43:20,N,1.0,7,7,1.0,4.15,30.3,1.0,0.5,0.0,0.0,,1.0,32.8,2.0,1.0,0.0,0.0,1,2025-11-01 08:32:20.102174
2,2025-01-06 19:34:39,2025-01-06 19:39:59,N,1.0,43,43,1.0,1.33,8.6,1.0,0.5,2.77,0.0,,1.0,16.62,1.0,1.0,2.75,0.0,1,2025-11-01 08:32:20.102174
2,2025-01-06 19:59:23,2025-01-06 20:07:23,N,1.0,75,262,1.0,1.8,10.7,1.0,0.5,1.0,0.0,,1.0,16.95,1.0,1.0,2.75,0.0,1,2025-11-01 08:32:20.102174
1,2025-01-06 21:09:14,2025-01-06 21:34:25,N,1.0,75,231,1.0,7.7,35.9,4.5,1.5,8.35,0.0,,1.0,50.25,1.0,1.0,2.75,0.75,1,2025-11-01 08:32:20.102174
2,2025-01-06 21:20:47,2025-01-06 21:28:54,N,1.0,75,142,1.0,2.3,12.1,1.0,0.5,2.0,0.0,,1.0,19.35,1.0,1.0,2.75,0.0,1,2025-11-01 08:32:20.102174
1,2025-01-06 21:14:37,2025-01-06 21:14:37,N,1.0,97,264,1.0,0.0,9.3,1.0,1.5,0.0,0.0,,1.0,11.8,2.0,1.0,0.0,0.0,1,2025-11-01 08:32:20.102174
1,2025-01-06 21:21:48,2025-01-06 21:21:48,N,1.0,97,97,0.0,1.2,9.3,1.0,1.5,2.35,0.0,,1.0,14.15,1.0,1.0,0.0,0.0,1,2025-11-01 08:32:20.102174
1,2025-01-06 21:46:53,2025-01-06 21:53:57,N,1.0,35,35,1.0,0.0,16.5,0.0,1.5,0.0,0.0,,1.0,18.0,1.0,1.0,0.0,0.0,1,2025-11-01 08:32:20.102174
2,2025-01-06 21:22:10,2025-01-06 21:34:10,N,1.0,130,122,1.0,2.93,15.6,1.0,0.5,0.0,0.0,,1.0,18.1,1.0,1.0,0.0,0.0,1,2025-11-01 08:32:20.102174
2,2025-01-06 21:57:35,2025-01-06 22:08:44,N,1.0,130,216,1.0,2.61,14.2,1.0,0.5,0.0,0.0,,1.0,16.7,2.0,1.0,0.0,0.0,1,2025-11-01 08:32:20.102174
2,2025-01-06 21:47:54,2025-01-06 22:06:25,N,1.0,75,246,3.0,5.25,25.4,1.0,0.5,0.0,0.0,,1.0,31.4,2.0,1.0,2.75,0.75,1,2025-11-01 08:32:20.102174
2,2025-01-06 21:09:36,2025-01-06 21:46:01,N,1.0,75,160,1.0,10.44,47.8,1.0,0.5,0.0,0.0,,1.0,53.8,2.0,1.0,2.75,0.75,1,2025-11-01 08:32:20.102174
2,2025-01-06 19:06:15,2025-01-06 19:20:45,N,1.0,82,57,1.0,4.49,22.6,1.0,0.5,0.0,0.0,,1.0,25.1,2.0,1.0,0.0,0.0,1,2025-11-01 08:32:20.102174
2,2025-01-06 21:17:17,2025-01-06 21:23:30,N,1.0,95,28,1.0,1.47,8.6,1.0,0.5,0.0,0.0,,1.0,11.1,2.0,1.0,0.0,0.0,1,2025-11-01 08:32:20.102174
2,2025-01-06 20:57:06,2025-01-06 21:03:04,N,1.0,7,179,1.0,1.16,7.9,1.0,0.5,2.08,0.0,,1.0,12.48,1.0,1.0,0.0,0.0,1,2025-11-01 08:32:20.102174
2,2025-01-06 21:16:13,2025-01-06 21:35:03,N,1.0,223,260,1.0,2.31,17.7,1.0,0.5,0.0,0.0,,1.0,20.2,2.0,1.0,0.0,0.0,1,2025-11-01 08:32:20.102174
2,2025-01-06 21:48:38,2025-01-06 22:09:36,N,1.0,129,129,1.0,2.41,18.4,1.0,0.5,0.0,0.0,,1.0,20.9,2.0,1.0,0.0,0.0,1,2025-11-01 08:32:20.102174
2,2025-01-06 20:59:39,2025-01-06 21:07:40,N,1.0,75,238,1.0,1.83,10.7,1.0,0.5,3.19,0.0,,1.0,19.14,1.0,1.0,2.75,0.0,1,2025-11-01 08:32:20.102174
2,2025-01-06 21:34:48,2025-01-06 21:40:57,N,1.0,75,262,1.0,1.31,7.9,1.0,0.5,0.0,0.0,,1.0,13.15,2.0,1.0,2.75,0.0,1,2025-11-01 08:32:20.102174
2,2025-01-06 21:12:33,2025-01-06 21:17:38,N,1.0,130,215,1.0,0.82,7.2,1.0,0.5,1.94,0.0,,1.0,11.64,1.0,1.0,0.0,0.0,1,2025-11-01 08:32:20.102174
2,2025-01-06 21:26:23,2025-01-06 21:34:31,N,1.0,74,74,1.0,1.24,9.3,1.0,0.5,0.0,0.0,,1.0,11.8,2.0,1.0,0.0,0.0,1,2025-11-01 08:32:20.102174
2,2025-01-06 21:31:17,2025-01-06 21:35:56,N,1.0,75,236,1.0,0.73,6.5,1.0,0.5,1.8,0.0,,1.0,10.8,1.0,1.0,0.0,0.0,1,2025-11-01 08:32:20.102174
2,2025-01-06 21:16:00,2025-01-06 21:19:47,N,1.0,179,223,2.0,0.75,6.5,1.0,0.5,0.0,0.0,,1.0,9.0,1.0,1.0,0.0,0.0,1,2025-11-01 08:32:20.102174
2,2025-01-06 21:39:13,2025-01-06 21:47:44,N,1.0,66,65,5.0,1.15,10.0,1.0,0.5,0.0,0.0,,1.0,12.5,2.0,1.0,0.0,0.0,1,2025-11-01 08:32:20.102174
2,2025-01-06 21:48:34,2025-01-06 22:02:09,N,5.0,181,255,2.0,4.38,55.0,0.0,0.0,10.0,0.0,,1.0,66.0,1.0,2.0,0.0,0.0,1,2025-11-01 08:32:20.102174
2,2025-01-06 21:32:49,2025-01-06 21:33:17,N,5.0,97,97,2.0,0.0,50.0,0.0,0.0,10.2,0.0,,1.0,61.2,1.0,2.0,0.0,0.0,1,2025-11-01 08:32:20.102174
2,2025-01-06 21:29:52,2025-01-06 21:41:13,N,1.0,97,40,1.0,1.67,12.1,1.0,0.5,3.65,0.0,,1.0,18.25,1.0,1.0,0.0,0.0,1,2025-11-01 08:32:20.102174
2,2025-01-06 21:33:39,2025-01-07 00:00:00,N,1.0,97,112,1.0,5.55,26.8,1.0,0.5,0.0,0.0,,1.0,29.3,2.0,1.0,0.0,0.0,1,2025-11-01 08:32:20.102174
2,2025-01-06 21:40:19,2025-01-06 21:45:01,N,1.0,61,225,1.0,0.86,7.2,1.0,0.5,0.05,0.0,,1.0,9.75,1.0,1.0,0.0,0.0,1,2025-11-01 08:32:20.102174
1,2025-01-06 21:11:21,2025-01-06 21:20:36,N,1.0,82,82,1.0,1.6,9.3,1.0,1.5,2.35,0.0,,1.0,14.15,1.0,1.0,0.0,0.0,1,2025-11-01 08:32:20.102174
2,2025-01-06 21:33:33,2025-01-06 21:52:48,N,1.0,97,37,1.0,3.35,19.8,1.0,0.5,4.46,0.0,,1.0,26.76,1.0,1.0,0.0,0.0,1,2025-11-01 08:32:20.102174
2,2025-01-06 21:06:55,2025-01-06 21:14:26,N,1.0,75,263,5.0,1.72,10.0,1.0,0.5,3.05,0.0,,1.0,18.3,1.0,1.0,2.75,0.0,1,2025-11-01 08:32:20.102174
2,2025-01-06 21:46:18,2025-01-06 21:52:04,N,1.0,75,42,4.0,1.67,9.3,1.0,0.5,2.0,0.0,,1.0,13.8,1.0,1.0,0.0,0.0,1,2025-11-01 08:32:20.102174
2,2025-01-06 20:50:47,2025-01-06 20:50:56,N,5.0,171,171,1.0,0.0,12.0,0.0,0.0,0.0,0.0,,1.0,13.0,1.0,2.0,0.0,0.0,1,2025-11-01 08:32:20.102174
2,2025-01-06 21:05:30,2025-01-06 21:19:22,N,1.0,97,106,1.0,2.11,14.9,1.0,0.5,3.48,0.0,,1.0,20.88,1.0,1.0,0.0,0.0,1,2025-11-01 08:32:20.102174
2,2025-01-06 21:49:55,2025-01-06 22:21:10,N,1.0,181,263,1.0,21.61,82.1,1.0,0.5,17.62,0.0,,1.0,105.72,1.0,1.0,2.75,0.75,1,2025-11-01 08:32:20.102174
2,2025-01-06 21:38:56,2025-01-06 22:00:55,N,1.0,75,68,1.0,6.61,30.3,1.0,0.5,7.26,0.0,,1.0,43.56,1.0,1.0,2.75,0.75,1,2025-11-01 08:32:20.102174
2,2025-01-06 21:17:20,2025-01-06 21:27:02,N,1.0,82,129,1.0,1.35,10.7,1.0,0.5,2.64,0.0,,1.0,15.84,1.0,1.0,0.0,0.0,1,2025-11-01 08:32:20.102174
2,2025-01-06 21:40:01,2025-01-06 21:48:31,N,1.0,82,138,1.0,3.71,17.0,6.0,0.5,0.0,0.0,,1.0,24.5,2.0,1.0,0.0,0.0,1,2025-11-01 08:32:20.102174
2,2025-01-06 21:34:57,2025-01-06 22:00:35,N,1.0,130,255,2.0,11.41,46.4,1.0,0.5,9.78,0.0,,1.0,58.68,1.0,1.0,0.0,0.0,1,2025-11-01 08:32:20.102174
2,2025-01-06 21:23:22,2025-01-06 21:39:02,N,1.0,74,238,1.0,3.45,18.4,1.0,0.5,4.73,0.0,,1.0,28.38,1.0,1.0,2.75,0.0,1,2025-11-01 08:32:20.102174
2,2025-01-06 21:51:26,2025-01-06 22:16:40,N,5.0,181,50,1.0,6.46,84.99,0.0,0.0,0.88,0.0,,1.0,90.37,1.0,2.0,2.75,0.75,1,2025-11-01 08:32:20.102174
2,2025-01-06 21:18:35,2025-01-06 21:28:48,N,1.0,130,130,1.0,2.18,12.8,1.0,0.5,0.0,0.0,,1.0,15.3,1.0,1.0,0.0,0.0,1,2025-11-01 08:32:20.102174
2,2025-01-06 21:18:12,2025-01-06 21:39:56,N,1.0,75,33,1.0,9.63,38.7,1.0,0.5,8.79,0.0,,1.0,52.74,1.0,1.0,2.75,0.0,1,2025-11-01 08:32:20.102174
2,2025-01-06 21:30:37,2025-01-06 21:34:51,N,1.0,95,95,1.0,0.96,6.5,1.0,0.5,1.8,0.0,,1.0,10.8,1.0,1.0,0.0,0.0,1,2025-11-01 08:32:20.102174
2,2025-01-06 21:25:42,2025-01-06 21:39:14,N,1.0,74,243,1.0,4.26,20.5,1.0,0.5,1.0,0.0,,1.0,24.0,1.0,1.0,0.0,0.0,1,2025-11-01 08:32:20.102174
2,2025-01-06 21:45:00,2025-01-06 21:51:05,N,1.0,33,54,1.0,0.76,7.2,1.0,0.5,0.0,0.0,,1.0,9.7,2.0,1.0,0.0,0.0,1,2025-11-01 08:32:20.102174
2,2025-01-06 21:26:31,2025-01-06 21:29:58,N,1.0,223,223,1.0,0.57,5.8,1.0,0.5,1.66,0.0,,1.0,9.96,1.0,1.0,0.0,0.0,1,2025-11-01 08:32:20.102174
2,2025-01-06 22:32:01,2025-01-06 22:37:37,N,1.0,75,74,1.0,1.22,8.6,1.0,0.5,0.0,0.0,,1.0,11.1,2.0,1.0,0.0,0.0,1,2025-11-01 08:32:20.102174
2,2025-01-06 22:57:04,2025-01-06 23:01:57,N,1.0,256,148,1.0,2.1,10.7,1.0,0.5,0.0,0.0,,1.0,16.7,2.0,1.0,2.75,0.75,1,2025-11-01 08:32:20.102174
1,2025-01-06 22:02:22,2025-01-06 22:12:48,N,1.0,260,179,1.0,3.5,17.0,1.0,1.5,0.0,0.0,,1.0,19.5,1.0,1.0,0.0,0.0,1,2025-11-01 08:32:20.102174
2,2025-01-06 22:18:59,2025-01-06 22:23:47,N,1.0,75,74,1.0,1.35,8.6,1.0,0.5,2.22,0.0,,1.0,13.32,1.0,1.0,0.0,0.0,1,2025-11-01 08:32:20.102174
2,2025-01-06 22:35:31,2025-01-06 22:39:51,N,1.0,75,236,1.0,1.11,7.2,1.0,0.5,2.49,0.0,,1.0,14.94,1.0,1.0,2.75,0.0,1,2025-11-01 08:32:20.102174
1,2025-01-06 22:40:02,2025-01-06 23:04:53,N,1.0,65,143,1.0,0.0,19.8,6.0,1.5,0.0,0.0,,1.0,27.3,2.0,1.0,2.75,0.75,1,2025-11-01 08:32:20.102174
2,2025-01-06 22:03:08,2025-01-06 22:04:23,N,1.0,43,236,1.0,0.46,4.4,1.0,0.5,0.0,0.0,,1.0,9.65,2.0,1.0,2.75,0.0,1,2025-11-01 08:32:20.102174
2,2025-01-06 22:46:34,2025-01-06 22:49:33,N,1.0,75,74,1.0,0.89,5.8,1.0,0.5,0.0,0.0,,1.0,8.3,1.0,1.0,0.0,0.0,1,2025-11-01 08:32:20.102174
2,2025-01-06 22:25:26,2025-01-06 22:41:00,N,1.0,130,205,1.0,3.47,18.4,1.0,0.5,12.8,0.0,,1.0,33.7,1.0,1.0,0.0,0.0,1,2025-11-01 08:32:20.102174
2,2025-01-06 22:18:41,2025-01-06 22:25:06,N,1.0,75,42,1.0,1.68,9.3,1.0,0.5,1.77,0.0,,1.0,13.57,1.0,1.0,0.0,0.0,1,2025-11-01 08:32:20.102174
2,2025-01-06 22:19:54,2025-01-06 22:29:33,N,1.0,129,83,1.0,1.06,10.0,1.0,0.5,0.0,0.0,,1.0,12.5,2.0,1.0,0.0,0.0,1,2025-11-01 08:32:20.102174
2,2025-01-06 22:37:22,2025-01-06 22:43:48,N,1.0,74,166,1.0,1.83,10.0,1.0,0.5,0.0,0.0,,1.0,12.5,1.0,1.0,0.0,0.0,1,2025-11-01 08:32:20.102174
2,2025-01-06 22:01:59,2025-01-06 22:07:01,N,1.0,7,7,5.0,0.82,7.2,1.0,0.5,1.94,0.0,,1.0,11.64,1.0,1.0,0.0,0.0,1,2025-11-01 08:32:20.102174
2,2025-01-06 22:44:52,2025-01-06 22:50:01,N,1.0,179,179,5.0,0.77,6.5,1.0,0.5,0.45,0.0,,1.0,9.45,1.0,1.0,0.0,0.0,1,2025-11-01 08:32:20.102174
2,2025-01-06 22:59:15,2025-01-06 22:59:17,N,5.0,264,264,1.0,0.01,50.0,0.0,0.0,0.0,0.0,,1.0,51.0,1.0,2.0,0.0,0.0,1,2025-11-01 08:32:20.102174
2,2025-01-06 22:25:29,2025-01-06 22:30:02,N,1.0,25,40,1.0,0.85,6.5,1.0,0.5,6.0,0.0,,1.0,15.0,1.0,1.0,0.0,0.0,1,2025-11-01 08:32:20.102174
2,2025-01-06 22:32:11,2025-01-06 22:47:22,N,1.0,97,181,1.0,2.47,16.3,1.0,0.5,4.7,0.0,,1.0,23.5,1.0,1.0,0.0,0.0,1,2025-11-01 08:32:20.102174
2,2025-01-06 22:52:38,2025-01-06 22:55:13,N,1.0,75,75,5.0,0.54,5.1,1.0,0.5,2.28,0.0,,1.0,9.88,1.0,1.0,0.0,0.0,1,2025-11-01 08:32:20.102174
2,2025-01-06 22:39:41,2025-01-07 19:52:08,N,1.0,74,244,1.0,4.22,20.5,1.0,0.5,3.45,0.0,,1.0,26.45,1.0,1.0,0.0,0.0,1,2025-11-01 08:32:20.102174
2,2025-01-06 22:55:00,2025-01-06 23:05:10,N,1.0,243,238,1.0,5.03,21.2,1.0,0.5,5.29,0.0,,1.0,31.74,1.0,1.0,2.75,0.0,1,2025-11-01 08:32:20.102174
2,2025-01-06 22:35:37,2025-01-06 22:49:43,N,5.0,181,225,1.0,2.91,25.0,0.0,0.0,7.8,0.0,,1.0,33.8,1.0,2.0,0.0,0.0,1,2025-11-01 08:32:20.102174
2,2025-01-06 22:07:26,2025-01-06 22:14:44,N,1.0,74,236,1.0,2.11,11.4,1.0,0.5,4.16,0.0,,1.0,20.81,1.0,1.0,2.75,0.0,1,2025-11-01 08:32:20.102174
2,2025-01-06 22:35:16,2025-01-06 22:45:35,N,1.0,74,116,1.0,2.34,13.5,1.0,0.5,3.2,0.0,,1.0,19.2,1.0,1.0,0.0,0.0,1,2025-11-01 08:32:20.102174
2,2025-01-06 22:56:31,2025-01-06 23:01:05,N,1.0,75,74,1.0,1.0,7.2,1.0,0.5,1.94,0.0,,1.0,11.64,1.0,1.0,0.0,0.0,1,2025-11-01 08:32:20.102174
2,2025-01-06 22:27:03,2025-01-06 22:36:31,N,1.0,82,129,1.0,1.16,10.7,1.0,0.5,3.3,0.0,,1.0,16.5,1.0,1.0,0.0,0.0,1,2025-11-01 08:32:20.102174
2,2025-01-06 22:50:56,2025-01-06 22:58:20,N,1.0,130,216,2.0,2.4,12.8,1.0,0.5,4.59,0.0,,1.0,19.89,1.0,1.0,0.0,0.0,1,2025-11-01 08:32:20.102174
2,2025-01-06 22:06:22,2025-01-06 22:25:25,N,1.0,74,239,1.0,2.86,19.1,1.0,0.5,4.87,0.0,,1.0,29.22,1.0,1.0,2.75,0.0,1,2025-11-01 08:32:20.102174
2,2025-01-06 22:53:07,2025-01-06 23:31:48,N,1.0,181,238,1.0,10.75,49.9,1.0,0.5,0.0,0.0,,1.0,55.9,2.0,1.0,2.75,0.75,1,2025-11-01 08:32:20.102174
2,2025-01-06 22:27:15,2025-01-06 22:40:25,N,1.0,130,205,1.0,3.34,17.0,1.0,0.5,0.0,0.0,,1.0,19.5,2.0,1.0,0.0,0.0,1,2025-11-01 08:32:20.102174
2,2025-01-06 22:57:55,2025-01-06 23:17:10,N,1.0,244,137,1.0,10.11,39.4,1.0,0.5,0.0,0.0,,1.0,44.65,1.0,1.0,2.75,0.0,1,2025-11-01 08:32:20.102174
2,2025-01-06 22:51:19,2025-01-06 22:51:24,N,1.0,82,82,1.0,0.0,3.0,1.0,0.5,5.0,0.0,,1.0,10.5,1.0,1.0,0.0,0.0,1,2025-11-01 08:32:20.102174
2,2025-01-06 22:29:16,2025-01-06 22:52:44,N,1.0,92,95,1.0,4.39,25.4,1.0,0.5,0.0,0.0,,1.0,27.9,1.0,1.0,0.0,0.0,1,2025-11-01 08:32:20.102174
2,2025-01-06 22:43:50,2025-01-06 22:53:27,N,1.0,95,56,1.0,3.35,16.3,1.0,0.5,0.07,0.0,,1.0,18.87,1.0,1.0,0.0,0.0,1,2025-11-01 08:32:20.102174
2,2025-01-06 22:30:25,2025-01-06 22:39:07,N,1.0,74,42,1.0,0.95,7.2,1.0,0.5,0.0,0.0,,1.0,9.7,2.0,1.0,0.0,0.0,1,2025-11-01 08:32:20.102174
2,2025-01-06 21:52:50,2025-01-06 22:02:54,N,1.0,74,262,1.0,2.66,13.5,1.0,0.5,0.0,0.0,,1.0,18.75,2.0,1.0,2.75,0.0,1,2025-11-01 08:32:20.102174
2,2025-01-06 22:22:35,2025-01-06 22:30:18,N,1.0,41,239,1.0,1.92,11.4,1.0,0.5,3.33,0.0,,1.0,19.98,1.0,1.0,2.75,0.0,1,2025-11-01 08:32:20.102174
2,2025-01-06 23:32:47,2025-01-06 23:50:07,N,1.0,260,112,1.0,4.6,23.3,1.0,0.5,3.87,0.0,,1.0,29.67,1.0,1.0,0.0,0.0,1,2025-11-01 08:32:20.102174
2,2025-01-06 23:20:10,2025-01-06 23:24:47,N,1.0,75,42,1.0,1.51,8.6,1.0,0.5,0.0,0.0,,1.0,11.1,1.0,1.0,0.0,0.0,1,2025-11-01 08:32:20.102174
2,2025-01-06 23:47:22,2025-01-07 00:01:47,N,1.0,97,89,1.0,3.18,17.7,1.0,0.5,0.0,0.0,,1.0,20.2,1.0,1.0,0.0,0.0,1,2025-11-01 08:32:20.102174
2,2025-01-06 23:13:14,2025-01-06 23:21:24,N,1.0,75,141,2.0,2.34,12.1,1.0,0.5,3.47,0.0,,1.0,20.82,1.0,1.0,2.75,0.0,1,2025-11-01 08:32:20.102174
1,2025-01-06 23:59:25,2025-01-07 00:06:50,N,1.0,260,7,0.0,1.6,10.0,1.0,1.5,3.75,0.0,,1.0,16.25,1.0,1.0,0.0,0.0,1,2025-11-01 08:32:20.102174
2,2025-01-06 21:15:15,2025-01-06 21:21:48,N,1.0,75,238,1.0,1.29,9.3,1.0,0.5,2.91,0.0,,1.0,17.46,1.0,1.0,2.75,0.0,1,2025-11-01 08:32:20.102174
2,2025-01-06 23:07:57,2025-01-06 23:12:17,N,1.0,75,74,1.0,1.26,7.9,1.0,0.5,1.04,0.0,,1.0,11.44,1.0,1.0,0.0,0.0,1,2025-11-01 08:32:20.102174
2,2025-01-06 23:05:53,2025-01-06 23:11:00,N,1.0,244,243,1.0,0.89,7.2,1.0,0.5,0.0,0.0,,1.0,9.7,2.0,1.0,0.0,0.0,1,2025-11-01 08:32:20.102174
2,2025-01-06 23:53:46,2025-01-07 00:04:06,N,1.0,75,238,1.0,1.93,12.1,1.0,0.5,3.47,0.0,,1.0,20.82,1.0,1.0,2.75,0.0,1,2025-11-01 08:32:20.102174
2,2025-01-06 23:27:37,2025-01-06 23:36:20,N,1.0,75,237,1.0,2.05,12.1,1.0,0.5,3.47,0.0,,1.0,20.82,1.0,1.0,2.75,0.0,1,2025-11-01 08:32:20.102174
2,2025-01-06 23:15:53,2025-01-06 23:24:06,N,1.0,75,143,1.0,2.41,12.1,1.0,0.5,2.6,0.0,,1.0,19.95,1.0,1.0,2.75,0.0,1,2025-11-01 08:32:20.102174
2,2025-01-06 23:47:03,2025-01-06 23:51:08,N,1.0,75,236,2.0,0.69,5.8,1.0,0.5,0.0,0.0,,1.0,11.05,2.0,1.0,2.75,0.0,1,2025-11-01 08:32:20.102174
2,2025-01-06 23:05:41,2025-01-06 23:11:57,N,1.0,134,197,1.0,1.17,8.6,1.0,0.5,0.0,0.0,,1.0,11.1,1.0,1.0,0.0,0.0,1,2025-11-01 08:32:20.102174
2,2025-01-06 23:17:40,2025-01-06 23:29:11,N,1.0,82,173,1.0,1.59,12.1,1.0,0.5,2.0,0.0,,1.0,16.6,1.0,1.0,0.0,0.0,1,2025-11-01 08:32:20.102174
2,2025-01-06 23:35:50,2025-01-06 23:56:26,N,1.0,181,89,1.0,4.04,23.3,1.0,0.5,5.16,0.0,,1.0,30.96,1.0,1.0,0.0,0.0,1,2025-11-01 08:32:20.102174
2,2025-01-06 23:23:17,2025-01-06 23:27:35,N,1.0,55,55,1.0,0.0,5.8,1.0,0.5,0.0,0.0,,1.0,8.3,2.0,1.0,0.0,0.0,1,2025-11-01 08:32:20.102174
2,2025-01-06 23:37:48,2025-01-06 23:52:56,N,1.0,75,247,5.0,5.37,24.0,1.0,0.5,5.3,0.0,,1.0,31.8,1.0,1.0,0.0,0.0,1,2025-11-01 08:32:20.102174
2,2025-01-06 23:03:45,2025-01-06 23:06:46,N,1.0,75,236,1.0,0.75,5.8,1.0,0.5,1.58,0.0,,1.0,12.63,1.0,1.0,2.75,0.0,1,2025-11-01 08:32:20.102174
2,2025-01-06 23:53:55,2025-01-07 00:01:29,N,1.0,74,75,1.0,1.58,10.0,1.0,0.5,2.5,0.0,,1.0,15.0,1.0,1.0,0.0,0.0,1,2025-11-01 08:32:20.102174
2,2025-01-06 23:22:33,2025-01-06 23:25:29,N,1.0,74,74,1.0,0.53,5.1,1.0,0.5,1.0,0.0,,1.0,8.6,1.0,1.0,0.0,0.0,1,2025-11-01 08:32:20.102174
2,2025-01-06 23:09:04,2025-01-06 23:20:10,N,1.0,130,205,1.0,2.39,13.5,1.0,0.5,3.2,0.0,,1.0,19.2,1.0,1.0,0.0,0.0,1,2025-11-01 08:32:20.102174
2,2025-01-06 23:35:31,2025-01-06 23:43:25,N,1.0,43,41,1.0,1.59,10.0,1.0,0.5,0.0,0.0,,1.0,12.5,1.0,1.0,0.0,0.0,1,2025-11-01 08:32:20.102174
2,2025-01-06 22:59:41,2025-01-06 23:02:19,N,1.0,134,134,1.0,0.51,5.1,1.0,0.5,2.28,0.0,,1.0,9.88,1.0,1.0,0.0,0.0,1,2025-11-01 08:32:20.102174
2,2025-01-06 23:23:58,2025-01-06 23:31:55,N,1.0,134,121,1.0,1.89,10.7,1.0,0.5,2.64,0.0,,1.0,15.84,1.0,1.0,0.0,0.0,1,2025-11-01 08:32:20.102174
2,2025-01-06 22:59:20,2025-01-06 22:59:26,N,5.0,210,210,1.0,0.0,10.0,0.0,0.0,0.0,0.0,,1.0,11.0,1.0,2.0,0.0,0.0,1,2025-11-01 08:32:20.102174
2,2025-01-06 22:59:01,2025-01-06 23:04:12,N,1.0,74,43,1.0,1.48,8.6,1.0,0.5,0.9,0.0,,1.0,12.0,1.0,1.0,0.0,0.0,1,2025-11-01 08:32:20.102174
2,2025-01-06 23:22:20,2025-01-06 23:30:46,N,1.0,74,236,1.0,2.11,12.1,1.0,0.5,0.0,0.0,,1.0,17.35,2.0,1.0,2.75,0.0,1,2025-11-01 08:32:20.102174
1,2025-01-06 23:13:37,2025-01-06 23:25:07,N,1.0,25,25,2.0,1.8,12.1,1.0,1.5,0.0,0.0,,1.0,14.6,2.0,1.0,0.0,0.0,1,2025-11-01 08:32:20.102174
2,2025-01-06 22:29:47,2025-01-06 22:41:50,N,1.0,74,244,1.0,3.65,18.4,1.0,0.5,4.18,0.0,,1.0,25.08,1.0,1.0,0.0,0.0,1,2025-11-01 08:32:20.102174
2,2025-01-06 19:34:10,2025-01-06 19:48:12,N,1.0,82,173,1.0,2.01,14.9,1.0,0.5,2.0,0.0,,1.0,19.4,1.0,1.0,0.0,0.0,1,2025-11-01 08:32:20.102174
2,2025-01-06 23:59:23,2025-01-07 00:07:05,N,1.0,130,130,1.0,0.85,7.2,1.0,0.5,0.0,0.0,,1.0,9.7,1.0,1.0,0.0,0.0,1,2025-11-01 08:32:20.102174
2,2025-01-06 23:54:28,2025-01-06 23:55:52,N,1.0,74,74,1.0,0.51,4.4,1.0,0.5,0.0,0.0,,1.0,6.9,1.0,1.0,0.0,0.0,1,2025-11-01 08:32:20.102174
2,2025-01-13 11:22:29,2025-01-13 11:22:31,N,5.0,185,264,0.0,0.0,10.0,0.0,0.0,0.01,0.0,,1.0,11.01,1.0,2.0,0.0,0.0,1,2025-11-01 08:32:20.102174
2,2025-01-13 19:09:39,2025-01-13 19:13:33,N,1.0,74,41,1.0,1.08,6.5,0.0,0.5,1.0,0.0,,1.0,9.0,1.0,1.0,0.0,0.0,1,2025-11-01 08:32:20.102174
2,2025-01-13 00:03:47,2025-01-13 00:10:41,N,1.0,223,7,1.0,1.53,9.3,1.0,0.5,2.36,0.0,,1.0,14.16,1.0,1.0,0.0,0.0,1,2025-11-01 08:32:20.102174
2,2025-01-13 00:35:39,2025-01-13 00:54:08,N,1.0,82,82,1.0,2.1,16.3,1.0,0.5,0.0,0.0,,1.0,18.8,2.0,1.0,0.0,0.0,1,2025-11-01 08:32:20.102174
2,2025-01-13 00:39:17,2025-01-13 01:03:10,N,1.0,240,265,1.0,4.65,20.5,1.0,0.5,0.0,0.0,,1.0,23.0,2.0,1.0,0.0,0.0,1,2025-11-01 08:32:20.102174
2,2025-01-13 00:46:14,2025-01-13 00:50:49,N,1.0,75,75,1.0,0.8,6.5,1.0,0.5,0.0,0.0,,1.0,9.0,2.0,1.0,0.0,0.0,1,2025-11-01 08:32:20.102174
2,2025-01-13 00:21:09,2025-01-13 00:32:12,N,1.0,95,102,1.0,2.0,12.8,1.0,0.5,4.59,0.0,,1.0,19.89,1.0,1.0,0.0,0.0,1,2025-11-01 08:32:20.102174
2,2025-01-13 00:48:45,2025-01-13 00:56:56,N,1.0,95,197,1.0,1.89,10.7,1.0,0.5,0.0,0.0,,1.0,13.2,2.0,1.0,0.0,0.0,1,2025-11-01 08:32:20.102174
2,2025-01-13 00:06:56,2025-01-13 00:15:30,N,1.0,42,243,1.0,4.14,18.4,1.0,0.5,4.18,0.0,,1.0,25.08,1.0,1.0,0.0,0.0,1,2025-11-01 08:32:20.102174
2,2025-01-13 00:39:04,2025-01-13 00:41:35,N,1.0,7,179,2.0,0.41,4.4,1.0,0.5,1.72,0.0,,1.0,8.62,1.0,1.0,0.0,0.0,1,2025-11-01 08:32:20.102174
2,2025-01-13 00:03:03,2025-01-13 00:16:49,N,1.0,41,7,1.0,4.86,21.2,1.0,0.5,0.0,6.94,,1.0,30.64,1.0,1.0,0.0,0.0,1,2025-11-01 08:32:20.102174
2,2025-01-13 01:02:46,2025-01-13 01:20:33,N,1.0,95,82,1.0,2.08,17.7,1.0,0.5,4.04,0.0,,1.0,24.24,1.0,1.0,0.0,0.0,1,2025-11-01 08:32:20.102174
2,2025-01-13 00:37:17,2025-01-13 00:37:22,N,5.0,210,210,1.0,0.0,9.0,0.0,0.0,2.5,0.0,,1.0,12.5,1.0,2.0,0.0,0.0,1,2025-11-01 08:32:20.102174
2,2025-01-13 00:14:40,2025-01-13 00:34:42,N,1.0,37,179,1.0,7.87,33.8,1.0,0.5,0.0,0.0,,1.0,36.3,1.0,1.0,0.0,0.0,1,2025-11-01 08:32:20.102174
2,2025-01-13 00:10:16,2025-01-13 00:16:58,N,1.0,82,56,2.0,1.18,8.6,1.0,0.5,0.0,0.0,,1.0,11.1,2.0,1.0,0.0,0.0,1,2025-11-01 08:32:20.102174
2,2025-01-13 00:05:52,2025-01-13 00:13:27,N,5.0,75,75,1.0,0.79,12.0,0.0,0.0,0.01,0.0,,1.0,13.01,1.0,2.0,0.0,0.0,1,2025-11-01 08:32:20.102174
2,2025-01-13 00:06:24,2025-01-13 00:13:52,N,1.0,74,75,1.0,1.0,8.6,1.0,0.5,0.0,0.0,,1.0,11.1,2.0,1.0,0.0,0.0,1,2025-11-01 08:32:20.102174
2,2025-01-13 01:53:44,2025-01-13 01:53:46,N,5.0,131,264,1.0,0.0,190.0,0.0,0.0,0.0,0.0,,1.0,191.0,2.0,2.0,0.0,0.0,1,2025-11-01 08:32:20.102174
2,2025-01-13 01:11:40,2025-01-13 01:11:59,N,1.0,95,95,1.0,0.05,3.0,1.0,0.5,0.0,0.0,,1.0,5.5,2.0,1.0,0.0,0.0,1,2025-11-01 08:32:20.102174
2,2025-01-13 01:45:11,2025-01-13 01:48:37,N,5.0,264,264,1.0,0.0,50.0,0.0,0.0,5.0,0.0,,1.0,56.0,1.0,2.0,0.0,0.0,1,2025-11-01 08:32:20.102174
1,2025-01-13 01:35:46,2025-01-13 01:37:00,N,1.0,18,18,1.0,0.0,3.0,1.0,1.5,0.0,0.0,,1.0,5.5,3.0,1.0,0.0,0.0,1,2025-11-01 08:32:20.102174
2,2025-01-13 01:26:17,2025-01-13 01:40:59,N,1.0,134,157,1.0,7.69,31.0,1.0,0.5,0.0,0.0,,1.0,33.5,2.0,1.0,0.0,0.0,1,2025-11-01 08:32:20.102174
2,2025-01-13 01:02:15,2025-01-13 01:13:36,N,1.0,244,166,1.0,4.13,18.4,1.0,0.5,0.0,0.0,,1.0,20.9,1.0,1.0,0.0,0.0,1,2025-11-01 08:32:20.102174
1,2025-01-13 02:59:22,2025-01-13 03:09:20,N,1.0,260,92,1.0,5.9,24.0,1.0,1.5,0.0,0.0,,1.0,26.5,2.0,1.0,0.0,0.0,1,2025-11-01 08:32:20.102174
2,2025-01-13 02:43:37,2025-01-13 02:52:45,N,1.0,129,157,1.0,1.46,8.5,0.5,0.5,0.0,0.0,,0.3,9.8,2.0,1.0,0.0,0.0,1,2025-11-01 08:32:20.102174
2,2025-01-13 02:07:46,2025-01-13 02:13:26,N,1.0,42,41,1.0,1.33,9.3,1.0,0.5,2.36,0.0,,1.0,14.16,1.0,1.0,0.0,0.0,1,2025-11-01 08:32:20.102174
2,2025-01-13 02:38:37,2025-01-13 02:46:58,N,1.0,92,252,1.0,2.37,12.1,1.0,0.5,4.38,0.0,,1.0,18.98,1.0,1.0,0.0,0.0,1,2025-11-01 08:32:20.102174
2,2025-01-13 03:06:44,2025-01-13 03:14:38,N,1.0,244,244,1.0,0.95,8.6,1.0,0.5,0.0,0.0,,1.0,11.1,2.0,1.0,0.0,0.0,1,2025-11-01 08:32:20.102174
2,2025-01-13 03:49:13,2025-01-13 04:02:50,N,1.0,127,254,1.0,4.97,22.6,1.0,0.5,0.0,0.0,,1.0,25.1,2.0,1.0,0.0,0.0,1,2025-11-01 08:32:20.102174
2,2025-01-13 03:28:41,2025-01-13 03:31:49,N,1.0,82,260,1.0,0.6,5.1,1.0,0.5,1.52,0.0,,1.0,9.12,1.0,1.0,0.0,0.0,1,2025-11-01 08:32:20.102174
2,2025-01-13 03:54:27,2025-01-13 04:10:52,N,1.0,92,260,1.0,6.12,26.1,1.0,0.5,0.0,0.0,,1.0,28.6,2.0,1.0,0.0,0.0,1,2025-11-01 08:32:20.102174
2,2025-01-13 03:39:45,2025-01-13 03:49:04,N,1.0,129,138,1.0,3.92,18.4,6.0,0.5,5.18,0.0,,1.0,31.08,1.0,1.0,0.0,0.0,1,2025-11-01 08:32:20.102174
2,2025-01-13 03:26:23,2025-01-13 03:40:45,N,1.0,127,142,1.0,7.98,32.4,1.0,0.5,7.53,0.0,,1.0,45.18,1.0,1.0,2.75,0.0,1,2025-11-01 08:32:20.102174
2,2025-01-13 03:55:28,2025-01-13 03:55:30,N,5.0,264,264,1.0,0.0,10.0,0.0,0.0,0.0,0.0,,1.0,11.0,1.0,2.0,0.0,0.0,1,2025-11-01 08:32:20.102174
2,2025-01-13 04:14:17,2025-01-13 04:15:19,N,5.0,82,82,1.0,0.0,19.0,0.0,0.0,0.0,0.0,,1.0,20.0,2.0,2.0,0.0,0.0,1,2025-11-01 08:32:20.102174
2,2025-01-13 04:54:20,2025-01-13 05:03:39,N,1.0,223,134,1.0,6.94,27.5,1.0,0.5,0.0,0.0,,1.0,30.0,2.0,1.0,0.0,0.0,1,2025-11-01 08:32:20.102174
2,2025-01-13 04:39:39,2025-01-13 04:54:09,N,1.0,127,47,4.0,4.47,21.9,1.0,0.5,0.0,0.0,,1.0,24.4,2.0,1.0,0.0,0.0,1,2025-11-01 08:32:20.102174
2,2025-01-13 05:08:11,2025-01-13 05:19:53,N,1.0,129,223,1.0,3.02,16.3,1.0,0.5,0.0,0.0,,1.0,18.8,2.0,1.0,0.0,0.0,1,2025-11-01 08:32:20.102174
2,2025-01-13 03:59:23,2025-01-13 04:14:44,N,1.0,95,132,1.0,7.32,29.6,1.0,0.5,3.0,0.0,,1.0,35.1,1.0,1.0,0.0,0.0,1,2025-11-01 08:32:20.102174
2,2025-01-13 04:32:33,2025-01-13 04:40:07,N,1.0,82,138,1.0,3.83,12.5,5.5,0.5,3.76,0.0,,0.3,22.56,1.0,1.0,0.0,0.0,1,2025-11-01 08:32:20.102174
2,2025-01-13 05:02:58,2025-01-13 05:15:01,N,1.0,75,164,1.0,4.13,17.7,1.0,0.5,0.0,0.0,,1.0,23.7,2.0,1.0,2.75,0.75,1,2025-11-01 08:32:20.102174
2,2025-01-13 05:13:12,2025-01-13 05:17:33,N,1.0,223,129,1.0,1.79,10.0,1.0,0.5,0.0,0.0,,1.0,12.5,2.0,1.0,0.0,0.0,1,2025-11-01 08:32:20.102174
2,2025-01-13 05:30:23,2025-01-13 05:30:25,N,5.0,264,264,5.0,0.0,20.0,0.0,0.0,4.2,0.0,,1.0,25.2,1.0,2.0,0.0,0.0,1,2025-11-01 08:32:20.102174
1,2025-01-13 05:41:25,2025-01-13 06:02:31,N,1.0,213,75,1.0,0.0,27.5,0.0,1.5,0.0,0.0,,1.0,29.0,1.0,1.0,0.0,0.0,1,2025-11-01 08:32:20.102174
2,2025-01-13 05:15:14,2025-01-13 05:21:49,N,1.0,129,223,1.0,1.66,10.0,1.0,0.5,0.0,0.0,,1.0,12.5,2.0,1.0,0.0,0.0,1,2025-11-01 08:32:20.102174
1,2025-01-13 05:36:46,2025-01-13 05:49:16,N,1.0,129,95,0.0,3.2,15.6,1.0,1.5,0.0,0.0,,1.0,18.1,4.0,1.0,0.0,0.0,1,2025-11-01 08:32:20.102174
2,2025-01-13 05:09:32,2025-01-13 05:27:38,N,1.0,95,258,1.0,2.87,19.1,1.0,0.5,4.32,0.0,,1.0,25.92,1.0,1.0,0.0,0.0,1,2025-11-01 08:32:20.102174
2,2025-01-13 05:09:45,2025-01-13 05:09:49,N,5.0,82,82,1.0,0.0,59.0,0.0,0.0,0.0,0.0,,1.0,60.0,1.0,2.0,0.0,0.0,1,2025-11-01 08:32:20.102174
2,2025-01-13 05:13:25,2025-01-13 05:27:12,N,1.0,129,127,1.0,9.48,36.6,1.0,0.5,0.0,6.94,,1.0,46.04,2.0,1.0,0.0,0.0,1,2025-11-01 08:32:20.102174
2,2025-01-13 05:11:36,2025-01-13 05:11:40,N,5.0,243,243,1.0,0.14,26.0,0.0,0.0,0.0,0.0,,1.0,27.0,1.0,2.0,0.0,0.0,1,2025-11-01 08:32:20.102174
2,2025-01-13 05:49:00,2025-01-13 05:55:41,N,1.0,7,7,1.0,1.17,8.6,0.0,0.5,3.03,0.0,,1.0,13.13,1.0,1.0,0.0,0.0,1,2025-11-01 08:32:20.102174
2,2025-01-13 06:12:10,2025-01-13 06:17:56,N,1.0,74,43,1.0,1.4,8.6,0.0,0.5,0.0,0.0,,1.0,10.1,2.0,1.0,0.0,0.0,1,2025-11-01 08:32:20.102174
2,2025-01-13 06:37:46,2025-01-13 06:44:03,N,1.0,74,43,1.0,1.5,8.6,0.0,0.5,0.5,0.0,,1.0,10.6,1.0,1.0,0.0,0.0,1,2025-11-01 08:32:20.102174
2,2025-01-13 06:58:07,2025-01-13 07:04:37,N,1.0,74,75,1.0,1.28,8.6,0.0,0.5,2.02,0.0,,1.0,12.12,1.0,1.0,0.0,0.0,1,2025-11-01 08:32:20.102174
1,2025-01-13 06:49:03,2025-01-13 06:56:12,N,1.0,74,152,1.0,1.4,8.6,0.0,1.5,1.0,0.0,,1.0,11.1,1.0,1.0,0.0,0.0,1,2025-11-01 08:32:20.102174
2,2025-01-13 06:19:31,2025-01-13 06:24:29,N,1.0,74,75,1.0,1.36,7.9,0.0,0.5,0.0,0.0,,1.0,9.4,2.0,1.0,0.0,0.0,1,2025-11-01 08:32:20.102174
2,2025-01-13 06:48:51,2025-01-13 06:55:49,N,1.0,74,43,1.0,1.37,9.3,0.0,0.5,1.0,0.0,,1.0,11.8,1.0,1.0,0.0,0.0,1,2025-11-01 08:32:20.102174
2,2025-01-13 06:08:28,2025-01-13 06:17:33,N,1.0,74,42,1.0,1.15,10.0,0.0,0.5,2.3,0.0,,1.0,13.8,1.0,1.0,0.0,0.0,1,2025-11-01 08:32:20.102174
2,2025-01-13 06:37:37,2025-01-13 06:49:52,N,1.0,74,42,1.0,1.76,12.8,0.0,0.5,2.0,0.0,,1.0,16.3,1.0,1.0,0.0,0.0,1,2025-11-01 08:32:20.102174
2,2025-01-13 06:48:43,2025-01-13 07:00:47,N,1.0,74,166,1.0,1.91,12.8,0.0,0.5,2.86,0.0,,1.0,17.16,1.0,1.0,0.0,0.0,1,2025-11-01 08:32:20.102174
2,2025-01-13 06:52:46,2025-01-13 07:00:10,N,1.0,74,43,1.0,1.41,9.3,0.0,0.5,2.16,0.0,,1.0,12.96,1.0,1.0,0.0,0.0,1,2025-11-01 08:32:20.102174
2,2025-01-13 06:27:53,2025-01-13 06:43:29,N,1.0,74,43,1.0,1.42,14.2,0.0,0.5,0.0,0.0,,1.0,15.7,2.0,1.0,0.0,0.0,1,2025-11-01 08:32:20.102174
1,2025-01-13 06:01:07,2025-01-13 06:35:25,N,1.0,254,231,1.0,0.0,48.5,0.0,1.5,0.0,6.94,,1.0,56.94,1.0,1.0,0.0,0.0,1,2025-11-01 08:32:20.102174
2,2025-01-13 06:08:55,2025-01-13 06:15:45,N,1.0,74,74,1.0,0.0,7.2,0.0,0.5,1.74,0.0,,1.0,10.44,1.0,1.0,0.0,0.0,1,2025-11-01 08:32:20.102174
2,2025-01-13 06:44:37,2025-01-13 06:55:44,N,1.0,74,140,1.0,0.0,10.0,0.0,0.5,1.42,0.0,,1.0,15.67,1.0,1.0,2.75,0.0,1,2025-11-01 08:32:20.102174
2,2025-01-13 06:44:57,2025-01-13 06:52:08,N,1.0,74,41,1.0,1.29,9.3,0.0,0.5,2.16,0.0,,1.0,12.96,1.0,1.0,0.0,0.0,1,2025-11-01 08:32:20.102174
2,2025-01-13 06:43:35,2025-01-13 06:50:39,N,1.0,75,166,1.0,1.64,10.0,0.0,0.5,1.72,0.0,,1.0,13.22,1.0,1.0,0.0,0.0,1,2025-11-01 08:32:20.102174
1,2025-01-13 06:12:22,2025-01-13 06:16:28,N,1.0,74,75,1.0,1.4,7.9,0.0,1.5,1.85,0.0,,1.0,11.25,1.0,1.0,0.0,0.0,1,2025-11-01 08:32:20.102174
1,2025-01-13 06:38:03,2025-01-13 06:44:08,N,1.0,74,236,1.0,1.8,9.3,2.75,1.5,2.03,0.0,,1.0,15.58,1.0,1.0,2.75,0.0,1,2025-11-01 08:32:20.102174
1,2025-01-13 06:47:17,2025-01-13 06:49:44,N,1.0,75,238,1.0,1.0,5.8,0.0,1.5,1.8,0.0,,1.0,9.1,1.0,1.0,0.0,0.0,1,2025-11-01 08:32:20.102174
2,2025-01-13 06:55:50,2025-01-13 07:01:00,N,1.0,74,75,1.0,1.22,7.9,0.0,0.5,1.88,0.0,,1.0,11.28,1.0,1.0,0.0,0.0,1,2025-11-01 08:32:20.102174
2,2025-01-13 06:07:13,2025-01-13 06:11:39,N,1.0,74,75,1.0,1.36,7.9,0.0,0.5,1.0,0.0,,1.0,10.4,1.0,1.0,0.0,0.0,1,2025-11-01 08:32:20.102174
2,2025-01-13 06:17:36,2025-01-13 06:21:06,N,1.0,74,75,1.0,0.83,6.5,0.0,0.5,2.0,0.0,,1.0,10.0,1.0,1.0,0.0,0.0,1,2025-11-01 08:32:20.102174
2,2025-01-13 06:46:36,2025-01-13 06:53:01,N,1.0,74,75,1.0,1.38,8.6,0.0,0.5,2.52,0.0,,1.0,12.62,1.0,1.0,0.0,0.0,1,2025-11-01 08:32:20.102174
2,2025-01-13 06:12:47,2025-01-13 06:25:26,N,1.0,74,138,1.0,6.71,27.5,5.0,0.5,10.24,6.94,,1.0,51.18,1.0,1.0,0.0,0.0,1,2025-11-01 08:32:20.102174
2,2025-01-13 06:51:11,2025-01-13 06:56:56,N,1.0,74,74,1.0,0.79,7.2,0.0,0.5,1.3,0.0,,1.0,10.0,1.0,1.0,0.0,0.0,1,2025-11-01 08:32:20.102174
2,2025-01-13 06:30:15,2025-01-13 06:35:28,N,1.0,74,75,1.0,1.17,7.2,0.0,0.5,1.74,0.0,,1.0,10.44,1.0,1.0,0.0,0.0,1,2025-11-01 08:32:20.102174
2,2025-01-13 06:57:53,2025-01-13 07:06:07,N,1.0,74,236,1.0,1.5,10.0,0.0,0.5,2.3,0.0,,1.0,13.8,1.0,1.0,0.0,0.0,1,2025-11-01 08:32:20.102174
2,2025-01-13 06:12:51,2025-01-13 06:35:50,N,1.0,196,162,1.0,7.22,31.0,0.0,0.5,0.0,0.0,,1.0,36.0,2.0,1.0,2.75,0.75,1,2025-11-01 08:32:20.102174
2,2025-01-13 06:38:48,2025-01-13 06:53:13,N,1.0,74,138,1.0,6.67,28.2,5.0,0.5,8.33,6.94,,1.0,49.97,1.0,1.0,0.0,0.0,1,2025-11-01 08:32:20.102174
2,2025-01-13 07:07:38,2025-01-13 07:23:19,N,1.0,75,168,1.0,2.79,16.3,0.0,0.5,0.0,0.0,,1.0,17.8,2.0,1.0,0.0,0.0,1,2025-11-01 08:32:20.102174
2,2025-01-13 06:22:50,2025-01-13 06:27:16,N,1.0,74,75,1.0,1.41,7.9,0.0,0.5,1.5,0.0,,1.0,10.9,1.0,1.0,0.0,0.0,1,2025-11-01 08:32:20.102174
2,2025-01-13 06:38:55,2025-01-13 07:19:07,N,1.0,74,58,1.0,9.54,47.1,0.0,0.5,0.0,0.0,,1.0,48.6,1.0,1.0,0.0,0.0,1,2025-11-01 08:32:20.102174
2,2025-01-13 06:51:01,2025-01-13 06:57:09,N,1.0,74,43,1.0,1.39,8.6,0.0,0.5,0.0,0.0,,1.0,10.1,1.0,1.0,0.0,0.0,1,2025-11-01 08:32:20.102174
2,2025-01-13 06:53:07,2025-01-13 07:01:00,N,1.0,74,75,1.0,1.48,10.0,0.0,0.5,2.0,0.0,,1.0,13.5,1.0,1.0,0.0,0.0,1,2025-11-01 08:32:20.102174
2,2025-01-13 06:19:14,2025-01-13 06:43:33,N,1.0,244,45,1.0,10.38,41.5,0.0,0.5,0.0,0.0,,1.0,46.5,2.0,1.0,2.75,0.75,1,2025-11-01 08:32:20.102174
2,2025-01-13 06:41:09,2025-01-13 06:59:53,N,1.0,179,169,1.0,7.78,33.1,0.0,0.5,0.0,6.94,,1.0,41.54,2.0,1.0,0.0,0.0,1,2025-11-01 08:32:20.102174
2,2025-01-13 07:09:38,2025-01-13 07:21:28,N,1.0,74,75,1.0,1.5,12.1,0.0,0.5,0.5,0.0,,1.0,14.1,1.0,1.0,0.0,0.0,1,2025-11-01 08:32:20.102174
2,2025-01-13 07:38:34,2025-01-13 07:51:45,N,1.0,74,75,1.0,1.22,12.1,0.0,0.5,2.72,0.0,,1.0,16.32,1.0,1.0,0.0,0.0,1,2025-11-01 08:32:20.102174
2,2025-01-13 07:12:52,2025-01-13 07:22:55,N,1.0,74,42,1.0,1.8,12.1,0.0,0.5,0.0,0.0,,1.0,13.6,1.0,1.0,0.0,0.0,1,2025-11-01 08:32:20.102174
2,2025-01-13 07:47:32,2025-01-13 08:05:12,N,1.0,74,75,1.0,1.61,16.3,0.0,0.5,2.0,0.0,,1.0,19.8,1.0,1.0,0.0,0.0,1,2025-11-01 08:32:20.102174
1,2025-01-13 07:33:45,2025-01-13 07:44:07,N,1.0,74,74,1.0,1.1,9.3,0.0,1.5,1.0,0.0,,1.0,11.8,1.0,1.0,0.0,0.0,1,2025-11-01 08:32:20.102174
1,2025-01-13 07:45:18,2025-01-13 07:53:52,N,1.0,74,42,1.0,1.6,10.0,0.0,1.5,0.0,0.0,,1.0,11.5,2.0,1.0,0.0,0.0,1,2025-11-01 08:32:20.102174
2,2025-01-13 07:30:09,2025-01-13 07:43:04,N,1.0,95,138,2.0,5.35,22.6,5.0,0.5,7.28,0.0,,1.0,36.38,1.0,1.0,0.0,0.0,1,2025-11-01 08:32:20.102174
2,2025-01-13 07:11:04,2025-01-13 07:20:16,N,1.0,74,75,1.0,1.41,10.7,0.0,0.5,3.05,0.0,,1.0,15.25,1.0,1.0,0.0,0.0,1,2025-11-01 08:32:20.102174
2,2025-01-13 07:34:49,2025-01-13 07:41:18,N,1.0,74,41,1.0,1.06,8.6,0.0,0.5,2.02,0.0,,1.0,12.12,1.0,1.0,0.0,0.0,1,2025-11-01 08:32:20.102174
2,2025-01-13 07:06:56,2025-01-13 07:17:55,N,1.0,74,75,1.0,1.76,12.1,0.0,0.5,0.0,0.0,,1.0,13.6,2.0,1.0,0.0,0.0,1,2025-11-01 08:32:20.102174
2,2025-01-13 07:27:51,2025-01-13 07:52:12,N,1.0,74,78,1.0,6.77,33.8,0.0,0.5,5.0,6.94,,1.0,47.24,1.0,1.0,0.0,0.0,1,2025-11-01 08:32:20.102174
2,2025-01-13 07:22:29,2025-01-13 07:37:08,N,1.0,74,262,1.0,3.0,17.0,0.0,0.5,2.0,0.0,,1.0,23.25,1.0,1.0,2.75,0.0,1,2025-11-01 08:32:20.102174
2,2025-01-13 07:58:02,2025-01-13 08:25:18,N,1.0,74,143,1.0,4.27,26.8,0.0,0.5,7.76,0.0,,1.0,38.81,1.0,1.0,2.75,0.0,1,2025-11-01 08:32:20.102174
1,2025-01-13 07:34:46,2025-01-13 07:49:44,N,1.0,226,163,1.0,3.1,19.1,3.5,1.5,0.0,0.0,,1.0,24.1,2.0,1.0,2.75,0.75,1,2025-11-01 08:32:20.102174
1,2025-01-13 07:04:53,2025-01-13 08:00:18,N,1.0,219,17,2.0,11.4,58.3,0.0,1.5,0.0,0.0,,1.0,59.8,2.0,1.0,0.0,0.0,1,2025-11-01 08:32:20.102174
1,2025-01-13 07:34:56,2025-01-13 08:08:41,N,1.0,182,161,1.0,0.0,34.5,0.0,1.5,0.0,6.94,,1.0,42.94,1.0,1.0,0.0,0.0,1,2025-11-01 08:32:20.102174
2,2025-01-13 06:20:57,2025-01-13 06:35:11,N,1.0,74,238,1.0,2.51,15.6,0.0,0.5,5.13,0.0,,1.0,22.23,1.0,1.0,0.0,0.0,1,2025-11-01 08:32:20.102174
2,2025-01-13 07:12:49,2025-01-13 07:16:35,N,1.0,41,41,1.0,0.93,6.5,0.0,0.5,0.0,0.0,,1.0,8.0,1.0,1.0,0.0,0.0,1,2025-11-01 08:32:20.102174
2,2025-01-13 07:24:56,2025-01-13 07:36:25,N,1.0,166,75,1.0,1.99,12.8,0.0,0.5,2.14,0.0,,1.0,16.44,1.0,1.0,0.0,0.0,1,2025-11-01 08:32:20.102174
2,2025-01-13 07:31:18,2025-01-13 07:41:24,N,1.0,95,95,1.0,1.36,11.4,0.0,0.5,0.0,0.0,,1.0,12.9,2.0,1.0,0.0,0.0,1,2025-11-01 08:32:20.102174
2,2025-01-13 07:08:27,2025-01-13 07:13:29,N,1.0,74,75,1.0,0.67,6.5,0.0,0.5,1.6,0.0,,1.0,9.6,1.0,1.0,0.0,0.0,1,2025-11-01 08:32:20.102174
2,2025-01-13 07:22:42,2025-01-13 07:40:33,N,1.0,74,140,1.0,3.35,19.1,0.0,0.5,4.67,0.0,,1.0,28.02,1.0,1.0,2.75,0.0,1,2025-11-01 08:32:20.102174
1,2025-01-13 07:30:50,2025-01-13 08:03:15,N,1.0,51,74,1.0,0.0,34.5,0.0,1.5,0.0,6.94,,1.0,42.94,1.0,1.0,0.0,0.0,1,2025-11-01 08:32:20.102174
2,2025-01-13 07:10:35,2025-01-13 07:38:04,N,1.0,74,140,1.0,3.74,26.8,0.0,0.5,4.66,0.0,,1.0,35.71,1.0,1.0,2.75,0.0,1,2025-11-01 08:32:20.102174
2,2025-01-13 07:50:59,2025-01-13 08:02:26,N,1.0,75,75,1.0,0.7,10.7,0.0,0.5,2.44,0.0,,1.0,14.64,1.0,1.0,0.0,0.0,1,2025-11-01 08:32:20.102174
1,2025-01-13 07:05:42,2025-01-13 07:16:42,N,1.0,74,43,1.0,1.7,10.7,0.0,1.5,3.65,0.0,,1.0,15.85,1.0,1.0,0.0,0.0,1,2025-11-01 08:32:20.102174
1,2025-01-13 07:35:40,2025-01-13 07:36:16,N,1.0,74,74,1.0,1.7,3.0,0.0,1.5,0.0,0.0,,1.0,4.5,2.0,1.0,0.0,0.0,1,2025-11-01 08:32:20.102174
2,2025-01-13 07:52:23,2025-01-13 07:59:40,N,1.0,74,74,1.0,0.88,8.6,0.0,0.5,2.02,0.0,,1.0,12.12,1.0,1.0,0.0,0.0,1,2025-11-01 08:32:20.102174
2,2025-01-13 07:44:22,2025-01-13 08:05:46,N,1.0,244,74,1.0,5.41,25.4,0.0,0.5,0.0,0.0,,1.0,26.9,2.0,1.0,0.0,0.0,1,2025-11-01 08:32:20.102174
2,2025-01-13 07:11:09,2025-01-13 07:23:08,N,1.0,74,236,1.0,1.87,12.8,0.0,0.5,3.41,0.0,,1.0,20.46,1.0,1.0,2.75,0.0,1,2025-11-01 08:32:20.102174
2,2025-01-13 08:02:21,2025-01-13 08:19:43,N,1.0,74,244,1.0,4.31,23.3,0.0,0.5,4.96,0.0,,1.0,29.76,1.0,1.0,0.0,0.0,1,2025-11-01 08:32:20.102174
2,2025-01-13 07:33:50,2025-01-13 07:49:55,N,1.0,74,236,1.0,1.85,15.6,0.0,0.5,3.97,0.0,,1.0,23.82,1.0,1.0,2.75,0.0,1,2025-11-01 08:32:20.102174
2,2025-01-13 07:58:59,2025-01-13 08:17:15,N,1.0,75,243,1.0,5.89,28.2,0.0,0.5,4.46,0.0,,1.0,34.16,1.0,1.0,0.0,0.0,1,2025-11-01 08:32:20.102174
2,2025-01-13 07:13:08,2025-01-13 07:28:47,N,1.0,74,166,1.0,1.78,15.6,0.0,0.5,0.86,0.0,,1.0,17.96,1.0,1.0,0.0,0.0,1,2025-11-01 08:32:20.102174
2,2025-01-13 07:33:23,2025-01-13 07:41:33,N,1.0,41,74,1.0,1.2,9.3,0.0,0.5,2.7,0.0,,1.0,13.5,1.0,1.0,0.0,0.0,1,2025-11-01 08:32:20.102174
2,2025-01-13 07:53:51,2025-01-13 08:01:41,N,1.0,74,43,1.0,1.4,10.0,0.0,0.5,2.3,0.0,,1.0,13.8,1.0,1.0,0.0,0.0,1,2025-11-01 08:32:20.102174
1,2025-01-13 07:10:41,2025-01-13 07:13:29,N,1.0,166,166,1.0,0.4,5.1,0.0,1.5,0.0,0.0,,1.0,6.6,2.0,1.0,0.0,0.0,1,2025-11-01 08:32:20.102174
1,2025-01-13 07:23:39,2025-01-13 07:29:48,N,1.0,24,43,1.0,1.1,7.9,0.0,1.5,0.0,0.0,,1.0,9.4,1.0,1.0,0.0,0.0,1,2025-11-01 08:32:20.102174
1,2025-01-13 07:32:26,2025-01-13 07:39:17,N,1.0,43,236,1.0,1.2,8.6,2.75,1.5,1.0,0.0,,1.0,13.85,1.0,1.0,2.75,0.0,1,2025-11-01 08:32:20.102174
1,2025-01-13 07:47:28,2025-01-13 07:54:45,N,1.0,75,151,1.0,1.0,9.3,0.0,1.5,2.16,0.0,,1.0,12.96,1.0,1.0,0.0,0.0,1,2025-11-01 08:32:20.102174
1,2025-01-13 07:15:40,2025-01-13 07:47:43,N,1.0,53,82,1.0,0.0,29.5,0.0,1.5,0.0,0.0,,1.0,31.0,1.0,1.0,0.0,0.0,1,2025-11-01 08:32:20.102174
2,2025-01-13 07:48:48,2025-01-13 08:05:36,N,1.0,166,75,1.0,2.25,17.0,0.0,0.5,0.0,0.0,,1.0,18.5,1.0,1.0,0.0,0.0,1,2025-11-01 08:32:20.102174
2,2025-01-13 07:10:52,2025-01-13 07:21:31,N,1.0,74,43,1.0,1.6,12.1,0.0,0.5,2.72,0.0,,1.0,16.32,1.0,1.0,0.0,0.0,1,2025-11-01 08:32:20.102174
2,2025-01-13 07:35:19,2025-01-13 07:48:50,N,1.0,74,236,1.0,1.87,14.2,0.0,0.5,3.69,0.0,,1.0,22.14,1.0,1.0,2.75,0.0,1,2025-11-01 08:32:20.102174
1,2025-01-13 07:10:36,2025-01-13 07:16:30,N,1.0,74,75,1.0,0.9,7.2,0.0,1.5,2.61,0.0,,1.0,11.31,1.0,1.0,0.0,0.0,1,2025-11-01 08:32:20.102174
1,2025-01-13 07:36:03,2025-01-13 07:58:39,N,1.0,74,237,1.0,2.8,21.2,2.75,1.5,0.0,0.0,,1.0,25.45,3.0,1.0,2.75,0.0,1,2025-11-01 08:32:20.102174
1,2025-01-13 07:49:11,2025-01-13 08:35:34,N,1.0,210,170,1.0,0.0,52.5,0.0,1.5,0.0,6.94,,1.0,60.94,1.0,1.0,0.0,0.0,1,2025-11-01 08:32:20.102174
2,2025-01-13 07:38:03,2025-01-13 08:20:01,N,5.0,53,132,4.0,11.73,75.0,0.0,0.0,0.0,0.0,,1.0,76.0,2.0,1.0,0.0,0.0,1,2025-11-01 08:32:20.102174
2,2025-01-13 07:03:07,2025-01-13 07:20:56,N,1.0,75,53,1.0,9.62,38.0,0.0,0.5,4.56,6.94,,1.0,51.0,1.0,1.0,0.0,0.0,1,2025-11-01 08:32:20.102174
2,2025-01-13 07:51:35,2025-01-13 08:06:04,N,1.0,74,75,1.0,1.25,13.5,0.0,0.5,3.0,0.0,,1.0,18.0,1.0,1.0,0.0,0.0,1,2025-11-01 08:32:20.102174
2,2025-01-13 07:00:15,2025-01-13 07:12:10,N,1.0,74,236,1.0,2.36,14.2,0.0,0.5,1.0,0.0,,1.0,19.45,1.0,1.0,2.75,0.0,1,2025-11-01 08:32:20.102174
2,2025-01-13 07:37:00,2025-01-13 07:50:13,N,1.0,74,140,1.0,3.63,18.4,0.0,0.5,3.5,0.0,,1.0,26.15,1.0,1.0,2.75,0.0,1,2025-11-01 08:32:20.102174
2,2025-01-13 07:29:08,2025-01-13 07:34:00,N,1.0,74,75,1.0,0.83,6.5,0.0,0.5,1.0,0.0,,1.0,9.0,1.0,1.0,0.0,0.0,1,2025-11-01 08:32:20.102174
2,2025-01-13 07:42:29,2025-01-13 07:55:45,N,1.0,74,43,1.0,1.63,13.5,0.0,0.5,3.0,0.0,,1.0,18.0,1.0,1.0,0.0,0.0,1,2025-11-01 08:32:20.102174
2,2025-01-13 07:27:25,2025-01-13 08:00:04,N,1.0,95,229,1.0,8.29,40.1,0.0,0.5,0.0,0.0,,1.0,45.1,2.0,1.0,2.75,0.75,1,2025-11-01 08:32:20.102174
2,2025-01-13 07:27:23,2025-01-13 07:53:53,N,5.0,65,68,1.0,5.11,40.0,0.0,0.0,8.9,0.0,,1.0,53.4,1.0,2.0,2.75,0.75,1,2025-11-01 08:32:20.102174
2,2025-01-13 07:53:43,2025-01-13 07:57:15,N,1.0,92,92,1.0,0.63,5.8,0.0,0.5,0.0,0.0,,1.0,7.3,1.0,1.0,0.0,0.0,1,2025-11-01 08:32:20.102174
2,2025-01-13 07:41:48,2025-01-13 08:06:20,N,1.0,74,140,1.0,4.22,26.1,0.0,0.5,3.04,0.0,,1.0,33.39,1.0,1.0,2.75,0.0,1,2025-11-01 08:32:20.102174
2,2025-01-13 07:24:21,2025-01-13 07:58:40,N,4.0,74,265,1.0,15.12,75.1,0.0,0.5,15.32,0.0,,1.0,91.92,1.0,1.0,0.0,0.0,1,2025-11-01 08:32:20.102174
2,2025-01-13 07:04:15,2025-01-13 07:18:03,N,1.0,74,166,1.0,1.82,13.5,0.0,0.5,3.0,0.0,,1.0,18.0,1.0,1.0,0.0,0.0,1,2025-11-01 08:32:20.102174
2,2025-01-13 07:28:37,2025-01-13 07:37:48,N,1.0,41,24,1.0,1.63,10.7,0.0,0.5,2.44,0.0,,1.0,14.64,1.0,1.0,0.0,0.0,1,2025-11-01 08:32:20.102174
2,2025-01-13 07:46:05,2025-01-13 08:11:08,N,1.0,74,75,1.0,3.18,23.3,0.0,0.5,4.96,0.0,,1.0,29.76,1.0,1.0,0.0,0.0,1,2025-11-01 08:32:20.102174
2,2025-01-13 07:34:00,2025-01-13 07:47:03,N,1.0,74,75,1.0,1.35,12.8,0.0,0.5,1.0,0.0,,1.0,15.3,1.0,1.0,0.0,0.0,1,2025-11-01 08:32:20.102174
2,2025-01-13 07:53:49,2025-01-13 08:05:25,N,1.0,74,151,1.0,1.53,12.1,0.0,0.5,0.0,0.0,,1.0,13.6,2.0,1.0,0.0,0.0,1,2025-11-01 08:32:20.102174
1,2025-01-13 07:04:33,2025-01-13 07:13:12,N,1.0,74,74,0.0,1.2,10.0,0.0,1.5,2.3,0.0,,1.0,13.8,1.0,1.0,0.0,0.0,1,2025-11-01 08:32:20.102174
1,2025-01-13 07:28:46,2025-01-13 07:42:37,N,1.0,74,243,0.0,4.2,21.2,0.0,1.5,3.0,0.0,,1.0,25.7,1.0,1.0,0.0,0.0,1,2025-11-01 08:32:20.102174
2,2025-01-13 07:15:05,2025-01-13 07:29:16,N,1.0,74,75,1.0,1.81,14.9,0.0,0.5,3.28,0.0,,1.0,19.68,1.0,1.0,0.0,0.0,1,2025-11-01 08:32:20.102174
2,2025-01-13 07:41:26,2025-01-13 07:59:46,N,1.0,42,262,1.0,3.04,19.8,0.0,0.5,4.81,0.0,,1.0,28.86,1.0,1.0,2.75,0.0,1,2025-11-01 08:32:20.102174
2,2025-01-13 07:14:39,2025-01-13 07:25:39,N,1.0,74,43,1.0,1.16,12.1,0.0,0.5,2.72,0.0,,1.0,16.32,1.0,1.0,0.0,0.0,1,2025-11-01 08:32:20.102174
2,2025-01-13 07:44:25,2025-01-13 07:52:40,N,1.0,74,41,1.0,1.04,9.3,0.0,0.5,1.5,0.0,,1.0,12.3,1.0,1.0,0.0,0.0,1,2025-11-01 08:32:20.102174
2,2025-01-13 07:50:12,2025-01-13 08:21:07,N,1.0,95,237,1.0,7.73,36.6,0.0,0.5,0.0,0.0,,1.0,41.6,2.0,1.0,2.75,0.75,1,2025-11-01 08:32:20.102174
2,2025-01-13 07:17:34,2025-01-13 07:27:11,N,1.0,74,43,1.0,1.36,10.7,0.0,0.5,2.44,0.0,,1.0,14.64,1.0,1.0,0.0,0.0,1,2025-11-01 08:32:20.102174
2,2025-01-13 07:28:21,2025-01-13 07:36:08,N,1.0,43,239,1.0,1.83,10.7,0.0,0.5,3.74,0.0,,1.0,18.69,1.0,1.0,2.75,0.0,1,2025-11-01 08:32:20.102174
2,2025-01-13 07:08:44,2025-01-13 07:23:04,N,1.0,130,121,1.0,2.85,16.3,0.0,0.5,2.0,0.0,,1.0,19.8,1.0,1.0,0.0,0.0,1,2025-11-01 08:32:20.102174
2,2025-01-13 07:46:03,2025-01-13 07:50:21,N,1.0,95,95,5.0,0.85,6.5,0.0,0.5,1.6,0.0,,1.0,9.6,1.0,1.0,0.0,0.0,1,2025-11-01 08:32:20.102174
2,2025-01-13 07:24:33,2025-01-13 07:42:07,N,1.0,130,28,1.0,1.74,16.3,0.0,0.5,3.56,0.0,,1.0,21.36,1.0,1.0,0.0,0.0,1,2025-11-01 08:32:20.102174
2,2025-01-13 07:17:35,2025-01-13 07:26:57,N,1.0,74,75,1.0,1.41,10.7,0.0,0.5,2.44,0.0,,1.0,14.64,1.0,1.0,0.0,0.0,1,2025-11-01 08:32:20.102174
2,2025-01-13 07:42:49,2025-01-13 08:00:33,N,1.0,74,75,1.0,1.42,15.6,0.0,0.5,3.42,0.0,,1.0,20.52,1.0,1.0,0.0,0.0,1,2025-11-01 08:32:20.102174
2,2025-01-13 08:46:04,2025-01-13 08:54:23,N,1.0,7,193,1.0,1.13,9.3,0.0,0.5,6.0,0.0,,1.0,16.8,1.0,1.0,0.0,0.0,1,2025-11-01 08:32:20.102174
2,2025-01-13 08:41:56,2025-01-13 08:51:10,N,1.0,42,166,1.0,1.28,10.0,0.0,0.5,0.0,0.0,,1.0,11.5,2.0,1.0,0.0,0.0,1,2025-11-01 08:32:20.102174
2,2025-01-13 08:47:35,2025-01-13 09:00:01,N,1.0,74,75,1.0,1.24,12.1,0.0,0.5,2.72,0.0,,1.0,16.32,1.0,1.0,0.0,0.0,1,2025-11-01 08:32:20.102174
1,2025-01-13 08:32:15,2025-01-13 08:48:31,N,1.0,74,236,1.0,2.3,14.2,2.75,1.5,2.5,0.0,,1.0,20.95,1.0,1.0,2.75,0.0,1,2025-11-01 08:32:20.102174
2,2025-01-13 08:38:12,2025-01-13 08:45:00,N,1.0,95,134,3.0,1.14,8.6,0.0,0.5,2.02,0.0,,1.0,12.12,1.0,1.0,0.0,0.0,1,2025-11-01 08:32:20.102174
1,2025-01-13 08:06:52,2025-01-13 08:11:01,N,1.0,82,83,1.0,0.5,5.8,0.0,1.5,1.0,0.0,,1.0,8.3,1.0,1.0,0.0,0.0,1,2025-11-01 08:32:20.102174
2,2025-01-13 08:09:04,2025-01-13 08:25:40,N,1.0,74,263,1.0,2.07,15.6,0.0,0.5,3.0,0.0,,1.0,22.85,1.0,1.0,2.75,0.0,1,2025-11-01 08:32:20.102174
2,2025-01-13 08:30:53,2025-01-13 08:43:05,N,1.0,75,74,1.0,1.59,12.8,0.0,0.5,2.86,0.0,,1.0,17.16,1.0,1.0,0.0,0.0,1,2025-11-01 08:32:20.102174
2,2025-01-13 08:49:24,2025-01-13 08:58:26,N,1.0,74,41,1.0,0.97,9.3,0.0,0.5,2.16,0.0,,1.0,12.96,1.0,1.0,0.0,0.0,1,2025-11-01 08:32:20.102174
2,2025-01-13 08:19:01,2025-01-13 08:34:41,N,1.0,33,107,1.0,3.78,19.8,0.0,0.5,4.96,0.0,,1.0,29.76,1.0,1.0,2.75,0.75,1,2025-11-01 08:32:20.102174
2,2025-01-13 08:09:33,2025-01-13 08:23:44,N,1.0,74,75,1.0,1.37,13.5,0.0,0.5,3.0,0.0,,1.0,18.0,1.0,1.0,0.0,0.0,1,2025-11-01 08:32:20.102174
2,2025-01-13 08:45:37,2025-01-13 08:52:21,N,1.0,74,75,1.0,1.02,8.6,0.0,0.5,1.0,0.0,,1.0,11.1,1.0,1.0,0.0,0.0,1,2025-11-01 08:32:20.102174
2,2025-01-13 08:48:35,2025-01-13 08:58:23,N,1.0,74,75,1.0,1.35,10.7,0.0,0.5,2.44,0.0,,1.0,14.64,1.0,1.0,0.0,0.0,1,2025-11-01 08:32:20.102174
2,2025-01-13 08:46:48,2025-01-13 08:55:32,N,1.0,74,75,1.0,0.74,9.3,0.0,0.5,0.01,0.0,,1.0,10.81,1.0,1.0,0.0,0.0,1,2025-11-01 08:32:20.102174
2,2025-01-13 08:46:06,2025-01-13 08:56:11,N,1.0,41,116,1.0,1.8,12.1,0.0,0.5,2.72,0.0,,1.0,16.32,1.0,1.0,0.0,0.0,1,2025-11-01 08:32:20.102174
2,2025-01-13 08:03:24,2025-01-13 10:29:04,N,1.0,83,129,1.0,9.84,118.5,0.0,0.5,0.0,0.0,,1.0,120.0,2.0,1.0,0.0,0.0,1,2025-11-01 08:32:20.102174
1,2025-01-13 08:24:14,2025-01-13 08:49:50,N,1.0,61,25,1.0,0.0,19.5,0.0,1.5,0.0,0.0,,1.0,21.0,1.0,1.0,0.0,0.0,1,2025-11-01 08:32:20.102174
2,2025-01-13 06:45:15,2025-01-13 06:58:49,N,1.0,74,75,1.0,1.39,12.8,0.0,0.5,2.86,0.0,,1.0,17.16,1.0,1.0,0.0,0.0,1,2025-11-01 08:32:20.102174
2,2025-01-13 07:00:09,2025-01-13 07:05:16,N,1.0,75,74,1.0,1.3,7.9,0.0,0.5,2.35,0.0,,1.0,11.75,1.0,1.0,0.0,0.0,1,2025-11-01 08:32:20.102174
2,2025-01-13 07:09:21,2025-01-13 07:15:28,N,1.0,74,75,1.0,0.83,7.9,0.0,0.5,2.35,0.0,,1.0,11.75,1.0,1.0,0.0,0.0,1,2025-11-01 08:32:20.102174
2,2025-01-13 08:19:51,2025-01-13 08:27:33,N,1.0,41,238,1.0,1.23,9.3,0.0,0.5,1.84,0.0,,1.0,12.64,1.0,1.0,0.0,0.0,1,2025-11-01 08:32:20.102174
2,2025-01-13 08:53:56,2025-01-13 08:58:22,N,1.0,41,41,1.0,0.85,6.5,0.0,0.5,0.0,0.0,,1.0,8.0,1.0,1.0,0.0,0.0,1,2025-11-01 08:32:20.102174
2,2025-01-13 08:01:07,2025-01-13 08:24:57,N,1.0,75,48,1.0,4.08,23.3,0.0,0.5,2.83,0.0,,1.0,31.13,1.0,1.0,2.75,0.75,1,2025-11-01 08:32:20.102174
1,2025-01-13 08:45:29,2025-01-13 09:07:25,N,1.0,169,185,1.0,0.0,20.5,0.0,1.5,0.0,0.0,,1.0,22.0,1.0,1.0,0.0,0.0,1,2025-11-01 08:32:20.102174
2,2025-01-13 08:35:50,2025-01-13 08:54:43,N,1.0,74,244,1.0,4.23,23.3,0.0,0.5,4.96,0.0,,1.0,29.76,1.0,1.0,0.0,0.0,1,2025-11-01 08:32:20.102174
2,2025-01-13 07:42:39,2025-01-13 08:02:55,N,1.0,235,78,2.0,2.24,19.1,0.0,0.5,0.0,0.0,,1.0,20.6,2.0,1.0,0.0,0.0,1,2025-11-01 08:32:20.102174
2,2025-01-13 08:10:07,2025-01-13 08:15:16,N,1.0,41,42,1.0,0.82,7.2,0.0,0.5,1.8,0.0,,1.0,10.5,1.0,1.0,0.0,0.0,1,2025-11-01 08:32:20.102174
2,2025-01-13 08:45:50,2025-01-13 09:01:00,N,1.0,74,24,1.0,2.09,16.3,0.0,0.5,2.0,0.0,,1.0,19.8,1.0,1.0,0.0,0.0,1,2025-11-01 08:32:20.102174
1,2025-01-13 08:08:40,2025-01-13 08:17:48,N,1.0,244,152,2.0,1.8,10.7,0.0,1.5,2.4,0.0,,1.0,14.6,1.0,1.0,0.0,0.0,1,2025-11-01 08:32:20.102174
1,2025-01-13 08:43:49,2025-01-13 09:06:27,Y,1.0,74,140,2.0,2.9,17.7,2.75,1.5,1.0,0.0,,1.0,22.95,1.0,1.0,2.75,0.0,1,2025-11-01 08:32:20.102174
2,2025-01-13 08:35:45,2025-01-13 08:46:59,N,1.0,74,75,1.0,1.47,11.4,0.0,0.5,2.58,0.0,,1.0,15.48,1.0,1.0,0.0,0.0,1,2025-11-01 08:32:20.102174
2,2025-01-13 08:11:56,2025-01-13 08:33:44,N,1.0,74,236,1.0,2.41,19.8,0.0,0.5,2.4,0.0,,1.0,26.45,1.0,1.0,2.75,0.0,1,2025-11-01 08:32:20.102174
2,2025-01-13 08:50:27,2025-01-13 09:07:50,N,1.0,74,140,1.0,3.59,20.5,0.0,0.5,6.19,0.0,,1.0,30.94,1.0,1.0,2.75,0.0,1,2025-11-01 08:32:20.102174
2,2025-01-13 08:55:55,2025-01-13 09:04:48,N,1.0,129,129,1.0,1.54,10.7,0.0,0.5,0.0,0.0,,1.0,12.2,1.0,1.0,0.0,0.0,1,2025-11-01 08:32:20.102174
2,2025-01-13 08:08:31,2025-01-13 08:34:14,N,1.0,41,243,1.0,4.73,27.5,0.0,0.5,2.0,0.0,,1.0,31.0,1.0,1.0,0.0,0.0,1,2025-11-01 08:32:20.102174
2,2025-01-13 08:22:44,2025-01-13 08:43:18,N,1.0,191,64,1.0,5.7,25.4,0.0,0.5,0.0,0.0,,1.0,26.9,2.0,1.0,0.0,0.0,1,2025-11-01 08:32:20.102174
1,2025-01-13 08:35:03,2025-01-13 08:47:36,N,1.0,74,138,1.0,6.6,27.5,5.0,1.5,10.2,6.94,,1.0,51.14,1.0,1.0,0.0,0.0,1,2025-11-01 08:32:20.102174
2,2025-01-13 08:26:10,2025-01-13 08:40:01,N,1.0,130,132,1.0,3.53,17.7,0.0,0.5,5.76,0.0,,1.0,24.96,1.0,1.0,0.0,0.0,1,2025-11-01 08:32:20.102174
2,2025-01-13 08:13:44,2025-01-13 08:13:59,N,1.0,42,42,1.0,0.01,3.0,0.0,0.5,0.0,0.0,,1.0,4.5,2.0,1.0,0.0,0.0,1,2025-11-01 08:32:20.102174
2,2025-01-13 08:48:14,2025-01-13 08:59:18,N,1.0,74,166,1.0,1.72,12.1,0.0,0.5,0.0,0.0,,1.0,13.6,1.0,1.0,0.0,0.0,1,2025-11-01 08:32:20.102174
2,2025-01-13 08:37:21,2025-01-13 08:49:01,N,1.0,74,151,1.0,1.93,12.8,0.0,0.5,2.86,0.0,,1.0,17.16,1.0,1.0,0.0,0.0,1,2025-11-01 08:32:20.102174
1,2025-01-13 08:27:31,2025-01-13 08:55:10,N,1.0,24,237,2.0,4.0,26.1,3.5,1.5,1.0,0.0,,1.0,32.1,1.0,1.0,2.75,0.75,1,2025-11-01 08:32:20.102174
2,2025-01-13 08:25:04,2025-01-13 08:40:47,N,1.0,43,161,1.0,3.03,17.0,0.0,0.5,6.6,0.0,,1.0,28.6,1.0,1.0,2.75,0.75,1,2025-11-01 08:32:20.102174
2,2025-01-13 08:53:52,2025-01-13 08:57:20,N,1.0,74,42,1.0,0.73,5.8,0.0,0.5,1.46,0.0,,1.0,8.76,1.0,1.0,0.0,0.0,1,2025-11-01 08:32:20.102174
2,2025-01-13 08:15:33,2025-01-13 08:25:46,N,1.0,75,238,1.0,1.59,11.4,0.0,0.5,2.35,0.0,,1.0,18.0,1.0,1.0,2.75,0.0,1,2025-11-01 08:32:20.102174
2,2025-01-13 08:53:08,2025-01-13 09:01:31,N,1.0,166,152,1.0,1.23,10.0,0.0,0.5,2.3,0.0,,1.0,13.8,1.0,1.0,0.0,0.0,1,2025-11-01 08:32:20.102174
2,2025-01-13 08:06:48,2025-01-13 08:16:20,N,1.0,82,129,1.0,1.87,11.4,0.0,0.5,2.58,0.0,,1.0,15.48,1.0,1.0,0.0,0.0,1,2025-11-01 08:32:20.102174
2,2025-01-13 08:08:05,2025-01-13 08:21:03,N,1.0,74,75,1.0,1.28,12.8,0.0,0.5,3.58,0.0,,1.0,17.88,1.0,1.0,0.0,0.0,1,2025-11-01 08:32:20.102174
2,2025-01-13 08:25:38,2025-01-13 08:31:48,N,1.0,43,238,1.0,1.34,8.6,0.0,0.5,1.5,0.0,,1.0,14.35,1.0,1.0,2.75,0.0,1,2025-11-01 08:32:20.102174
2,2025-01-13 08:51:43,2025-01-13 09:03:52,N,1.0,74,138,1.0,6.65,27.5,5.0,0.5,10.24,6.94,,1.0,51.18,1.0,1.0,0.0,0.0,1,2025-11-01 08:32:20.102174
2,2025-01-13 08:29:43,2025-01-13 08:53:18,N,1.0,74,43,1.0,2.46,21.2,0.0,0.5,3.82,0.0,,1.0,29.27,1.0,1.0,2.75,0.0,1,2025-11-01 08:32:20.102174
2,2025-01-13 08:27:45,2025-01-13 08:44:48,N,1.0,74,75,1.0,1.47,14.9,0.0,0.5,0.0,0.0,,1.0,16.4,1.0,1.0,0.0,0.0,1,2025-11-01 08:32:20.102174
2,2025-01-13 08:47:23,2025-01-13 08:51:18,N,1.0,75,74,1.0,0.93,6.5,0.0,0.5,1.6,0.0,,1.0,9.6,1.0,1.0,0.0,0.0,1,2025-11-01 08:32:20.102174
2,2025-01-13 07:59:54,2025-01-13 07:59:58,N,5.0,138,138,1.0,0.0,54.0,5.0,0.0,0.0,0.0,,1.0,60.0,1.0,2.0,0.0,0.0,1,2025-11-01 08:32:20.102174
2,2025-01-13 08:25:14,2025-01-13 09:23:09,N,1.0,130,239,1.0,17.94,77.2,0.0,0.5,17.68,6.94,,1.0,106.07,1.0,1.0,2.75,0.0,1,2025-11-01 08:32:20.102174
2,2025-01-13 08:36:34,2025-01-13 08:50:24,N,1.0,74,75,1.0,1.19,13.5,0.0,0.5,3.75,0.0,,1.0,18.75,1.0,1.0,0.0,0.0,1,2025-11-01 08:32:20.102174
2,2025-01-13 08:44:23,2025-01-13 09:10:11,N,1.0,41,137,1.0,5.41,31.0,0.0,0.5,7.2,0.0,,1.0,43.2,1.0,1.0,2.75,0.75,1,2025-11-01 08:32:20.102174
2,2025-01-13 08:05:11,2025-01-13 08:09:44,N,1.0,75,41,1.0,0.94,7.2,0.0,0.5,2.18,0.0,,1.0,10.88,1.0,1.0,0.0,0.0,1,2025-11-01 08:32:20.102174
2,2025-01-13 08:37:45,2025-01-13 08:51:24,N,1.0,74,43,1.0,1.47,12.8,0.0,0.5,2.14,0.0,,1.0,16.44,1.0,1.0,0.0,0.0,1,2025-11-01 08:32:20.102174
2,2025-01-13 08:44:27,2025-01-13 09:21:18,N,5.0,65,1,1.0,14.9,110.0,0.0,0.0,0.0,16.06,,1.0,127.81,1.0,2.0,0.0,0.75,1,2025-11-01 08:32:20.102174
1,2025-01-13 08:19:04,2025-01-13 08:28:19,N,1.0,216,124,1.0,0.0,19.5,0.0,1.5,0.0,0.0,,1.0,21.0,1.0,1.0,0.0,0.0,1,2025-11-01 08:32:20.102174
1,2025-01-13 08:50:03,2025-01-13 08:55:48,N,1.0,218,10,1.0,0.0,16.5,0.0,1.5,0.0,0.0,,1.0,18.0,1.0,1.0,0.0,0.0,1,2025-11-01 08:32:20.102174
2,2025-01-13 08:02:03,2025-01-13 08:25:50,N,1.0,43,170,5.0,4.5,26.1,0.0,0.5,9.33,0.0,,1.0,40.43,1.0,1.0,2.75,0.75,1,2025-11-01 08:32:20.102174
2,2025-01-13 08:44:37,2025-01-13 08:59:39,N,1.0,263,238,5.0,2.1,15.6,0.0,0.5,3.97,0.0,,1.0,23.82,1.0,1.0,2.75,0.0,1,2025-11-01 08:32:20.102174
2,2025-01-13 08:08:25,2025-01-13 08:27:55,N,1.0,74,236,1.0,1.93,17.7,0.0,0.5,0.0,0.0,,1.0,21.95,1.0,1.0,2.75,0.0,1,2025-11-01 08:32:20.102174
2,2025-01-13 08:41:54,2025-01-13 08:56:26,N,1.0,74,75,1.0,1.06,12.8,0.0,0.5,0.0,0.0,,1.0,14.3,2.0,1.0,0.0,0.0,1,2025-11-01 08:32:20.102174
2,2025-01-13 08:46:21,2025-01-13 08:56:01,N,1.0,74,166,1.0,1.43,10.0,0.0,0.5,2.0,0.0,,1.0,13.5,1.0,1.0,0.0,0.0,1,2025-11-01 08:32:20.102174
2,2025-01-13 08:52:23,2025-01-13 09:23:05,N,1.0,7,112,1.0,4.23,28.2,0.0,0.5,5.94,0.0,,1.0,35.64,1.0,1.0,0.0,0.0,1,2025-11-01 08:32:20.102174
2,2025-01-13 08:15:33,2025-01-13 08:36:15,N,1.0,74,140,1.0,2.53,19.1,0.0,0.5,2.0,0.0,,1.0,25.35,1.0,1.0,2.75,0.0,1,2025-11-01 08:32:20.102174
2,2025-01-13 08:57:58,2025-01-13 09:05:36,N,1.0,41,42,1.0,1.1,9.3,0.0,0.5,2.16,0.0,,1.0,12.96,1.0,1.0,0.0,0.0,1,2025-11-01 08:32:20.102174
2,2025-01-13 08:24:24,2025-01-13 08:52:00,N,1.0,74,90,1.0,6.88,31.7,0.0,0.5,7.34,0.0,,1.0,44.04,1.0,1.0,2.75,0.75,1,2025-11-01 08:32:20.102174
2,2025-01-13 07:31:51,2025-01-13 07:40:00,N,1.0,129,129,1.0,1.22,10.0,0.0,0.5,2.3,0.0,,1.0,13.8,1.0,1.0,0.0,0.0,1,2025-11-01 08:32:20.102174
2,2025-01-13 08:40:44,2025-01-13 09:03:29,N,1.0,74,140,1.0,4.07,23.3,0.0,0.5,5.51,0.0,,1.0,33.06,1.0,1.0,2.75,0.0,1,2025-11-01 08:32:20.102174
2,2025-01-13 08:46:58,2025-01-13 09:05:04,N,1.0,74,236,1.0,1.91,16.3,0.0,0.5,5.14,0.0,,1.0,25.69,1.0,1.0,2.75,0.0,1,2025-11-01 08:32:20.102174
2,2025-01-13 08:11:17,2025-01-13 08:25:02,N,1.0,74,75,1.0,1.39,13.5,0.0,0.5,3.0,0.0,,1.0,18.0,1.0,1.0,0.0,0.0,1,2025-11-01 08:32:20.102174
2,2025-01-13 08:27:49,2025-01-13 08:40:55,N,1.0,75,263,1.0,1.62,13.5,0.0,0.5,3.55,0.0,,1.0,21.3,1.0,1.0,2.75,0.0,1,2025-11-01 08:32:20.102174
2,2025-01-13 08:07:51,2025-01-13 08:07:54,N,5.0,130,264,1.0,0.07,35.0,0.0,0.0,0.08,0.0,,1.0,36.08,1.0,2.0,0.0,0.0,1,2025-11-01 08:32:20.102174
2,2025-01-13 08:30:10,2025-01-13 08:39:58,N,1.0,75,41,1.0,1.72,11.4,0.0,0.5,1.5,0.0,,1.0,14.4,1.0,1.0,0.0,0.0,1,2025-11-01 08:32:20.102174
2,2025-01-13 09:00:49,2025-01-13 09:09:13,N,1.0,75,75,1.0,0.98,9.3,0.0,0.5,0.0,0.0,,1.0,10.8,2.0,1.0,0.0,0.0,1,2025-11-01 08:32:20.102174
2,2025-01-13 07:58:57,2025-01-13 08:16:54,N,1.0,74,75,1.0,1.39,16.3,0.0,0.5,3.56,0.0,,1.0,21.36,1.0,1.0,0.0,0.0,1,2025-11-01 08:32:20.102174
2,2025-01-13 08:45:50,2025-01-13 09:08:57,N,1.0,74,236,1.0,2.24,19.8,0.0,0.5,5.0,0.0,,1.0,29.05,1.0,1.0,2.75,0.0,1,2025-11-01 08:32:20.102174
2,2025-01-13 08:38:56,2025-01-13 08:45:32,N,1.0,74,41,1.0,1.09,8.6,0.0,0.5,2.02,0.0,,1.0,12.12,1.0,1.0,0.0,0.0,1,2025-11-01 08:32:20.102174
1,2025-01-13 08:26:09,2025-01-13 08:55:07,N,1.0,243,7,1.0,0.0,31.5,0.0,1.5,0.0,6.94,,1.0,39.94,1.0,1.0,0.0,0.0,1,2025-11-01 08:32:20.102174
1,2025-01-13 08:39:05,2025-01-13 08:54:22,N,1.0,124,197,1.0,0.0,19.5,0.0,1.5,0.0,0.0,,1.0,21.0,1.0,1.0,0.0,0.0,1,2025-11-01 08:32:20.102174
2,2025-01-13 08:13:17,2025-01-13 08:21:27,N,1.0,74,75,1.0,1.39,10.0,0.0,0.5,1.72,0.0,,1.0,13.22,1.0,1.0,0.0,0.0,1,2025-11-01 08:32:20.102174
2,2025-01-13 08:45:56,2025-01-13 08:59:38,N,1.0,74,140,1.0,3.63,18.4,0.0,0.5,2.0,0.0,,1.0,24.65,1.0,1.0,2.75,0.0,1,2025-11-01 08:32:20.102174
1,2025-01-13 08:35:55,2025-01-13 08:44:18,N,1.0,74,75,0.0,1.4,10.0,0.0,1.5,2.3,0.0,,1.0,13.8,1.0,1.0,0.0,0.0,1,2025-11-01 08:32:20.102174
2,2025-01-13 08:14:29,2025-01-13 08:16:13,N,1.0,116,152,1.0,0.73,5.1,0.0,0.5,1.32,0.0,,1.0,7.92,1.0,1.0,0.0,0.0,1,2025-11-01 08:32:20.102174
2,2025-01-13 08:19:30,2025-01-13 08:24:31,N,1.0,75,41,1.0,0.7,6.5,0.0,0.5,0.0,0.0,,1.0,8.0,2.0,1.0,0.0,0.0,1,2025-11-01 08:32:20.102174
2,2025-01-13 09:00:07,2025-01-13 09:38:29,N,1.0,96,130,1.0,6.1,38.0,0.0,0.5,0.0,0.0,,1.0,39.5,2.0,1.0,0.0,0.0,1,2025-11-01 08:32:20.102174
2,2025-01-13 08:52:36,2025-01-13 08:59:31,N,1.0,134,95,1.0,1.18,9.3,0.0,0.5,2.16,0.0,,1.0,12.96,1.0,1.0,0.0,0.0,1,2025-11-01 08:32:20.102174
2,2025-01-13 08:05:50,2025-01-13 08:10:58,N,1.0,75,75,1.0,0.89,7.2,0.0,0.5,1.74,0.0,,1.0,10.44,1.0,1.0,0.0,0.0,1,2025-11-01 08:32:20.102174
2,2025-01-13 08:15:21,2025-01-13 08:27:55,N,1.0,43,140,1.0,2.04,13.5,0.0,0.5,3.55,0.0,,1.0,21.3,1.0,1.0,2.75,0.0,1,2025-11-01 08:32:20.102174
2,2025-01-13 08:55:02,2025-01-13 09:08:37,N,1.0,74,75,1.0,1.36,13.5,0.0,0.5,0.0,0.0,,1.0,15.0,2.0,1.0,0.0,0.0,1,2025-11-01 08:32:20.102174
2,2025-01-13 08:30:55,2025-01-13 08:45:54,N,1.0,74,236,1.0,2.02,14.9,0.0,0.5,3.78,0.0,,1.0,22.68,1.0,1.0,2.5,0.0,1,2025-11-01 08:32:20.102174
2,2025-01-13 08:35:23,2025-01-13 08:47:46,N,1.0,74,152,1.0,1.47,12.8,0.0,0.5,2.86,0.0,,1.0,17.16,1.0,1.0,0.0,0.0,1,2025-11-01 08:32:20.102174
2,2025-01-13 08:32:34,2025-01-13 09:28:51,N,1.0,130,181,1.0,11.59,59.7,0.0,0.5,15.3,0.0,,1.0,76.5,1.0,1.0,0.0,0.0,1,2025-11-01 08:32:20.102174
2,2025-01-13 08:54:39,2025-01-13 08:59:48,N,1.0,74,41,1.0,0.84,7.2,0.0,0.5,0.0,0.0,,1.0,8.7,2.0,1.0,0.0,0.0,1,2025-11-01 08:32:20.102174
2,2025-01-13 08:59:45,2025-01-13 09:28:01,N,1.0,95,226,5.0,6.44,34.5,0.0,0.5,0.0,0.0,,1.0,36.0,2.0,1.0,0.0,0.0,1,2025-11-01 08:32:20.102174
2,2025-01-13 08:29:50,2025-01-13 08:38:57,N,1.0,130,10,1.0,1.5,10.7,0.0,0.5,5.0,0.0,,1.0,17.2,1.0,1.0,0.0,0.0,1,2025-11-01 08:32:20.102174
2,2025-01-13 08:37:58,2025-01-13 08:54:36,N,1.0,74,75,1.0,1.44,14.9,0.0,0.5,3.28,0.0,,1.0,19.68,1.0,1.0,0.0,0.0,1,2025-11-01 08:32:20.102174
2,2025-01-13 09:30:21,2025-01-13 09:44:14,N,1.0,74,138,1.0,6.8,28.2,5.0,0.5,8.33,6.94,,1.0,49.97,1.0,1.0,0.0,0.0,1,2025-11-01 08:32:20.102174
1,2025-01-13 09:14:20,2025-01-13 09:51:14,N,1.0,55,228,1.0,0.0,33.5,0.0,1.5,0.0,0.0,,1.0,35.0,1.0,1.0,0.0,0.0,1,2025-11-01 08:32:20.102174
2,2025-01-13 09:35:19,2025-01-13 09:43:00,N,1.0,74,75,1.0,0.93,8.6,0.0,0.5,2.02,0.0,,1.0,12.12,1.0,1.0,0.0,0.0,1,2025-11-01 08:32:20.102174
1,2025-01-13 09:18:10,2025-01-13 09:34:57,N,1.0,74,237,1.0,3.4,17.0,3.5,1.5,3.3,0.0,,1.0,25.3,1.0,1.0,2.75,0.75,1,2025-11-01 08:32:20.102174
2,2025-01-13 09:14:17,2025-01-13 09:33:05,N,1.0,74,142,1.0,3.93,21.2,0.0,0.5,5.09,0.0,,1.0,30.54,1.0,1.0,2.75,0.0,1,2025-11-01 08:32:20.102174
2,2025-01-13 09:39:37,2025-01-13 10:02:36,N,1.0,74,239,1.0,3.72,22.6,0.0,0.5,5.37,0.0,,1.0,32.22,1.0,1.0,2.75,0.0,1,2025-11-01 08:32:20.102174
2,2025-01-13 09:50:04,2025-01-13 10:15:25,N,1.0,95,7,3.0,8.15,34.5,0.0,0.5,0.0,0.0,,1.0,36.0,2.0,1.0,0.0,0.0,1,2025-11-01 08:32:20.102174
2,2025-01-13 09:26:04,2025-01-13 09:38:15,N,1.0,74,75,1.0,1.38,12.1,0.0,0.5,0.0,0.0,,1.0,13.6,2.0,1.0,0.0,0.0,1,2025-11-01 08:32:20.102174
2,2025-01-13 09:47:54,2025-01-13 09:52:42,N,1.0,116,166,1.0,1.21,7.9,0.0,0.5,1.6,0.0,,1.0,11.0,1.0,1.0,0.0,0.0,1,2025-11-01 08:32:20.102174
2,2025-01-13 09:09:40,2025-01-13 09:18:35,N,1.0,74,74,1.0,1.21,10.0,0.0,0.5,3.45,0.0,,1.0,14.95,1.0,1.0,0.0,0.0,1,2025-11-01 08:32:20.102174
2,2025-01-13 09:12:51,2025-01-13 09:27:02,N,1.0,74,166,1.0,1.73,14.2,0.0,0.5,1.57,0.0,,1.0,17.27,1.0,1.0,0.0,0.0,1,2025-11-01 08:32:20.102174
2,2025-01-13 09:16:11,2025-01-13 09:35:10,N,1.0,74,140,1.0,3.66,21.9,0.0,0.5,5.23,0.0,,1.0,31.38,1.0,1.0,2.75,0.0,1,2025-11-01 08:32:20.102174
2,2025-01-13 09:30:11,2025-01-13 09:38:57,N,1.0,166,238,1.0,1.66,10.7,0.0,0.5,2.99,0.0,,1.0,17.94,1.0,1.0,2.75,0.0,1,2025-11-01 08:32:20.102174
2,2025-01-13 09:52:35,2025-01-13 10:00:25,N,1.0,166,239,1.0,2.16,11.4,0.0,0.5,3.13,0.0,,1.0,18.78,1.0,1.0,2.75,0.0,1,2025-11-01 08:32:20.102174
1,2025-01-13 09:22:10,2025-01-13 09:41:47,N,1.0,167,159,1.0,0.0,17.5,0.0,1.5,0.0,0.0,,1.0,19.0,1.0,1.0,0.0,0.0,1,2025-11-01 08:32:20.102174
2,2025-01-13 09:56:38,2025-01-13 10:07:50,N,1.0,75,75,1.0,1.21,12.1,0.0,0.5,0.0,0.0,,1.0,13.6,2.0,1.0,0.0,0.0,1,2025-11-01 08:32:20.102174
2,2025-01-13 06:26:29,2025-01-13 06:34:49,N,1.0,74,43,1.0,1.38,10.0,0.0,0.5,2.5,0.0,,1.0,14.0,1.0,1.0,0.0,0.0,1,2025-11-01 08:32:20.102174
2,2025-01-13 06:40:13,2025-01-13 06:59:12,N,1.0,43,246,1.0,5.54,26.1,0.0,0.5,6.22,0.0,,1.0,37.32,1.0,1.0,2.75,0.75,1,2025-11-01 08:32:20.102174
2,2025-01-13 09:04:48,2025-01-13 09:15:08,N,1.0,75,236,1.0,0.75,10.0,0.0,0.5,1.5,0.0,,1.0,15.75,1.0,1.0,2.75,0.0,1,2025-11-01 08:32:20.102174
2,2025-01-13 09:59:43,2025-01-13 10:03:51,N,1.0,41,166,1.0,0.69,6.5,0.0,0.5,2.0,0.0,,1.0,10.0,1.0,1.0,0.0,0.0,1,2025-11-01 08:32:20.102174
2,2025-01-13 09:08:43,2025-01-13 09:22:04,N,1.0,95,82,1.0,2.22,15.6,0.0,0.5,0.0,0.0,,1.0,17.1,2.0,1.0,0.0,0.0,1,2025-11-01 08:32:20.102174
2,2025-01-13 09:19:11,2025-01-13 09:31:13,N,1.0,74,236,1.0,2.0,12.8,0.0,0.5,3.41,0.0,,1.0,20.46,1.0,1.0,2.75,0.0,1,2025-11-01 08:32:20.102174
2,2025-01-13 09:53:16,2025-01-13 10:06:01,N,1.0,74,42,1.0,1.69,13.5,0.0,0.5,3.75,0.0,,1.0,18.75,1.0,1.0,0.0,0.0,1,2025-11-01 08:32:20.102174
1,2025-01-13 09:56:01,2025-01-13 10:05:41,N,1.0,254,174,1.0,0.0,17.5,0.0,1.5,0.0,0.0,,1.0,19.0,1.0,1.0,0.0,0.0,1,2025-11-01 08:32:20.102174
2,2025-01-13 09:35:50,2025-01-13 09:47:59,N,1.0,74,75,1.0,1.33,12.8,0.0,0.5,2.86,0.0,,1.0,17.16,1.0,1.0,0.0,0.0,1,2025-11-01 08:32:20.102174
2,2025-01-13 09:02:31,2025-01-13 09:14:15,N,1.0,74,75,1.0,1.12,12.1,0.0,0.5,5.0,0.0,,1.0,18.6,1.0,1.0,0.0,0.0,1,2025-11-01 08:32:20.102174
1,2025-01-13 09:51:10,2025-01-13 10:06:00,N,1.0,74,263,1.0,2.3,13.5,2.75,1.5,3.55,0.0,,1.0,21.3,1.0,1.0,2.75,0.0,1,2025-11-01 08:32:20.102174
2,2025-01-13 09:37:49,2025-01-13 09:52:58,N,1.0,95,196,1.0,2.46,14.9,0.0,0.5,0.0,0.0,,1.0,16.4,2.0,1.0,0.0,0.0,1,2025-11-01 08:32:20.102174
2,2025-01-13 09:12:54,2025-01-13 09:22:19,N,1.0,74,75,1.0,1.4,10.0,0.0,0.5,2.3,0.0,,1.0,13.8,1.0,1.0,0.0,0.0,1,2025-11-01 08:32:20.102174
2,2025-01-13 09:40:45,2025-01-13 09:54:36,N,1.0,74,75,1.0,1.52,12.8,0.0,0.5,0.0,0.0,,1.0,14.3,2.0,1.0,0.0,0.0,1,2025-11-01 08:32:20.102174
2,2025-01-13 09:22:11,2025-01-13 09:31:22,N,1.0,129,129,1.0,1.3,10.7,0.0,0.5,0.0,0.0,,1.0,12.2,2.0,1.0,0.0,0.0,1,2025-11-01 08:32:20.102174
2,2025-01-13 09:52:10,2025-01-13 10:01:21,N,1.0,129,129,1.0,1.22,10.7,0.0,0.5,0.0,0.0,,1.0,12.2,2.0,1.0,0.0,0.0,1,2025-11-01 08:32:20.102174
2,2025-01-13 08:46:17,2025-01-13 08:59:07,N,1.0,74,75,1.0,1.33,12.8,0.0,0.5,0.0,0.0,,1.0,14.3,1.0,1.0,0.0,0.0,1,2025-11-01 08:32:20.102174
2,2025-01-13 09:24:06,2025-01-13 09:32:33,N,1.0,41,239,1.0,2.14,12.1,0.0,0.5,3.27,0.0,,1.0,19.62,1.0,1.0,2.75,0.0,1,2025-11-01 08:32:20.102174
1,2025-01-13 09:19:16,2025-01-13 09:37:32,N,1.0,244,236,2.0,6.0,26.1,2.75,1.5,6.05,0.0,,1.0,36.4,1.0,1.0,2.75,0.0,1,2025-11-01 08:32:20.102174
2,2025-01-13 09:32:07,2025-01-13 10:03:10,N,1.0,95,233,1.0,8.4,38.7,0.0,0.5,5.0,6.94,,1.0,55.64,1.0,1.0,2.75,0.75,1,2025-11-01 08:32:20.102174
2,2025-01-13 09:28:25,2025-01-13 09:35:14,N,1.0,43,236,1.0,0.96,8.6,0.0,0.5,2.57,0.0,,1.0,15.42,1.0,1.0,2.75,0.0,1,2025-11-01 08:32:20.102174
2,2025-01-13 09:53:51,2025-01-13 09:59:33,N,1.0,75,236,1.0,0.62,7.2,0.0,0.5,3.44,0.0,,1.0,14.89,1.0,1.0,2.75,0.0,1,2025-11-01 08:32:20.102174
2,2025-01-13 09:20:31,2025-01-13 09:35:32,N,1.0,95,121,1.0,2.61,16.3,0.0,0.5,3.56,0.0,,1.0,21.36,1.0,1.0,0.0,0.0,1,2025-11-01 08:32:20.102174
2,2025-01-13 09:03:43,2025-01-13 09:15:22,N,1.0,75,41,6.0,2.03,13.5,0.0,0.5,3.0,0.0,,1.0,18.0,1.0,1.0,0.0,0.0,1,2025-11-01 08:32:20.102174
2,2025-01-13 09:45:39,2025-01-13 09:57:19,N,1.0,75,142,6.0,2.79,14.9,0.0,0.5,0.0,0.0,,1.0,19.9,2.0,1.0,2.75,0.75,1,2025-11-01 08:32:20.102174
2,2025-01-13 09:25:20,2025-01-13 09:49:57,N,1.0,74,140,1.0,3.94,25.4,0.0,0.5,5.93,0.0,,1.0,35.58,1.0,1.0,2.75,0.0,1,2025-11-01 08:32:20.102174
2,2025-01-13 09:57:56,2025-01-13 10:03:03,N,1.0,75,75,1.0,0.79,7.2,0.0,0.5,2.61,0.0,,1.0,11.31,1.0,1.0,0.0,0.0,1,2025-11-01 08:32:20.102174
1,2025-01-13 09:06:22,2025-01-13 09:22:38,N,1.0,121,130,1.0,0.0,19.5,0.0,1.5,0.0,0.0,,1.0,21.0,1.0,1.0,0.0,0.0,1,2025-11-01 08:32:20.102174
2,2025-01-13 09:07:04,2025-01-13 09:20:41,N,1.0,74,238,1.0,2.63,15.6,0.0,0.5,0.0,0.0,,1.0,19.85,2.0,1.0,2.75,0.0,1,2025-11-01 08:32:20.102174
2,2025-01-13 09:41:27,2025-01-13 09:59:23,N,1.0,75,140,1.0,2.45,17.0,0.0,0.5,4.25,0.0,,1.0,25.5,1.0,1.0,2.75,0.0,1,2025-11-01 08:32:20.102174
2,2025-01-13 09:28:52,2025-01-13 09:43:03,N,1.0,43,161,1.0,2.35,14.9,0.0,0.5,1.5,0.0,,1.0,21.4,1.0,1.0,2.75,0.75,1,2025-11-01 08:32:20.102174
2,2025-01-13 09:18:23,2025-01-13 09:32:10,N,1.0,74,151,1.0,2.31,14.9,0.0,0.5,4.0,0.0,,1.0,20.4,1.0,1.0,0.0,0.0,1,2025-11-01 08:32:20.102174
2,2025-01-13 09:32:30,2025-01-13 09:36:15,N,1.0,134,95,1.0,0.86,6.5,0.0,0.5,1.6,0.0,,1.0,9.6,1.0,1.0,0.0,0.0,1,2025-11-01 08:32:20.102174
2,2025-01-13 09:59:07,2025-01-13 10:12:09,N,1.0,43,161,6.0,2.2,14.2,0.0,0.5,3.84,0.0,,1.0,23.04,1.0,1.0,2.75,0.75,1,2025-11-01 08:32:20.102174
2,2025-01-13 09:27:52,2025-01-13 09:38:20,N,1.0,74,152,1.0,1.49,11.4,0.0,0.5,1.0,0.0,,1.0,13.9,1.0,1.0,0.0,0.0,1,2025-11-01 08:32:20.102174
2,2025-01-13 08:30:07,2025-01-13 09:22:16,N,1.0,97,132,2.0,27.83,105.9,0.0,0.5,10.74,0.0,,1.0,118.14,1.0,1.0,0.0,0.0,1,2025-11-01 08:32:20.102174
2,2025-01-13 09:04:53,2025-01-13 09:12:23,N,1.0,116,42,1.0,0.93,8.6,0.0,0.5,0.0,0.0,,1.0,10.1,2.0,1.0,0.0,0.0,1,2025-11-01 08:32:20.102174
2,2025-01-13 09:37:32,2025-01-13 10:09:27,N,1.0,41,162,1.0,4.45,28.2,0.0,0.5,6.64,0.0,,1.0,39.84,1.0,1.0,2.75,0.75,1,2025-11-01 08:32:20.102174
2,2025-01-13 09:24:55,2025-01-13 09:37:19,N,1.0,74,236,1.0,2.05,13.5,0.0,0.5,5.32,0.0,,1.0,23.07,1.0,1.0,2.75,0.0,1,2025-11-01 08:32:20.102174
2,2025-01-13 09:56:29,2025-01-13 10:31:45,N,1.0,74,186,1.0,7.89,42.2,0.0,0.5,0.0,0.0,,1.0,47.2,2.0,1.0,2.75,0.75,1,2025-11-01 08:32:20.102174
1,2025-01-13 09:36:54,2025-01-13 09:48:59,N,1.0,74,75,1.0,1.2,11.4,0.0,1.5,0.0,0.0,,1.0,12.9,2.0,1.0,0.0,0.0,1,2025-11-01 08:32:20.102174
1,2025-01-13 09:26:42,2025-01-13 10:18:38,N,1.0,85,137,1.0,0.0,36.5,0.0,1.5,0.0,6.94,,1.0,44.94,1.0,1.0,0.0,0.0,1,2025-11-01 08:32:20.102174
2,2025-01-13 09:20:27,2025-01-13 09:37:56,N,5.0,92,129,4.0,5.63,30.0,0.0,0.0,0.0,0.0,,1.0,31.0,2.0,1.0,0.0,0.0,1,2025-11-01 08:32:20.102174
2,2025-01-13 09:24:30,2025-01-13 09:33:26,N,1.0,74,75,1.0,1.18,9.3,0.0,0.5,1.08,0.0,,1.0,11.88,1.0,1.0,0.0,0.0,1,2025-11-01 08:32:20.102174
2,2025-01-13 08:59:30,2025-01-13 09:21:33,N,1.0,74,236,1.0,2.5,20.5,0.0,0.5,4.95,0.0,,1.0,29.7,1.0,1.0,2.75,0.0,1,2025-11-01 08:32:20.102174
2,2025-01-13 09:53:17,2025-01-13 10:05:20,N,1.0,74,236,1.0,2.27,13.5,0.0,0.5,3.55,0.0,,1.0,21.3,1.0,1.0,2.75,0.0,1,2025-11-01 08:32:20.102174
2,2025-01-13 09:35:23,2025-01-13 09:48:21,N,1.0,196,95,1.0,1.82,13.5,0.0,0.5,0.02,0.0,,1.0,15.02,1.0,1.0,0.0,0.0,1,2025-11-01 08:32:20.102174
2,2025-01-13 09:01:52,2025-01-13 09:13:14,N,1.0,74,75,1.0,1.56,12.1,0.0,0.5,2.5,0.0,,1.0,16.1,1.0,1.0,0.0,0.0,1,2025-11-01 08:32:20.102174
2,2025-01-13 09:18:21,2025-01-13 09:30:58,N,1.0,74,42,1.0,2.16,14.2,0.0,0.5,0.0,0.0,,1.0,15.7,2.0,1.0,0.0,0.0,1,2025-11-01 08:32:20.102174
2,2025-01-13 09:37:40,2025-01-13 09:51:16,N,1.0,42,127,1.0,4.36,21.9,0.0,0.5,7.0,0.0,,1.0,30.4,1.0,1.0,0.0,0.0,1,2025-11-01 08:32:20.102174
1,2025-01-13 09:00:10,2025-01-13 09:08:39,N,1.0,188,188,1.0,0.0,16.5,0.0,1.5,0.0,0.0,,1.0,18.0,1.0,1.0,0.0,0.0,1,2025-11-01 08:32:20.102174
1,2025-01-13 09:35:17,2025-01-13 10:05:17,N,1.0,177,65,1.0,0.0,23.5,0.0,1.5,0.0,0.0,,1.0,25.0,1.0,1.0,0.0,0.0,1,2025-11-01 08:32:20.102174
2,2025-01-13 09:15:44,2025-01-13 09:24:10,N,1.0,74,75,1.0,1.36,9.3,0.0,0.5,2.16,0.0,,1.0,12.96,1.0,1.0,0.0,0.0,1,2025-11-01 08:32:20.102174
2,2025-01-13 09:48:11,2025-01-13 09:53:41,N,1.0,74,74,1.0,0.45,6.5,0.0,0.5,0.0,0.0,,1.0,8.0,1.0,1.0,0.0,0.0,1,2025-11-01 08:32:20.102174
2,2025-01-13 09:07:42,2025-01-13 09:13:57,N,1.0,95,134,1.0,1.14,8.6,0.0,0.5,2.02,0.0,,1.0,12.12,1.0,1.0,0.0,0.0,1,2025-11-01 08:32:20.102174
2,2025-01-13 09:17:15,2025-01-13 09:28:52,N,1.0,75,163,5.0,2.15,13.5,0.0,0.5,3.7,0.0,,1.0,22.2,1.0,1.0,2.75,0.75,1,2025-11-01 08:32:20.102174
2,2025-01-13 09:54:56,2025-01-13 10:13:30,N,1.0,74,244,1.0,3.05,19.1,0.0,0.5,4.12,0.0,,1.0,24.72,1.0,1.0,0.0,0.0,1,2025-11-01 08:32:20.102174
1,2025-01-13 09:13:14,2025-01-13 09:50:59,N,1.0,89,76,1.0,0.0,24.5,0.0,1.5,0.0,0.0,,1.0,26.0,1.0,1.0,0.0,0.0,1,2025-11-01 08:32:20.102174
2,2025-01-13 09:16:38,2025-01-13 09:22:29,N,1.0,43,42,1.0,0.88,7.9,0.0,0.5,1.88,0.0,,1.0,11.28,1.0,1.0,0.0,0.0,1,2025-11-01 08:32:20.102174
2,2025-01-13 09:42:39,2025-01-13 09:52:58,N,1.0,75,236,1.0,0.82,10.0,0.0,0.5,2.85,0.0,,1.0,17.1,1.0,1.0,2.75,0.0,1,2025-11-01 08:32:20.102174
2,2025-01-13 09:39:10,2025-01-13 09:59:16,N,1.0,74,238,1.0,2.85,19.8,0.0,0.5,2.0,0.0,,1.0,23.3,1.0,1.0,0.0,0.0,1,2025-11-01 08:32:20.102174
2,2025-01-13 09:36:04,2025-01-13 09:44:23,N,1.0,129,226,1.0,1.72,10.7,0.0,0.5,2.44,0.0,,1.0,14.64,1.0,1.0,0.0,0.0,1,2025-11-01 08:32:20.102174
2,2025-01-13 09:11:43,2025-01-13 09:14:55,N,1.0,75,74,1.0,1.12,6.5,0.0,0.5,1.6,0.0,,1.0,9.6,1.0,1.0,0.0,0.0,1,2025-11-01 08:32:20.102174
2,2025-01-13 10:01:08,2025-01-13 10:10:15,N,1.0,24,239,1.0,1.66,11.4,0.0,0.5,3.13,0.0,,1.0,18.78,1.0,1.0,2.75,0.0,1,2025-11-01 08:32:20.102174
2,2025-01-13 09:01:35,2025-01-13 09:14:56,N,1.0,74,75,1.0,1.39,13.5,0.0,0.5,3.0,0.0,,1.0,18.0,1.0,1.0,0.0,0.0,1,2025-11-01 08:32:20.102174
2,2025-01-13 09:43:47,2025-01-13 09:55:44,N,1.0,74,138,1.0,6.63,26.1,5.0,0.5,5.0,6.94,,1.0,44.54,1.0,1.0,0.0,0.0,1,2025-11-01 08:32:20.102174
2,2025-01-13 09:34:36,2025-01-13 09:45:11,N,1.0,130,130,1.0,1.24,11.4,0.0,0.5,0.0,0.0,,1.0,12.9,1.0,1.0,0.0,0.0,1,2025-11-01 08:32:20.102174
2,2025-01-13 09:36:14,2025-01-13 09:45:20,N,1.0,43,238,1.0,1.59,10.7,0.0,0.5,2.99,0.0,,1.0,17.94,1.0,1.0,2.75,0.0,1,2025-11-01 08:32:20.102174
2,2025-01-13 09:36:05,2025-01-13 09:56:48,N,1.0,74,237,1.0,2.85,19.8,0.0,0.5,4.81,0.0,,1.0,28.86,1.0,1.0,2.75,0.0,1,2025-11-01 08:32:20.102174
2,2025-01-13 09:05:29,2025-01-13 09:20:29,N,1.0,74,262,1.0,2.28,14.9,0.0,0.5,3.83,0.0,,1.0,22.98,1.0,1.0,2.75,0.0,1,2025-11-01 08:32:20.102174
2,2025-01-13 09:18:31,2025-01-13 09:26:21,N,1.0,74,41,1.0,1.29,10.0,0.0,0.5,0.0,0.0,,1.0,11.5,2.0,1.0,0.0,0.0,1,2025-11-01 08:32:20.102174
1,2025-01-13 09:27:19,2025-01-13 09:38:02,N,1.0,216,76,1.0,0.0,20.5,0.0,1.5,0.0,0.0,,1.0,22.0,1.0,1.0,0.0,0.0,1,2025-11-01 08:32:20.102174
1,2025-01-13 09:49:57,2025-01-13 09:59:11,N,1.0,77,72,1.0,0.0,18.5,0.0,1.5,0.0,0.0,,1.0,20.0,1.0,1.0,0.0,0.0,1,2025-11-01 08:32:20.102174
2,2025-01-13 09:42:09,2025-01-13 09:54:44,N,5.0,74,75,1.0,1.79,10.0,0.0,0.0,0.0,0.0,,1.0,11.0,2.0,2.0,0.0,0.0,1,2025-11-01 08:32:20.102174
1,2025-01-13 09:10:13,2025-01-13 09:26:54,N,1.0,74,138,0.0,7.1,31.7,5.0,1.5,11.25,6.94,,1.0,56.39,1.0,1.0,0.0,0.0,1,2025-11-01 08:32:20.102174
2,2025-01-13 09:36:20,2025-01-13 09:50:56,N,1.0,152,43,1.0,2.65,16.3,0.0,0.5,0.0,0.0,,1.0,17.8,2.0,1.0,0.0,0.0,1,2025-11-01 08:32:20.102174
2,2025-01-13 10:00:14,2025-01-13 10:10:14,N,1.0,75,41,1.0,1.42,10.7,0.0,0.5,0.0,0.0,,1.0,12.2,2.0,1.0,0.0,0.0,1,2025-11-01 08:32:20.102174
2,2025-01-13 09:44:09,2025-01-13 09:58:39,N,1.0,244,241,1.0,4.81,22.6,0.0,0.5,0.0,0.0,,1.0,24.1,2.0,1.0,0.0,0.0,1,2025-11-01 08:32:20.102174
2,2025-01-13 10:03:26,2025-01-13 10:19:58,N,1.0,95,192,1.0,3.24,18.4,0.0,0.5,4.98,0.0,,1.0,24.88,1.0,1.0,0.0,0.0,1,2025-11-01 08:32:20.102174
2,2025-01-13 09:36:01,2025-01-13 09:50:00,N,1.0,74,138,1.0,6.74,28.2,5.0,0.5,8.33,6.94,,1.0,49.97,1.0,1.0,0.0,0.0,1,2025-11-01 08:32:20.102174
2,2025-01-13 09:46:01,2025-01-13 10:06:51,N,1.0,41,237,1.0,3.42,20.5,0.0,0.5,0.0,0.0,,1.0,24.75,2.0,1.0,2.75,0.0,1,2025-11-01 08:32:20.102174
2,2025-01-13 09:14:01,2025-01-13 09:23:42,N,1.0,74,236,1.0,1.75,10.7,0.0,0.5,2.0,0.0,,1.0,16.7,1.0,1.0,2.5,0.0,1,2025-11-01 08:32:20.102174
1,2025-01-13 09:04:41,2025-01-13 09:15:38,N,1.0,65,97,1.0,1.2,10.0,0.0,1.5,0.0,0.0,,1.0,11.5,2.0,1.0,0.0,0.0,1,2025-11-01 08:32:20.102174
2,2025-01-13 09:14:57,2025-01-13 09:36:22,N,1.0,95,137,1.0,9.09,36.6,0.0,0.5,9.71,6.94,,1.0,58.25,1.0,1.0,2.75,0.75,1,2025-11-01 08:32:20.102174
2,2025-01-13 09:16:31,2025-01-13 09:28:01,N,1.0,74,236,1.0,1.86,12.1,0.0,0.5,0.0,0.0,,1.0,16.35,2.0,1.0,2.75,0.0,1,2025-11-01 08:32:20.102174
2,2025-01-13 09:15:01,2025-01-13 09:36:31,N,1.0,166,143,1.0,3.29,21.9,0.0,0.5,7.84,0.0,,1.0,33.99,1.0,1.0,2.75,0.0,1,2025-11-01 08:32:20.102174
2,2025-01-13 09:29:36,2025-01-13 09:32:50,N,1.0,75,263,1.0,0.84,5.8,0.0,0.5,0.0,0.0,,1.0,10.05,2.0,1.0,2.75,0.0,1,2025-11-01 08:32:20.102174
2,2025-01-13 09:03:10,2025-01-13 09:16:40,N,1.0,130,138,1.0,6.88,28.2,5.0,0.5,8.68,0.0,,1.0,43.38,1.0,1.0,0.0,0.0,1,2025-11-01 08:32:20.102174
2,2025-01-13 09:15:32,2025-01-13 09:25:43,N,1.0,74,75,1.0,1.62,11.4,0.0,0.5,0.0,0.0,,1.0,12.9,2.0,1.0,0.0,0.0,1,2025-11-01 08:32:20.102174
2,2025-01-13 09:41:51,2025-01-13 09:52:06,N,1.0,74,43,1.0,0.9,10.7,0.0,0.5,1.8,0.0,,1.0,14.0,1.0,1.0,0.0,0.0,1,2025-11-01 08:32:20.102174
2,2025-01-13 10:40:47,2025-01-13 10:54:25,N,1.0,75,236,1.0,0.85,12.1,0.0,0.5,2.5,0.0,,1.0,18.85,1.0,1.0,2.75,0.0,1,2025-11-01 08:32:20.102174
2,2025-01-13 10:59:46,2025-01-13 11:06:04,N,1.0,75,263,1.0,1.03,7.9,0.0,0.5,0.0,0.0,,1.0,12.15,2.0,1.0,2.75,0.0,1,2025-11-01 08:32:20.102174
2,2025-01-13 10:06:59,2025-01-13 10:18:40,N,1.0,74,166,1.0,2.13,12.8,0.0,0.5,2.72,0.0,,0.3,16.32,1.0,1.0,0.0,0.0,1,2025-11-01 08:32:20.102174
2,2025-01-13 10:52:19,2025-01-13 11:04:26,N,1.0,95,28,1.0,2.49,15.6,0.0,0.5,0.0,0.0,,1.0,17.1,2.0,1.0,0.0,0.0,1,2025-11-01 08:32:20.102174
2,2025-01-13 10:32:36,2025-01-13 10:43:00,N,1.0,97,97,1.0,0.83,10.0,0.0,0.5,3.45,0.0,,1.0,14.95,1.0,1.0,0.0,0.0,1,2025-11-01 08:32:20.102174
2,2025-01-13 10:18:22,2025-01-13 10:28:50,N,1.0,74,236,1.0,2.03,12.1,0.0,0.5,3.27,0.0,,1.0,19.62,1.0,1.0,2.75,0.0,1,2025-11-01 08:32:20.102174
1,2025-01-13 10:20:33,2025-01-13 10:32:46,N,1.0,42,151,1.0,2.2,12.8,0.0,1.5,6.0,0.0,,1.0,20.3,1.0,1.0,0.0,0.0,1,2025-11-01 08:32:20.102174
2,2025-01-13 10:01:01,2025-01-13 10:08:31,N,1.0,166,239,1.0,1.8,10.7,0.0,0.5,2.24,0.0,,1.0,17.19,1.0,1.0,2.75,0.0,1,2025-11-01 08:32:20.102174
1,2025-01-13 10:13:53,2025-01-13 10:25:26,N,1.0,82,138,1.0,4.3,19.8,5.0,1.5,5.0,0.0,,1.0,31.3,1.0,1.0,0.0,0.0,1,2025-11-01 08:32:20.102174
2,2025-01-13 10:19:17,2025-01-13 10:34:15,N,1.0,74,138,1.0,6.7,28.2,5.0,0.5,10.41,6.94,,1.0,52.05,1.0,1.0,0.0,0.0,1,2025-11-01 08:32:20.102174
2,2025-01-13 10:06:45,2025-01-13 10:18:35,N,1.0,65,97,1.0,1.17,11.4,0.0,0.5,0.0,0.0,,1.0,12.9,2.0,1.0,0.0,0.0,1,2025-11-01 08:32:20.102174
2,2025-01-13 10:26:07,2025-01-13 10:40:15,N,1.0,43,161,1.0,2.43,14.9,0.0,0.5,0.0,0.0,,1.0,19.9,2.0,1.0,2.75,0.75,1,2025-11-01 08:32:20.102174
2,2025-01-13 10:28:36,2025-01-13 10:40:09,N,1.0,75,41,1.0,2.03,12.8,0.0,0.5,2.86,0.0,,1.0,17.16,1.0,1.0,0.0,0.0,1,2025-11-01 08:32:20.102174
2,2025-01-13 10:09:27,2025-01-13 10:18:49,N,1.0,74,166,1.0,1.41,10.7,0.0,0.5,0.0,0.0,,1.0,12.2,1.0,1.0,0.0,0.0,1,2025-11-01 08:32:20.102174
2,2025-01-13 10:07:41,2025-01-13 10:27:38,N,1.0,74,47,1.0,5.08,25.4,0.0,0.5,5.38,0.0,,1.0,32.28,1.0,1.0,0.0,0.0,1,2025-11-01 08:32:20.102174
2,2025-01-13 10:30:45,2025-01-13 10:45:27,N,1.0,74,244,2.0,4.55,21.9,0.0,0.5,4.68,0.0,,1.0,28.08,1.0,1.0,0.0,0.0,1,2025-11-01 08:32:20.102174
1,2025-01-13 10:26:28,2025-01-13 10:40:01,N,1.0,129,138,1.0,3.5,19.1,5.0,1.5,5.1,0.0,,1.0,30.7,1.0,1.0,0.0,0.0,1,2025-11-01 08:32:20.102174
2,2025-01-13 10:41:45,2025-01-13 10:49:06,N,1.0,41,166,1.0,1.28,8.6,0.0,0.5,2.52,0.0,,1.0,12.62,1.0,1.0,0.0,0.0,1,2025-11-01 08:32:20.102174
2,2025-01-13 10:11:05,2025-01-13 10:26:29,N,1.0,75,48,1.0,3.18,17.0,0.0,0.5,3.0,0.0,,1.0,25.0,1.0,1.0,2.75,0.75,1,2025-11-01 08:32:20.102174
2,2025-01-13 10:56:36,2025-01-13 11:02:26,N,1.0,43,238,1.0,1.3,8.6,0.0,0.5,3.21,0.0,,1.0,16.06,1.0,1.0,2.75,0.0,1,2025-11-01 08:32:20.102174
2,2025-01-13 10:17:59,2025-01-13 10:23:13,N,1.0,97,181,2.0,0.86,7.2,0.0,0.5,0.0,0.0,,1.0,8.7,2.0,1.0,0.0,0.0,1,2025-11-01 08:32:20.102174
1,2025-01-13 10:29:56,2025-01-13 10:39:38,N,1.0,254,174,1.0,0.0,15.5,0.0,1.5,0.0,0.0,,1.0,17.0,1.0,1.0,0.0,0.0,1,2025-11-01 08:32:20.102174
1,2025-01-13 10:21:35,2025-01-13 10:52:47,N,1.0,242,216,1.0,0.0,41.5,0.0,1.5,0.0,6.94,,1.0,49.94,1.0,1.0,0.0,0.0,1,2025-11-01 08:32:20.102174
2,2025-01-13 10:29:59,2025-01-13 10:41:48,N,1.0,74,138,1.0,6.66,27.5,5.0,0.5,0.0,6.94,,1.0,40.94,1.0,1.0,0.0,0.0,1,2025-11-01 08:32:20.102174
2,2025-01-13 10:43:41,2025-01-13 10:55:04,N,1.0,75,237,1.0,1.89,12.8,0.0,0.5,3.41,0.0,,1.0,20.46,1.0,1.0,2.75,0.0,1,2025-11-01 08:32:20.102174
2,2025-01-13 10:22:42,2025-01-13 10:42:21,N,1.0,134,132,1.0,5.85,26.1,0.0,0.5,1.0,0.0,,1.0,28.6,1.0,1.0,0.0,0.0,1,2025-11-01 08:32:20.102174
1,2025-01-13 10:46:53,2025-01-13 10:53:04,N,1.0,42,42,2.0,0.8,6.5,0.0,1.5,0.0,0.0,,1.0,8.0,2.0,1.0,0.0,0.0,1,2025-11-01 08:32:20.102174
2,2025-01-13 10:03:49,2025-01-13 10:13:13,N,1.0,129,129,1.0,1.32,10.7,0.0,0.5,0.0,0.0,,1.0,12.2,2.0,1.0,0.0,0.0,1,2025-11-01 08:32:20.102174
2,2025-01-13 10:27:47,2025-01-13 10:33:11,N,1.0,129,129,1.0,0.84,7.2,0.0,0.5,0.0,0.0,,1.0,8.7,1.0,1.0,0.0,0.0,1,2025-11-01 08:32:20.102174
2,2025-01-13 10:50:14,2025-01-13 11:20:53,N,1.0,82,132,1.0,10.32,42.9,0.0,0.5,8.88,0.0,,1.0,53.28,1.0,1.0,0.0,0.0,1,2025-11-01 08:32:20.102174
2,2025-01-13 10:06:45,2025-01-13 10:22:40,N,1.0,75,138,1.0,8.21,33.1,0.0,0.5,6.23,6.94,,1.0,47.77,1.0,1.0,0.0,0.0,1,2025-11-01 08:32:20.102174
1,2025-01-13 10:16:49,2025-01-13 10:17:21,Y,5.0,244,244,1.0,6.0,0.0,0.0,0.0,0.0,0.0,,0.0,0.0,2.0,2.0,0.0,0.0,1,2025-11-01 08:32:20.102174
1,2025-01-13 10:19:31,2025-01-13 10:20:03,Y,5.0,244,244,1.0,0.0,0.0,0.0,0.0,0.0,0.0,,0.0,0.0,2.0,2.0,0.0,0.0,1,2025-11-01 08:32:20.102174
1,2025-01-13 10:21:37,2025-01-13 10:45:25,Y,1.0,244,170,1.0,9.5,37.3,3.5,1.5,8.45,0.0,,1.0,50.75,1.0,1.0,2.75,0.75,1,2025-11-01 08:32:20.102174
2,2025-01-13 10:37:28,2025-01-13 10:43:40,N,1.0,75,75,1.0,0.58,7.2,0.0,0.5,2.61,0.0,,1.0,11.31,1.0,1.0,0.0,0.0,1,2025-11-01 08:32:20.102174
2,2025-01-13 10:57:33,2025-01-13 11:19:38,N,1.0,43,170,6.0,2.98,21.2,0.0,0.5,2.62,0.0,,1.0,28.82,1.0,1.0,2.75,0.75,1,2025-11-01 08:32:20.102174
2,2025-01-13 10:14:47,2025-01-13 10:26:06,N,1.0,74,75,1.0,1.36,12.1,0.0,0.5,2.72,0.0,,1.0,16.32,1.0,1.0,0.0,0.0,1,2025-11-01 08:32:20.102174
2,2025-01-13 10:49:30,2025-01-13 10:54:44,N,1.0,74,41,1.0,0.54,6.5,0.0,0.5,0.0,0.0,,1.0,8.0,1.0,1.0,0.0,0.0,1,2025-11-01 08:32:20.102174
1,2025-01-13 10:27:14,2025-01-13 11:03:38,N,1.0,92,100,1.0,0.0,34.5,0.0,1.5,0.0,6.94,,1.0,42.94,1.0,1.0,0.0,0.0,1,2025-11-01 08:32:20.102174
2,2025-01-13 10:43:33,2025-01-13 10:53:40,N,1.0,43,166,1.0,1.89,12.1,0.0,0.5,2.72,0.0,,1.0,16.32,1.0,1.0,0.0,0.0,1,2025-11-01 08:32:20.102174
1,2025-01-13 10:00:06,2025-01-13 10:17:43,N,1.0,226,237,1.0,0.0,20.5,0.0,1.5,0.0,0.0,,1.0,22.0,1.0,1.0,0.0,0.0,1,2025-11-01 08:32:20.102174
2,2025-01-13 10:30:36,2025-01-13 10:37:10,N,1.0,74,75,1.0,1.5,8.6,0.0,0.5,2.52,0.0,,1.0,12.62,1.0,1.0,0.0,0.0,1,2025-11-01 08:32:20.102174
2,2025-01-13 10:54:31,2025-01-13 11:05:27,N,1.0,244,243,1.0,1.2,11.4,0.0,0.5,0.0,0.0,,1.0,12.9,1.0,1.0,0.0,0.0,1,2025-11-01 08:32:20.102174
1,2025-01-13 10:03:49,2025-01-13 10:23:51,N,1.0,260,213,1.0,0.0,31.5,0.0,1.5,0.0,0.0,,1.0,33.0,1.0,1.0,0.0,0.0,1,2025-11-01 08:32:20.102174
2,2025-01-13 10:41:02,2025-01-13 10:50:15,N,1.0,75,41,6.0,1.48,11.4,0.0,0.5,2.58,0.0,,1.0,15.48,1.0,1.0,0.0,0.0,1,2025-11-01 08:32:20.102174
1,2025-01-13 10:53:36,2025-01-13 10:55:53,N,1.0,216,216,1.0,0.4,4.4,0.0,1.5,0.0,0.0,,1.0,5.9,2.0,1.0,0.0,0.0,1,2025-11-01 08:32:20.102174
2,2025-01-13 10:34:54,2025-01-13 10:45:50,N,1.0,82,138,1.0,3.83,18.4,5.0,0.5,4.98,0.0,,1.0,29.88,1.0,1.0,0.0,0.0,1,2025-11-01 08:32:20.102174
2,2025-01-13 10:56:48,2025-01-13 11:04:47,N,1.0,75,262,1.0,0.97,7.9,0.0,0.5,2.0,0.0,,1.0,14.15,1.0,1.0,2.75,0.0,1,2025-11-01 08:32:20.102174
1,2025-01-13 10:37:30,2025-01-13 10:54:31,N,1.0,74,238,1.0,2.8,17.7,2.75,1.5,4.35,0.0,,1.0,26.3,1.0,1.0,2.75,0.0,1,2025-11-01 08:32:20.102174
2,2025-01-13 10:06:58,2025-01-13 10:14:55,N,1.0,74,75,1.0,1.41,9.3,0.0,0.5,2.16,0.0,,1.0,12.96,1.0,1.0,0.0,0.0,1,2025-11-01 08:32:20.102174
2,2025-01-13 10:15:51,2025-01-13 10:39:14,N,1.0,75,168,1.0,4.19,24.0,0.0,0.5,0.0,0.0,,1.0,25.5,2.0,1.0,0.0,0.0,1,2025-11-01 08:32:20.102174
2,2025-01-13 09:59:35,2025-01-13 10:13:18,N,1.0,95,258,1.0,2.23,15.6,0.0,0.5,2.0,0.0,,1.0,19.1,1.0,1.0,0.0,0.0,1,2025-11-01 08:32:20.102174
2,2025-01-13 10:38:13,2025-01-13 11:11:03,N,1.0,97,234,1.0,6.96,36.6,0.0,0.5,8.32,0.0,,1.0,49.92,1.0,1.0,2.75,0.75,1,2025-11-01 08:32:20.102174
2,2025-01-13 10:15:26,2025-01-13 10:21:39,N,1.0,75,236,5.0,1.0,7.9,0.0,0.5,3.0,0.0,,1.0,15.15,1.0,1.0,2.75,0.0,1,2025-11-01 08:32:20.102174
2,2025-01-13 10:44:21,2025-01-13 11:01:43,N,1.0,43,233,5.0,4.16,21.9,0.0,0.5,3.1,0.0,,1.0,30.0,1.0,1.0,2.75,0.75,1,2025-11-01 08:32:20.102174
2,2025-01-13 10:29:41,2025-01-13 10:36:07,N,1.0,74,41,1.0,1.34,8.6,0.0,0.5,0.0,0.0,,1.0,10.1,2.0,1.0,0.0,0.0,1,2025-11-01 08:32:20.102174
2,2025-01-13 10:08:53,2025-01-13 10:43:06,N,1.0,75,234,3.0,5.71,35.2,0.0,0.5,8.04,0.0,,1.0,48.24,1.0,1.0,2.75,0.75,1,2025-11-01 08:32:20.102174
2,2025-01-13 10:16:03,2025-01-13 10:24:51,N,1.0,95,28,3.0,1.52,10.7,0.0,0.5,0.0,0.0,,1.0,12.2,2.0,1.0,0.0,0.0,1,2025-11-01 08:32:20.102174
2,2025-01-13 09:32:40,2025-01-13 09:41:48,N,1.0,74,236,1.0,1.56,10.7,0.0,0.5,4.0,0.0,,1.0,18.95,1.0,1.0,2.75,0.0,1,2025-11-01 08:32:20.102174
2,2025-01-13 09:47:51,2025-01-13 09:59:42,N,1.0,75,166,1.0,1.67,12.8,0.0,0.5,2.86,0.0,,1.0,17.16,1.0,1.0,0.0,0.0,1,2025-11-01 08:32:20.102174
2,2025-01-13 10:16:15,2025-01-13 10:21:33,N,1.0,74,42,1.0,0.84,6.5,0.0,0.5,0.0,0.0,,1.0,8.0,1.0,1.0,0.0,0.0,1,2025-11-01 08:32:20.102174
2,2025-01-13 10:31:22,2025-01-13 10:39:18,N,1.0,74,42,1.0,1.6,10.0,0.0,0.5,2.3,0.0,,1.0,13.8,1.0,1.0,0.0,0.0,1,2025-11-01 08:32:20.102174
2,2025-01-13 10:20:38,2025-01-13 10:23:52,N,1.0,43,236,1.0,0.65,5.8,0.0,0.5,2.51,0.0,,1.0,12.56,1.0,1.0,2.75,0.0,1,2025-11-01 08:32:20.102174
2,2025-01-13 10:50:24,2025-01-13 11:16:16,N,1.0,43,186,1.0,5.82,31.0,0.0,0.5,7.2,0.0,,1.0,43.2,1.0,1.0,2.75,0.75,1,2025-11-01 08:32:20.102174
2,2025-01-13 10:04:38,2025-01-13 10:09:46,N,1.0,74,75,1.0,1.23,7.9,0.0,0.5,1.88,0.0,,1.0,11.28,1.0,1.0,0.0,0.0,1,2025-11-01 08:32:20.102174
2,2025-01-13 10:28:44,2025-01-13 10:46:07,N,1.0,74,244,1.0,4.07,21.2,0.0,0.5,4.54,0.0,,1.0,27.24,1.0,1.0,0.0,0.0,1,2025-11-01 08:32:20.102174
2,2025-01-13 10:50:46,2025-01-13 11:15:25,N,1.0,244,151,1.0,3.57,24.7,0.0,0.5,5.24,0.0,,1.0,31.44,1.0,1.0,0.0,0.0,1,2025-11-01 08:32:20.102174
2,2025-01-13 10:36:52,2025-01-13 10:50:25,N,1.0,74,236,1.0,2.0,14.2,0.0,0.5,3.69,0.0,,1.0,22.14,1.0,1.0,2.75,0.0,1,2025-11-01 08:32:20.102174
2,2025-01-13 09:54:11,2025-01-13 10:08:50,N,1.0,166,236,1.0,2.55,16.3,0.0,0.5,5.14,0.0,,1.0,25.69,1.0,1.0,2.75,0.0,1,2025-11-01 08:32:20.102174
1,2025-01-13 10:07:49,2025-01-13 10:18:52,N,1.0,244,42,1.0,0.0,17.5,0.0,1.5,0.0,0.0,,1.0,19.0,1.0,1.0,0.0,0.0,1,2025-11-01 08:32:20.102174
1,2025-01-13 10:33:50,2025-01-13 10:33:53,N,1.0,166,166,1.0,4.1,3.0,0.0,1.5,0.0,0.0,,1.0,4.5,3.0,1.0,0.0,0.0,1,2025-11-01 08:32:20.102174
1,2025-01-13 10:30:11,2025-01-13 10:31:51,N,1.0,39,39,1.0,0.0,14.5,0.0,1.5,0.0,0.0,,1.0,16.0,1.0,1.0,0.0,0.0,1,2025-11-01 08:32:20.102174
2,2025-01-13 10:05:08,2025-01-13 10:18:59,N,1.0,74,151,1.0,2.53,15.6,0.0,0.5,3.42,0.0,,1.0,20.52,1.0,1.0,0.0,0.0,1,2025-11-01 08:32:20.102174
2,2025-01-13 10:31:58,2025-01-13 10:34:32,N,1.0,166,151,1.0,0.53,5.1,0.0,0.5,0.0,0.0,,1.0,6.6,2.0,1.0,0.0,0.0,1,2025-11-01 08:32:20.102174
2,2025-01-13 10:50:46,2025-01-13 10:58:11,N,1.0,166,238,1.0,1.5,10.0,0.0,0.5,2.85,0.0,,1.0,17.1,1.0,1.0,2.75,0.0,1,2025-11-01 08:32:20.102174
1,2025-01-13 10:30:26,2025-01-13 10:43:34,N,1.0,74,237,0.0,2.7,14.9,2.75,1.5,4.85,0.0,,1.0,24.0,1.0,1.0,2.75,0.0,1,2025-11-01 08:32:20.102174
2,2025-01-13 10:13:17,2025-01-13 10:23:30,N,1.0,41,43,1.0,1.84,12.1,0.0,0.5,3.27,0.0,,1.0,19.62,1.0,1.0,2.75,0.0,1,2025-11-01 08:32:20.102174
2,2025-01-13 10:35:17,2025-01-13 10:44:10,N,1.0,75,166,1.0,2.13,11.4,0.0,0.5,0.0,0.0,,1.0,12.9,2.0,1.0,0.0,0.0,1,2025-11-01 08:32:20.102174
2,2025-01-13 10:00:57,2025-01-13 10:09:18,N,1.0,116,166,1.0,1.7,10.7,0.0,0.5,0.0,0.0,,1.0,12.2,2.0,1.0,0.0,0.0,1,2025-11-01 08:32:20.102174
2,2025-01-13 10:22:19,2025-01-13 10:33:45,N,1.0,41,247,1.0,2.48,14.2,0.0,0.5,0.0,0.0,,1.0,15.7,1.0,1.0,0.0,0.0,1,2025-11-01 08:32:20.102174
2,2025-01-13 10:07:07,2025-01-13 10:18:24,N,1.0,74,236,1.0,2.2,12.8,0.0,0.5,4.26,0.0,,1.0,21.31,1.0,1.0,2.75,0.0,1,2025-11-01 08:32:20.102174
2,2025-01-13 10:35:56,2025-01-13 10:42:52,N,1.0,74,74,1.0,0.77,7.9,0.0,0.5,1.88,0.0,,1.0,11.28,1.0,1.0,0.0,0.0,1,2025-11-01 08:32:20.102174
2,2025-01-13 10:40:17,2025-01-13 10:51:59,N,1.0,74,75,1.0,1.47,12.1,0.0,0.5,0.01,0.0,,1.0,13.61,1.0,1.0,0.0,0.0,1,2025-11-01 08:32:20.102174
2,2025-01-13 10:27:34,2025-01-13 10:49:39,N,1.0,74,142,1.0,3.79,22.6,0.0,0.5,5.37,0.0,,1.0,32.22,1.0,1.0,2.75,0.0,1,2025-11-01 08:32:20.102174
2,2025-01-13 10:36:14,2025-01-13 10:47:04,N,1.0,74,166,1.0,1.48,11.4,0.0,0.5,0.0,0.0,,1.0,12.9,2.0,1.0,0.0,0.0,1,2025-11-01 08:32:20.102174
2,2025-01-13 10:37:58,2025-01-13 10:47:17,N,1.0,74,42,6.0,1.66,10.7,0.0,0.5,0.0,0.0,,1.0,12.2,1.0,1.0,0.0,0.0,1,2025-11-01 08:32:20.102174
2,2025-01-13 09:11:32,2025-01-13 09:30:39,N,1.0,129,193,1.0,3.55,19.8,0.0,0.5,1.0,0.0,,1.0,22.3,1.0,1.0,0.0,0.0,1,2025-11-01 08:32:20.102174
2,2025-01-13 11:47:30,2025-01-13 11:51:06,N,1.0,256,232,1.0,1.19,7.2,0.0,0.5,25.0,0.0,,1.0,37.2,1.0,1.0,2.75,0.75,1,2025-11-01 08:32:20.102174
2,2025-01-13 11:40:02,2025-01-13 11:50:38,N,1.0,83,160,2.0,2.1,12.8,0.0,0.5,9.0,0.0,,1.0,23.3,1.0,1.0,0.0,0.0,1,2025-11-01 08:32:20.102174
2,2025-01-13 11:56:58,2025-01-13 12:09:29,N,1.0,97,61,1.0,2.04,12.8,0.0,0.5,0.0,0.0,,1.0,14.3,2.0,1.0,0.0,0.0,1,2025-11-01 08:32:20.102174
2,2025-01-13 11:34:54,2025-01-13 12:06:42,N,1.0,74,234,1.0,8.08,40.1,0.0,0.5,9.02,0.0,,1.0,54.12,1.0,1.0,2.75,0.75,1,2025-11-01 08:32:20.102174
2,2025-01-13 11:19:17,2025-01-13 11:26:16,N,1.0,166,238,1.0,0.98,8.6,0.0,0.5,2.57,0.0,,1.0,15.42,1.0,1.0,2.75,0.0,1,2025-11-01 08:32:20.102174
2,2025-01-13 11:42:40,2025-01-13 12:02:34,N,1.0,74,141,1.0,2.94,19.8,0.0,0.5,4.81,0.0,,1.0,28.86,1.0,1.0,2.75,0.0,1,2025-11-01 08:32:20.102174
2,2025-01-13 11:00:20,2025-01-13 11:12:12,N,1.0,97,17,1.0,1.9,12.8,0.0,0.5,2.86,0.0,,1.0,17.16,1.0,1.0,0.0,0.0,1,2025-11-01 08:32:20.102174
2,2025-01-13 11:55:41,2025-01-13 12:30:09,N,1.0,42,20,1.0,6.08,34.5,0.0,0.5,0.0,0.0,,1.0,36.0,2.0,1.0,0.0,0.0,1,2025-11-01 08:32:20.102174
1,2025-01-13 11:50:21,2025-01-13 12:01:16,N,1.0,75,237,1.0,1.5,12.1,2.75,1.5,4.9,0.0,,1.0,21.25,1.0,1.0,2.75,0.0,1,2025-11-01 08:32:20.102174
2,2025-01-13 11:01:14,2025-01-13 11:18:20,N,1.0,116,236,1.0,4.46,21.9,0.0,0.5,0.0,0.0,,1.0,26.15,2.0,1.0,2.75,0.0,1,2025-11-01 08:32:20.102174
2,2025-01-13 11:51:02,2025-01-13 12:06:58,N,1.0,166,75,1.0,2.14,15.6,0.0,0.5,2.0,0.0,,1.0,19.1,1.0,1.0,0.0,0.0,1,2025-11-01 08:32:20.102174
1,2025-01-13 11:24:04,2025-01-13 11:33:29,N,1.0,129,138,1.0,4.6,19.8,5.0,1.5,5.25,0.0,,1.0,31.55,1.0,1.0,0.0,0.0,1,2025-11-01 08:32:20.102174
1,2025-01-13 11:20:00,2025-01-13 11:38:15,N,1.0,243,41,1.0,0.0,22.5,0.0,1.5,0.0,0.0,,1.0,24.0,1.0,1.0,0.0,0.0,1,2025-11-01 08:32:20.102174
1,2025-01-13 11:45:24,2025-01-13 11:55:27,N,1.0,41,75,1.0,1.5,11.4,0.0,1.5,0.0,0.0,,1.0,12.9,2.0,1.0,0.0,0.0,1,2025-11-01 08:32:20.102174
2,2025-01-13 11:20:28,2025-01-13 11:25:40,N,1.0,75,74,1.0,1.27,7.9,0.0,0.5,0.0,0.0,,1.0,9.4,2.0,1.0,0.0,0.0,1,2025-11-01 08:32:20.102174
2,2025-01-13 11:54:18,2025-01-13 12:09:10,N,1.0,43,237,1.0,1.78,14.9,0.0,0.5,4.79,0.0,,1.0,23.94,1.0,1.0,2.75,0.0,1,2025-11-01 08:32:20.102174
2,2025-01-13 11:33:49,2025-01-13 11:40:14,N,1.0,43,238,1.0,1.13,8.6,0.0,0.5,1.93,0.0,,1.0,14.78,1.0,1.0,2.75,0.0,1,2025-11-01 08:32:20.102174
2,2025-01-13 11:53:44,2025-01-13 12:01:06,N,1.0,43,75,1.0,1.0,8.6,0.0,0.5,0.0,0.0,,1.0,10.1,2.0,1.0,0.0,0.0,1,2025-11-01 08:32:20.102174
2,2025-01-13 11:46:14,2025-01-13 11:56:03,N,1.0,97,49,2.0,1.34,10.7,0.0,0.5,0.0,0.0,,1.0,12.2,2.0,1.0,0.0,0.0,1,2025-11-01 08:32:20.102174
2,2025-01-13 11:50:59,2025-01-13 12:01:25,N,1.0,74,236,5.0,1.9,12.1,0.0,0.5,3.27,0.0,,1.0,19.62,1.0,1.0,2.75,0.0,1,2025-11-01 08:32:20.102174
2,2025-01-13 11:08:16,2025-01-13 11:48:02,N,1.0,75,186,1.0,4.67,35.2,0.0,0.5,7.0,0.0,,1.0,47.2,1.0,1.0,2.75,0.75,1,2025-11-01 08:32:20.102174
1,2025-01-13 11:32:07,2025-01-13 11:47:43,N,1.0,116,213,1.0,6.4,26.8,0.0,1.5,0.0,0.0,,1.0,28.3,2.0,1.0,0.0,0.0,1,2025-11-01 08:32:20.102174
2,2025-01-13 11:22:41,2025-01-13 11:46:36,N,1.0,95,95,1.0,3.09,21.9,0.0,0.5,0.0,0.0,,1.0,23.4,2.0,1.0,0.0,0.0,1,2025-11-01 08:32:20.102174
2,2025-01-13 11:13:11,2025-01-13 11:21:15,N,1.0,43,263,1.0,1.32,9.3,0.0,0.5,1.36,0.0,,1.0,14.91,1.0,1.0,2.75,0.0,1,2025-11-01 08:32:20.102174
1,2025-01-13 11:43:07,2025-01-13 12:06:53,N,1.0,75,244,1.0,4.0,21.2,0.0,1.5,0.0,0.0,,1.0,22.7,2.0,1.0,0.0,0.0,1,2025-11-01 08:32:20.102174
1,2025-01-13 11:21:21,2025-01-13 11:37:04,Y,1.0,244,163,1.0,7.3,29.6,3.5,1.5,8.65,0.0,,1.0,43.25,1.0,1.0,2.75,0.75,1,2025-11-01 08:32:20.102174
2,2025-01-13 11:52:09,2025-01-13 11:56:01,N,1.0,7,7,1.0,0.45,5.8,0.0,0.5,1.46,0.0,,1.0,8.76,1.0,1.0,0.0,0.0,1,2025-11-01 08:32:20.102174
2,2025-01-13 11:54:28,2025-01-13 12:03:21,N,1.0,43,236,1.0,0.88,8.6,0.0,0.5,1.88,0.0,,1.0,14.73,1.0,1.0,2.75,0.0,1,2025-11-01 08:32:20.102174
2,2025-01-13 11:48:08,2025-01-13 11:57:35,N,1.0,82,82,1.0,1.23,10.0,0.0,0.5,0.0,0.0,,1.0,11.5,2.0,1.0,0.0,0.0,1,2025-11-01 08:32:20.102174
1,2025-01-13 11:37:28,2025-01-13 11:44:48,N,1.0,41,74,1.0,1.2,8.6,0.0,1.5,0.0,0.0,,1.0,10.1,2.0,1.0,0.0,0.0,1,2025-11-01 08:32:20.102174
2,2025-01-13 11:51:40,2025-01-13 11:59:50,N,1.0,129,129,1.0,1.25,9.3,0.0,0.5,0.0,0.0,,1.0,10.8,2.0,1.0,0.0,0.0,1,2025-11-01 08:32:20.102174
2,2025-01-13 11:26:20,2025-01-13 11:55:57,N,1.0,43,162,1.0,3.34,26.8,0.0,0.5,6.36,0.0,,1.0,38.16,1.0,1.0,2.75,0.75,1,2025-11-01 08:32:20.102174
1,2025-01-13 11:18:45,2025-01-13 11:38:37,N,1.0,75,162,2.0,2.5,19.8,3.5,1.5,6.2,0.0,,1.0,31.0,1.0,1.0,2.75,0.75,1,2025-11-01 08:32:20.102174
2,2025-01-13 11:47:16,2025-01-13 11:58:33,N,1.0,43,236,6.0,1.34,12.1,0.0,0.5,3.27,0.0,,1.0,19.62,1.0,1.0,2.75,0.0,1,2025-11-01 08:32:20.102174
1,2025-01-13 11:27:04,2025-01-13 12:03:58,N,1.0,226,95,1.0,5.1,35.9,0.0,1.5,0.0,0.0,,1.0,37.4,2.0,1.0,0.0,0.0,1,2025-11-01 08:32:20.102174
2,2025-01-13 11:40:29,2025-01-13 11:46:07,N,1.0,236,236,1.0,0.84,7.9,0.0,0.5,2.43,0.0,,1.0,14.58,1.0,1.0,2.75,0.0,1,2025-11-01 08:32:20.102174
2,2025-01-13 11:27:00,2025-01-13 11:27:31,N,1.0,193,193,1.0,0.0,3.0,0.0,0.5,0.9,0.0,,1.0,5.4,1.0,1.0,0.0,0.0,1,2025-11-01 08:32:20.102174
2,2025-01-13 11:28:48,2025-01-13 11:29:28,N,1.0,193,193,1.0,0.0,3.0,0.0,0.5,0.9,0.0,,1.0,5.4,1.0,1.0,0.0,0.0,1,2025-11-01 08:32:20.102174
2,2025-01-13 11:09:00,2025-01-13 11:21:24,N,1.0,74,152,1.0,1.32,12.1,0.0,0.5,2.72,0.0,,1.0,16.32,1.0,1.0,0.0,0.0,1,2025-11-01 08:32:20.102174
1,2025-01-13 11:49:31,2025-01-13 12:02:12,N,1.0,106,228,1.0,0.0,15.5,0.0,1.5,0.0,0.0,,1.0,17.0,1.0,1.0,0.0,0.0,1,2025-11-01 08:32:20.102174
2,2025-01-13 10:57:43,2025-01-13 11:36:09,N,2.0,166,132,2.0,18.06,70.0,0.0,0.5,8.56,6.94,,1.0,87.0,1.0,1.0,0.0,0.0,1,2025-11-01 08:32:20.102174
2,2025-01-13 11:14:03,2025-01-13 11:24:36,N,1.0,42,41,1.0,1.61,12.1,0.0,0.5,2.72,0.0,,1.0,16.32,1.0,1.0,0.0,0.0,1,2025-11-01 08:32:20.102174
2,2025-01-13 11:03:35,2025-01-13 11:24:44,N,1.0,74,140,1.0,3.85,22.6,0.0,0.5,5.37,0.0,,1.0,32.22,1.0,1.0,2.75,0.0,1,2025-11-01 08:32:20.102174
2,2025-01-13 11:45:45,2025-01-13 11:52:47,N,1.0,74,42,1.0,1.12,8.6,0.0,0.5,2.02,0.0,,1.0,12.12,1.0,1.0,0.0,0.0,1,2025-11-01 08:32:20.102174
2,2025-01-13 11:13:49,2025-01-13 11:23:13,N,1.0,82,70,1.0,3.39,16.3,0.0,0.5,2.0,0.0,,1.0,19.8,1.0,1.0,0.0,0.0,1,2025-11-01 08:32:20.102174
1,2025-01-13 11:42:43,2025-01-13 11:52:55,N,1.0,74,262,1.0,2.7,14.9,2.75,1.5,3.8,0.0,,1.0,22.95,1.0,1.0,2.75,0.0,1,2025-11-01 08:32:20.102174
2,2025-01-13 11:15:39,2025-01-13 11:23:28,N,1.0,75,238,5.0,1.41,10.0,0.0,0.5,0.0,0.0,,1.0,14.25,2.0,1.0,2.75,0.0,1,2025-11-01 08:32:20.102174
2,2025-01-13 11:43:48,2025-01-13 11:56:49,N,1.0,75,162,5.0,2.21,14.2,0.0,0.5,3.84,0.0,,1.0,23.04,1.0,1.0,2.75,0.75,1,2025-11-01 08:32:20.102174
2,2025-01-13 11:33:04,2025-01-13 11:54:13,N,1.0,75,163,1.0,2.67,19.8,0.0,0.5,0.0,0.0,,1.0,24.8,2.0,1.0,2.75,0.75,1,2025-11-01 08:32:20.102174
2,2025-01-13 11:42:30,2025-01-13 12:02:59,N,1.0,74,142,1.0,3.42,21.2,0.0,0.5,0.0,0.0,,1.0,25.45,2.0,1.0,2.75,0.0,1,2025-11-01 08:32:20.102174
2,2025-01-13 11:02:00,2025-01-13 11:07:28,N,1.0,74,75,1.0,1.54,8.6,0.0,0.5,0.0,0.0,,1.0,10.1,2.0,1.0,0.0,0.0,1,2025-11-01 08:32:20.102174
2,2025-01-13 11:37:35,2025-01-13 11:46:38,N,1.0,74,75,1.0,1.46,10.0,0.0,0.5,2.88,0.0,,1.0,14.38,1.0,1.0,0.0,0.0,1,2025-11-01 08:32:20.102174
2,2025-01-13 11:52:22,2025-01-13 12:11:16,N,1.0,75,162,1.0,2.75,19.1,0.0,0.5,3.62,0.0,,1.0,27.72,1.0,1.0,2.75,0.75,1,2025-11-01 08:32:20.102174
2,2025-01-13 11:40:42,2025-01-13 11:52:51,N,1.0,74,236,1.0,1.73,12.8,0.0,0.5,3.41,0.0,,1.0,20.46,1.0,1.0,2.75,0.0,1,2025-11-01 08:32:20.102174
2,2025-01-13 11:44:19,2025-01-13 11:53:41,N,1.0,129,138,1.0,3.86,17.0,5.0,0.5,0.0,0.0,,1.0,23.5,2.0,1.0,0.0,0.0,1,2025-11-01 08:32:20.102174
2,2025-01-13 11:53:09,2025-01-13 12:02:51,N,1.0,43,236,1.0,0.64,10.0,0.0,0.5,0.0,0.0,,1.0,14.25,2.0,1.0,2.75,0.0,1,2025-11-01 08:32:20.102174
1,2025-01-13 11:20:53,2025-01-13 11:27:39,N,1.0,166,151,1.0,1.3,8.6,0.0,1.5,0.0,0.0,,1.0,10.1,2.0,1.0,0.0,0.0,1,2025-11-01 08:32:20.102174
1,2025-01-13 11:44:05,2025-01-13 11:54:17,N,1.0,166,239,1.0,2.2,12.8,2.75,1.5,3.0,0.0,,1.0,20.05,1.0,1.0,2.75,0.0,1,2025-11-01 08:32:20.102174
1,2025-01-13 11:01:33,2025-01-13 11:06:09,N,1.0,76,222,1.0,0.0,16.5,0.0,1.5,0.0,0.0,,1.0,18.0,1.0,1.0,0.0,0.0,1,2025-11-01 08:32:20.102174
2,2025-01-13 11:16:30,2025-01-13 11:27:28,N,1.0,116,166,1.0,1.8,12.8,0.0,0.5,0.0,0.0,,1.0,14.3,2.0,1.0,0.0,0.0,1,2025-11-01 08:32:20.102174
2,2025-01-13 11:57:52,2025-01-13 12:10:48,N,1.0,166,142,1.0,3.02,16.3,0.0,0.5,0.0,0.0,,1.0,20.55,2.0,1.0,2.75,0.0,1,2025-11-01 08:32:20.102174
2,2025-01-13 11:42:26,2025-01-13 11:59:39,N,1.0,244,238,1.0,5.48,25.4,0.0,0.5,0.0,0.0,,1.0,29.65,2.0,1.0,2.75,0.0,1,2025-11-01 08:32:20.102174
2,2025-01-13 11:02:09,2025-01-13 11:07:22,N,1.0,41,42,1.0,0.94,7.9,0.0,0.5,0.0,0.0,,1.0,9.4,2.0,1.0,0.0,0.0,1,2025-11-01 08:32:20.102174
2,2025-01-13 11:33:45,2025-01-13 11:46:00,N,1.0,116,244,1.0,1.52,12.8,0.0,0.5,2.86,0.0,,1.0,17.16,1.0,1.0,0.0,0.0,1,2025-11-01 08:32:20.102174
1,2025-01-13 11:22:35,2025-01-13 11:38:02,N,1.0,247,42,1.0,2.2,15.6,1.0,0.5,0.0,0.0,,0.0,17.1,2.0,1.0,0.0,0.0,1,2025-11-01 08:32:20.102174
2,2025-01-13 11:31:34,2025-01-13 11:46:11,N,1.0,134,160,1.0,2.9,17.0,0.0,0.5,4.62,0.0,,1.0,23.12,1.0,1.0,0.0,0.0,1,2025-11-01 08:32:20.102174
2,2025-01-13 11:24:37,2025-01-13 11:40:45,N,1.0,95,130,1.0,3.32,18.4,0.0,0.5,0.0,0.0,,1.0,19.9,2.0,1.0,0.0,0.0,1,2025-11-01 08:32:20.102174
2,2025-01-13 11:23:46,2025-01-13 11:36:30,N,1.0,74,263,1.0,2.27,14.9,0.0,0.5,4.79,0.0,,1.0,23.94,1.0,1.0,2.75,0.0,1,2025-11-01 08:32:20.102174
2,2025-01-13 11:22:06,2025-01-13 11:31:08,N,1.0,42,159,1.0,1.07,10.0,0.0,0.5,0.0,0.0,,1.0,11.5,2.0,1.0,0.0,0.0,1,2025-11-01 08:32:20.102174
2,2025-01-13 11:42:22,2025-01-13 11:51:57,N,1.0,42,166,1.0,1.48,11.4,0.0,0.5,0.0,0.0,,1.0,12.9,2.0,1.0,0.0,0.0,1,2025-11-01 08:32:20.102174
2,2025-01-13 11:57:13,2025-01-13 12:07:04,N,1.0,244,238,6.0,5.1,21.9,0.0,0.5,2.5,0.0,,1.0,28.65,1.0,1.0,2.75,0.0,1,2025-11-01 08:32:20.102174
2,2025-01-13 11:04:20,2025-01-13 11:10:33,N,1.0,74,75,1.0,0.72,7.9,0.0,0.5,1.88,0.0,,1.0,11.28,1.0,1.0,0.0,0.0,1,2025-11-01 08:32:20.102174
2,2025-01-13 11:35:49,2025-01-13 11:39:46,N,1.0,74,74,1.0,0.54,5.8,0.0,0.5,0.0,0.0,,1.0,7.3,2.0,1.0,0.0,0.0,1,2025-11-01 08:32:20.102174
2,2025-01-13 11:52:44,2025-01-13 12:02:33,N,1.0,166,238,1.0,1.75,12.1,0.0,0.5,3.27,0.0,,1.0,19.62,1.0,1.0,2.75,0.0,1,2025-11-01 08:32:20.102174
2,2025-01-13 11:32:49,2025-01-13 11:44:21,N,1.0,244,166,1.0,3.2,16.3,0.0,0.5,4.45,0.0,,1.0,22.25,1.0,1.0,0.0,0.0,1,2025-11-01 08:32:20.102174
2,2025-01-13 12:44:36,2025-01-13 12:52:36,N,1.0,134,197,5.0,1.77,10.7,0.0,0.5,2.44,0.0,,1.0,14.64,1.0,1.0,0.0,0.0,1,2025-11-01 08:32:20.102174
2,2025-01-13 12:31:31,2025-01-13 12:33:58,N,1.0,95,95,1.0,0.74,5.1,0.0,0.5,1.4,0.0,,1.0,8.0,1.0,1.0,0.0,0.0,1,2025-11-01 08:32:20.102174
2,2025-01-13 12:40:04,2025-01-13 13:30:47,N,1.0,92,92,2.0,7.44,47.1,0.0,0.5,3.0,0.0,,1.0,51.6,1.0,1.0,0.0,0.0,1,2025-11-01 08:32:20.102174
2,2025-01-13 12:55:48,2025-01-13 13:10:08,N,1.0,97,225,1.0,2.62,14.9,0.0,0.5,4.92,0.0,,1.0,21.32,1.0,1.0,0.0,0.0,1,2025-11-01 08:32:20.102174
1,2025-01-13 12:17:12,2025-01-13 12:29:39,N,1.0,25,181,0.0,1.7,12.8,0.0,1.5,2.0,0.0,,1.0,16.3,1.0,1.0,0.0,0.0,1,2025-11-01 08:32:20.102174
1,2025-01-13 12:50:49,2025-01-13 13:07:42,N,1.0,74,239,1.0,4.5,21.2,2.75,1.5,5.05,0.0,,1.0,30.5,1.0,1.0,2.75,0.0,1,2025-11-01 08:32:20.102174
2,2025-01-13 12:04:01,2025-01-13 12:20:10,N,1.0,97,61,1.0,1.98,15.6,0.0,0.5,0.0,0.0,,1.0,17.1,2.0,1.0,0.0,0.0,1,2025-11-01 08:32:20.102174
2,2025-01-13 12:41:13,2025-01-13 12:45:15,N,1.0,78,20,1.0,0.46,5.8,0.0,0.5,0.0,0.0,,1.0,7.3,2.0,1.0,0.0,0.0,1,2025-11-01 08:32:20.102174
2,2025-01-13 12:34:28,2025-01-13 12:51:45,N,1.0,152,236,1.0,4.74,24.0,0.0,0.5,5.0,0.0,,1.0,33.25,1.0,1.0,2.75,0.0,1,2025-11-01 08:32:20.102174
1,2025-01-13 12:28:40,2025-01-13 12:45:28,N,1.0,198,121,1.0,0.0,27.5,0.0,1.5,0.0,0.0,,1.0,29.0,1.0,1.0,0.0,0.0,1,2025-11-01 08:32:20.102174
2,2025-01-13 12:08:12,2025-01-13 12:26:53,N,1.0,43,229,1.0,3.09,17.7,0.0,0.5,4.54,0.0,,1.0,27.24,1.0,1.0,2.75,0.75,1,2025-11-01 08:32:20.102174
2,2025-01-13 12:41:23,2025-01-13 13:01:52,N,1.0,75,162,1.0,2.78,19.8,0.0,0.5,4.96,0.0,,1.0,29.76,1.0,1.0,2.75,0.75,1,2025-11-01 08:32:20.102174
2,2025-01-13 12:57:37,2025-01-13 13:12:08,N,1.0,116,74,1.0,1.77,14.2,0.0,0.5,3.14,0.0,,1.0,18.84,1.0,1.0,0.0,0.0,1,2025-11-01 08:32:20.102174
2,2025-01-13 12:41:05,2025-01-13 12:51:34,N,1.0,74,236,2.0,1.93,12.1,0.0,0.5,3.27,0.0,,1.0,19.62,1.0,1.0,2.75,0.0,1,2025-11-01 08:32:20.102174
1,2025-01-13 12:00:45,2025-01-13 12:04:53,N,1.0,75,75,2.0,0.6,5.8,0.0,1.5,0.0,0.0,,1.0,7.3,2.0,1.0,0.0,0.0,1,2025-11-01 08:32:20.102174
1,2025-01-13 12:20:03,2025-01-13 12:24:20,N,1.0,41,166,1.0,0.7,6.5,0.0,1.5,0.01,0.0,,1.0,8.01,1.0,1.0,0.0,0.0,1,2025-11-01 08:32:20.102174
1,2025-01-13 12:44:22,2025-01-13 13:04:01,N,1.0,41,237,1.0,0.0,20.5,0.0,1.5,0.0,0.0,,1.0,22.0,1.0,1.0,0.0,0.0,1,2025-11-01 08:32:20.102174
2,2025-01-13 07:10:39,2025-01-14 06:18:56,N,1.0,74,236,1.0,1.75,10.7,0.0,0.5,0.0,0.0,,1.0,14.95,2.0,1.0,2.75,0.0,1,2025-11-01 08:32:20.102174
2,2025-01-13 12:07:20,2025-01-13 12:30:44,N,1.0,196,122,1.0,7.3,33.1,0.0,0.5,0.0,0.0,,1.0,34.6,2.0,1.0,0.0,0.0,1,2025-11-01 08:32:20.102174
2,2025-01-13 12:51:18,2025-01-13 12:56:42,N,1.0,97,189,2.0,1.18,7.9,0.0,0.5,2.35,0.0,,1.0,11.75,1.0,1.0,0.0,0.0,1,2025-11-01 08:32:20.102174
2,2025-01-13 12:24:17,2025-01-13 12:31:05,N,1.0,75,41,5.0,1.38,9.3,0.0,0.5,2.16,0.0,,1.0,12.96,1.0,1.0,0.0,0.0,1,2025-11-01 08:32:20.102174
2,2025-01-13 12:07:10,2025-01-13 12:17:51,N,1.0,244,166,1.0,2.47,14.2,0.0,0.5,3.14,0.0,,1.0,18.84,1.0,1.0,0.0,0.0,1,2025-11-01 08:32:20.102174
2,2025-01-13 12:34:41,2025-01-13 13:07:23,N,5.0,243,239,1.0,9.38,9.0,0.0,0.0,0.0,0.0,,1.0,12.75,2.0,2.0,2.75,0.0,1,2025-11-01 08:32:20.102174
2,2025-01-13 12:58:56,2025-01-13 13:34:59,N,1.0,75,69,1.0,4.31,28.2,0.0,0.5,0.0,0.0,,1.0,29.7,2.0,1.0,0.0,0.0,1,2025-11-01 08:32:20.102174
1,2025-01-13 12:04:35,2025-01-13 12:08:30,N,1.0,159,168,1.0,0.5,5.1,0.0,1.5,0.0,0.0,,1.0,6.6,2.0,1.0,0.0,0.0,1,2025-11-01 08:32:20.102174
2,2025-01-13 12:08:56,2025-01-13 12:13:31,N,1.0,95,216,1.0,0.74,6.5,0.0,0.5,0.0,0.0,,1.0,8.0,2.0,1.0,0.0,0.0,1,2025-11-01 08:32:20.102174
2,2025-01-13 12:19:34,2025-01-13 12:27:03,N,1.0,42,75,1.0,1.73,10.0,0.0,0.5,0.0,0.0,,1.0,11.5,2.0,1.0,0.0,0.0,1,2025-11-01 08:32:20.102174
2,2025-01-13 12:45:46,2025-01-13 13:00:56,N,1.0,41,239,1.0,2.87,16.3,0.0,0.5,4.11,0.0,,1.0,24.66,1.0,1.0,2.75,0.0,1,2025-11-01 08:32:20.102174
1,2025-01-13 12:47:02,2025-01-13 13:02:23,N,1.0,75,140,1.0,2.2,13.5,2.75,1.5,0.0,0.0,,1.0,17.75,3.0,1.0,2.75,0.0,1,2025-11-01 08:32:20.102174
2,2025-01-13 12:38:59,2025-01-13 12:43:08,N,1.0,7,7,1.0,0.45,5.8,0.0,0.5,0.0,0.0,,1.0,7.3,2.0,1.0,0.0,0.0,1,2025-11-01 08:32:20.102174
2,2025-01-13 12:51:24,2025-01-13 13:31:27,N,1.0,7,56,1.0,3.86,32.4,0.0,0.5,0.0,0.0,,1.0,33.9,2.0,1.0,0.0,0.0,1,2025-11-01 08:32:20.102174
2,2025-01-13 12:04:22,2025-01-13 12:14:45,N,1.0,75,263,1.0,1.47,10.7,0.0,0.5,1.5,0.0,,1.0,16.45,1.0,1.0,2.75,0.0,1,2025-11-01 08:32:20.102174
2,2025-01-13 11:59:25,2025-01-13 12:07:41,N,1.0,95,134,1.0,1.62,10.7,0.0,0.5,2.44,0.0,,1.0,14.64,1.0,1.0,0.0,0.0,1,2025-11-01 08:32:20.102174
2,2025-01-13 12:49:09,2025-01-13 12:58:42,N,1.0,95,196,1.0,1.23,10.0,0.0,0.5,0.0,0.0,,1.0,11.5,2.0,1.0,0.0,0.0,1,2025-11-01 08:32:20.102174
2,2025-01-13 12:13:47,2025-01-13 12:22:50,N,1.0,75,236,6.0,1.09,10.0,0.0,0.5,2.85,0.0,,1.0,17.1,1.0,1.0,2.75,0.0,1,2025-11-01 08:32:20.102174
2,2025-01-13 12:56:43,2025-01-13 13:03:12,N,1.0,263,262,6.0,0.94,7.9,0.0,0.5,2.43,0.0,,1.0,14.58,1.0,1.0,2.75,0.0,1,2025-11-01 08:32:20.102174
1,2025-01-13 12:57:36,2025-01-13 13:06:36,N,1.0,74,75,1.0,1.6,10.7,0.0,1.5,0.0,0.0,,1.0,12.2,2.0,1.0,0.0,0.0,1,2025-11-01 08:32:20.102174
2,2025-01-13 12:48:11,2025-01-13 13:00:00,N,1.0,82,129,1.0,1.58,12.1,0.0,0.5,0.0,0.0,,1.0,13.6,2.0,1.0,0.0,0.0,1,2025-11-01 08:32:20.102174
2,2025-01-13 12:41:54,2025-01-13 13:03:32,N,1.0,129,193,1.0,3.32,19.8,0.0,0.5,0.0,0.0,,1.0,21.3,2.0,1.0,0.0,0.0,1,2025-11-01 08:32:20.102174
2,2025-01-13 12:27:15,2025-01-13 12:40:35,N,1.0,42,236,1.0,3.88,18.4,0.0,0.5,0.0,0.0,,1.0,22.65,2.0,1.0,2.75,0.0,1,2025-11-01 08:32:20.102174
2,2025-01-13 12:15:38,2025-01-13 12:31:52,N,1.0,43,141,1.0,1.96,16.3,0.0,0.5,4.11,0.0,,1.0,24.66,1.0,1.0,2.75,0.0,1,2025-11-01 08:32:20.102174
1,2025-01-13 12:24:57,2025-01-13 12:39:47,N,1.0,74,75,1.0,1.4,14.2,0.0,1.5,0.0,0.0,,1.0,15.7,3.0,1.0,0.0,0.0,1,2025-11-01 08:32:20.102174
2,2025-01-13 12:09:08,2025-01-13 12:18:52,N,1.0,74,152,1.0,1.76,11.4,0.0,0.5,2.0,0.0,,1.0,14.9,1.0,1.0,0.0,0.0,1,2025-11-01 08:32:20.102174
2,2025-01-13 12:27:46,2025-01-13 12:35:37,N,1.0,65,181,1.0,1.0,8.6,0.0,0.5,1.01,0.0,,1.0,11.11,1.0,1.0,0.0,0.0,1,2025-11-01 08:32:20.102174
1,2025-01-13 12:27:26,2025-01-13 12:43:30,N,1.0,82,56,2.0,0.6,11.4,0.0,1.5,0.0,0.0,,1.0,12.9,2.0,1.0,0.0,0.0,1,2025-11-01 08:32:20.102174
2,2025-01-13 12:32:47,2025-01-13 12:39:18,N,1.0,65,49,1.0,1.13,8.6,0.0,0.5,0.0,0.0,,1.0,10.1,1.0,1.0,0.0,0.0,1,2025-11-01 08:32:20.102174
2,2025-01-13 12:36:38,2025-01-13 12:48:11,N,1.0,33,217,1.0,2.33,14.2,0.0,0.5,3.14,0.0,,1.0,18.84,1.0,1.0,0.0,0.0,1,2025-11-01 08:32:20.102174
2,2025-01-13 12:33:52,2025-01-13 12:37:39,N,1.0,74,42,1.0,0.85,7.2,0.0,0.5,0.0,0.0,,1.0,8.7,2.0,1.0,0.0,0.0,1,2025-11-01 08:32:20.102174
1,2025-01-13 12:25:55,2025-01-13 12:49:56,N,1.0,89,91,1.0,0.0,20.5,0.0,1.5,0.0,0.0,,1.0,22.0,1.0,1.0,0.0,0.0,1,2025-11-01 08:32:20.102174
2,2025-01-13 12:40:19,2025-01-13 12:47:49,N,1.0,74,75,1.0,1.36,9.3,0.0,0.5,5.0,0.0,,1.0,15.8,1.0,1.0,0.0,0.0,1,2025-11-01 08:32:20.102174
1,2025-01-13 12:09:31,2025-01-13 12:34:35,N,1.0,75,107,1.0,6.0,30.3,3.5,1.5,8.8,0.0,,1.0,44.1,1.0,1.0,2.75,0.75,1,2025-11-01 08:32:20.102174
2,2025-01-13 12:06:30,2025-01-13 12:29:28,N,1.0,97,40,1.0,2.07,19.8,0.0,0.5,2.13,0.0,,1.0,23.43,1.0,1.0,0.0,0.0,1,2025-11-01 08:32:20.102174
2,2025-01-13 12:12:21,2025-01-13 12:19:28,N,1.0,65,33,1.0,0.65,7.9,0.0,0.5,2.82,0.0,,1.0,12.22,1.0,1.0,0.0,0.0,1,2025-11-01 08:32:20.102174
2,2025-01-13 12:47:51,2025-01-13 13:00:47,N,1.0,74,236,1.0,2.39,14.2,0.0,0.5,1.0,0.0,,1.0,19.45,1.0,1.0,2.75,0.0,1,2025-11-01 08:32:20.102174
2,2025-01-13 12:57:21,2025-01-13 13:06:38,N,1.0,75,262,1.0,1.27,10.0,0.0,0.5,2.14,0.0,,1.0,16.39,1.0,1.0,2.75,0.0,1,2025-11-01 08:32:20.102174
2,2025-01-13 12:55:40,2025-01-13 13:02:37,N,1.0,95,95,3.0,1.11,8.6,0.0,0.5,0.0,0.0,,1.0,10.1,2.0,1.0,0.0,0.0,1,2025-11-01 08:32:20.102174
2,2025-01-13 09:43:20,2025-01-13 09:58:01,N,1.0,74,236,1.0,2.34,15.6,0.0,0.5,3.97,0.0,,1.0,23.82,1.0,1.0,2.75,0.0,1,2025-11-01 08:32:20.102174
2,2025-01-13 12:56:38,2025-01-13 13:12:40,N,1.0,74,75,1.0,1.48,15.6,0.0,0.5,4.28,0.0,,1.0,21.38,1.0,1.0,0.0,0.0,1,2025-11-01 08:32:20.102174
2,2025-01-13 12:46:09,2025-01-13 12:54:34,N,1.0,129,138,1.0,0.0,8.6,5.0,0.5,3.02,0.0,,1.0,18.12,1.0,1.0,0.0,0.0,1,2025-11-01 08:32:20.102174
2,2025-01-13 12:09:33,2025-01-13 12:25:07,N,1.0,75,167,1.0,6.19,26.8,0.0,0.5,0.0,0.0,,1.0,28.3,2.0,1.0,0.0,0.0,1,2025-11-01 08:32:20.102174
1,2025-01-13 12:11:16,2025-01-13 12:35:59,N,1.0,166,141,1.0,4.0,26.1,2.75,1.5,0.0,0.0,,1.0,30.35,1.0,1.0,2.75,0.0,1,2025-11-01 08:32:20.102174
1,2025-01-13 12:48:50,2025-01-13 12:54:46,N,1.0,75,42,1.0,2.2,11.4,0.0,1.5,0.0,0.0,,1.0,12.9,2.0,1.0,0.0,0.0,1,2025-11-01 08:32:20.102174
2,2025-01-13 12:48:21,2025-01-13 12:55:54,N,1.0,166,41,1.0,1.25,9.3,0.0,0.5,2.16,0.0,,1.0,12.96,1.0,1.0,0.0,0.0,1,2025-11-01 08:32:20.102174
2,2025-01-13 12:31:44,2025-01-13 12:49:24,N,1.0,41,237,1.0,2.9,19.1,0.0,0.5,5.84,0.0,,1.0,29.19,1.0,1.0,2.75,0.0,1,2025-11-01 08:32:20.102174
2,2025-01-13 12:08:11,2025-01-13 12:12:10,N,1.0,42,116,1.0,0.92,6.5,0.0,0.5,1.6,0.0,,1.0,9.6,1.0,1.0,0.0,0.0,1,2025-11-01 08:32:20.102174
2,2025-01-13 12:17:12,2025-01-13 12:21:27,N,5.0,42,42,1.0,0.39,7.0,0.0,0.0,0.0,0.0,,1.0,8.0,2.0,2.0,0.0,0.0,1,2025-11-01 08:32:20.102174
2,2025-01-13 12:26:51,2025-01-13 12:40:04,N,1.0,41,151,1.0,1.48,12.8,0.0,0.5,0.0,0.0,,1.0,14.3,2.0,1.0,0.0,0.0,1,2025-11-01 08:32:20.102174
2,2025-01-13 12:51:05,2025-01-13 12:57:35,N,1.0,166,166,1.0,0.57,7.2,0.0,0.5,0.0,0.0,,1.0,8.7,2.0,1.0,0.0,0.0,1,2025-11-01 08:32:20.102174
2,2025-01-13 12:31:49,2025-01-13 12:43:19,N,1.0,75,239,1.0,1.98,12.8,0.0,0.5,3.41,0.0,,1.0,20.46,1.0,1.0,2.75,0.0,1,2025-11-01 08:32:20.102174
2,2025-01-13 12:51:28,2025-01-13 13:07:42,N,5.0,134,223,1.0,8.51,40.0,0.0,0.0,0.0,0.0,,1.0,41.0,1.0,2.0,0.0,0.0,1,2025-11-01 08:32:20.102174
2,2025-01-13 12:19:31,2025-01-13 12:42:41,N,1.0,130,130,1.0,2.13,21.2,0.0,0.5,3.4,0.0,,1.0,26.1,1.0,1.0,0.0,0.0,1,2025-11-01 08:32:20.102174
2,2025-01-13 13:19:59,2025-01-13 13:27:03,N,1.0,75,238,1.0,1.13,9.3,0.0,0.5,1.62,0.0,,1.0,12.42,1.0,1.0,0.0,0.0,1,2025-11-01 08:32:20.102174
2,2025-01-13 13:13:30,2025-01-13 13:13:32,N,5.0,28,264,1.0,0.0,12.0,0.0,0.0,0.0,0.0,,1.0,13.0,1.0,2.0,0.0,0.0,1,2025-11-01 08:32:20.102174
2,2025-01-13 13:53:36,2025-01-13 15:07:54,N,1.0,129,82,1.0,5.42,59.0,0.0,0.5,0.0,0.0,,1.0,60.5,2.0,1.0,0.0,0.0,1,2025-11-01 08:32:20.102174
2,2025-01-13 13:14:45,2025-01-13 13:34:00,N,1.0,74,151,1.0,2.62,18.4,0.0,0.5,0.0,0.0,,1.0,19.9,2.0,1.0,0.0,0.0,1,2025-11-01 08:32:20.102174
2,2025-01-13 13:46:51,2025-01-13 14:20:51,N,1.0,244,141,1.0,8.14,39.4,0.0,0.5,4.5,0.0,,1.0,48.15,1.0,1.0,2.75,0.0,1,2025-11-01 08:32:20.102174
2,2025-01-13 13:06:32,2025-01-13 13:31:57,N,1.0,97,161,1.0,7.64,35.2,0.0,0.5,8.04,0.0,,1.0,48.24,1.0,1.0,2.75,0.75,1,2025-11-01 08:32:20.102174
2,2025-01-13 13:12:32,2025-01-13 13:19:15,N,1.0,74,42,1.0,1.12,8.6,0.0,0.5,2.02,0.0,,1.0,12.12,1.0,1.0,0.0,0.0,1,2025-11-01 08:32:20.102174
2,2025-01-13 13:42:25,2025-01-13 13:57:08,N,1.0,74,151,1.0,2.14,15.6,0.0,0.5,0.0,0.0,,1.0,17.1,2.0,1.0,0.0,0.0,1,2025-11-01 08:32:20.102174
1,2025-01-13 13:29:39,2025-01-13 13:38:14,N,1.0,74,236,1.0,1.5,10.0,0.0,1.5,0.0,0.0,,1.0,11.5,2.0,1.0,0.0,0.0,1,2025-11-01 08:32:20.102174
2,2025-01-13 13:39:32,2025-01-13 13:48:34,N,1.0,75,262,1.0,1.23,9.3,0.0,0.5,3.39,0.0,,1.0,16.94,1.0,1.0,2.75,0.0,1,2025-11-01 08:32:20.102174
1,2025-01-13 13:52:22,2025-01-13 14:00:41,N,1.0,168,159,1.0,0.0,18.5,0.0,1.5,0.0,0.0,,1.0,20.0,1.0,1.0,0.0,0.0,1,2025-11-01 08:32:20.102174
2,2025-01-13 13:25:58,2025-01-13 13:36:21,N,1.0,236,43,1.0,1.85,12.1,0.0,0.5,5.13,0.0,,1.0,22.23,1.0,1.0,2.75,0.75,1,2025-11-01 08:32:20.102174
2,2025-01-13 06:34:27,2025-01-13 07:12:57,N,2.0,74,132,1.0,17.22,70.0,0.0,0.5,15.69,6.94,,1.0,94.13,1.0,1.0,0.0,0.0,1,2025-11-01 08:32:20.102174
2,2025-01-13 13:09:50,2025-01-13 13:18:12,N,1.0,75,41,1.0,1.39,10.0,0.0,0.5,2.3,0.0,,1.0,13.8,1.0,1.0,0.0,0.0,1,2025-11-01 08:32:20.102174
2,2025-01-13 13:39:48,2025-01-13 13:47:12,N,1.0,43,75,1.0,0.53,7.9,0.0,0.5,0.0,0.0,,1.0,9.4,2.0,1.0,0.0,0.0,1,2025-11-01 08:32:20.102174
2,2025-01-13 13:29:26,2025-01-13 13:39:15,N,1.0,43,239,5.0,1.93,12.1,0.0,0.5,3.27,0.0,,1.0,19.62,1.0,1.0,2.75,0.0,1,2025-11-01 08:32:20.102174
2,2025-01-13 13:01:00,2025-01-13 13:08:22,N,1.0,129,70,1.0,2.64,13.5,0.0,0.5,5.0,0.0,,1.0,20.0,1.0,1.0,0.0,0.0,1,2025-11-01 08:32:20.102174
2,2025-01-13 13:19:01,2025-01-13 13:28:09,N,1.0,130,130,1.0,1.65,10.7,0.0,0.5,2.44,0.0,,1.0,14.64,1.0,1.0,0.0,0.0,1,2025-11-01 08:32:20.102174
2,2025-01-13 13:24:18,2025-01-13 13:41:27,N,1.0,75,142,1.0,2.94,17.7,0.0,0.5,4.54,0.0,,1.0,27.24,1.0,1.0,2.75,0.75,1,2025-11-01 08:32:20.102174
2,2025-01-13 14:01:14,2025-01-13 14:14:32,N,1.0,75,166,1.0,1.65,13.5,0.0,0.5,3.75,0.0,,1.0,18.75,1.0,1.0,0.0,0.0,1,2025-11-01 08:32:20.102174
2,2025-01-13 13:53:46,2025-01-13 14:11:54,N,1.0,95,121,1.0,2.8,19.1,0.0,0.5,4.12,0.0,,1.0,24.72,1.0,1.0,0.0,0.0,1,2025-11-01 08:32:20.102174
2,2025-01-13 13:57:32,2025-01-13 14:00:48,N,1.0,166,151,5.0,0.6,5.8,0.0,0.5,2.19,0.0,,1.0,9.49,1.0,1.0,0.0,0.0,1,2025-11-01 08:32:20.102174
2,2025-01-13 13:35:57,2025-01-13 13:47:37,N,1.0,166,142,1.0,2.54,14.2,0.0,0.5,4.61,0.0,,1.0,23.06,1.0,1.0,2.75,0.0,1,2025-11-01 08:32:20.102174
2,2025-01-13 13:07:29,2025-01-13 13:20:23,N,1.0,129,7,1.0,1.72,13.5,0.0,0.5,0.0,0.0,,1.0,15.0,2.0,1.0,0.0,0.0,1,2025-11-01 08:32:20.102174
2,2025-01-13 14:02:08,2025-01-13 14:14:19,N,1.0,134,175,1.0,5.63,24.0,0.0,0.5,5.1,0.0,,1.0,30.6,1.0,1.0,0.0,0.0,1,2025-11-01 08:32:20.102174
2,2025-01-13 13:14:12,2025-01-13 13:41:49,N,1.0,244,162,1.0,8.96,39.4,0.0,0.5,8.88,0.0,,1.0,53.28,1.0,1.0,2.75,0.75,1,2025-11-01 08:32:20.102174
2,2025-01-13 13:17:09,2025-01-13 13:30:13,N,1.0,41,43,1.0,1.1,11.4,0.0,0.5,2.58,0.0,,1.0,15.48,1.0,1.0,0.0,0.0,1,2025-11-01 08:32:20.102174
1,2025-01-13 13:56:48,2025-01-13 14:02:32,N,1.0,75,74,1.0,1.4,7.9,0.0,1.5,2.8,0.0,,1.0,12.2,1.0,1.0,0.0,0.0,1,2025-11-01 08:32:20.102174
2,2025-01-13 13:12:17,2025-01-13 13:19:06,N,1.0,43,238,1.0,1.28,8.6,0.0,0.5,3.21,0.0,,1.0,16.06,1.0,1.0,2.75,0.0,1,2025-11-01 08:32:20.102174
1,2025-01-13 13:05:24,2025-01-13 13:29:06,Y,1.0,244,237,1.0,7.7,33.1,3.5,1.5,9.5,0.0,,1.0,47.6,1.0,1.0,2.75,0.75,1,2025-11-01 08:32:20.102174
1,2025-01-13 13:13:42,2025-01-13 13:20:17,N,1.0,75,75,1.0,1.1,8.6,0.0,1.5,0.0,0.0,,1.0,10.1,2.0,1.0,0.0,0.0,1,2025-11-01 08:32:20.102174
2,2025-01-13 13:03:43,2025-01-13 13:17:34,N,1.0,43,263,1.0,1.46,13.5,0.0,0.5,3.02,0.0,,1.0,20.77,1.0,1.0,2.75,0.0,1,2025-11-01 08:32:20.102174
2,2025-01-13 13:52:36,2025-01-13 13:56:02,N,1.0,75,74,1.0,1.08,6.5,0.0,0.5,0.0,0.0,,1.0,8.0,2.0,1.0,0.0,0.0,1,2025-11-01 08:32:20.102174
2,2025-01-13 13:50:38,2025-01-13 13:53:00,N,1.0,41,41,1.0,0.24,4.4,0.0,0.5,0.59,0.0,,1.0,6.49,1.0,1.0,0.0,0.0,1,2025-11-01 08:32:20.102174
1,2025-01-13 13:19:37,2025-01-13 13:25:22,N,1.0,75,74,1.0,1.4,8.6,0.0,1.5,0.0,0.0,,1.0,10.1,2.0,1.0,0.0,0.0,1,2025-11-01 08:32:20.102174
1,2025-01-13 13:59:30,2025-01-13 14:07:49,N,1.0,41,74,1.0,1.1,9.3,0.0,1.5,0.0,0.0,,1.0,10.8,2.0,1.0,0.0,0.0,1,2025-11-01 08:32:20.102174
2,2025-01-13 13:03:21,2025-01-13 13:28:16,N,1.0,55,89,1.0,3.89,24.0,0.0,0.5,1.0,0.0,,1.0,26.5,1.0,1.0,0.0,0.0,1,2025-11-01 08:32:20.102174
2,2025-01-13 13:09:52,2025-01-13 13:50:50,N,1.0,75,261,1.0,9.06,47.1,0.0,0.5,10.42,0.0,,1.0,62.52,1.0,1.0,2.75,0.75,1,2025-11-01 08:32:20.102174
2,2025-01-13 13:50:15,2025-01-13 14:17:48,N,1.0,166,142,1.0,3.36,21.2,0.0,0.5,0.0,0.0,,1.0,26.2,2.0,1.0,2.75,0.75,1,2025-11-01 08:32:20.102174
2,2025-01-13 13:57:39,2025-01-13 14:09:28,N,1.0,129,260,1.0,1.6,12.8,0.0,0.5,0.0,0.0,,1.0,14.3,2.0,1.0,0.0,0.0,1,2025-11-01 08:32:20.102174
1,2025-01-13 13:30:56,2025-01-13 13:36:08,N,1.0,236,236,1.0,0.8,7.2,2.75,1.5,0.0,0.0,,1.0,11.45,2.0,1.0,2.75,0.0,1,2025-11-01 08:32:20.102174
2,2025-01-13 13:18:28,2025-01-13 13:24:01,N,1.0,82,56,1.0,0.84,7.2,0.0,0.5,0.0,0.0,,1.0,8.7,2.0,1.0,0.0,0.0,1,2025-11-01 08:32:20.102174
2,2025-01-13 13:33:24,2025-01-13 13:45:52,N,1.0,75,262,6.0,1.48,12.8,0.0,0.5,0.0,0.0,,1.0,17.05,2.0,1.0,2.75,0.0,1,2025-11-01 08:32:20.102174
2,2025-01-13 13:39:58,2025-01-13 13:46:15,N,1.0,75,74,1.0,1.33,8.6,0.0,0.5,0.0,0.0,,1.0,10.1,2.0,1.0,0.0,0.0,1,2025-11-01 08:32:20.102174
2,2025-01-13 14:01:19,2025-01-13 14:06:34,N,1.0,92,92,1.0,0.27,6.5,0.0,0.5,0.0,0.0,,1.0,8.0,2.0,1.0,0.0,0.0,1,2025-11-01 08:32:20.102174
2,2025-01-13 13:39:05,2025-01-13 14:07:43,N,1.0,75,164,1.0,3.67,26.8,0.0,0.5,6.36,0.0,,1.0,38.16,1.0,1.0,2.75,0.75,1,2025-11-01 08:32:20.102174
2,2025-01-13 13:20:22,2025-01-13 13:28:30,N,1.0,95,95,1.0,1.09,10.0,0.0,0.5,0.0,0.0,,1.0,11.5,2.0,1.0,0.0,0.0,1,2025-11-01 08:32:20.102174
1,2025-01-13 13:12:05,2025-01-13 13:12:17,N,1.0,41,41,1.0,1.4,3.0,0.0,1.5,0.0,0.0,,1.0,4.5,3.0,1.0,0.0,0.0,1,2025-11-01 08:32:20.102174
2,2025-01-13 13:41:42,2025-01-13 13:49:51,N,1.0,74,75,1.0,1.55,10.0,0.0,0.5,2.3,0.0,,1.0,13.8,1.0,1.0,0.0,0.0,1,2025-11-01 08:32:20.102174
2,2025-01-13 13:20:31,2025-01-13 13:33:33,N,1.0,97,49,1.0,1.61,12.8,0.0,0.5,0.0,0.0,,1.0,14.3,2.0,1.0,0.0,0.0,1,2025-11-01 08:32:20.102174
2,2025-01-13 13:51:33,2025-01-13 14:17:08,N,1.0,25,257,1.0,4.83,27.5,0.0,0.5,5.8,0.0,,1.0,34.8,1.0,1.0,0.0,0.0,1,2025-11-01 08:32:20.102174
1,2025-01-13 13:09:24,2025-01-13 13:21:27,N,1.0,82,129,1.0,2.6,14.2,0.0,1.5,0.0,0.0,,1.0,15.7,2.0,1.0,0.0,0.0,1,2025-11-01 08:32:20.102174
2,2025-01-13 13:31:22,2025-01-13 13:31:34,N,5.0,134,130,2.0,0.0,12.0,0.0,0.0,0.0,0.0,,1.0,13.0,1.0,1.0,0.0,0.0,1,2025-11-01 08:32:20.102174
2,2025-01-13 13:40:18,2025-01-13 13:52:38,N,1.0,74,238,1.0,2.38,14.2,0.0,0.5,3.69,0.0,,1.0,22.14,1.0,1.0,2.75,0.0,1,2025-11-01 08:32:20.102174
1,2025-01-13 13:46:42,2025-01-13 14:20:40,N,1.0,165,35,1.0,0.0,24.5,0.0,1.5,0.0,0.0,,1.0,26.0,1.0,1.0,0.0,0.0,1,2025-11-01 08:32:20.102174
2,2025-01-13 13:11:43,2025-01-13 13:15:23,N,1.0,75,75,2.0,0.32,5.8,0.0,0.5,0.0,0.0,,1.0,7.3,2.0,1.0,0.0,0.0,1,2025-11-01 08:32:20.102174
2,2025-01-13 13:28:50,2025-01-13 13:41:23,N,1.0,75,236,2.0,1.72,13.5,0.0,0.5,2.66,0.0,,1.0,20.41,1.0,1.0,2.75,0.0,1,2025-11-01 08:32:20.102174
2,2025-01-13 13:17:17,2025-01-13 13:23:03,N,1.0,75,74,1.0,1.32,8.6,0.0,0.5,2.0,0.0,,1.0,12.1,1.0,1.0,0.0,0.0,1,2025-11-01 08:32:20.102174
2,2025-01-13 13:27:30,2025-01-13 13:48:54,N,1.0,74,69,1.0,3.6,21.2,0.0,0.5,0.0,0.0,,1.0,22.7,2.0,1.0,0.0,0.0,1,2025-11-01 08:32:20.102174
2,2025-01-13 13:45:32,2025-01-13 14:04:22,N,5.0,65,162,0.0,6.52,40.0,0.0,0.0,8.9,0.0,,1.0,53.4,1.0,2.0,2.75,0.75,1,2025-11-01 08:32:20.102174
1,2025-01-13 13:29:39,2025-01-13 13:42:20,N,1.0,223,7,1.0,0.0,18.5,0.0,1.5,0.0,0.0,,1.0,20.0,1.0,1.0,0.0,0.0,1,2025-11-01 08:32:20.102174
2,2025-01-13 13:35:30,2025-01-13 13:40:13,N,1.0,42,247,1.0,1.18,7.9,0.0,0.5,0.0,0.0,,1.0,9.4,2.0,1.0,0.0,0.0,1,2025-11-01 08:32:20.102174
1,2025-01-13 13:47:48,2025-01-13 14:02:10,N,1.0,236,140,1.0,0.0,18.5,0.0,1.5,0.0,0.0,,1.0,20.0,1.0,1.0,0.0,0.0,1,2025-11-01 08:32:20.102174
2,2025-01-13 13:20:12,2025-01-13 13:23:39,N,1.0,41,74,1.0,0.63,5.8,0.0,0.5,1.46,0.0,,1.0,8.76,1.0,1.0,0.0,0.0,1,2025-11-01 08:32:20.102174
2,2025-01-13 13:32:42,2025-01-13 13:51:58,N,1.0,74,239,1.0,3.45,21.2,0.0,0.5,5.09,0.0,,1.0,30.54,1.0,1.0,2.75,0.0,1,2025-11-01 08:32:20.102174
2,2025-01-13 13:44:29,2025-01-13 13:54:32,N,1.0,166,238,1.0,1.6,11.4,0.0,0.5,3.13,0.0,,1.0,18.78,1.0,1.0,2.75,0.0,1,2025-11-01 08:32:20.102174
2,2025-01-13 13:31:28,2025-01-13 13:52:13,N,1.0,74,43,1.0,2.38,19.1,0.0,0.5,5.84,0.0,,1.0,29.19,1.0,1.0,2.75,0.0,1,2025-11-01 08:32:20.102174
2,2025-01-13 13:01:34,2025-01-13 13:07:54,N,1.0,74,75,1.0,1.4,8.6,0.0,0.5,2.02,0.0,,1.0,12.12,1.0,1.0,0.0,0.0,1,2025-11-01 08:32:20.102174
2,2025-01-13 13:40:55,2025-01-13 13:50:38,N,1.0,74,236,1.0,1.91,11.4,0.0,0.5,3.13,0.0,,1.0,18.78,1.0,1.0,2.75,0.0,1,2025-11-01 08:32:20.102174
2,2025-01-13 13:45:40,2025-01-13 13:54:28,N,1.0,152,127,1.0,4.52,19.8,0.0,0.5,0.0,0.0,,1.0,21.3,2.0,1.0,0.0,0.0,1,2025-11-01 08:32:20.102174
1,2025-01-13 13:57:27,2025-01-13 13:57:32,N,1.0,152,152,1.0,2.2,3.0,0.0,1.5,0.0,0.0,,1.0,4.5,3.0,1.0,0.0,0.0,1,2025-11-01 08:32:20.102174
2,2025-01-13 13:55:04,2025-01-13 14:05:54,N,1.0,74,75,1.0,1.78,12.1,0.0,0.5,0.0,0.0,,1.0,13.6,2.0,1.0,0.0,0.0,1,2025-11-01 08:32:20.102174
2,2025-01-13 13:48:28,2025-01-13 14:05:29,N,1.0,41,247,1.0,2.53,16.3,0.0,0.5,0.0,0.0,,1.0,17.8,2.0,1.0,0.0,0.0,1,2025-11-01 08:32:20.102174
2,2025-01-13 13:40:40,2025-01-13 14:04:00,N,5.0,235,159,1.0,4.96,16.0,0.0,0.0,0.0,0.0,,1.0,17.0,2.0,2.0,0.0,0.0,1,2025-11-01 08:32:20.102174
2,2025-01-13 13:27:41,2025-01-13 13:35:50,N,1.0,95,95,1.0,1.14,9.3,0.0,0.5,4.0,0.0,,1.0,14.8,1.0,1.0,0.0,0.0,1,2025-11-01 08:32:20.102174
2,2025-01-13 13:33:24,2025-01-13 13:46:23,N,1.0,74,236,1.0,2.01,14.2,0.0,0.5,2.0,0.0,,1.0,20.45,1.0,1.0,2.75,0.0,1,2025-11-01 08:32:20.102174
2,2025-01-13 13:16:39,2025-01-13 13:32:00,N,1.0,74,116,1.0,2.44,16.3,0.0,0.5,3.56,0.0,,1.0,21.36,1.0,1.0,0.0,0.0,1,2025-11-01 08:32:20.102174
2,2025-01-13 13:45:24,2025-01-13 13:57:19,N,1.0,95,135,5.0,1.93,12.8,0.0,0.5,2.0,0.0,,1.0,16.3,1.0,1.0,0.0,0.0,1,2025-11-01 08:32:20.102174
2,2025-01-13 13:26:25,2025-01-13 13:36:43,N,1.0,130,121,1.0,1.8,12.1,0.0,0.5,1.0,0.0,,1.0,14.6,1.0,1.0,0.0,0.0,1,2025-11-01 08:32:20.102174
2,2025-01-13 14:26:44,2025-01-13 14:34:11,N,1.0,75,74,1.0,1.29,9.3,0.0,0.5,0.0,0.0,,1.0,10.8,2.0,1.0,0.0,0.0,1,2025-11-01 08:32:20.102174
2,2025-01-13 14:54:27,2025-01-13 15:03:41,N,1.0,43,236,1.0,1.26,10.0,0.0,0.5,4.28,0.0,,1.0,18.53,1.0,1.0,2.75,0.0,1,2025-11-01 08:32:20.102174
2,2025-01-13 14:35:11,2025-01-13 14:54:02,N,1.0,97,49,1.0,1.85,17.0,0.0,0.5,2.0,0.0,,1.0,20.5,1.0,1.0,0.0,0.0,1,2025-11-01 08:32:20.102174
2,2025-01-13 14:21:18,2025-01-13 14:28:02,N,1.0,75,74,1.0,1.23,8.6,0.0,0.5,2.52,0.0,,1.0,12.62,1.0,1.0,0.0,0.0,1,2025-11-01 08:32:20.102174
2,2025-01-13 14:58:19,2025-01-13 15:05:55,N,1.0,97,49,2.0,0.91,8.6,0.0,0.5,0.0,0.0,,1.0,10.1,1.0,1.0,0.0,0.0,1,2025-11-01 08:32:20.102174
2,2025-01-13 14:15:43,2025-01-13 14:34:28,N,1.0,75,229,2.0,3.15,19.8,0.0,0.5,1.0,0.0,,1.0,25.05,1.0,1.0,2.75,0.0,1,2025-11-01 08:32:20.102174
2,2025-01-13 14:05:15,2025-01-13 14:25:42,N,5.0,7,137,2.0,4.88,20.0,0.0,0.0,0.0,0.0,,1.0,24.5,2.0,2.0,2.75,0.75,1,2025-11-01 08:32:20.102174
2,2025-01-13 14:48:17,2025-01-13 15:02:21,N,1.0,166,75,1.0,2.13,14.9,0.0,0.5,0.0,0.0,,1.0,16.4,2.0,1.0,0.0,0.0,1,2025-11-01 08:32:20.102174
2,2025-01-13 14:20:29,2025-01-13 14:35:07,N,1.0,75,75,1.0,0.89,13.5,0.0,0.5,0.0,0.0,,1.0,15.0,2.0,1.0,0.0,0.0,1,2025-11-01 08:32:20.102174
2,2025-01-13 14:48:48,2025-01-13 15:01:00,N,1.0,75,238,1.0,1.11,12.1,0.0,0.5,2.72,0.0,,1.0,16.32,1.0,1.0,0.0,0.0,1,2025-11-01 08:32:20.102174
2,2025-01-13 14:32:53,2025-01-13 15:25:44,N,1.0,24,225,1.0,12.26,60.4,0.0,0.5,0.0,0.0,,1.0,65.4,2.0,1.0,2.75,0.75,1,2025-11-01 08:32:20.102174
2,2025-01-13 14:47:20,2025-01-13 14:52:08,N,1.0,43,238,1.0,1.03,7.2,0.0,0.5,2.0,0.0,,1.0,13.45,1.0,1.0,2.75,0.0,1,2025-11-01 08:32:20.102174
2,2025-01-13 14:19:07,2025-01-13 14:35:23,N,1.0,65,181,2.0,2.36,17.7,0.0,0.5,3.84,0.0,,1.0,23.04,1.0,1.0,0.0,0.0,1,2025-11-01 08:32:20.102174
2,2025-01-13 14:19:10,2025-01-13 14:31:26,N,1.0,43,43,5.0,0.44,11.4,0.0,0.5,1.0,0.0,,1.0,13.9,1.0,1.0,0.0,0.0,1,2025-11-01 08:32:20.102174
2,2025-01-13 14:32:09,2025-01-13 14:48:41,N,1.0,43,163,5.0,2.93,17.7,0.0,0.5,4.54,0.0,,1.0,27.24,1.0,1.0,2.75,0.75,1,2025-11-01 08:32:20.102174
2,2025-01-13 14:03:40,2025-01-13 14:20:04,N,1.0,82,223,1.0,3.69,19.8,0.0,0.5,5.0,0.0,,1.0,26.3,1.0,1.0,0.0,0.0,1,2025-11-01 08:32:20.102174
2,2025-01-13 14:40:10,2025-01-13 14:48:51,N,1.0,134,121,1.0,2.11,12.1,0.0,0.5,2.72,0.0,,1.0,16.32,1.0,1.0,0.0,0.0,1,2025-11-01 08:32:20.102174
2,2025-01-13 14:47:19,2025-01-13 14:52:54,N,1.0,75,74,1.0,1.46,8.6,0.0,0.5,0.0,0.0,,1.0,10.1,1.0,1.0,0.0,0.0,1,2025-11-01 08:32:20.102174
2,2025-01-13 14:38:01,2025-01-13 14:57:09,N,1.0,74,236,1.0,2.65,19.1,0.0,0.5,4.67,0.0,,1.0,28.02,1.0,1.0,2.75,0.0,1,2025-11-01 08:32:20.102174
2,2025-01-13 14:07:04,2025-01-13 14:30:45,N,1.0,7,7,1.0,2.37,21.2,0.0,0.5,0.0,0.0,,1.0,22.7,1.0,1.0,0.0,0.0,1,2025-11-01 08:32:20.102174
2,2025-01-13 13:56:25,2025-01-13 14:08:08,N,1.0,43,236,1.0,1.27,11.4,0.0,0.5,2.0,0.0,,1.0,17.65,1.0,1.0,2.75,0.0,1,2025-11-01 08:32:20.102174
2,2025-01-13 14:26:12,2025-01-13 14:39:20,N,1.0,75,239,1.0,1.68,13.5,0.0,0.5,0.0,0.0,,1.0,17.75,2.0,1.0,2.75,0.0,1,2025-11-01 08:32:20.102174
2,2025-01-13 14:36:59,2025-01-13 14:51:04,N,1.0,193,146,1.0,1.71,12.8,0.0,0.5,0.0,0.0,,1.0,14.3,2.0,1.0,0.0,0.0,1,2025-11-01 08:32:20.102174
2,2025-01-13 14:51:19,2025-01-13 15:06:13,N,1.0,75,129,1.0,6.24,26.8,0.0,0.5,0.0,6.94,,1.0,35.24,2.0,1.0,0.0,0.0,1,2025-11-01 08:32:20.102174
2,2025-01-13 14:43:17,2025-01-13 14:54:29,N,1.0,75,42,1.0,1.58,12.1,0.0,0.5,1.21,0.0,,1.0,14.81,1.0,1.0,0.0,0.0,1,2025-11-01 08:32:20.102174
2,2025-01-13 14:10:52,2025-01-13 14:18:33,N,1.0,166,238,1.0,1.3,10.0,0.0,0.5,2.85,0.0,,1.0,17.1,1.0,1.0,2.75,0.0,1,2025-11-01 08:32:20.102174
2,2025-01-13 14:40:26,2025-01-13 15:02:09,N,1.0,43,162,1.0,2.36,20.5,0.0,0.5,3.88,0.0,,1.0,29.38,1.0,1.0,2.75,0.75,1,2025-11-01 08:32:20.102174
2,2025-01-13 14:59:11,2025-01-13 15:18:39,N,1.0,64,191,1.0,5.62,26.1,0.0,0.5,0.0,0.0,,1.0,27.6,2.0,1.0,0.0,0.0,1,2025-11-01 08:32:20.102174
2,2025-01-13 14:03:37,2025-01-13 14:17:10,N,1.0,75,239,1.0,1.63,14.2,0.0,0.5,3.69,0.0,,1.0,22.14,1.0,1.0,2.75,0.0,1,2025-11-01 08:32:20.102174
2,2025-01-13 14:56:39,2025-01-13 15:11:47,N,1.0,43,143,1.0,2.38,16.3,0.0,0.5,0.0,0.0,,1.0,20.55,2.0,1.0,2.75,0.0,1,2025-11-01 08:32:20.102174
2,2025-01-13 14:49:24,2025-01-13 15:00:11,N,1.0,75,236,6.0,1.03,10.7,0.0,0.5,0.0,0.0,,1.0,14.95,2.0,1.0,2.75,0.0,1,2025-11-01 08:32:20.102174
2,2025-01-13 14:10:50,2025-01-13 14:20:11,N,1.0,82,95,1.0,1.41,10.0,0.0,0.5,0.0,0.0,,1.0,11.5,2.0,1.0,0.0,0.0,1,2025-11-01 08:32:20.102174
1,2025-01-13 14:37:15,2025-01-13 14:46:50,N,1.0,74,41,1.0,1.4,10.7,0.0,1.5,2.0,0.0,,1.0,14.2,1.0,1.0,0.0,0.0,1,2025-11-01 08:32:20.102174
2,2025-01-13 14:22:20,2025-01-13 14:29:28,N,1.0,75,74,1.0,1.37,9.3,0.0,0.5,1.62,0.0,,1.0,12.42,1.0,1.0,0.0,0.0,1,2025-11-01 08:32:20.102174
2,2025-01-13 14:19:37,2025-01-13 14:30:54,N,1.0,82,173,1.0,1.57,12.1,0.0,0.5,0.0,0.0,,1.0,13.6,2.0,1.0,0.0,0.0,1,2025-11-01 08:32:20.102174
2,2025-01-13 14:44:19,2025-01-13 14:55:06,N,1.0,82,83,1.0,1.64,12.1,0.0,0.5,0.0,0.0,,1.0,13.6,2.0,1.0,0.0,0.0,1,2025-11-01 08:32:20.102174
2,2025-01-13 14:38:58,2025-01-13 14:57:44,N,1.0,43,141,1.0,2.04,17.7,0.0,0.5,4.39,0.0,,1.0,26.34,1.0,1.0,2.75,0.0,1,2025-11-01 08:32:20.102174
2,2025-01-13 14:11:31,2025-01-13 14:46:11,N,1.0,75,33,1.0,9.31,43.6,0.0,0.5,9.57,0.0,,1.0,57.42,1.0,1.0,2.75,0.0,1,2025-11-01 08:32:20.102174
1,2025-01-13 14:25:46,2025-01-13 14:39:19,N,1.0,7,202,1.0,0.0,18.5,0.0,1.5,0.0,0.0,,1.0,20.0,1.0,1.0,0.0,0.0,1,2025-11-01 08:32:20.102174
2,2025-01-13 14:39:36,2025-01-13 14:52:38,N,1.0,134,171,1.0,5.2,23.3,0.0,0.5,2.2,0.0,,1.0,27.0,1.0,1.0,0.0,0.0,1,2025-11-01 08:32:20.102174
2,2025-01-13 14:55:57,2025-01-13 15:03:39,N,1.0,129,138,1.0,2.23,12.1,5.0,0.5,5.58,0.0,,1.0,24.18,1.0,1.0,0.0,0.0,1,2025-11-01 08:32:20.102174
1,2025-01-13 14:11:55,2025-01-13 14:18:42,N,1.0,42,152,2.0,1.2,8.6,0.0,1.5,0.0,0.0,,1.0,10.1,2.0,1.0,0.0,0.0,1,2025-11-01 08:32:20.102174
2,2025-01-13 14:10:24,2025-01-13 14:16:23,N,1.0,75,236,6.0,0.63,7.2,0.0,0.5,2.29,0.0,,1.0,13.74,1.0,1.0,2.75,0.0,1,2025-11-01 08:32:20.102174
2,2025-01-13 14:51:10,2025-01-13 14:57:20,N,1.0,43,236,6.0,0.5,7.2,0.0,0.5,2.18,0.0,,1.0,10.88,1.0,1.0,0.0,0.0,1,2025-11-01 08:32:20.102174
2,2025-01-13 14:51:07,2025-01-13 15:15:00,N,1.0,75,238,2.0,5.92,30.3,0.0,0.5,10.59,0.0,,1.0,45.89,1.0,1.0,2.75,0.75,1,2025-11-01 08:32:20.102174
2,2025-01-13 14:38:05,2025-01-13 14:50:30,N,1.0,75,263,1.0,1.04,12.1,0.0,0.5,3.27,0.0,,1.0,19.62,1.0,1.0,2.75,0.0,1,2025-11-01 08:32:20.102174
2,2025-01-13 14:23:27,2025-01-13 14:46:09,N,5.0,92,185,1.0,10.8,65.0,0.0,0.0,0.0,0.0,,1.0,66.0,1.0,2.0,0.0,0.0,1,2025-11-01 08:32:20.102174
2,2025-01-13 14:31:06,2025-01-13 14:38:58,N,1.0,75,74,1.0,1.23,9.3,0.0,0.5,1.08,0.0,,1.0,11.88,1.0,1.0,0.0,0.0,1,2025-11-01 08:32:20.102174
2,2025-01-13 14:47:53,2025-01-13 14:55:48,N,1.0,43,236,1.0,0.98,8.6,0.0,0.5,2.57,0.0,,1.0,15.42,1.0,1.0,2.75,0.0,1,2025-11-01 08:32:20.102174
2,2025-01-13 14:03:59,2025-01-13 14:16:19,N,1.0,95,134,1.0,1.48,12.1,0.0,0.5,0.0,0.0,,1.0,13.6,2.0,1.0,0.0,0.0,1,2025-11-01 08:32:20.102174
2,2025-01-13 14:39:34,2025-01-13 14:50:23,N,1.0,65,97,1.0,1.25,10.7,0.0,0.5,0.0,0.0,,1.0,12.2,2.0,1.0,0.0,0.0,1,2025-11-01 08:32:20.102174
2,2025-01-13 14:40:14,2025-01-13 15:17:03,N,1.0,244,236,1.0,6.37,40.1,0.0,0.5,4.0,0.0,,1.0,48.35,1.0,1.0,2.75,0.0,1,2025-11-01 08:32:20.102174
2,2025-01-13 14:39:40,2025-01-13 14:57:42,N,1.0,74,243,1.0,4.89,23.3,0.0,0.5,4.96,0.0,,1.0,29.76,1.0,1.0,0.0,0.0,1,2025-11-01 08:32:20.102174
2,2025-01-13 14:28:56,2025-01-13 14:50:11,N,1.0,74,141,1.0,2.88,20.5,0.0,0.5,6.19,0.0,,1.0,30.94,1.0,1.0,2.75,0.0,1,2025-11-01 08:32:20.102174
2,2025-01-13 14:18:49,2025-01-13 14:29:24,N,1.0,97,181,1.0,1.59,12.1,0.0,0.5,4.08,0.0,,1.0,17.68,1.0,1.0,0.0,0.0,1,2025-11-01 08:32:20.102174
1,2025-01-13 14:47:55,2025-01-13 15:10:53,N,1.0,91,35,1.0,0.0,22.5,0.0,1.5,0.0,0.0,,1.0,24.0,1.0,1.0,0.0,0.0,1,2025-11-01 08:32:20.102174
2,2025-01-13 14:01:51,2025-01-13 14:08:52,N,1.0,75,74,2.0,1.35,9.3,0.0,0.5,2.16,0.0,,1.0,12.96,1.0,1.0,0.0,0.0,1,2025-11-01 08:32:20.102174
2,2025-01-13 14:43:44,2025-01-13 14:50:56,N,1.0,75,74,2.0,1.36,9.3,0.0,0.5,2.16,0.0,,1.0,12.96,1.0,1.0,0.0,0.0,1,2025-11-01 08:32:20.102174
2,2025-01-13 14:06:57,2025-01-13 14:10:50,N,1.0,7,146,1.0,0.6,5.8,0.0,0.5,1.46,0.0,,1.0,8.76,1.0,1.0,0.0,0.0,1,2025-11-01 08:32:20.102174
1,2025-01-13 14:13:51,2025-01-13 14:28:14,N,1.0,74,138,1.0,7.0,30.3,5.0,1.5,10.9,6.94,,1.0,54.64,1.0,1.0,0.0,0.0,1,2025-11-01 08:32:20.102174
2,2025-01-13 14:29:08,2025-01-13 14:42:13,N,1.0,74,24,1.0,2.01,13.5,0.0,0.5,0.0,0.0,,1.0,15.0,1.0,1.0,0.0,0.0,1,2025-11-01 08:32:20.102174
2,2025-01-13 14:30:54,2025-01-13 14:46:54,N,1.0,74,116,1.0,2.41,16.3,0.0,0.5,0.0,0.0,,1.0,17.8,2.0,1.0,0.0,0.0,1,2025-11-01 08:32:20.102174
2,2025-01-13 14:34:49,2025-01-13 14:48:14,N,1.0,95,131,3.0,3.77,18.4,0.0,0.5,0.0,0.0,,1.0,19.9,2.0,1.0,0.0,0.0,1,2025-11-01 08:32:20.102174
2,2025-01-13 09:27:36,2025-01-13 09:43:52,N,1.0,74,166,1.0,2.62,17.7,0.0,0.5,3.84,0.0,,1.0,23.04,1.0,1.0,0.0,0.0,1,2025-11-01 08:32:20.102174
2,2025-01-13 14:52:41,2025-01-13 15:14:25,N,1.0,130,205,1.0,3.25,21.2,0.0,0.5,0.0,0.0,,1.0,22.7,1.0,1.0,0.0,0.0,1,2025-11-01 08:32:20.102174
1,2025-01-13 14:18:21,2025-01-13 14:37:56,N,1.0,216,258,1.0,0.0,24.5,0.0,1.5,0.0,0.0,,1.0,26.0,1.0,1.0,0.0,0.0,1,2025-11-01 08:32:20.102174
2,2025-01-13 14:21:24,2025-01-13 14:29:51,N,1.0,116,42,1.0,1.7,11.4,0.0,0.5,3.22,0.0,,1.0,16.12,1.0,1.0,0.0,0.0,1,2025-11-01 08:32:20.102174
2,2025-01-13 14:58:58,2025-01-13 15:16:04,N,1.0,43,141,1.0,2.26,16.3,0.0,0.5,0.0,0.0,,1.0,20.55,2.0,1.0,2.75,0.0,1,2025-11-01 08:32:20.102174
2,2025-01-13 14:39:42,2025-01-13 15:14:05,N,1.0,75,161,1.0,3.19,29.6,0.0,0.5,6.92,0.0,,1.0,41.52,1.0,1.0,2.75,0.75,1,2025-11-01 08:32:20.102174
2,2025-01-13 14:27:51,2025-01-13 14:50:39,N,1.0,75,239,1.0,2.09,20.5,0.0,0.5,3.71,0.0,,1.0,28.46,1.0,1.0,2.75,0.0,1,2025-11-01 08:32:20.102174
2,2025-01-13 14:19:26,2025-01-13 14:28:16,N,1.0,116,247,1.0,1.6,10.7,0.0,0.5,3.05,0.0,,1.0,15.25,1.0,1.0,0.0,0.0,1,2025-11-01 08:32:20.102174
1,2025-01-13 14:31:26,2025-01-13 14:34:58,N,1.0,166,151,1.0,0.7,5.8,0.0,1.5,1.45,0.0,,1.0,8.75,1.0,1.0,0.0,0.0,1,2025-11-01 08:32:20.102174
1,2025-01-13 14:39:56,2025-01-13 14:48:41,N,1.0,166,239,1.0,2.2,12.8,2.75,1.5,0.0,0.0,,1.0,17.05,2.0,1.0,2.75,0.0,1,2025-11-01 08:32:20.102174
2,2025-01-13 14:25:58,2025-01-13 14:45:15,N,1.0,244,239,1.0,5.24,27.5,0.0,0.5,6.35,0.0,,1.0,38.1,1.0,1.0,2.75,0.0,1,2025-11-01 08:32:20.102174
2,2025-01-13 14:28:37,2025-01-13 14:41:48,N,1.0,74,166,1.0,1.89,13.5,0.0,0.5,3.0,0.0,,1.0,18.0,1.0,1.0,0.0,0.0,1,2025-11-01 08:32:20.102174
2,2025-01-13 14:29:41,2025-01-13 14:48:42,N,1.0,244,138,1.0,11.33,42.9,5.0,0.5,11.27,6.94,,1.0,67.61,1.0,1.0,0.0,0.0,1,2025-11-01 08:32:20.102174
2,2025-01-13 14:21:42,2025-01-13 14:25:39,N,1.0,41,42,1.0,0.86,6.5,0.0,0.5,0.0,0.0,,1.0,8.0,2.0,1.0,0.0,0.0,1,2025-11-01 08:32:20.102174
2,2025-01-13 14:13:27,2025-01-13 14:33:59,N,1.0,83,144,2.0,7.38,33.1,0.0,0.5,7.62,0.0,,1.0,45.72,1.0,1.0,2.75,0.75,1,2025-11-01 08:32:20.102174
2,2025-01-13 14:51:22,2025-01-13 15:03:38,N,1.0,244,200,1.0,4.34,20.5,0.0,0.5,5.04,3.18,,1.0,30.22,1.0,1.0,0.0,0.0,1,2025-11-01 08:32:20.102174
2,2025-01-13 14:04:30,2025-01-13 14:08:23,N,1.0,95,95,1.0,0.69,5.8,0.0,0.5,1.46,0.0,,1.0,8.76,1.0,1.0,0.0,0.0,1,2025-11-01 08:32:20.102174
2,2025-01-13 14:29:53,2025-01-13 14:52:37,N,1.0,41,229,1.0,5.05,26.1,0.0,0.5,6.22,0.0,,1.0,37.32,1.0,1.0,2.75,0.75,1,2025-11-01 08:32:20.102174
2,2025-01-13 14:58:42,2025-01-13 15:17:59,N,1.0,74,263,1.0,2.31,18.4,0.0,0.5,4.48,0.0,,1.0,26.88,1.0,1.0,2.5,0.0,1,2025-11-01 08:32:20.102174
2,2025-01-13 13:49:25,2025-01-13 13:58:32,N,1.0,95,102,1.0,1.45,10.0,0.0,0.5,2.3,0.0,,1.0,13.8,1.0,1.0,0.0,0.0,1,2025-11-01 08:32:20.102174
2,2025-01-13 14:21:11,2025-01-13 14:41:55,N,1.0,75,239,1.0,2.88,19.8,0.0,0.5,7.22,0.0,,1.0,31.27,1.0,1.0,2.75,0.0,1,2025-11-01 08:32:20.102174
2,2025-01-13 14:30:47,2025-01-13 14:52:26,N,1.0,75,161,1.0,2.95,20.5,0.0,0.5,10.2,0.0,,1.0,35.7,1.0,1.0,2.75,0.75,1,2025-11-01 08:32:20.102174
2,2025-01-13 14:25:49,2025-01-13 14:28:52,N,1.0,41,41,1.0,0.53,5.1,0.0,0.5,1.98,0.0,,1.0,8.58,1.0,1.0,0.0,0.0,1,2025-11-01 08:32:20.102174
2,2025-01-13 14:41:50,2025-01-13 14:54:44,N,1.0,260,70,1.0,3.43,17.7,0.0,0.5,3.84,0.0,,1.0,23.04,1.0,1.0,0.0,0.0,1,2025-11-01 08:32:20.102174
2,2025-01-13 15:17:36,2025-01-13 15:35:18,N,1.0,75,263,1.0,1.73,16.3,0.0,0.5,0.0,0.0,,1.0,20.55,2.0,1.0,2.75,0.0,1,2025-11-01 08:32:20.102174
2,2025-01-13 15:38:03,2025-01-13 16:17:25,N,1.0,73,92,1.0,4.37,34.5,0.0,0.5,0.0,0.0,,1.0,36.0,2.0,1.0,0.0,0.0,1,2025-11-01 08:32:20.102174
2,2025-01-13 15:18:50,2025-01-13 15:33:40,N,1.0,75,141,1.0,2.04,14.9,0.0,0.5,3.0,0.0,,1.0,22.15,1.0,1.0,2.75,0.0,1,2025-11-01 08:32:20.102174
2,2025-01-13 15:55:43,2025-01-13 16:03:23,N,1.0,75,151,1.0,1.48,10.0,0.0,0.5,2.3,0.0,,1.0,13.8,1.0,1.0,0.0,0.0,1,2025-11-01 08:32:20.102174
2,2025-01-13 15:12:00,2025-01-13 15:21:58,N,1.0,43,238,1.0,1.06,10.7,0.0,0.5,4.0,0.0,,1.0,18.95,1.0,1.0,2.75,0.0,1,2025-11-01 08:32:20.102174
2,2025-01-13 15:11:41,2025-01-13 15:15:57,N,1.0,75,75,1.0,0.36,5.8,0.0,0.5,1.0,0.0,,1.0,8.3,1.0,1.0,0.0,0.0,1,2025-11-01 08:32:20.102174
1,2025-01-13 15:21:45,2025-01-13 15:36:52,N,1.0,74,151,1.0,2.5,14.2,0.0,1.5,3.1,0.0,,1.0,18.8,1.0,1.0,0.0,0.0,1,2025-11-01 08:32:20.102174
2,2025-01-13 15:45:38,2025-01-13 15:53:36,N,1.0,166,238,1.0,1.42,10.0,0.0,0.5,2.0,0.0,,1.0,16.25,1.0,1.0,2.75,0.0,1,2025-11-01 08:32:20.102174
2,2025-01-13 15:15:24,2025-01-13 15:37:04,N,1.0,95,171,3.0,5.15,26.8,0.0,0.5,0.0,0.0,,1.0,28.3,2.0,1.0,0.0,0.0,1,2025-11-01 08:32:20.102174
2,2025-01-13 15:12:41,2025-01-13 15:28:55,N,1.0,97,89,1.0,2.92,17.7,0.0,0.5,0.0,0.0,,1.0,19.2,2.0,1.0,0.0,0.0,1,2025-11-01 08:32:20.102174
1,2025-01-13 15:23:18,2025-01-13 15:45:23,N,1.0,74,140,1.0,3.3,21.2,2.75,1.5,2.0,0.0,,1.0,27.45,1.0,1.0,2.75,0.0,1,2025-11-01 08:32:20.102174
2,2025-01-13 15:06:35,2025-01-13 15:17:53,N,1.0,75,263,1.0,1.3,11.4,0.0,0.5,3.0,0.0,,1.0,18.65,1.0,1.0,2.75,0.0,1,2025-11-01 08:32:20.102174
2,2025-01-13 15:37:44,2025-01-13 15:46:44,N,1.0,75,238,1.0,1.3,10.0,0.0,0.5,0.0,0.0,,1.0,14.25,1.0,1.0,2.75,0.0,1,2025-11-01 08:32:20.102174
2,2025-01-13 15:06:09,2025-01-13 15:12:29,N,1.0,166,151,1.0,0.97,7.9,0.0,0.5,1.41,0.0,,1.0,10.81,1.0,1.0,0.0,0.0,1,2025-11-01 08:32:20.102174
2,2025-01-13 15:25:28,2025-01-13 15:34:10,N,1.0,166,151,1.0,1.41,10.0,0.0,0.5,2.3,0.0,,1.0,13.8,1.0,1.0,0.0,0.0,1,2025-11-01 08:32:20.102174
2,2025-01-13 15:38:41,2025-01-13 15:53:30,N,1.0,74,263,2.0,2.23,15.6,0.0,0.5,3.97,0.0,,1.0,23.82,1.0,1.0,2.75,0.0,1,2025-11-01 08:32:20.102174
2,2025-01-13 15:19:20,2025-01-13 16:23:42,N,1.0,236,141,1.0,2.91,48.5,0.0,0.5,0.0,0.0,,1.0,52.75,2.0,1.0,2.75,0.0,1,2025-11-01 08:32:20.102174
2,2025-01-13 15:38:32,2025-01-13 15:52:34,N,1.0,75,262,1.0,1.6,13.5,0.0,0.5,2.0,0.0,,1.0,19.75,1.0,1.0,2.75,0.0,1,2025-11-01 08:32:20.102174
2,2025-01-13 15:31:15,2025-01-13 15:42:26,N,1.0,43,237,5.0,1.4,12.1,0.0,0.5,3.27,0.0,,1.0,19.62,1.0,1.0,2.75,0.0,1,2025-11-01 08:32:20.102174
2,2025-01-13 15:58:58,2025-01-13 16:07:25,N,1.0,82,129,1.0,2.45,13.5,0.0,0.5,0.0,0.0,,1.0,15.0,1.0,1.0,0.0,0.0,1,2025-11-01 08:32:20.102174
1,2025-01-13 15:04:28,2025-01-13 15:33:05,N,1.0,244,237,2.0,6.8,36.6,2.75,1.5,4.0,0.0,,1.0,44.85,1.0,1.0,2.75,0.0,1,2025-11-01 08:32:20.102174
1,2025-01-13 15:46:59,2025-01-13 16:10:19,N,1.0,75,161,1.0,2.3,21.2,3.5,1.5,5.2,0.0,,1.0,31.4,1.0,1.0,2.75,0.75,1,2025-11-01 08:32:20.102174
2,2025-01-13 15:29:12,2025-01-13 15:40:13,N,1.0,75,151,1.0,1.46,12.1,0.0,0.5,2.72,0.0,,1.0,16.32,1.0,1.0,0.0,0.0,1,2025-11-01 08:32:20.102174
2,2025-01-13 15:22:55,2025-01-13 15:31:41,N,1.0,43,43,1.0,1.22,10.0,0.0,0.5,2.14,0.0,,1.0,16.39,1.0,1.0,2.75,0.0,1,2025-11-01 08:32:20.102174
2,2025-01-13 15:53:14,2025-01-13 16:13:02,N,1.0,43,262,1.0,1.65,17.7,0.0,0.5,1.5,0.0,,1.0,23.45,1.0,1.0,2.75,0.0,1,2025-11-01 08:32:20.102174
2,2025-01-13 15:01:16,2025-01-13 15:08:24,N,1.0,95,134,1.0,0.95,9.3,0.0,0.5,1.75,0.0,,1.0,12.55,1.0,1.0,0.0,0.0,1,2025-11-01 08:32:20.102174
2,2025-01-13 15:19:50,2025-01-13 15:47:40,N,1.0,41,41,1.0,2.39,24.0,0.0,0.5,10.0,0.0,,1.0,35.5,1.0,1.0,0.0,0.0,1,2025-11-01 08:32:20.102174
2,2025-01-13 15:22:03,2025-01-13 15:23:17,N,5.0,66,66,0.0,0.1,35.0,0.0,0.0,0.0,0.0,,1.0,36.0,1.0,2.0,0.0,0.0,1,2025-11-01 08:32:20.102174
2,2025-01-13 15:51:03,2025-01-13 16:00:58,N,1.0,43,166,1.0,1.76,12.1,0.0,0.5,1.5,0.0,,1.0,15.1,1.0,1.0,0.0,0.0,1,2025-11-01 08:32:20.102174
2,2025-01-13 15:22:58,2025-01-13 15:27:31,N,1.0,166,166,1.0,0.6,6.5,0.0,0.5,0.0,0.0,,1.0,8.0,2.0,1.0,0.0,0.0,1,2025-11-01 08:32:20.102174
2,2025-01-13 15:35:54,2025-01-13 16:12:29,N,1.0,24,129,1.0,7.59,40.1,0.0,0.5,0.0,6.94,,1.0,48.54,1.0,1.0,0.0,0.0,1,2025-11-01 08:32:20.102174
2,2025-01-13 15:27:50,2025-01-13 15:43:53,N,1.0,74,263,1.0,2.13,15.6,0.0,0.5,3.97,0.0,,1.0,23.82,1.0,1.0,2.75,0.0,1,2025-11-01 08:32:20.102174
2,2025-01-13 15:16:02,2025-01-13 15:20:21,N,1.0,43,75,1.0,0.13,5.1,0.0,0.5,0.0,0.0,,1.0,6.6,2.0,1.0,0.0,0.0,1,2025-11-01 08:32:20.102174
2,2025-01-13 15:34:52,2025-01-13 15:40:11,N,1.0,75,151,1.0,0.85,7.2,0.0,0.5,1.74,0.0,,1.0,10.44,1.0,1.0,0.0,0.0,1,2025-11-01 08:32:20.102174
2,2025-01-13 15:39:16,2025-01-13 16:23:24,N,1.0,244,141,1.0,7.62,46.4,0.0,0.5,0.0,0.0,,1.0,50.65,2.0,1.0,2.75,0.0,1,2025-11-01 08:32:20.102174
1,2025-01-13 15:51:29,2025-01-13 16:08:06,N,1.0,75,163,1.0,3.4,17.0,3.5,1.5,4.4,0.0,,1.0,26.4,1.0,1.0,2.75,0.75,1,2025-11-01 08:32:20.102174
2,2025-01-13 15:41:53,2025-01-13 16:04:10,N,1.0,244,142,1.0,5.83,29.6,0.0,0.5,6.77,0.0,,1.0,40.62,1.0,1.0,2.75,0.0,1,2025-11-01 08:32:20.102174
1,2025-01-13 15:24:40,2025-01-13 16:26:11,N,1.0,244,140,1.0,8.3,48.5,2.75,1.5,10.55,0.0,,1.0,63.3,1.0,1.0,2.75,0.0,1,2025-11-01 08:32:20.102174
2,2025-01-13 15:19:45,2025-01-13 15:31:11,N,1.0,75,42,1.0,2.69,14.2,0.0,0.5,0.0,0.0,,1.0,15.7,2.0,1.0,0.0,0.0,1,2025-11-01 08:32:20.102174
2,2025-01-13 14:54:52,2025-01-13 15:30:46,N,1.0,95,196,1.0,2.26,30.3,0.0,0.5,0.0,0.0,,1.0,31.8,2.0,1.0,0.0,0.0,1,2025-11-01 08:32:20.102174
2,2025-01-13 15:21:26,2025-01-13 15:35:19,N,1.0,75,263,6.0,2.04,14.2,0.0,0.5,4.0,0.0,,1.0,22.45,1.0,1.0,2.75,0.0,1,2025-11-01 08:32:20.102174
2,2025-01-13 15:54:36,2025-01-13 16:05:52,N,1.0,43,239,6.0,2.11,13.5,0.0,0.5,4.44,0.0,,1.0,22.19,1.0,1.0,2.75,0.0,1,2025-11-01 08:32:20.102174
2,2025-01-13 15:14:42,2025-01-13 15:26:23,N,1.0,75,262,1.0,1.77,12.1,0.0,0.5,0.0,0.0,,1.0,16.35,2.0,1.0,2.75,0.0,1,2025-11-01 08:32:20.102174
2,2025-01-13 15:47:56,2025-01-13 16:03:10,N,1.0,75,50,1.0,4.27,21.9,0.0,0.5,0.0,0.0,,1.0,26.15,2.0,1.0,2.75,0.0,1,2025-11-01 08:32:20.102174
2,2025-01-13 15:13:03,2025-01-13 16:19:17,N,1.0,219,85,1.0,8.38,61.8,0.0,0.5,0.0,0.0,,1.0,63.3,2.0,1.0,0.0,0.0,1,2025-11-01 08:32:20.102174
1,2025-01-13 15:40:46,2025-01-13 15:57:55,N,1.0,43,142,2.0,3.0,17.7,2.75,1.5,0.0,0.0,,1.0,21.95,2.0,1.0,2.75,0.0,1,2025-11-01 08:32:20.102174
2,2025-01-13 15:22:57,2025-01-13 15:28:52,N,1.0,7,7,1.0,0.86,7.2,0.0,0.5,2.61,0.0,,1.0,11.31,1.0,1.0,0.0,0.0,1,2025-11-01 08:32:20.102174
2,2025-01-13 15:17:29,2025-01-13 17:04:51,N,5.0,55,55,1.0,9.22,125.0,0.0,0.0,0.0,0.0,,1.0,126.0,2.0,2.0,0.0,0.0,1,2025-11-01 08:32:20.102174
2,2025-01-13 15:02:13,2025-01-13 15:13:40,N,1.0,129,129,2.0,0.71,7.9,0.0,0.5,0.0,0.0,,1.0,9.4,2.0,1.0,0.0,0.0,1,2025-11-01 08:32:20.102174
2,2025-01-13 15:29:13,2025-01-13 15:39:26,N,1.0,130,132,1.0,3.36,15.6,0.0,0.5,0.0,0.0,,1.0,17.1,2.0,1.0,0.0,0.0,1,2025-11-01 08:32:20.102174
2,2025-01-13 15:41:25,2025-01-13 16:04:24,N,1.0,75,237,1.0,2.24,20.5,0.0,0.5,4.95,0.0,,1.0,29.7,1.0,1.0,2.75,0.0,1,2025-11-01 08:32:20.102174
1,2025-01-13 15:25:37,2025-01-13 16:06:51,N,1.0,146,250,1.0,0.0,33.5,0.0,1.5,0.0,0.0,,1.0,35.0,1.0,1.0,0.0,0.0,1,2025-11-01 08:32:20.102174
2,2025-01-13 15:31:43,2025-01-13 15:51:20,N,5.0,66,114,1.0,3.71,37.0,0.0,0.0,8.3,0.0,,1.0,49.8,1.0,2.0,2.75,0.75,1,2025-11-01 08:32:20.102174
2,2025-01-13 15:28:44,2025-01-13 15:38:31,N,1.0,129,138,1.0,3.78,17.7,5.0,0.5,4.0,0.0,,1.0,28.2,1.0,1.0,0.0,0.0,1,2025-11-01 08:32:20.102174
2,2025-01-13 15:06:59,2025-01-13 15:19:09,N,1.0,75,166,6.0,1.74,12.8,0.0,0.5,2.14,0.0,,1.0,16.44,1.0,1.0,0.0,0.0,1,2025-11-01 08:32:20.102174
2,2025-01-13 15:36:14,2025-01-13 15:49:15,N,1.0,75,237,6.0,1.53,13.5,0.0,0.5,0.0,0.0,,1.0,17.75,2.0,1.0,2.75,0.0,1,2025-11-01 08:32:20.102174
2,2025-01-13 15:47:13,2025-01-13 15:55:01,N,1.0,25,66,2.0,1.28,9.3,0.0,0.5,2.16,0.0,,1.0,12.96,1.0,1.0,0.0,0.0,1,2025-11-01 08:32:20.102174
2,2025-01-13 15:46:23,2025-01-13 16:00:25,N,1.0,166,74,2.0,1.74,14.2,0.0,0.5,0.0,0.0,,1.0,15.7,1.0,1.0,0.0,0.0,1,2025-11-01 08:32:20.102174
2,2025-01-13 15:43:07,2025-01-13 16:06:08,N,1.0,244,166,1.0,2.27,21.9,0.0,0.5,4.68,0.0,,1.0,28.08,1.0,1.0,0.0,0.0,1,2025-11-01 08:32:20.102174
2,2025-01-13 15:27:01,2025-01-13 15:30:46,N,1.0,66,33,1.0,0.89,6.5,0.0,0.5,1.6,0.0,,1.0,9.6,1.0,1.0,0.0,0.0,1,2025-11-01 08:32:20.102174
2,2025-01-13 15:37:42,2025-01-13 15:43:13,N,1.0,75,42,1.0,1.47,8.6,0.0,0.5,0.0,0.0,,1.0,10.1,2.0,1.0,0.0,0.0,1,2025-11-01 08:32:20.102174
2,2025-01-13 15:00:00,2025-01-13 15:13:19,N,1.0,236,166,1.0,1.94,14.2,0.0,0.5,3.14,0.0,,1.0,18.84,1.0,1.0,0.0,0.0,1,2025-11-01 08:32:20.102174
2,2025-01-13 15:15:07,2025-01-13 15:24:33,N,1.0,43,238,1.0,1.54,11.4,0.0,0.5,0.0,0.0,,1.0,15.65,2.0,1.0,2.75,0.0,1,2025-11-01 08:32:20.102174
2,2025-01-13 15:44:14,2025-01-13 16:08:12,N,1.0,43,141,1.0,2.27,21.2,0.0,0.5,2.54,0.0,,1.0,27.99,1.0,1.0,2.75,0.0,1,2025-11-01 08:32:20.102174
2,2025-01-13 15:16:19,2025-01-13 15:34:16,N,1.0,43,142,1.0,2.42,17.7,0.0,0.5,3.29,0.0,,1.0,25.24,1.0,1.0,2.75,0.0,1,2025-11-01 08:32:20.102174
2,2025-01-13 15:13:22,2025-01-13 15:19:47,N,1.0,95,95,1.0,0.67,7.9,0.0,0.5,0.0,0.0,,1.0,9.4,2.0,1.0,0.0,0.0,1,2025-11-01 08:32:20.102174
2,2025-01-13 15:24:30,2025-01-13 15:36:28,N,1.0,75,24,1.0,1.69,13.5,0.0,0.5,4.5,0.0,,1.0,19.5,1.0,1.0,0.0,0.0,1,2025-11-01 08:32:20.102174
2,2025-01-13 15:15:03,2025-01-13 15:38:13,N,1.0,97,162,1.0,7.53,33.8,0.0,0.5,7.76,0.0,,1.0,46.56,1.0,1.0,2.75,0.75,1,2025-11-01 08:32:20.102174
2,2025-01-13 15:56:15,2025-01-13 16:23:43,N,1.0,65,256,1.0,5.64,31.0,0.0,0.5,0.0,0.0,,1.0,32.5,1.0,1.0,0.0,0.0,1,2025-11-01 08:32:20.102174
2,2025-01-13 15:12:44,2025-01-13 15:28:05,N,1.0,65,61,1.0,2.84,17.0,0.0,0.5,0.0,0.0,,1.0,18.5,1.0,1.0,0.0,0.0,1,2025-11-01 08:32:20.102174
2,2025-01-13 14:55:56,2025-01-13 15:38:28,N,1.0,75,243,1.0,6.19,39.4,0.0,0.5,8.18,0.0,,1.0,49.08,1.0,1.0,0.0,0.0,1,2025-11-01 08:32:20.102174
1,2025-01-13 15:21:49,2025-01-13 15:45:16,N,1.0,35,188,1.0,0.0,20.5,0.0,1.5,0.0,0.0,,1.0,22.0,1.0,1.0,0.0,0.0,1,2025-11-01 08:32:20.102174
2,2025-01-13 15:34:01,2025-01-13 15:41:03,N,1.0,75,41,2.0,1.46,9.3,0.0,0.5,2.16,0.0,,1.0,12.96,1.0,1.0,0.0,0.0,1,2025-11-01 08:32:20.102174
2,2025-01-13 15:12:01,2025-01-13 15:25:40,N,1.0,75,166,1.0,2.02,14.2,0.0,0.5,2.0,0.0,,1.0,17.7,1.0,1.0,0.0,0.0,1,2025-11-01 08:32:20.102174
2,2025-01-13 15:39:06,2025-01-13 15:51:04,N,1.0,41,151,1.0,2.08,13.5,0.0,0.5,0.0,0.0,,1.0,15.0,2.0,1.0,0.0,0.0,1,2025-11-01 08:32:20.102174
2,2025-01-13 15:50:41,2025-01-13 15:54:31,N,1.0,166,166,1.0,0.42,5.8,0.0,0.5,0.0,0.0,,1.0,7.3,2.0,1.0,0.0,0.0,1,2025-11-01 08:32:20.102174
1,2025-01-13 15:39:02,2025-01-13 16:07:01,N,1.0,134,130,1.0,5.3,26.8,0.0,1.5,5.65,0.0,,1.0,33.95,1.0,1.0,0.0,0.0,1,2025-11-01 08:32:20.102174
2,2025-01-13 15:29:31,2025-01-13 15:47:16,N,1.0,74,236,1.0,2.51,17.7,0.0,0.5,0.01,0.0,,1.0,21.96,1.0,1.0,2.75,0.0,1,2025-11-01 08:32:20.102174
2,2025-01-13 15:49:29,2025-01-13 16:18:05,N,1.0,43,229,1.0,3.18,24.7,0.0,0.5,8.91,0.0,,1.0,38.61,1.0,1.0,2.75,0.75,1,2025-11-01 08:32:20.102174
2,2025-01-13 15:06:12,2025-01-13 15:26:51,N,1.0,112,7,1.0,3.64,21.2,0.0,0.5,4.54,0.0,,1.0,27.24,1.0,1.0,0.0,0.0,1,2025-11-01 08:32:20.102174
2,2025-01-13 15:19:26,2025-01-13 15:33:23,N,1.0,75,151,1.0,1.22,13.5,0.0,0.5,3.0,0.0,,1.0,18.0,1.0,1.0,0.0,0.0,1,2025-11-01 08:32:20.102174
2,2025-01-13 15:51:06,2025-01-13 15:56:06,N,1.0,43,151,1.0,0.8,7.2,0.0,0.5,0.0,0.0,,1.0,8.7,2.0,1.0,0.0,0.0,1,2025-11-01 08:32:20.102174
2,2025-01-13 09:40:44,2025-01-14 09:14:47,N,1.0,74,142,1.0,4.04,31.0,0.0,0.5,2.0,0.0,,1.0,37.25,1.0,1.0,2.75,0.0,1,2025-11-01 08:32:20.102174
2,2025-01-13 15:22:35,2025-01-13 15:35:05,N,1.0,75,166,1.0,1.91,12.8,0.0,0.5,0.0,0.0,,1.0,14.3,2.0,1.0,0.0,0.0,1,2025-11-01 08:32:20.102174
2,2025-01-13 15:42:15,2025-01-13 15:50:39,N,1.0,166,75,1.0,1.59,10.7,0.0,0.5,2.44,0.0,,1.0,14.64,1.0,1.0,0.0,0.0,1,2025-11-01 08:32:20.102174
1,2025-01-13 15:47:47,2025-01-13 16:20:34,N,1.0,107,181,1.0,0.0,24.5,0.0,1.5,0.0,0.0,,1.0,26.0,1.0,1.0,0.0,0.0,1,2025-11-01 08:32:20.102174
1,2025-01-13 15:20:07,2025-01-13 15:44:59,N,1.0,134,81,1.0,0.0,42.5,0.0,1.5,0.0,6.94,,1.0,50.94,1.0,1.0,0.0,0.0,1,2025-11-01 08:32:20.102174
2,2025-01-13 15:26:53,2025-01-13 15:39:39,N,1.0,74,138,1.0,6.82,27.5,5.0,0.5,8.19,6.94,,1.0,49.13,1.0,1.0,0.0,0.0,1,2025-11-01 08:32:20.102174
2,2025-01-13 15:02:11,2025-01-13 15:13:32,N,1.0,82,82,6.0,1.23,11.4,0.0,0.5,0.0,0.0,,1.0,12.9,2.0,1.0,0.0,0.0,1,2025-11-01 08:32:20.102174
2,2025-01-13 15:37:31,2025-01-13 16:03:25,N,1.0,82,198,6.0,3.86,19.8,0.0,0.5,0.0,0.0,,1.0,21.3,2.0,1.0,0.0,0.0,1,2025-11-01 08:32:20.102174
2,2025-01-13 15:37:44,2025-01-13 15:45:24,N,1.0,43,24,1.0,1.76,10.7,0.0,0.5,5.0,0.0,,1.0,17.2,1.0,1.0,0.0,0.0,1,2025-11-01 08:32:20.102174
2,2025-01-13 14:57:27,2025-01-13 15:02:00,N,1.0,75,75,1.0,0.62,6.5,0.0,0.5,0.0,0.0,,1.0,8.0,2.0,1.0,0.0,0.0,1,2025-11-01 08:32:20.102174
2,2025-01-13 15:28:29,2025-01-13 15:36:35,N,1.0,75,74,1.0,1.42,10.0,0.0,0.5,2.3,0.0,,1.0,13.8,1.0,1.0,0.0,0.0,1,2025-11-01 08:32:20.102174
1,2025-01-13 15:06:28,2025-01-13 15:12:55,N,1.0,166,238,2.0,1.3,9.3,0.0,1.5,2.15,0.0,,1.0,12.95,1.0,1.0,0.0,0.0,1,2025-11-01 08:32:20.102174
2,2025-01-13 15:08:35,2025-01-13 15:25:15,N,1.0,74,238,1.0,2.25,17.0,0.0,0.5,4.25,0.0,,1.0,25.5,1.0,1.0,2.75,0.0,1,2025-11-01 08:32:20.102174
2,2025-01-13 15:32:35,2025-01-13 15:43:29,N,1.0,75,262,1.0,0.82,10.7,0.0,0.5,2.99,0.0,,1.0,17.94,1.0,1.0,2.75,0.0,1,2025-11-01 08:32:20.102174
2,2025-01-13 15:38:06,2025-01-13 15:54:10,N,1.0,74,238,1.0,2.78,17.0,0.0,0.5,3.19,0.0,,1.0,24.44,1.0,1.0,2.75,0.0,1,2025-11-01 08:32:20.102174
2,2025-01-13 15:56:24,2025-01-13 16:09:45,N,1.0,43,237,1.0,1.18,12.8,0.0,0.5,0.0,0.0,,1.0,17.05,2.0,1.0,2.75,0.0,1,2025-11-01 08:32:20.102174
2,2025-01-13 15:23:29,2025-01-13 15:28:48,N,1.0,75,236,1.0,0.69,7.2,0.0,0.5,2.29,0.0,,1.0,13.74,1.0,1.0,2.75,0.0,1,2025-11-01 08:32:20.102174
2,2025-01-13 15:46:50,2025-01-13 16:02:35,N,1.0,43,141,1.0,1.91,14.9,0.0,0.5,3.83,0.0,,1.0,22.98,1.0,1.0,2.75,0.0,1,2025-11-01 08:32:20.102174
2,2025-01-13 15:17:21,2025-01-13 15:24:31,N,1.0,41,42,1.0,1.2,9.3,0.0,0.5,0.0,0.0,,1.0,10.8,2.0,1.0,0.0,0.0,1,2025-11-01 08:32:20.102174
2,2025-01-13 16:15:50,2025-01-13 16:38:12,N,1.0,43,141,1.0,2.03,19.8,2.5,0.5,5.31,0.0,,1.0,31.86,1.0,1.0,2.75,0.0,1,2025-11-01 08:32:20.102174
2,2025-01-13 16:27:16,2025-01-13 16:37:44,N,1.0,97,97,1.0,0.9,10.0,2.5,0.5,2.8,0.0,,1.0,16.8,1.0,1.0,0.0,0.0,1,2025-11-01 08:32:20.102174
2,2025-01-13 16:46:54,2025-01-13 17:09:40,N,1.0,75,162,1.0,2.84,21.2,2.5,0.5,2.87,0.0,,1.0,31.57,1.0,1.0,2.75,0.75,1,2025-11-01 08:32:20.102174
2,2025-01-13 16:35:39,2025-01-13 16:53:30,N,1.0,65,61,2.0,2.93,18.4,2.5,0.5,0.0,0.0,,1.0,22.4,2.0,1.0,0.0,0.0,1,2025-11-01 08:32:20.102174
1,2025-01-13 16:59:49,2025-01-13 17:08:24,N,1.0,97,181,1.0,0.6,9.3,2.5,1.5,0.0,0.0,,1.0,13.3,2.0,1.0,0.0,0.0,1,2025-11-01 08:32:20.102174
2,2025-01-13 16:13:21,2025-01-13 16:24:19,N,1.0,75,236,2.0,0.8,10.7,2.5,0.5,2.0,0.0,,1.0,19.45,1.0,1.0,2.75,0.0,1,2025-11-01 08:32:20.102174
2,2025-01-13 16:35:01,2025-01-13 16:56:55,N,1.0,24,237,1.0,3.42,22.6,2.5,0.5,5.87,0.0,,1.0,35.22,1.0,1.0,2.75,0.0,1,2025-11-01 08:32:20.102174
2,2025-01-13 16:31:33,2025-01-13 16:44:37,N,1.0,74,166,1.0,2.0,13.5,2.5,0.5,5.25,0.0,,1.0,22.75,1.0,1.0,0.0,0.0,1,2025-11-01 08:32:20.102174
2,2025-01-13 16:44:07,2025-01-13 17:30:14,N,1.0,244,140,1.0,7.76,44.3,2.5,0.5,0.0,0.0,,1.0,51.05,1.0,1.0,2.75,0.0,1,2025-11-01 08:32:20.102174
2,2025-01-13 16:58:34,2025-01-13 17:12:58,N,1.0,41,236,1.0,1.95,14.2,2.5,0.5,4.19,0.0,,1.0,25.14,1.0,1.0,2.75,0.0,1,2025-11-01 08:32:20.102174
2,2025-01-13 16:05:48,2025-01-13 16:21:26,N,1.0,74,151,1.0,2.58,17.0,2.5,0.5,4.2,0.0,,1.0,25.2,1.0,1.0,0.0,0.0,1,2025-11-01 08:32:20.102174
1,2025-01-13 16:31:03,2025-01-13 16:47:08,N,1.0,74,116,1.0,2.1,15.6,2.5,1.5,5.0,0.0,,1.0,24.6,1.0,1.0,0.0,0.0,1,2025-11-01 08:32:20.102174
2,2025-01-13 16:08:07,2025-01-13 16:19:11,N,1.0,75,43,1.0,0.95,11.4,2.5,0.5,1.5,0.0,,1.0,16.9,1.0,1.0,0.0,0.0,1,2025-11-01 08:32:20.102174
2,2025-01-13 16:57:12,2025-01-13 17:08:46,N,1.0,74,43,1.0,1.56,11.4,2.5,0.5,3.08,0.0,,1.0,18.48,1.0,1.0,0.0,0.0,1,2025-11-01 08:32:20.102174
2,2025-01-13 15:59:46,2025-01-13 16:21:32,N,1.0,152,75,1.0,2.68,19.8,2.5,0.5,0.0,0.0,,1.0,23.8,1.0,1.0,0.0,0.0,1,2025-11-01 08:32:20.102174
2,2025-01-13 15:56:18,2025-01-13 16:14:03,N,1.0,74,236,1.0,2.11,17.0,2.5,0.5,6.0,0.0,,1.0,29.75,1.0,1.0,2.75,0.0,1,2025-11-01 08:32:20.102174
2,2025-01-13 16:38:48,2025-01-13 16:48:13,N,1.0,75,166,1.0,1.45,10.7,2.5,0.5,2.94,0.0,,1.0,17.64,1.0,1.0,0.0,0.0,1,2025-11-01 08:32:20.102174
2,2025-01-13 16:47:59,2025-01-13 16:58:11,N,1.0,43,239,5.0,2.03,12.8,2.5,0.5,3.91,0.0,,1.0,23.46,1.0,1.0,2.75,0.0,1,2025-11-01 08:32:20.102174
1,2025-01-13 16:52:00,2025-01-13 17:12:44,N,1.0,75,116,2.0,4.0,22.6,2.5,1.5,0.0,0.0,,1.0,26.6,2.0,1.0,0.0,0.0,1,2025-11-01 08:32:20.102174
2,2025-01-13 16:36:49,2025-01-13 16:44:55,N,1.0,75,74,1.0,1.33,10.0,2.5,0.5,2.8,0.0,,1.0,16.8,1.0,1.0,0.0,0.0,1,2025-11-01 08:32:20.102174
2,2025-01-13 16:31:16,2025-01-13 16:42:45,N,1.0,75,74,1.0,1.46,12.1,2.5,0.5,3.22,0.0,,1.0,19.32,1.0,1.0,0.0,0.0,1,2025-11-01 08:32:20.102174
2,2025-01-13 17:00:32,2025-01-13 17:08:09,N,1.0,43,24,1.0,1.45,10.0,2.5,0.5,2.8,0.0,,1.0,16.8,1.0,1.0,0.0,0.0,1,2025-11-01 08:32:20.102174
2,2025-01-13 16:38:08,2025-01-13 16:46:03,N,1.0,95,135,1.0,1.5,10.0,2.5,0.5,7.0,0.0,,1.0,21.0,1.0,1.0,0.0,0.0,1,2025-11-01 08:32:20.102174
2,2025-01-13 16:22:15,2025-01-13 16:43:17,N,1.0,97,61,2.0,3.7,21.9,2.5,0.5,0.0,0.0,,1.0,25.9,1.0,1.0,0.0,0.0,1,2025-11-01 08:32:20.102174
2,2025-01-13 16:36:42,2025-01-13 16:51:53,N,1.0,74,236,1.0,1.65,14.2,2.5,0.5,0.0,0.0,,1.0,20.95,2.0,1.0,2.75,0.0,1,2025-11-01 08:32:20.102174
1,2025-01-13 16:31:29,2025-01-13 17:12:25,N,1.0,244,259,1.0,0.0,40.5,0.0,1.5,0.0,0.0,,1.0,42.0,1.0,1.0,0.0,0.0,1,2025-11-01 08:32:20.102174
1,2025-01-13 16:33:55,2025-01-13 16:45:35,N,1.0,72,35,1.0,0.0,17.5,0.0,1.5,0.0,0.0,,1.0,19.0,1.0,1.0,0.0,0.0,1,2025-11-01 08:32:20.102174
1,2025-01-13 16:53:46,2025-01-13 17:07:22,N,1.0,35,62,1.0,0.0,17.5,0.0,1.5,0.0,0.0,,1.0,19.0,1.0,1.0,0.0,0.0,1,2025-11-01 08:32:20.102174
2,2025-01-13 16:04:11,2025-01-13 16:16:40,N,1.0,82,160,1.0,2.18,13.5,2.5,0.5,2.0,0.0,,1.0,19.5,1.0,1.0,0.0,0.0,1,2025-11-01 08:32:20.102174
2,2025-01-13 16:22:02,2025-01-13 16:35:47,N,1.0,244,200,1.0,5.98,26.1,2.5,0.5,6.66,3.18,,1.0,39.94,1.0,1.0,0.0,0.0,1,2025-11-01 08:32:20.102174
2,2025-01-13 16:52:18,2025-01-13 17:10:43,N,1.0,134,132,1.0,6.69,28.9,2.5,0.5,6.58,0.0,,1.0,39.48,1.0,1.0,0.0,0.0,1,2025-11-01 08:32:20.102174
2,2025-01-13 16:09:16,2025-01-13 16:18:05,N,1.0,43,239,1.0,1.73,10.7,2.5,0.5,4.36,0.0,,1.0,21.81,1.0,1.0,2.75,0.0,1,2025-11-01 08:32:20.102174
1,2025-01-13 16:26:47,2025-01-13 16:44:22,N,1.0,42,75,1.0,2.3,14.2,2.5,1.5,1.0,0.0,,1.0,19.2,1.0,1.0,0.0,0.0,1,2025-11-01 08:32:20.102174
2,2025-01-13 16:10:19,2025-01-13 16:17:39,N,1.0,216,197,1.0,1.35,9.3,2.5,0.5,0.0,0.0,,1.0,13.3,2.0,1.0,0.0,0.0,1,2025-11-01 08:32:20.102174
2,2025-01-13 16:36:51,2025-01-13 16:42:31,N,1.0,134,134,1.0,0.53,7.2,2.5,0.5,2.24,0.0,,1.0,13.44,1.0,1.0,0.0,0.0,1,2025-11-01 08:32:20.102174
2,2025-01-13 16:19:05,2025-01-13 16:25:55,N,1.0,7,7,1.0,0.82,7.9,2.5,0.5,0.0,0.0,,1.0,11.9,2.0,1.0,0.0,0.0,1,2025-11-01 08:32:20.102174
2,2025-01-13 16:34:13,2025-01-13 16:51:41,N,1.0,74,238,1.0,2.96,18.4,2.5,0.5,7.54,0.0,,1.0,32.69,1.0,1.0,2.75,0.0,1,2025-11-01 08:32:20.102174
1,2025-01-13 16:39:28,2025-01-13 16:47:05,N,1.0,75,151,1.0,1.1,8.6,2.5,1.5,0.0,0.0,,1.0,12.6,2.0,1.0,0.0,0.0,1,2025-11-01 08:32:20.102174
1,2025-01-13 16:58:12,2025-01-13 17:20:06,N,1.0,75,237,1.0,2.5,17.0,5.25,1.5,4.75,0.0,,1.0,28.5,1.0,1.0,2.75,0.0,1,2025-11-01 08:32:20.102174
2,2025-01-13 15:50:18,2025-01-13 15:54:09,N,1.0,75,75,1.0,0.62,5.8,2.5,0.5,1.96,0.0,,1.0,11.76,1.0,1.0,0.0,0.0,1,2025-11-01 08:32:20.102174
2,2025-01-13 16:16:18,2025-01-13 16:29:52,N,1.0,43,262,1.0,1.34,12.8,2.5,0.5,0.0,0.0,,1.0,19.55,2.0,1.0,2.75,0.0,1,2025-11-01 08:32:20.102174
1,2025-01-13 16:14:20,2025-01-13 16:19:50,N,1.0,52,33,1.0,0.6,6.5,2.5,1.5,0.0,0.0,,1.0,10.5,2.0,1.0,0.0,0.0,1,2025-11-01 08:32:20.102174
2,2025-01-13 16:27:02,2025-01-13 16:46:03,N,1.0,75,42,1.0,2.58,19.1,2.5,0.5,0.0,0.0,,1.0,23.1,2.0,1.0,0.0,0.0,1,2025-11-01 08:32:20.102174
2,2025-01-13 16:13:02,2025-01-13 16:19:03,N,1.0,7,7,1.0,0.73,7.2,2.5,0.5,0.0,0.0,,1.0,11.2,2.0,1.0,0.0,0.0,1,2025-11-01 08:32:20.102174
2,2025-01-13 16:13:44,2025-01-13 16:27:50,N,1.0,95,121,1.0,2.64,15.6,2.5,0.5,3.92,0.0,,1.0,23.52,1.0,1.0,0.0,0.0,1,2025-11-01 08:32:20.102174
2,2025-01-13 16:21:25,2025-01-13 16:45:26,N,1.0,75,162,1.0,2.52,21.2,2.5,0.5,5.74,0.0,,1.0,34.44,1.0,1.0,2.75,0.75,1,2025-11-01 08:32:20.102174
2,2025-01-13 16:14:24,2025-01-13 16:26:03,N,1.0,244,243,2.0,1.53,12.8,2.5,0.5,3.36,0.0,,1.0,20.16,1.0,1.0,0.0,0.0,1,2025-11-01 08:32:20.102174
2,2025-01-13 16:24:42,2025-01-13 16:40:34,N,1.0,75,237,6.0,1.68,15.6,2.5,0.5,4.47,0.0,,1.0,26.82,1.0,1.0,2.75,0.0,1,2025-11-01 08:32:20.102174
2,2025-01-13 16:34:53,2025-01-13 16:47:38,N,1.0,95,196,1.0,1.7,13.5,2.5,0.5,6.0,0.0,,1.0,23.5,1.0,1.0,0.0,0.0,1,2025-11-01 08:32:20.102174
2,2025-01-13 16:56:49,2025-01-13 17:25:50,N,1.0,65,225,2.0,4.01,26.1,2.5,0.5,0.0,0.0,,1.0,30.1,2.0,1.0,0.0,0.0,1,2025-11-01 08:32:20.102174
2,2025-01-13 16:01:09,2025-01-13 16:08:36,N,1.0,75,236,1.0,0.88,8.6,2.5,0.5,0.0,0.0,,1.0,15.35,2.0,1.0,2.75,0.0,1,2025-11-01 08:32:20.102174
2,2025-01-13 16:38:02,2025-01-13 17:01:24,N,1.0,75,162,1.0,3.01,21.9,2.5,0.5,0.0,0.0,,1.0,29.4,2.0,1.0,2.75,0.75,1,2025-11-01 08:32:20.102174
2,2025-01-13 16:21:52,2025-01-13 16:40:50,N,1.0,75,140,1.0,1.87,17.7,2.5,0.5,4.89,0.0,,1.0,29.34,1.0,1.0,2.75,0.0,1,2025-11-01 08:32:20.102174
1,2025-01-13 16:51:38,2025-01-13 17:02:36,N,1.0,75,42,1.0,2.1,12.1,2.5,1.5,0.0,0.0,,1.0,16.1,1.0,1.0,0.0,0.0,1,2025-11-01 08:32:20.102174
2,2025-01-13 16:48:08,2025-01-13 17:16:23,N,1.0,7,79,1.0,5.77,30.3,2.5,0.5,7.56,0.0,,1.0,45.36,1.0,1.0,2.75,0.75,1,2025-11-01 08:32:20.102174
2,2025-01-13 16:19:41,2025-01-13 16:29:06,N,1.0,75,74,1.0,1.47,10.7,2.5,0.5,2.94,0.0,,1.0,17.64,1.0,1.0,0.0,0.0,1,2025-11-01 08:32:20.102174
2,2025-01-13 16:51:13,2025-01-13 17:14:14,N,1.0,75,163,1.0,2.26,20.5,2.5,0.5,5.6,0.0,,1.0,33.6,1.0,1.0,2.75,0.75,1,2025-11-01 08:32:20.102174
2,2025-01-13 16:45:35,2025-01-13 16:55:49,N,1.0,152,74,1.0,1.31,10.7,2.5,0.5,1.0,0.0,,1.0,15.7,1.0,1.0,0.0,0.0,1,2025-11-01 08:32:20.102174
2,2025-01-13 16:35:06,2025-01-13 16:45:02,N,1.0,75,237,1.0,1.38,10.7,2.5,0.5,3.49,0.0,,1.0,20.94,1.0,1.0,2.75,0.0,1,2025-11-01 08:32:20.102174
1,2025-01-13 16:31:31,2025-01-13 17:07:22,N,1.0,168,185,1.0,0.0,31.5,0.0,1.5,0.0,0.0,,1.0,33.0,1.0,1.0,0.0,0.0,1,2025-11-01 08:32:20.102174
2,2025-01-13 16:36:48,2025-01-13 17:07:57,N,1.0,43,233,1.0,3.94,28.2,2.5,0.5,8.92,0.0,,1.0,44.62,1.0,1.0,2.75,0.75,1,2025-11-01 08:32:20.102174
2,2025-01-13 16:30:28,2025-01-13 16:44:40,N,1.0,74,236,1.0,2.17,14.9,2.5,0.5,0.0,0.0,,1.0,21.65,2.0,1.0,2.75,0.0,1,2025-11-01 08:32:20.102174
2,2025-01-13 16:43:34,2025-01-13 16:50:04,N,1.0,75,74,1.0,1.34,9.3,2.5,0.5,3.32,0.0,,1.0,16.62,1.0,1.0,0.0,0.0,1,2025-11-01 08:32:20.102174
2,2025-01-13 16:32:13,2025-01-13 16:40:29,N,1.0,256,148,1.0,2.28,12.8,2.5,0.5,0.0,0.0,,1.0,20.3,2.0,1.0,2.75,0.75,1,2025-11-01 08:32:20.102174
1,2025-01-13 16:54:59,2025-01-13 16:57:17,N,1.0,166,166,1.0,0.4,5.1,2.5,1.5,0.0,0.0,,1.0,9.1,2.0,1.0,0.0,0.0,1,2025-11-01 08:32:20.102174
2,2025-01-13 16:02:26,2025-01-13 16:28:01,N,1.0,82,173,1.0,2.2,21.9,2.5,0.5,0.0,0.0,,1.0,25.9,2.0,1.0,0.0,0.0,1,2025-11-01 08:32:20.102174
2,2025-01-13 16:04:16,2025-01-13 16:13:55,N,1.0,75,263,6.0,1.28,10.0,2.5,0.5,3.35,0.0,,1.0,20.1,1.0,1.0,2.75,0.0,1,2025-11-01 08:32:20.102174
2,2025-01-13 16:26:07,2025-01-13 16:32:57,N,1.0,25,25,2.0,0.74,6.5,2.5,0.5,0.0,0.0,,1.0,10.5,2.0,1.0,0.0,0.0,1,2025-11-01 08:32:20.102174
2,2025-01-13 16:17:31,2025-01-13 16:28:40,N,1.0,75,236,1.0,0.88,10.7,2.5,0.5,2.62,0.0,,1.0,20.07,1.0,1.0,2.75,0.0,1,2025-11-01 08:32:20.102174
2,2025-01-13 16:30:56,2025-01-13 16:48:33,N,1.0,263,239,1.0,2.34,17.0,2.5,0.5,5.94,0.0,,1.0,29.69,1.0,1.0,2.75,0.0,1,2025-11-01 08:32:20.102174
2,2025-01-13 16:31:16,2025-01-13 16:45:22,N,1.0,196,95,1.0,1.57,14.2,2.5,0.5,0.0,0.0,,1.0,18.2,2.0,1.0,0.0,0.0,1,2025-11-01 08:32:20.102174
1,2025-01-13 16:39:57,2025-01-13 17:06:43,N,1.0,95,216,1.0,3.9,25.4,2.5,1.5,0.0,0.0,,1.0,29.4,2.0,1.0,0.0,0.0,1,2025-11-01 08:32:20.102174
2,2025-01-13 16:20:11,2025-01-13 16:22:38,N,1.0,116,244,1.0,0.74,5.1,2.5,0.5,0.0,0.0,,1.0,9.1,2.0,1.0,0.0,0.0,1,2025-11-01 08:32:20.102174
2,2025-01-13 16:13:49,2025-01-13 16:25:08,N,1.0,41,74,1.0,1.33,10.7,2.5,0.5,0.0,0.0,,1.0,14.7,2.0,1.0,0.0,0.0,1,2025-11-01 08:32:20.102174
2,2025-01-13 16:54:10,2025-01-13 17:00:32,N,1.0,75,41,1.0,1.3,8.6,2.5,0.5,2.52,0.0,,1.0,15.12,1.0,1.0,0.0,0.0,1,2025-11-01 08:32:20.102174
2,2025-01-13 16:24:15,2025-01-13 16:28:43,N,1.0,43,238,1.0,0.89,6.5,2.5,0.5,2.65,0.0,,1.0,15.9,1.0,1.0,2.75,0.0,1,2025-11-01 08:32:20.102174
2,2025-01-13 16:41:17,2025-01-13 16:50:10,N,1.0,75,151,1.0,1.08,10.0,2.5,0.5,2.8,0.0,,1.0,16.8,1.0,1.0,0.0,0.0,1,2025-11-01 08:32:20.102174
2,2025-01-13 16:25:01,2025-01-13 17:04:14,N,1.0,75,200,1.0,8.73,43.6,2.5,0.5,0.0,3.18,,1.0,50.78,2.0,1.0,0.0,0.0,1,2025-11-01 08:32:20.102174
2,2025-01-13 16:44:05,2025-01-13 16:51:44,N,1.0,95,95,1.0,0.99,9.3,2.5,0.5,0.0,0.0,,1.0,13.3,2.0,1.0,0.0,0.0,1,2025-11-01 08:32:20.102174
2,2025-01-13 16:26:34,2025-01-13 16:39:45,N,1.0,65,257,1.0,2.5,14.9,2.5,0.5,4.72,0.0,,1.0,23.62,1.0,1.0,0.0,0.0,1,2025-11-01 08:32:20.102174
2,2025-01-13 16:50:28,2025-01-13 17:20:51,N,1.0,95,56,1.0,2.23,18.4,2.5,0.5,0.0,0.0,,1.0,22.4,2.0,1.0,0.0,0.0,1,2025-11-01 08:32:20.102174
2,2025-01-13 16:16:32,2025-01-13 16:21:51,N,1.0,74,41,1.0,0.74,7.2,2.5,0.5,0.0,0.0,,1.0,11.2,2.0,1.0,0.0,0.0,1,2025-11-01 08:32:20.102174
2,2025-01-13 16:24:41,2025-01-13 16:33:39,N,1.0,41,42,1.0,1.1,10.0,2.5,0.5,0.0,0.0,,1.0,14.0,2.0,1.0,0.0,0.0,1,2025-11-01 08:32:20.102174
1,2025-01-13 16:51:29,2025-01-13 17:29:00,N,1.0,181,21,1.0,0.0,24.5,0.0,1.5,0.0,0.0,,1.0,26.0,1.0,1.0,0.0,0.0,1,2025-11-01 08:32:20.102174
2,2025-01-13 16:10:44,2025-01-13 16:18:25,N,1.0,75,74,1.0,1.43,9.3,2.5,0.5,2.66,0.0,,1.0,15.96,1.0,1.0,0.0,0.0,1,2025-11-01 08:32:20.102174
2,2025-01-13 16:30:11,2025-01-13 17:13:04,N,1.0,75,174,2.0,11.17,49.9,2.5,0.5,0.03,0.0,,1.0,53.93,1.0,1.0,0.0,0.0,1,2025-11-01 08:32:20.102174
2,2025-01-13 16:34:11,2025-01-13 16:46:34,N,1.0,74,236,1.0,1.8,13.5,2.5,0.5,4.05,0.0,,1.0,24.3,1.0,1.0,2.75,0.0,1,2025-11-01 08:32:20.102174
2,2025-01-13 16:35:32,2025-01-13 17:06:06,N,1.0,75,140,5.0,2.7,26.1,2.5,0.5,6.57,0.0,,1.0,39.42,1.0,1.0,2.75,0.0,1,2025-11-01 08:32:20.102174
2,2025-01-13 16:41:33,2025-01-13 17:12:34,N,1.0,74,244,1.0,4.12,28.9,2.5,0.5,4.0,0.0,,1.0,36.9,1.0,1.0,0.0,0.0,1,2025-11-01 08:32:20.102174
2,2025-01-13 16:49:29,2025-01-13 16:55:22,N,1.0,75,236,1.0,1.03,7.9,2.5,0.5,2.0,0.0,,1.0,16.65,1.0,1.0,2.75,0.0,1,2025-11-01 08:32:20.102174
2,2025-01-13 16:21:33,2025-01-13 16:35:33,N,1.0,75,262,1.0,1.39,13.5,2.5,0.5,0.0,0.0,,1.0,20.25,2.0,1.0,2.75,0.0,1,2025-11-01 08:32:20.102174
2,2025-01-13 16:19:49,2025-01-13 16:33:36,N,1.0,95,95,3.0,1.37,13.5,2.5,0.5,0.0,0.0,,1.0,17.5,2.0,1.0,0.0,0.0,1,2025-11-01 08:32:20.102174
2,2025-01-13 16:31:44,2025-01-13 16:41:53,N,1.0,75,151,1.0,1.47,11.4,2.5,0.5,3.85,0.0,,1.0,19.25,1.0,1.0,0.0,0.0,1,2025-11-01 08:32:20.102174
2,2025-01-13 16:12:39,2025-01-13 16:29:03,N,1.0,43,237,1.0,1.99,15.6,2.5,0.5,5.59,0.0,,1.0,27.94,1.0,1.0,2.75,0.0,1,2025-11-01 08:32:20.102174
2,2025-01-13 16:19:22,2025-01-13 16:33:17,N,1.0,130,216,1.0,1.6,13.5,2.5,0.5,3.5,0.0,,1.0,21.0,1.0,1.0,0.0,0.0,1,2025-11-01 08:32:20.102174
1,2025-01-13 16:46:52,2025-01-13 17:31:51,N,1.0,211,165,1.0,0.0,31.5,0.0,1.5,0.0,6.94,,1.0,39.94,1.0,1.0,0.0,0.0,1,2025-11-01 08:32:20.102174
2,2025-01-13 16:02:35,2025-01-13 16:10:15,N,1.0,129,138,1.0,3.63,16.3,7.5,0.5,2.5,0.0,,1.0,27.8,1.0,1.0,0.0,0.0,1,2025-11-01 08:32:20.102174
2,2025-01-13 16:42:11,2025-01-13 16:54:40,N,1.0,75,74,1.0,1.74,12.8,2.5,0.5,1.0,0.0,,1.0,17.8,1.0,1.0,0.0,0.0,1,2025-11-01 08:32:20.102174
2,2025-01-13 16:11:20,2025-01-13 16:21:59,N,1.0,74,42,1.0,1.68,12.1,2.5,0.5,3.22,0.0,,1.0,19.32,1.0,1.0,0.0,0.0,1,2025-11-01 08:32:20.102174
2,2025-01-13 16:58:00,2025-01-13 17:02:42,N,1.0,74,41,1.0,0.69,6.5,2.5,0.5,1.58,0.0,,1.0,12.08,1.0,1.0,0.0,0.0,1,2025-11-01 08:32:20.102174
2,2025-01-13 16:43:57,2025-01-13 16:51:03,N,1.0,82,129,6.0,0.35,7.9,2.5,0.5,0.0,0.0,,1.0,11.9,2.0,1.0,0.0,0.0,1,2025-11-01 08:32:20.102174
2,2025-01-13 16:52:29,2025-01-13 17:07:58,N,1.0,75,163,1.0,2.19,15.6,2.5,0.5,0.0,0.0,,1.0,23.1,2.0,1.0,2.75,0.75,1,2025-11-01 08:32:20.102174
2,2025-01-13 16:32:04,2025-01-13 16:51:33,N,1.0,74,238,1.0,2.65,18.4,2.5,0.5,0.0,0.0,,1.0,22.4,2.0,1.0,0.0,0.0,1,2025-11-01 08:32:20.102174
2,2025-01-13 16:05:04,2025-01-13 16:13:45,N,1.0,130,28,2.0,1.93,11.4,2.5,0.5,0.0,0.0,,1.0,15.4,2.0,1.0,0.0,0.0,1,2025-11-01 08:32:20.102174
2,2025-01-13 16:43:14,2025-01-13 16:55:31,N,1.0,130,215,1.0,1.78,12.8,2.5,0.5,0.0,0.0,,1.0,16.8,1.0,1.0,0.0,0.0,1,2025-11-01 08:32:20.102174
2,2025-01-13 15:56:35,2025-01-13 16:12:22,N,1.0,74,236,1.0,1.69,14.9,2.5,0.5,0.0,0.0,,1.0,21.65,2.0,1.0,2.75,0.0,1,2025-11-01 08:32:20.102174
2,2025-01-13 16:48:30,2025-01-13 16:53:06,N,1.0,75,238,1.0,1.32,7.9,2.5,0.5,2.93,0.0,,1.0,17.58,1.0,1.0,2.75,0.0,1,2025-11-01 08:32:20.102174
2,2025-01-13 16:32:47,2025-01-13 16:51:45,N,1.0,74,238,1.0,2.96,19.1,2.5,0.5,6.46,0.0,,1.0,32.31,1.0,1.0,2.75,0.0,1,2025-11-01 08:32:20.102174
2,2025-01-13 16:16:29,2025-01-13 16:26:45,N,1.0,74,75,1.0,1.33,11.4,2.5,0.5,3.08,0.0,,1.0,18.48,1.0,1.0,0.0,0.0,1,2025-11-01 08:32:20.102174
2,2025-01-13 16:26:03,2025-01-13 16:44:17,N,1.0,244,238,1.0,4.98,25.4,2.5,0.5,4.82,0.0,,1.0,36.97,1.0,1.0,2.75,0.0,1,2025-11-01 08:32:20.102174
2,2025-01-13 16:16:35,2025-01-13 16:26:28,N,1.0,83,83,1.0,0.73,10.0,2.5,0.5,0.0,0.0,,1.0,14.0,2.0,1.0,0.0,0.0,1,2025-11-01 08:32:20.102174
2,2025-01-13 16:19:44,2025-01-13 16:29:58,N,1.0,74,41,1.0,1.13,10.7,2.5,0.5,1.08,0.0,,1.0,15.78,1.0,1.0,0.0,0.0,1,2025-11-01 08:32:20.102174
2,2025-01-13 16:47:00,2025-01-13 16:55:36,N,1.0,75,239,1.0,1.76,10.7,2.5,0.5,3.49,0.0,,1.0,20.94,1.0,1.0,2.75,0.0,1,2025-11-01 08:32:20.102174
1,2025-01-13 16:27:07,2025-01-13 16:40:57,N,1.0,75,262,1.0,0.0,12.1,5.25,1.5,4.7,0.0,,1.0,23.55,1.0,1.0,2.75,0.0,1,2025-11-01 08:32:20.102174
2,2025-01-13 16:35:40,2025-01-13 16:54:17,N,1.0,74,236,1.0,2.49,17.7,2.5,0.5,4.89,0.0,,1.0,29.34,1.0,1.0,2.75,0.0,1,2025-11-01 08:32:20.102174
2,2025-01-13 16:24:43,2025-01-13 16:40:54,N,1.0,95,95,1.0,2.01,15.6,2.5,0.5,0.0,0.0,,1.0,19.6,2.0,1.0,0.0,0.0,1,2025-11-01 08:32:20.102174
2,2025-01-13 17:01:56,2025-01-13 17:04:51,N,1.0,95,95,1.0,0.35,5.1,2.5,0.5,0.46,0.0,,1.0,9.56,1.0,1.0,0.0,0.0,1,2025-11-01 08:32:20.102174
2,2025-01-13 16:22:39,2025-01-13 16:42:29,N,1.0,74,238,1.0,3.06,19.1,2.5,0.5,0.0,0.0,,1.0,25.6,2.0,1.0,2.5,0.0,1,2025-11-01 08:32:20.102174
2,2025-01-13 16:37:37,2025-01-13 16:48:05,N,1.0,74,75,1.0,1.43,11.4,2.5,0.5,3.0,0.0,,1.0,18.4,1.0,1.0,0.0,0.0,1,2025-11-01 08:32:20.102174
2,2025-01-13 16:25:12,2025-01-13 16:53:35,N,1.0,75,162,1.0,3.32,24.7,2.5,0.5,2.22,0.0,,1.0,34.42,1.0,1.0,2.75,0.75,1,2025-11-01 08:32:20.102174
2,2025-01-13 16:15:43,2025-01-13 16:26:57,N,1.0,75,238,1.0,1.54,12.8,2.5,0.5,3.91,0.0,,1.0,23.46,1.0,1.0,2.75,0.0,1,2025-11-01 08:32:20.102174
2,2025-01-13 15:06:13,2025-01-13 15:16:00,N,1.0,75,74,1.0,1.74,10.7,2.5,0.5,0.0,0.0,,1.0,14.7,1.0,1.0,0.0,0.0,1,2025-11-01 08:32:20.102174
2,2025-01-13 15:33:52,2025-01-13 15:46:13,N,1.0,43,142,1.0,2.18,14.2,2.5,0.5,4.19,0.0,,1.0,25.14,1.0,1.0,2.75,0.0,1,2025-11-01 08:32:20.102174
2,2025-01-13 17:15:43,2025-01-13 17:21:07,N,1.0,97,25,1.0,0.84,7.2,2.5,0.5,1.0,0.0,,1.0,12.2,1.0,1.0,0.0,0.0,1,2025-11-01 08:32:20.102174
2,2025-01-13 17:51:38,2025-01-13 18:17:38,N,1.0,97,225,1.0,4.1,25.4,2.5,0.5,5.88,0.0,,1.0,35.28,1.0,1.0,0.0,0.0,1,2025-11-01 08:32:20.102174
2,2025-01-13 17:29:05,2025-01-13 17:34:55,N,1.0,75,236,1.0,0.97,7.9,2.5,0.5,0.0,0.0,,1.0,14.65,2.0,1.0,2.75,0.0,1,2025-11-01 08:32:20.102174
2,2025-01-13 17:56:58,2025-01-13 18:05:19,N,1.0,75,263,1.0,1.49,10.0,2.5,0.5,3.35,0.0,,1.0,20.1,1.0,1.0,2.75,0.0,1,2025-11-01 08:32:20.102174
2,2025-01-13 17:05:38,2025-01-13 17:25:34,N,1.0,74,263,2.0,2.22,18.4,2.5,0.5,5.03,0.0,,1.0,30.18,1.0,1.0,2.75,0.0,1,2025-11-01 08:32:20.102174
2,2025-01-13 17:59:15,2025-01-13 18:17:25,N,1.0,166,246,1.0,5.41,26.8,2.5,0.5,8.39,0.0,,1.0,41.94,1.0,1.0,2.75,0.0,1,2025-11-01 08:32:20.102174
2,2025-01-13 17:08:57,2025-01-13 17:18:54,N,1.0,97,97,1.0,0.94,9.3,2.5,0.5,2.66,0.0,,1.0,15.96,1.0,1.0,0.0,0.0,1,2025-11-01 08:32:20.102174
2,2025-01-13 17:48:13,2025-01-13 18:13:10,N,1.0,42,235,1.0,3.79,23.3,2.5,0.5,0.0,0.0,,1.0,27.3,2.0,1.0,0.0,0.0,1,2025-11-01 08:32:20.102174
1,2025-01-13 17:10:05,2025-01-13 17:26:34,N,1.0,74,237,1.0,3.1,17.7,5.25,1.5,7.3,0.0,,1.0,31.75,1.0,1.0,2.75,0.0,1,2025-11-01 08:32:20.102174
1,2025-01-13 17:18:30,2025-01-13 17:57:08,N,1.0,49,56,1.0,0.0,35.5,0.0,1.5,0.0,0.0,,1.0,37.0,1.0,1.0,0.0,0.0,1,2025-11-01 08:32:20.102174
2,2025-01-13 17:18:28,2025-01-13 17:25:28,N,1.0,75,236,1.0,0.91,7.9,2.5,0.5,2.93,0.0,,1.0,17.58,1.0,1.0,2.75,0.0,1,2025-11-01 08:32:20.102174
2,2025-01-13 17:37:53,2025-01-13 17:49:33,N,1.0,75,42,1.0,1.78,12.1,2.5,0.5,3.22,0.0,,1.0,19.32,1.0,1.0,0.0,0.0,1,2025-11-01 08:32:20.102174
2,2025-01-13 17:02:50,2025-01-13 17:16:35,N,1.0,166,74,1.0,1.34,12.8,2.5,0.5,4.2,0.0,,1.0,21.0,1.0,1.0,0.0,0.0,1,2025-11-01 08:32:20.102174
2,2025-01-13 17:48:43,2025-01-13 17:57:48,N,1.0,166,238,1.0,1.64,11.4,2.5,0.5,3.27,0.0,,1.0,21.42,1.0,1.0,2.75,0.0,1,2025-11-01 08:32:20.102174
2,2025-01-13 17:31:49,2025-01-13 17:45:48,N,1.0,74,151,2.0,2.18,14.9,2.5,0.5,1.89,0.0,,1.0,20.79,1.0,1.0,0.0,0.0,1,2025-11-01 08:32:20.102174
2,2025-01-13 17:28:38,2025-01-13 17:36:05,N,1.0,75,236,1.0,1.2,9.3,2.5,0.5,3.21,0.0,,1.0,19.26,1.0,1.0,2.75,0.0,1,2025-11-01 08:32:20.102174
2,2025-01-13 15:51:53,2025-01-13 16:03:11,N,1.0,74,236,1.0,2.17,13.5,2.5,0.5,3.64,0.0,,1.0,23.89,1.0,1.0,2.75,0.0,1,2025-11-01 08:32:20.102174
2,2025-01-13 17:35:05,2025-01-13 17:52:23,N,1.0,75,141,1.0,2.38,17.7,2.5,0.5,4.89,0.0,,1.0,29.34,1.0,1.0,2.75,0.0,1,2025-11-01 08:32:20.102174
2,2025-01-13 17:09:37,2025-01-13 17:26:51,N,1.0,166,236,5.0,2.73,18.4,2.5,0.5,5.03,0.0,,1.0,30.18,1.0,1.0,2.75,0.0,1,2025-11-01 08:32:20.102174
1,2025-01-13 17:30:23,2025-01-13 17:42:55,N,1.0,74,116,1.0,2.0,13.5,2.5,1.5,4.35,0.0,,1.0,21.85,1.0,1.0,0.0,0.0,1,2025-11-01 08:32:20.102174
2,2025-01-13 17:15:49,2025-01-13 17:37:58,N,1.0,75,48,1.0,3.43,21.9,2.5,0.5,2.0,0.0,,1.0,31.4,1.0,1.0,2.75,0.75,1,2025-11-01 08:32:20.102174
2,2025-01-13 17:56:01,2025-01-13 18:07:17,N,1.0,75,166,1.0,2.08,13.5,2.5,0.5,3.5,0.0,,1.0,21.0,1.0,1.0,0.0,0.0,1,2025-11-01 08:32:20.102174
2,2025-01-13 17:36:44,2025-01-13 17:51:39,N,1.0,82,160,1.0,1.85,14.9,2.5,0.5,4.72,0.0,,1.0,23.62,1.0,1.0,0.0,0.0,1,2025-11-01 08:32:20.102174
2,2025-01-13 17:28:14,2025-01-13 17:40:08,N,1.0,43,262,1.0,1.52,12.1,2.5,0.5,2.83,0.0,,1.0,21.68,1.0,1.0,2.75,0.0,1,2025-11-01 08:32:20.102174
2,2025-01-13 17:22:22,2025-01-13 17:39:53,N,1.0,74,263,1.0,1.97,16.3,2.5,0.5,3.08,0.0,,1.0,26.13,1.0,1.0,2.75,0.0,1,2025-11-01 08:32:20.102174
2,2025-01-13 17:17:12,2025-01-13 17:26:54,N,1.0,97,49,1.0,1.74,11.4,2.5,0.5,0.0,0.0,,1.0,15.4,1.0,1.0,0.0,0.0,1,2025-11-01 08:32:20.102174
2,2025-01-13 17:05:01,2025-01-13 17:08:41,N,1.0,75,236,1.0,0.48,5.8,2.5,0.5,1.88,0.0,,1.0,14.43,1.0,1.0,2.75,0.0,1,2025-11-01 08:32:20.102174
2,2025-01-13 17:18:28,2025-01-13 17:48:41,N,1.0,43,107,1.0,5.58,29.6,2.5,0.5,2.0,0.0,,1.0,39.1,1.0,1.0,2.75,0.75,1,2025-11-01 08:32:20.102174
2,2025-01-13 16:53:16,2025-01-13 17:13:42,N,1.0,129,95,1.0,0.0,17.0,2.5,0.5,0.0,0.0,,1.0,21.0,2.0,1.0,0.0,0.0,1,2025-11-01 08:32:20.102174
2,2025-01-13 17:52:28,2025-01-13 18:06:57,N,1.0,134,216,1.0,2.41,14.9,2.5,0.5,1.89,0.0,,1.0,20.79,1.0,1.0,0.0,0.0,1,2025-11-01 08:32:20.102174
2,2025-01-13 17:08:25,2025-01-13 17:21:07,N,1.0,43,74,1.0,1.65,12.8,2.5,0.5,3.36,0.0,,1.0,20.16,1.0,1.0,0.0,0.0,1,2025-11-01 08:32:20.102174
2,2025-01-13 17:42:41,2025-01-13 17:56:35,N,1.0,43,262,1.0,1.54,12.8,2.5,0.5,1.0,0.0,,1.0,20.55,1.0,1.0,2.75,0.0,1,2025-11-01 08:32:20.102174
1,2025-01-13 17:02:42,2025-01-13 17:08:28,N,1.0,75,236,2.0,0.6,5.8,5.25,1.5,3.75,0.0,,1.0,16.3,1.0,1.0,2.75,0.0,1,2025-11-01 08:32:20.102174
1,2025-01-13 17:16:53,2025-01-13 17:27:07,N,1.0,75,236,1.0,1.5,10.0,5.25,1.5,3.35,0.0,,1.0,20.1,1.0,1.0,2.75,0.0,1,2025-11-01 08:32:20.102174
1,2025-01-13 17:49:23,2025-01-13 17:54:20,N,1.0,75,151,1.0,0.9,6.5,2.5,1.5,2.6,0.0,,1.0,13.1,1.0,1.0,0.0,0.0,1,2025-11-01 08:32:20.102174
2,2025-01-13 17:27:08,2025-01-13 17:46:51,N,1.0,95,138,1.0,4.95,26.1,7.5,0.5,7.02,0.0,,1.0,42.12,1.0,1.0,0.0,0.0,1,2025-11-01 08:32:20.102174
2,2025-01-13 17:52:07,2025-01-13 18:08:15,N,1.0,134,216,1.0,3.48,19.1,2.5,0.5,3.0,0.0,,1.0,26.1,1.0,1.0,0.0,0.0,1,2025-11-01 08:32:20.102174
2,2025-01-13 17:15:24,2025-01-13 17:23:25,N,1.0,75,236,1.0,1.0,9.3,2.5,0.5,0.0,0.0,,1.0,16.05,2.0,1.0,2.75,0.0,1,2025-11-01 08:32:20.102174
2,2025-01-13 17:28:58,2025-01-13 17:41:23,N,1.0,75,166,1.0,2.06,13.5,2.5,0.5,3.5,0.0,,1.0,21.0,1.0,1.0,0.0,0.0,1,2025-11-01 08:32:20.102174
1,2025-01-13 17:49:09,2025-01-13 17:53:39,N,1.0,75,74,1.0,1.4,7.9,2.5,1.5,2.0,0.0,,1.0,13.9,1.0,1.0,0.0,0.0,1,2025-11-01 08:32:20.102174
2,2025-01-13 17:10:58,2025-01-13 17:33:55,N,1.0,244,142,1.0,5.9,30.3,2.5,0.5,3.7,0.0,,1.0,40.75,1.0,1.0,2.75,0.0,1,2025-11-01 08:32:20.102174
2,2025-01-13 17:00:54,2025-01-13 17:15:47,N,1.0,92,16,1.0,3.08,17.0,2.5,0.5,0.0,0.0,,1.0,21.0,2.0,1.0,0.0,0.0,1,2025-11-01 08:32:20.102174
2,2025-01-13 17:47:22,2025-01-13 18:00:10,N,1.0,223,7,1.0,1.79,12.8,2.5,0.5,3.36,0.0,,1.0,20.16,1.0,1.0,0.0,0.0,1,2025-11-01 08:32:20.102174
1,2025-01-13 17:57:32,2025-01-13 18:11:29,N,1.0,52,65,1.0,1.3,12.8,2.5,1.5,5.0,0.0,,1.0,21.8,1.0,1.0,0.0,0.0,1,2025-11-01 08:32:20.102174
2,2025-01-13 17:15:25,2025-01-13 17:28:44,N,1.0,75,42,1.0,2.32,14.2,2.5,0.5,4.55,0.0,,1.0,22.75,1.0,1.0,0.0,0.0,1,2025-11-01 08:32:20.102174
2,2025-01-13 17:58:20,2025-01-13 18:06:26,N,1.0,75,166,1.0,1.64,10.7,2.5,0.5,3.68,0.0,,1.0,18.38,1.0,1.0,0.0,0.0,1,2025-11-01 08:32:20.102174
2,2025-01-13 17:04:30,2025-01-13 17:23:17,N,1.0,75,69,1.0,3.06,18.4,2.5,0.5,0.0,0.0,,1.0,22.4,2.0,1.0,0.0,0.0,1,2025-11-01 08:32:20.102174
2,2025-01-13 17:33:58,2025-01-13 17:46:27,N,1.0,95,134,1.0,1.57,12.8,2.5,0.5,0.0,0.0,,1.0,16.8,2.0,1.0,0.0,0.0,1,2025-11-01 08:32:20.102174
2,2025-01-13 17:06:49,2025-01-13 17:18:15,N,1.0,95,95,1.0,2.09,12.1,2.5,0.5,0.0,0.0,,1.0,16.1,2.0,1.0,0.0,0.0,1,2025-11-01 08:32:20.102174
2,2025-01-13 17:41:19,2025-01-13 17:58:26,N,1.0,95,56,1.0,3.54,19.1,2.5,0.5,0.0,0.0,,1.0,23.1,2.0,1.0,0.0,0.0,1,2025-11-01 08:32:20.102174
2,2025-01-13 17:21:24,2025-01-13 18:36:34,N,1.0,75,29,1.0,22.62,94.0,2.5,0.5,0.0,6.94,,1.0,108.44,2.0,1.0,2.75,0.75,1,2025-11-01 08:32:20.102174
1,2025-01-13 17:15:55,2025-01-13 17:21:30,N,1.0,41,42,1.0,0.9,7.2,2.5,1.5,0.0,0.0,,1.0,11.2,2.0,1.0,0.0,0.0,1,2025-11-01 08:32:20.102174
2,2025-01-13 17:53:31,2025-01-13 18:02:07,N,1.0,55,21,1.0,1.69,10.7,2.5,0.5,2.94,0.0,,1.0,17.64,1.0,1.0,0.0,0.0,1,2025-11-01 08:32:20.102174
2,2025-01-13 17:39:19,2025-01-13 17:49:22,N,1.0,75,263,1.0,1.51,10.7,2.5,0.5,2.62,0.0,,1.0,20.07,1.0,1.0,2.75,0.0,1,2025-11-01 08:32:20.102174
2,2025-01-13 17:12:16,2025-01-13 17:28:49,N,1.0,74,236,1.0,2.07,16.3,2.5,0.5,4.61,0.0,,1.0,27.66,1.0,1.0,2.75,0.0,1,2025-11-01 08:32:20.102174
2,2025-01-13 17:38:40,2025-01-13 18:01:52,N,1.0,75,164,1.0,3.55,23.3,2.5,0.5,2.0,0.0,,1.0,32.8,1.0,1.0,2.75,0.75,1,2025-11-01 08:32:20.102174
2,2025-01-13 17:47:23,2025-01-13 17:58:56,N,1.0,130,215,1.0,1.87,12.8,2.5,0.5,4.2,0.0,,1.0,21.0,1.0,1.0,0.0,0.0,1,2025-11-01 08:32:20.102174
2,2025-01-13 17:02:57,2025-01-13 17:37:25,N,1.0,75,113,1.0,4.94,32.4,2.5,0.5,7.98,0.0,,1.0,47.88,1.0,1.0,2.75,0.75,1,2025-11-01 08:32:20.102174
1,2025-01-13 17:57:00,2025-01-13 18:01:35,N,1.0,75,74,1.0,1.4,7.9,2.5,1.5,0.0,0.0,,1.0,11.9,2.0,1.0,0.0,0.0,1,2025-11-01 08:32:20.102174
2,2025-01-13 17:20:45,2025-01-13 17:52:05,N,1.0,43,249,1.0,7.38,37.3,2.5,0.5,13.44,0.0,,1.0,58.24,1.0,1.0,2.75,0.75,1,2025-11-01 08:32:20.102174
2,2025-01-13 17:38:42,2025-01-13 17:44:00,N,1.0,75,74,1.0,1.28,7.9,2.5,0.5,2.38,0.0,,1.0,14.28,1.0,1.0,0.0,0.0,1,2025-11-01 08:32:20.102174
2,2025-01-13 17:21:38,2025-01-13 17:45:16,N,1.0,74,244,1.0,3.59,22.6,2.5,0.5,6.65,0.0,,1.0,33.25,1.0,1.0,0.0,0.0,1,2025-11-01 08:32:20.102174
2,2025-01-13 17:57:37,2025-01-13 18:03:54,N,1.0,74,74,1.0,0.87,7.9,2.5,0.5,2.38,0.0,,1.0,14.28,1.0,1.0,0.0,0.0,1,2025-11-01 08:32:20.102174
2,2025-01-13 17:40:21,2025-01-13 17:50:00,N,1.0,66,25,2.0,1.58,10.7,2.5,0.5,0.0,0.0,,1.0,14.7,2.0,1.0,0.0,0.0,1,2025-11-01 08:32:20.102174
2,2025-01-13 17:55:13,2025-01-13 18:00:16,N,1.0,129,260,1.0,1.04,7.2,2.5,0.5,0.0,0.0,,1.0,11.2,1.0,1.0,0.0,0.0,1,2025-11-01 08:32:20.102174
1,2025-01-13 17:02:13,2025-01-13 17:18:13,N,1.0,166,200,1.0,6.7,28.9,2.5,1.5,0.0,3.18,,1.0,36.08,1.0,1.0,0.0,0.0,1,2025-11-01 08:32:20.102174
1,2025-01-13 17:54:49,2025-01-13 18:02:28,N,1.0,74,75,1.0,1.4,10.0,2.5,1.5,0.0,0.0,,1.0,14.0,1.0,1.0,0.0,0.0,1,2025-11-01 08:32:20.102174
2,2025-01-13 17:57:19,2025-01-13 18:08:19,N,1.0,82,82,1.0,0.99,10.7,2.5,0.5,0.0,0.0,,1.0,14.7,2.0,1.0,0.0,0.0,1,2025-11-01 08:32:20.102174
2,2025-01-13 17:12:33,2025-01-13 17:24:58,N,1.0,95,95,1.0,1.24,12.1,2.5,0.5,0.0,0.0,,1.0,16.1,2.0,1.0,0.0,0.0,1,2025-11-01 08:32:20.102174
2,2025-01-13 17:44:49,2025-01-13 17:54:03,N,1.0,95,28,1.0,1.69,10.7,2.5,0.5,1.5,0.0,,1.0,16.2,1.0,1.0,0.0,0.0,1,2025-11-01 08:32:20.102174
1,2025-01-13 17:46:03,2025-01-13 18:01:24,N,1.0,166,143,0.0,2.6,15.6,5.25,1.5,0.0,0.0,,1.0,22.35,2.0,1.0,2.75,0.0,1,2025-11-01 08:32:20.102174
2,2025-01-13 17:00:27,2025-01-13 17:18:53,N,1.0,75,161,1.0,2.5,17.7,2.5,0.5,0.0,0.0,,1.0,25.2,2.0,1.0,2.75,0.75,1,2025-11-01 08:32:20.102174
2,2025-01-13 17:45:03,2025-01-13 17:57:21,N,1.0,75,140,1.0,2.62,14.2,2.5,0.5,0.0,0.0,,1.0,20.95,2.0,1.0,2.75,0.0,1,2025-11-01 08:32:20.102174
2,2025-01-13 17:08:13,2025-01-13 17:12:36,N,1.0,41,42,1.0,0.59,6.5,2.5,0.5,0.0,0.0,,1.0,10.5,2.0,1.0,0.0,0.0,1,2025-11-01 08:32:20.102174
2,2025-01-13 17:47:01,2025-01-13 18:03:04,N,1.0,75,116,1.0,2.89,17.0,2.5,0.5,3.0,0.0,,1.0,24.0,1.0,1.0,0.0,0.0,1,2025-11-01 08:32:20.102174
2,2025-01-13 17:21:21,2025-01-13 17:31:02,N,1.0,43,238,1.0,1.56,11.4,2.5,0.5,3.63,0.0,,1.0,21.78,1.0,1.0,2.75,0.0,1,2025-11-01 08:32:20.102174
2,2025-01-13 17:51:34,2025-01-13 18:00:18,N,1.0,95,95,1.0,0.84,9.3,2.5,0.5,0.0,0.0,,1.0,13.3,2.0,1.0,0.0,0.0,1,2025-11-01 08:32:20.102174
2,2025-01-13 17:32:34,2025-01-13 17:47:55,N,1.0,74,263,1.0,2.33,16.3,2.5,0.5,5.76,0.0,,1.0,28.81,1.0,1.0,2.75,0.0,1,2025-11-01 08:32:20.102174
1,2025-01-13 17:09:41,2025-01-13 17:18:47,N,1.0,82,56,1.0,0.9,7.9,2.5,1.5,0.0,0.0,,1.0,11.9,2.0,1.0,0.0,0.0,1,2025-11-01 08:32:20.102174
1,2025-01-13 17:45:24,2025-01-13 18:02:26,N,1.0,82,173,1.0,1.8,12.8,2.5,1.5,0.0,0.0,,1.0,16.8,2.0,1.0,0.0,0.0,1,2025-11-01 08:32:20.102174
2,2025-01-13 17:11:23,2025-01-13 17:21:09,N,1.0,97,181,1.0,1.4,10.7,2.5,0.5,2.94,0.0,,1.0,17.64,1.0,1.0,0.0,0.0,1,2025-11-01 08:32:20.102174
2,2025-01-13 17:28:28,2025-01-13 17:32:13,N,1.0,181,181,1.0,0.51,5.8,2.5,0.5,1.96,0.0,,1.0,11.76,1.0,1.0,0.0,0.0,1,2025-11-01 08:32:20.102174
2,2025-01-13 17:34:19,2025-01-13 17:48:33,N,1.0,181,89,1.0,2.03,14.9,2.5,0.5,4.72,0.0,,1.0,23.62,1.0,1.0,0.0,0.0,1,2025-11-01 08:32:20.102174
2,2025-01-13 17:55:48,2025-01-13 17:59:30,N,1.0,74,42,2.0,0.66,5.8,2.5,0.5,1.96,0.0,,1.0,11.76,1.0,1.0,0.0,0.0,1,2025-11-01 08:32:20.102174
2,2025-01-13 17:27:40,2025-01-13 17:41:26,N,1.0,75,143,1.0,2.9,15.6,2.5,0.5,4.47,0.0,,1.0,26.82,1.0,1.0,2.75,0.0,1,2025-11-01 08:32:20.102174
2,2025-01-13 17:22:42,2025-01-13 17:34:37,N,1.0,74,166,1.0,1.69,12.8,2.5,0.5,5.0,0.0,,1.0,21.8,1.0,1.0,0.0,0.0,1,2025-11-01 08:32:20.102174
2,2025-01-13 17:37:08,2025-01-13 17:43:51,N,1.0,75,74,5.0,1.34,9.3,2.5,0.5,0.0,0.0,,1.0,13.3,2.0,1.0,0.0,0.0,1,2025-11-01 08:32:20.102174
2,2025-01-13 17:36:31,2025-01-13 17:44:08,N,1.0,7,223,1.0,0.74,8.6,2.5,0.5,0.0,0.0,,1.0,12.6,2.0,1.0,0.0,0.0,1,2025-11-01 08:32:20.102174
1,2025-01-13 17:54:28,2025-01-13 17:57:41,N,1.0,75,74,1.0,0.9,6.5,2.5,1.5,0.0,0.0,,1.0,10.5,1.0,1.0,0.0,0.0,1,2025-11-01 08:32:20.102174
2,2025-01-13 17:49:05,2025-01-13 18:03:28,N,1.0,74,263,1.0,2.33,15.6,2.5,0.5,4.47,0.0,,1.0,26.82,1.0,1.0,2.75,0.0,1,2025-11-01 08:32:20.102174
2,2025-01-13 17:10:03,2025-01-13 17:24:20,N,1.0,97,17,1.0,2.03,14.2,2.5,0.5,5.46,0.0,,1.0,23.66,1.0,1.0,0.0,0.0,1,2025-11-01 08:32:20.102174
2,2025-01-13 17:13:45,2025-01-13 17:24:33,N,1.0,75,236,1.0,1.13,11.4,2.5,0.5,0.0,0.0,,1.0,18.15,2.0,1.0,2.75,0.0,1,2025-11-01 08:32:20.102174
2,2025-01-13 17:27:20,2025-01-13 17:33:40,N,1.0,75,238,1.0,1.0,7.9,2.5,0.5,2.38,0.0,,1.0,14.28,1.0,1.0,0.0,0.0,1,2025-11-01 08:32:20.102174
2,2025-01-13 17:01:15,2025-01-13 17:19:09,N,1.0,75,141,2.0,2.13,17.7,2.5,0.5,4.89,0.0,,1.0,29.34,1.0,1.0,2.75,0.0,1,2025-11-01 08:32:20.102174
2,2025-01-13 09:07:05,2025-01-13 09:20:48,N,1.0,74,236,1.0,1.88,14.2,2.5,0.5,4.19,0.0,,1.0,25.14,1.0,1.0,2.75,0.0,1,2025-11-01 08:32:20.102174
2,2025-01-13 09:41:07,2025-01-13 09:51:06,N,1.0,74,236,1.0,1.72,12.1,2.5,0.5,3.77,0.0,,1.0,22.62,1.0,1.0,2.75,0.0,1,2025-11-01 08:32:20.102174
2,2025-01-13 16:58:55,2025-01-13 17:06:20,N,1.0,75,74,1.0,1.35,9.3,2.5,0.5,1.0,0.0,,1.0,14.3,1.0,1.0,0.0,0.0,1,2025-11-01 08:32:20.102174
2,2025-01-13 17:29:29,2025-01-13 17:36:02,N,1.0,74,41,1.0,0.87,7.9,2.5,0.5,0.0,0.0,,1.0,11.9,2.0,1.0,0.0,0.0,1,2025-11-01 08:32:20.102174
2,2025-01-13 17:15:42,2025-01-13 17:43:49,N,1.0,130,124,1.0,6.26,29.6,2.5,0.5,0.0,0.0,,1.0,33.6,2.0,1.0,0.0,0.0,1,2025-11-01 08:32:20.102174
2,2025-01-13 16:58:01,2025-01-13 17:08:26,N,1.0,236,236,2.0,1.13,11.4,2.5,0.5,3.63,0.0,,1.0,21.78,1.0,1.0,2.75,0.0,1,2025-11-01 08:32:20.102174
2,2025-01-13 17:35:42,2025-01-13 17:38:34,N,1.0,43,238,1.0,0.73,5.8,2.5,0.5,1.88,0.0,,1.0,14.43,1.0,1.0,2.75,0.0,1,2025-11-01 08:32:20.102174
2,2025-01-13 17:54:44,2025-01-13 18:03:36,N,1.0,75,262,1.0,1.12,10.0,2.5,0.5,0.0,0.0,,1.0,16.75,2.0,1.0,2.75,0.0,1,2025-11-01 08:32:20.102174
2,2025-01-13 17:25:47,2025-01-13 17:28:00,N,5.0,25,25,1.0,0.22,10.0,0.0,0.0,0.0,0.0,,1.0,11.0,1.0,2.0,0.0,0.0,1,2025-11-01 08:32:20.102174
2,2025-01-13 17:28:52,2025-01-13 17:49:44,N,1.0,83,7,1.0,3.08,21.2,2.5,0.5,0.0,0.0,,1.0,25.2,2.0,1.0,0.0,0.0,1,2025-11-01 08:32:20.102174
2,2025-01-13 17:21:01,2025-01-13 17:45:56,N,1.0,74,239,1.0,3.07,22.6,2.5,0.5,2.94,0.0,,1.0,32.29,1.0,1.0,2.75,0.0,1,2025-11-01 08:32:20.102174
2,2025-01-13 17:23:06,2025-01-13 17:30:00,N,1.0,75,74,1.0,1.4,9.3,2.5,0.5,3.0,0.0,,1.0,16.3,1.0,1.0,0.0,0.0,1,2025-11-01 08:32:20.102174
2,2025-01-13 17:34:11,2025-01-13 17:46:25,N,1.0,74,236,1.0,2.16,14.2,2.5,0.5,5.24,0.0,,1.0,26.19,1.0,1.0,2.75,0.0,1,2025-11-01 08:32:20.102174
2,2025-01-13 17:35:38,2025-01-13 17:52:47,N,1.0,74,151,1.0,2.1,16.3,2.5,0.5,0.0,0.0,,1.0,20.3,2.0,1.0,0.0,0.0,1,2025-11-01 08:32:20.102174
2,2025-01-13 17:28:24,2025-01-13 17:44:44,N,1.0,82,138,1.0,3.87,21.2,7.5,0.5,6.04,0.0,,1.0,36.24,1.0,1.0,0.0,0.0,1,2025-11-01 08:32:20.102174
2,2025-01-13 17:20:39,2025-01-13 17:32:07,N,1.0,75,236,1.0,1.17,11.4,2.5,0.5,0.0,0.0,,1.0,18.15,1.0,1.0,2.75,0.0,1,2025-11-01 08:32:20.102174
2,2025-01-13 17:40:08,2025-01-13 17:46:24,N,1.0,75,74,1.0,1.38,8.6,2.5,0.5,2.52,0.0,,1.0,15.12,1.0,1.0,0.0,0.0,1,2025-11-01 08:32:20.102174
2,2025-01-13 17:06:04,2025-01-13 17:16:01,N,1.0,75,151,1.0,1.72,11.4,2.5,0.5,3.85,0.0,,1.0,19.25,1.0,1.0,0.0,0.0,1,2025-11-01 08:32:20.102174
2,2025-01-13 17:41:24,2025-01-13 17:59:24,N,1.0,75,48,1.0,3.51,19.8,2.5,0.5,2.0,0.0,,1.0,29.3,1.0,1.0,2.75,0.75,1,2025-11-01 08:32:20.102174
2,2025-01-13 17:42:22,2025-01-13 17:54:22,N,1.0,41,75,1.0,1.26,12.1,2.5,0.5,0.0,0.0,,1.0,16.1,1.0,1.0,0.0,0.0,1,2025-11-01 08:32:20.102174
2,2025-01-13 17:00:12,2025-01-13 17:10:58,N,1.0,130,10,1.0,2.34,12.1,2.5,0.5,0.0,0.0,,1.0,16.1,2.0,1.0,0.0,0.0,1,2025-11-01 08:32:20.102174
2,2025-01-13 17:49:05,2025-01-13 17:54:29,N,1.0,43,238,1.0,1.06,7.9,2.5,0.5,2.38,0.0,,1.0,14.28,1.0,1.0,0.0,0.0,1,2025-11-01 08:32:20.102174
2,2025-01-13 17:16:40,2025-01-13 17:21:47,N,1.0,95,95,1.0,0.58,6.5,2.5,0.5,2.62,0.0,,1.0,13.12,1.0,1.0,0.0,0.0,1,2025-11-01 08:32:20.102174
2,2025-01-13 17:10:27,2025-01-13 17:35:39,N,1.0,244,142,1.0,5.95,31.7,2.5,0.5,7.69,0.0,,1.0,46.14,1.0,1.0,2.75,0.0,1,2025-11-01 08:32:20.102174
2,2025-01-13 17:10:52,2025-01-13 17:18:52,N,1.0,75,239,1.0,1.81,10.7,2.5,0.5,0.0,0.0,,1.0,17.45,2.0,1.0,2.75,0.0,1,2025-11-01 08:32:20.102174
2,2025-01-13 17:43:30,2025-01-13 18:05:30,N,1.0,43,246,1.0,5.75,28.2,2.5,0.5,4.0,0.0,,1.0,38.95,1.0,1.0,2.75,0.0,1,2025-11-01 08:32:20.102174
1,2025-01-13 17:06:44,2025-01-13 17:47:42,N,1.0,75,243,1.0,0.0,31.7,2.5,1.5,7.1,0.0,,1.0,42.8,1.0,1.0,0.0,0.0,1,2025-11-01 08:32:20.102174
2,2025-01-13 17:33:12,2025-01-13 17:42:21,N,1.0,74,75,1.0,1.29,10.7,2.5,0.5,3.68,0.0,,1.0,18.38,1.0,1.0,0.0,0.0,1,2025-11-01 08:32:20.102174
2,2025-01-13 17:54:54,2025-01-13 18:03:12,N,1.0,95,95,1.0,0.98,9.3,2.5,0.5,2.66,0.0,,1.0,15.96,1.0,1.0,0.0,0.0,1,2025-11-01 08:32:20.102174
2,2025-01-13 17:34:34,2025-01-13 17:49:51,N,1.0,74,236,1.0,2.19,15.6,2.5,0.5,0.0,0.0,,1.0,22.35,2.0,1.0,2.75,0.0,1,2025-11-01 08:32:20.102174
2,2025-01-13 17:31:44,2025-01-13 17:43:22,N,1.0,95,134,1.0,1.5,12.1,2.5,0.5,0.0,0.0,,1.0,16.1,2.0,1.0,0.0,0.0,1,2025-11-01 08:32:20.102174
2,2025-01-13 17:28:03,2025-01-13 17:33:07,N,1.0,43,43,1.0,0.68,7.2,2.5,0.5,1.68,0.0,,1.0,12.88,1.0,1.0,0.0,0.0,1,2025-11-01 08:32:20.102174
2,2025-01-13 17:13:47,2025-01-13 17:18:10,N,1.0,43,238,1.0,1.12,7.2,2.5,0.5,2.24,0.0,,1.0,13.44,1.0,1.0,0.0,0.0,1,2025-11-01 08:32:20.102174
2,2025-01-13 17:35:32,2025-01-13 17:40:36,N,1.0,43,151,1.0,0.99,7.2,2.5,0.5,2.24,0.0,,1.0,13.44,1.0,1.0,0.0,0.0,1,2025-11-01 08:32:20.102174
2,2025-01-13 18:06:31,2025-01-13 18:15:23,N,1.0,74,236,1.0,1.67,11.4,2.5,0.5,5.24,0.0,,0.3,22.69,1.0,1.0,2.75,0.0,1,2025-11-01 08:32:20.102174
2,2025-01-13 18:12:23,2025-01-13 18:19:18,N,1.0,75,238,1.0,1.0,8.6,2.5,0.5,10.0,0.0,,1.0,22.6,1.0,1.0,0.0,0.0,1,2025-11-01 08:32:20.102174
2,2025-01-13 18:30:35,2025-01-13 18:49:59,N,1.0,75,233,1.0,3.87,21.9,2.5,0.5,5.88,0.0,,1.0,35.28,1.0,1.0,2.75,0.75,1,2025-11-01 08:32:20.102174
2,2025-01-13 18:56:34,2025-01-13 19:08:39,N,1.0,65,33,2.0,1.31,12.1,2.5,0.5,0.0,0.0,,1.0,16.1,2.0,1.0,0.0,0.0,1,2025-11-01 08:32:20.102174
1,2025-01-13 18:43:24,2025-01-13 18:57:35,N,1.0,97,257,3.0,2.8,16.3,2.5,1.5,4.05,0.0,,1.0,24.35,1.0,1.0,0.0,0.0,1,2025-11-01 08:32:20.102174
2,2025-01-13 18:27:09,2025-01-13 18:33:27,N,1.0,75,24,1.0,1.45,9.3,2.5,0.5,0.0,0.0,,1.0,13.3,2.0,1.0,0.0,0.0,1,2025-11-01 08:32:20.102174
2,2025-01-13 17:59:05,2025-01-13 18:04:24,N,1.0,223,223,1.0,0.82,7.2,2.5,0.5,2.24,0.0,,1.0,13.44,1.0,1.0,0.0,0.0,1,2025-11-01 08:32:20.102174
2,2025-01-13 18:01:37,2025-01-13 18:08:17,N,1.0,75,238,1.0,1.4,9.3,2.5,0.5,0.0,0.0,,1.0,16.05,2.0,1.0,2.75,0.0,1,2025-11-01 08:32:20.102174
2,2025-01-13 18:21:12,2025-01-13 18:37:29,N,1.0,75,237,1.0,3.0,18.4,2.5,0.5,2.0,0.0,,1.0,27.15,1.0,1.0,2.75,0.0,1,2025-11-01 08:32:20.102174
2,2025-01-13 18:57:07,2025-01-13 19:00:43,N,1.0,65,25,1.0,0.5,5.8,2.5,0.5,0.0,0.0,,1.0,9.8,2.0,1.0,0.0,0.0,1,2025-11-01 08:32:20.102174
2,2025-01-13 18:20:26,2025-01-13 18:33:44,N,1.0,74,263,1.0,1.93,14.2,2.5,0.5,4.19,0.0,,1.0,25.14,1.0,1.0,2.75,0.0,1,2025-11-01 08:32:20.102174
2,2025-01-13 18:30:54,2025-01-13 18:39:56,N,1.0,74,236,2.0,1.72,10.7,2.5,0.5,2.62,0.0,,1.0,20.07,1.0,1.0,2.75,0.0,1,2025-11-01 08:32:20.102174
2,2025-01-13 18:02:22,2025-01-13 18:21:03,N,1.0,75,229,1.0,2.91,19.1,2.5,0.5,5.32,0.0,,1.0,31.92,1.0,1.0,2.75,0.75,1,2025-11-01 08:32:20.102174
2,2025-01-13 18:52:27,2025-01-13 19:06:37,N,1.0,43,262,1.0,1.97,14.9,2.5,0.5,2.0,0.0,,1.0,23.65,1.0,1.0,2.75,0.0,1,2025-11-01 08:32:20.102174
2,2025-01-13 18:17:45,2025-01-13 18:21:43,N,1.0,41,42,1.0,0.93,6.5,2.5,0.5,0.0,0.0,,1.0,10.5,1.0,1.0,0.0,0.0,1,2025-11-01 08:32:20.102174
1,2025-01-13 18:17:45,2025-01-13 18:40:37,N,1.0,75,90,1.0,6.4,31.0,6.0,1.5,7.7,0.0,,1.0,46.2,1.0,1.0,2.75,0.75,1,2025-11-01 08:32:20.102174
2,2025-01-13 18:23:11,2025-01-13 18:28:59,N,1.0,75,236,1.0,0.81,7.9,2.5,0.5,2.0,0.0,,1.0,16.65,1.0,1.0,2.75,0.0,1,2025-11-01 08:32:20.102174
2,2025-01-13 18:52:03,2025-01-13 19:13:41,N,1.0,75,75,1.0,1.99,19.1,2.5,0.5,6.46,0.0,,1.0,32.31,1.0,1.0,2.75,0.0,1,2025-11-01 08:32:20.102174
2,2025-01-13 18:16:45,2025-01-13 18:24:39,N,1.0,43,239,1.0,1.57,10.0,2.5,0.5,3.35,0.0,,1.0,20.1,1.0,1.0,2.75,0.0,1,2025-11-01 08:32:20.102174
2,2025-01-13 18:45:21,2025-01-13 18:54:22,N,1.0,75,74,1.0,1.64,10.7,2.5,0.5,2.94,0.0,,1.0,17.64,1.0,1.0,0.0,0.0,1,2025-11-01 08:32:20.102174
2,2025-01-13 18:36:28,2025-01-13 18:51:27,N,1.0,97,62,2.0,2.68,17.0,2.5,0.5,5.25,0.0,,1.0,26.25,1.0,1.0,0.0,0.0,1,2025-11-01 08:32:20.102174
2,2025-01-13 18:04:17,2025-01-13 18:15:58,N,1.0,82,129,1.0,0.66,11.4,2.5,0.5,3.08,0.0,,1.0,18.48,1.0,1.0,0.0,0.0,1,2025-11-01 08:32:20.102174
2,2025-01-13 18:06:34,2025-01-13 18:24:14,N,1.0,66,61,1.0,3.4,19.8,2.5,0.5,4.76,0.0,,1.0,28.56,1.0,1.0,0.0,0.0,1,2025-11-01 08:32:20.102174
2,2025-01-13 18:27:17,2025-01-13 18:49:12,N,1.0,66,181,1.0,4.03,22.6,2.5,0.5,5.32,0.0,,1.0,31.92,1.0,1.0,0.0,0.0,1,2025-11-01 08:32:20.102174
2,2025-01-13 18:23:20,2025-01-13 18:29:31,N,1.0,43,43,1.0,0.77,6.5,2.5,0.5,0.0,0.0,,1.0,10.5,2.0,1.0,0.0,0.0,1,2025-11-01 08:32:20.102174
2,2025-01-13 18:47:44,2025-01-13 18:59:21,N,1.0,43,43,1.0,2.2,13.5,2.5,0.5,2.0,0.0,,1.0,22.25,1.0,1.0,2.75,0.0,1,2025-11-01 08:32:20.102174
2,2025-01-13 18:07:36,2025-01-13 18:17:41,N,1.0,75,238,1.0,1.3,10.7,2.5,0.5,2.0,0.0,,1.0,19.45,1.0,1.0,2.75,0.0,1,2025-11-01 08:32:20.102174
2,2025-01-13 18:35:57,2025-01-13 18:46:33,N,1.0,75,141,1.0,1.71,11.4,2.5,0.5,1.8,0.0,,1.0,19.95,1.0,1.0,2.75,0.0,1,2025-11-01 08:32:20.102174
2,2025-01-13 18:41:00,2025-01-13 18:53:48,N,1.0,130,138,1.0,6.75,28.2,7.5,0.5,5.0,0.0,,1.0,42.2,1.0,1.0,0.0,0.0,1,2025-11-01 08:32:20.102174
2,2025-01-13 18:25:53,2025-01-13 18:32:03,N,1.0,95,196,1.0,0.98,7.9,2.5,0.5,2.38,0.0,,1.0,14.28,1.0,1.0,0.0,0.0,1,2025-11-01 08:32:20.102174
2,2025-01-13 18:20:30,2025-01-13 18:26:42,N,1.0,74,75,1.0,1.12,8.6,2.5,0.5,2.52,0.0,,1.0,15.12,1.0,1.0,0.0,0.0,1,2025-11-01 08:32:20.102174
2,2025-01-13 18:54:50,2025-01-13 19:02:31,N,1.0,74,263,1.0,2.22,11.4,2.5,0.5,2.72,0.0,,1.0,20.87,1.0,1.0,2.75,0.0,1,2025-11-01 08:32:20.102174
1,2025-01-13 18:11:24,2025-01-13 18:15:48,N,1.0,75,74,1.0,1.3,7.9,2.5,1.5,0.0,0.0,,1.0,11.9,1.0,1.0,0.0,0.0,1,2025-11-01 08:32:20.102174
1,2025-01-13 18:36:21,2025-01-13 18:42:21,N,1.0,75,74,1.0,1.4,8.6,2.5,1.5,1.4,0.0,,1.0,14.0,1.0,1.0,0.0,0.0,1,2025-11-01 08:32:20.102174
1,2025-01-13 18:43:30,2025-01-13 18:48:26,N,1.0,74,42,1.0,1.0,7.2,2.5,1.5,0.0,0.0,,1.0,11.2,1.0,1.0,0.0,0.0,1,2025-11-01 08:32:20.102174
2,2025-01-13 18:56:53,2025-01-13 19:26:43,N,1.0,244,145,1.0,13.81,55.5,2.5,0.5,16.61,6.94,,1.0,83.05,1.0,1.0,0.0,0.0,1,2025-11-01 08:32:20.102174
2,2025-01-13 18:52:58,2025-01-13 19:00:15,N,1.0,223,223,1.0,1.09,8.6,2.5,0.5,0.01,0.0,,1.0,12.61,1.0,1.0,0.0,0.0,1,2025-11-01 08:32:20.102174
2,2025-01-13 18:21:17,2025-01-13 18:26:25,N,1.0,75,74,1.0,1.35,7.9,2.5,0.5,2.38,0.0,,1.0,14.28,1.0,1.0,0.0,0.0,1,2025-11-01 08:32:20.102174
2,2025-01-13 18:40:40,2025-01-13 18:50:56,N,1.0,43,141,1.0,1.93,12.1,2.5,0.5,1.88,0.0,,1.0,20.73,1.0,1.0,2.75,0.0,1,2025-11-01 08:32:20.102174
1,2025-01-13 18:57:54,2025-01-13 19:20:49,Y,1.0,244,237,1.0,6.8,30.3,5.25,1.5,7.4,0.0,,1.0,44.45,1.0,1.0,2.75,0.0,1,2025-11-01 08:32:20.102174
2,2025-01-13 18:05:07,2025-01-13 18:24:49,N,1.0,95,28,1.0,1.7,15.6,2.5,0.5,0.0,0.0,,1.0,19.6,2.0,1.0,0.0,0.0,1,2025-11-01 08:32:20.102174
2,2025-01-13 18:31:35,2025-01-13 18:41:44,N,1.0,95,135,1.0,1.89,12.1,2.5,0.5,3.22,0.0,,1.0,19.32,1.0,1.0,0.0,0.0,1,2025-11-01 08:32:20.102174
2,2025-01-13 18:09:08,2025-01-13 18:35:04,N,1.0,244,161,1.0,7.98,36.6,2.5,0.5,8.82,0.0,,1.0,52.92,1.0,1.0,2.75,0.75,1,2025-11-01 08:32:20.102174
2,2025-01-13 18:06:13,2025-01-13 18:13:33,N,1.0,74,75,1.0,1.38,9.3,2.5,0.5,0.0,0.0,,1.0,13.3,2.0,1.0,0.0,0.0,1,2025-11-01 08:32:20.102174
2,2025-01-13 18:39:18,2025-01-13 18:51:46,N,1.0,74,263,1.0,1.87,13.5,2.5,0.5,4.05,0.0,,1.0,24.3,1.0,1.0,2.75,0.0,1,2025-11-01 08:32:20.102174
2,2025-01-13 18:49:19,2025-01-13 18:54:58,N,1.0,95,95,1.0,0.91,7.2,2.5,0.5,2.8,0.0,,1.0,14.0,1.0,1.0,0.0,0.0,1,2025-11-01 08:32:20.102174
2,2025-01-13 18:36:21,2025-01-13 19:08:31,N,1.0,65,227,2.0,5.31,31.0,2.5,0.5,5.0,0.0,,1.0,40.0,1.0,1.0,0.0,0.0,1,2025-11-01 08:32:20.102174
2,2025-01-13 18:21:19,2025-01-13 18:32:48,N,1.0,43,262,1.0,1.57,12.1,2.5,0.5,3.77,0.0,,1.0,22.62,1.0,1.0,2.75,0.0,1,2025-11-01 08:32:20.102174
1,2025-01-13 18:26:55,2025-01-13 18:41:01,N,1.0,41,151,1.0,2.4,14.9,2.5,1.5,0.0,0.0,,1.0,18.9,2.0,1.0,0.0,0.0,1,2025-11-01 08:32:20.102174
1,2025-01-13 18:51:30,2025-01-13 19:05:32,N,1.0,166,168,1.0,2.9,15.6,2.5,1.5,0.0,0.0,,1.0,19.6,2.0,1.0,0.0,0.0,1,2025-11-01 08:32:20.102174
2,2025-01-13 18:34:44,2025-01-13 19:05:14,N,1.0,75,186,1.0,4.53,28.2,2.5,0.5,7.14,0.0,,1.0,42.84,1.0,1.0,2.75,0.75,1,2025-11-01 08:32:20.102174
2,2025-01-13 18:48:15,2025-01-13 18:56:37,N,1.0,75,42,1.0,1.82,10.7,2.5,0.5,2.94,0.0,,1.0,17.64,1.0,1.0,0.0,0.0,1,2025-11-01 08:32:20.102174
2,2025-01-13 18:24:03,2025-01-13 18:44:33,N,1.0,236,163,1.0,3.14,20.5,2.5,0.5,2.0,0.0,,1.0,30.0,1.0,1.0,2.75,0.75,1,2025-11-01 08:32:20.102174
1,2025-01-13 18:18:30,2025-01-13 18:26:53,N,1.0,75,237,1.0,1.6,11.4,5.25,1.5,1.0,0.0,,1.0,19.15,1.0,1.0,2.75,0.0,1,2025-11-01 08:32:20.102174
2,2025-01-13 18:48:33,2025-01-13 18:52:42,N,1.0,223,223,5.0,0.74,6.5,2.5,0.5,2.1,0.0,,1.0,12.6,1.0,1.0,0.0,0.0,1,2025-11-01 08:32:20.102174
2,2025-01-13 18:32:22,2025-01-13 18:34:38,N,1.0,43,43,1.0,0.79,5.8,2.5,0.5,2.45,0.0,,1.0,12.25,1.0,1.0,0.0,0.0,1,2025-11-01 08:32:20.102174
2,2025-01-13 18:38:08,2025-01-13 18:49:09,N,1.0,75,237,1.0,1.77,12.8,2.5,0.5,2.35,0.0,,1.0,21.9,1.0,1.0,2.75,0.0,1,2025-11-01 08:32:20.102174
2,2025-01-13 18:02:11,2025-01-13 18:16:37,N,1.0,75,142,1.0,2.73,16.3,2.5,0.5,5.76,0.0,,1.0,28.81,1.0,1.0,2.75,0.0,1,2025-11-01 08:32:20.102174
2,2025-01-13 18:32:47,2025-01-13 18:43:49,N,1.0,74,236,1.0,1.91,12.8,2.5,0.5,3.91,0.0,,1.0,23.46,1.0,1.0,2.75,0.0,1,2025-11-01 08:32:20.102174
2,2025-01-13 18:05:01,2025-01-13 18:25:49,N,5.0,66,68,2.0,4.36,30.0,0.0,0.0,0.0,0.0,,1.0,34.5,2.0,2.0,2.75,0.75,1,2025-11-01 08:32:20.102174
2,2025-01-13 18:49:34,2025-01-13 18:59:30,N,1.0,75,238,1.0,1.59,11.4,2.5,0.5,4.54,0.0,,1.0,22.69,1.0,1.0,2.75,0.0,1,2025-11-01 08:32:20.102174
2,2025-01-13 18:52:44,2025-01-13 19:08:52,N,1.0,92,252,1.0,0.0,14.2,2.5,0.5,3.64,0.0,,1.0,21.84,1.0,1.0,0.0,0.0,1,2025-11-01 08:32:20.102174
1,2025-01-13 18:26:21,2025-01-13 18:33:07,N,1.0,75,74,1.0,1.6,10.0,2.5,1.5,0.0,0.0,,1.0,14.0,1.0,1.0,0.0,0.0,1,2025-11-01 08:32:20.102174
1,2025-01-13 18:40:54,2025-01-13 18:54:43,N,1.0,74,223,1.0,4.3,21.2,2.5,1.5,0.0,6.94,,1.0,32.14,1.0,1.0,0.0,0.0,1,2025-11-01 08:32:20.102174
2,2025-01-13 18:57:38,2025-01-13 19:14:57,N,1.0,82,226,1.0,4.64,23.3,2.5,0.5,0.0,0.0,,1.0,27.3,2.0,1.0,0.0,0.0,1,2025-11-01 08:32:20.102174
2,2025-01-13 18:18:12,2025-01-13 18:24:07,N,1.0,75,43,1.0,0.94,7.9,2.5,0.5,2.93,0.0,,1.0,17.58,1.0,1.0,2.75,0.0,1,2025-11-01 08:32:20.102174
2,2025-01-13 18:29:24,2025-01-13 18:57:16,N,1.0,75,3,1.0,10.02,41.5,2.5,0.5,9.1,0.0,,1.0,54.6,1.0,1.0,0.0,0.0,1,2025-11-01 08:32:20.102174
2,2025-01-13 18:10:57,2025-01-13 18:48:46,N,1.0,130,255,1.0,11.4,53.4,2.5,0.5,8.61,0.0,,1.0,66.01,1.0,1.0,0.0,0.0,1,2025-11-01 08:32:20.102174
2,2025-01-13 18:10:04,2025-01-13 18:15:27,N,1.0,75,74,1.0,1.33,8.6,2.5,0.5,1.0,0.0,,1.0,13.6,1.0,1.0,0.0,0.0,1,2025-11-01 08:32:20.102174
2,2025-01-13 18:33:18,2025-01-13 18:57:20,N,1.0,43,209,1.0,8.16,35.9,2.5,0.5,8.68,0.0,,1.0,52.08,1.0,1.0,2.75,0.75,1,2025-11-01 08:32:20.102174
2,2025-01-13 18:32:43,2025-01-13 18:37:54,N,1.0,95,95,1.0,0.72,7.2,2.5,0.5,0.0,0.0,,1.0,11.2,2.0,1.0,0.0,0.0,1,2025-11-01 08:32:20.102174
2,2025-01-13 18:33:34,2025-01-13 18:43:30,N,1.0,97,189,1.0,1.57,11.4,2.5,0.5,3.08,0.0,,1.0,18.48,1.0,1.0,0.0,0.0,1,2025-11-01 08:32:20.102174
2,2025-01-13 18:14:39,2025-01-13 18:29:57,N,1.0,97,61,1.0,2.3,15.6,2.5,0.5,4.9,0.0,,1.0,24.5,1.0,1.0,0.0,0.0,1,2025-11-01 08:32:20.102174
2,2025-01-13 18:45:50,2025-01-13 18:46:58,N,1.0,97,97,1.0,0.0,3.7,2.5,0.5,0.0,0.0,,1.0,7.7,2.0,1.0,0.0,0.0,1,2025-11-01 08:32:20.102174
2,2025-01-13 18:48:03,2025-01-13 18:58:40,N,1.0,97,189,1.0,1.72,12.1,2.5,0.5,0.0,0.0,,1.0,16.1,2.0,1.0,0.0,0.0,1,2025-11-01 08:32:20.102174
2,2025-01-13 18:57:38,2025-01-13 19:04:35,N,1.0,65,49,1.0,0.61,7.2,2.5,0.5,2.24,0.0,,1.0,13.44,1.0,1.0,0.0,0.0,1,2025-11-01 08:32:20.102174
1,2025-01-13 18:25:59,2025-01-13 18:44:33,N,1.0,82,264,1.0,4.9,22.6,2.5,1.5,5.3,0.0,,1.0,31.9,1.0,1.0,0.0,0.0,1,2025-11-01 08:32:20.102174
2,2025-01-13 18:50:11,2025-01-13 18:50:11,N,5.0,160,264,1.0,0.0,35.0,0.0,0.0,10.0,0.0,,0.0,45.0,1.0,2.0,0.0,0.0,1,2025-11-01 08:32:20.102174
2,2025-01-13 18:50:25,2025-01-13 19:01:27,N,1.0,130,197,1.0,1.8,12.8,2.5,0.5,3.36,0.0,,1.0,20.16,1.0,1.0,0.0,0.0,1,2025-11-01 08:32:20.102174
2,2025-01-13 17:55:49,2025-01-13 18:13:26,N,1.0,95,160,2.0,2.22,16.3,2.5,0.5,0.0,0.0,,1.0,20.3,2.0,1.0,0.0,0.0,1,2025-11-01 08:32:20.102174
2,2025-01-13 18:49:50,2025-01-13 19:02:53,N,1.0,74,262,1.0,2.68,15.6,2.5,0.5,2.24,0.0,,1.0,24.59,1.0,1.0,2.75,0.0,1,2025-11-01 08:32:20.102174
2,2025-01-13 18:00:51,2025-01-13 18:17:14,N,1.0,33,61,1.0,2.94,17.7,2.5,0.5,4.34,0.0,,1.0,26.04,1.0,1.0,0.0,0.0,1,2025-11-01 08:32:20.102174
2,2025-01-13 18:13:45,2025-01-13 18:20:47,N,1.0,43,236,2.0,0.89,8.6,2.5,0.5,1.65,0.0,,1.0,17.0,1.0,1.0,2.75,0.0,1,2025-11-01 08:32:20.102174
2,2025-01-13 18:27:39,2025-01-13 18:33:18,N,1.0,75,74,2.0,1.43,8.6,2.5,0.5,0.0,0.0,,1.0,12.6,2.0,1.0,0.0,0.0,1,2025-11-01 08:32:20.102174
2,2025-01-13 18:39:28,2025-01-13 18:53:22,N,1.0,74,263,2.0,2.48,15.6,2.5,0.5,4.47,0.0,,1.0,26.82,1.0,1.0,2.75,0.0,1,2025-11-01 08:32:20.102174
2,2025-01-13 18:52:23,2025-01-13 19:05:35,N,1.0,75,170,1.0,4.48,20.5,2.5,0.5,5.6,0.0,,1.0,33.6,1.0,1.0,2.75,0.75,1,2025-11-01 08:32:20.102174
2,2025-01-13 18:19:11,2025-01-13 18:26:54,N,1.0,74,75,1.0,1.53,10.0,2.5,0.5,2.8,0.0,,1.0,16.8,1.0,1.0,0.0,0.0,1,2025-11-01 08:32:20.102174
2,2025-01-13 18:32:41,2025-01-13 18:39:35,N,1.0,75,166,1.0,1.54,10.0,2.5,0.5,1.0,0.0,,1.0,15.0,1.0,1.0,0.0,0.0,1,2025-11-01 08:32:20.102174
2,2025-01-13 18:10:46,2025-01-13 18:15:41,N,1.0,75,74,5.0,1.31,7.9,2.5,0.5,2.0,0.0,,1.0,13.9,1.0,1.0,0.0,0.0,1,2025-11-01 08:32:20.102174
2,2025-01-13 18:28:52,2025-01-13 18:35:38,N,1.0,75,236,5.0,1.09,8.6,2.5,0.5,0.0,0.0,,1.0,15.35,2.0,1.0,2.75,0.0,1,2025-11-01 08:32:20.102174
2,2025-01-13 18:52:08,2025-01-13 19:25:35,N,1.0,75,52,5.0,10.24,45.0,2.5,0.5,10.35,0.0,,1.0,62.1,1.0,1.0,2.75,0.0,1,2025-11-01 08:32:20.102174
1,2025-01-13 18:27:55,2025-01-13 18:35:40,N,1.0,74,43,1.0,1.4,10.0,2.5,1.5,2.0,0.0,,1.0,16.0,1.0,1.0,0.0,0.0,1,2025-11-01 08:32:20.102174
1,2025-01-13 18:54:57,2025-01-13 19:13:44,N,1.0,74,141,1.0,3.6,21.2,5.25,1.5,5.55,0.0,,1.0,33.5,1.0,1.0,2.75,0.0,1,2025-11-01 08:32:20.102174
2,2025-01-13 18:41:28,2025-01-13 18:57:33,N,1.0,166,142,1.0,2.32,16.3,2.5,0.5,0.0,0.0,,1.0,23.05,2.0,1.0,2.75,0.0,1,2025-11-01 08:32:20.102174
2,2025-01-13 18:31:54,2025-01-13 18:45:49,N,1.0,74,239,1.0,2.98,16.3,2.5,0.5,4.61,0.0,,1.0,27.66,1.0,1.0,2.75,0.0,1,2025-11-01 08:32:20.102174
2,2025-01-13 18:09:45,2025-01-13 18:22:23,N,1.0,74,236,1.0,1.8,13.5,2.5,0.5,3.04,0.0,,1.0,23.29,1.0,1.0,2.75,0.0,1,2025-11-01 08:32:20.102174
2,2025-01-13 18:44:59,2025-01-13 18:55:26,N,1.0,82,138,5.0,3.83,18.4,7.5,0.5,5.48,0.0,,1.0,32.88,1.0,1.0,0.0,0.0,1,2025-11-01 08:32:20.102174
2,2025-01-13 18:28:39,2025-01-13 18:36:57,N,1.0,75,238,1.0,1.61,10.7,2.5,0.5,2.0,0.0,,1.0,19.45,1.0,1.0,2.75,0.0,1,2025-11-01 08:32:20.102174
2,2025-01-13 09:40:57,2025-01-13 09:53:03,N,1.0,74,236,1.0,2.02,13.5,2.5,0.5,2.0,0.0,,1.0,22.25,1.0,1.0,2.75,0.0,1,2025-11-01 08:32:20.102174
1,2025-01-13 18:19:16,2025-01-13 18:45:46,N,1.0,80,72,1.0,0.0,21.5,0.0,1.5,0.0,0.0,,1.0,23.0,1.0,1.0,0.0,0.0,1,2025-11-01 08:32:20.102174
2,2025-01-13 18:18:17,2025-01-13 18:31:42,N,1.0,43,143,1.0,2.64,15.6,2.5,0.5,2.5,0.0,,1.0,24.85,1.0,1.0,2.75,0.0,1,2025-11-01 08:32:20.102174
2,2025-01-13 18:46:18,2025-01-13 18:57:01,N,1.0,75,239,2.0,1.76,12.1,2.5,0.5,1.88,0.0,,1.0,20.73,1.0,1.0,2.75,0.0,1,2025-11-01 08:32:20.102174
2,2025-01-13 18:21:39,2025-01-13 18:25:25,N,1.0,195,195,1.0,0.83,5.8,2.5,0.5,2.94,0.0,,1.0,12.74,1.0,1.0,0.0,0.0,1,2025-11-01 08:32:20.102174
2,2025-01-13 18:37:30,2025-01-13 18:46:19,N,1.0,74,152,1.0,1.22,10.0,2.5,0.5,3.5,0.0,,1.0,17.5,1.0,1.0,0.0,0.0,1,2025-11-01 08:32:20.102174
2,2025-01-13 18:31:45,2025-01-13 18:37:39,N,1.0,74,41,1.0,1.04,7.9,2.5,0.5,2.38,0.0,,1.0,14.28,1.0,1.0,0.0,0.0,1,2025-11-01 08:32:20.102174
2,2025-01-13 18:39:11,2025-01-13 18:46:31,N,1.0,43,236,1.0,1.73,10.0,2.5,0.5,0.0,0.0,,1.0,16.75,2.0,1.0,2.75,0.0,1,2025-11-01 08:32:20.102174
2,2025-01-13 18:13:37,2025-01-13 18:24:07,N,1.0,82,138,1.0,3.75,17.7,7.5,0.5,5.34,0.0,,1.0,32.04,1.0,1.0,0.0,0.0,1,2025-11-01 08:32:20.102174
2,2025-01-13 18:07:15,2025-01-13 18:24:32,N,1.0,74,262,1.0,3.15,18.4,2.5,0.5,5.03,0.0,,1.0,30.18,1.0,1.0,2.75,0.0,1,2025-11-01 08:32:20.102174
2,2025-01-13 18:13:05,2025-01-13 18:21:14,N,1.0,82,129,1.0,0.48,8.6,2.5,0.5,2.52,0.0,,1.0,15.12,1.0,1.0,0.0,0.0,1,2025-11-01 08:32:20.102174
2,2025-01-13 17:56:05,2025-01-13 18:15:12,N,1.0,74,140,1.0,3.42,19.8,2.5,0.5,5.31,0.0,,1.0,31.86,1.0,1.0,2.75,0.0,1,2025-11-01 08:32:20.102174
2,2025-01-13 18:49:11,2025-01-13 18:55:25,N,1.0,75,74,1.0,1.35,8.6,2.5,0.5,1.5,0.0,,1.0,14.1,1.0,1.0,0.0,0.0,1,2025-11-01 08:32:20.102174
2,2025-01-13 18:22:55,2025-01-13 18:31:49,N,1.0,43,237,1.0,1.49,10.7,2.5,0.5,0.0,0.0,,1.0,17.45,2.0,1.0,2.75,0.0,1,2025-11-01 08:32:20.102174
2,2025-01-13 18:49:49,2025-01-13 19:00:09,N,1.0,75,263,1.0,1.56,11.4,2.5,0.5,0.0,0.0,,1.0,18.15,2.0,1.0,2.75,0.0,1,2025-11-01 08:32:20.102174
2,2025-01-13 18:14:27,2025-01-13 18:33:46,N,1.0,244,140,1.0,7.94,32.4,2.5,0.5,3.0,0.0,,1.0,42.15,1.0,1.0,2.75,0.0,1,2025-11-01 08:32:20.102174
2,2025-01-13 18:31:34,2025-01-13 18:40:23,N,1.0,43,142,1.0,2.34,12.1,2.5,0.5,3.77,0.0,,1.0,22.62,1.0,1.0,2.75,0.0,1,2025-11-01 08:32:20.102174
2,2025-01-13 18:23:40,2025-01-13 18:33:07,N,1.0,95,102,1.0,1.73,11.4,2.5,0.5,3.85,0.0,,1.0,19.25,1.0,1.0,0.0,0.0,1,2025-11-01 08:32:20.102174
2,2025-01-13 18:26:47,2025-01-13 18:35:39,N,1.0,134,197,1.0,1.59,10.7,2.5,0.5,11.0,0.0,,1.0,25.7,1.0,1.0,0.0,0.0,1,2025-11-01 08:32:20.102174
1,2025-01-13 18:22:14,2025-01-13 18:57:29,N,1.0,14,123,1.0,0.0,30.5,0.0,1.5,0.0,0.0,,1.0,32.0,1.0,1.0,0.0,0.0,1,2025-11-01 08:32:20.102174
2,2025-01-13 18:11:50,2025-01-13 18:28:25,N,1.0,33,80,1.0,3.62,20.5,2.5,0.5,4.9,0.0,,1.0,29.4,1.0,1.0,0.0,0.0,1,2025-11-01 08:32:20.102174
2,2025-01-13 18:20:19,2025-01-13 18:26:06,N,1.0,74,75,1.0,1.04,7.9,2.5,0.5,0.0,0.0,,1.0,11.9,2.0,1.0,0.0,0.0,1,2025-11-01 08:32:20.102174
2,2025-01-13 18:35:56,2025-01-13 18:47:29,N,1.0,74,166,1.0,1.65,12.1,2.5,0.5,3.22,0.0,,1.0,19.32,1.0,1.0,0.0,0.0,1,2025-11-01 08:32:20.102174
2,2025-01-13 18:36:05,2025-01-13 19:00:38,N,1.0,74,239,1.0,4.39,25.4,2.5,0.5,3.0,0.0,,1.0,35.15,1.0,1.0,2.75,0.0,1,2025-11-01 08:32:20.102174
2,2025-01-13 17:57:56,2025-01-13 18:09:14,N,1.0,43,142,1.0,1.99,13.5,2.5,0.5,5.06,0.0,,1.0,25.31,1.0,1.0,2.75,0.0,1,2025-11-01 08:32:20.102174
2,2025-01-13 18:25:47,2025-01-13 18:31:44,N,1.0,75,238,1.0,1.22,8.6,2.5,0.5,2.52,0.0,,1.0,15.12,1.0,1.0,0.0,0.0,1,2025-11-01 08:32:20.102174
2,2025-01-13 18:36:37,2025-01-13 18:41:22,N,1.0,95,95,5.0,0.88,7.2,2.5,0.5,2.24,0.0,,1.0,13.44,1.0,1.0,0.0,0.0,1,2025-11-01 08:32:20.102174
2,2025-01-13 19:01:49,2025-01-13 19:11:56,N,1.0,65,49,1.0,1.2,10.0,2.5,0.5,2.8,0.0,,1.0,16.8,1.0,1.0,0.0,0.0,1,2025-11-01 08:32:20.102174
2,2025-01-13 19:29:24,2025-01-13 19:41:16,N,1.0,65,66,1.0,1.43,12.1,2.5,0.5,0.0,0.0,,1.0,16.1,2.0,1.0,0.0,0.0,1,2025-11-01 08:32:20.102174
2,2025-01-13 19:51:34,2025-01-13 19:54:11,N,1.0,134,28,5.0,0.69,5.1,2.5,0.5,2.28,0.0,,1.0,11.38,1.0,1.0,0.0,0.0,1,2025-11-01 08:32:20.102174
2,2025-01-13 19:13:38,2025-01-13 19:23:02,N,1.0,97,33,1.0,1.2,10.0,2.5,0.5,1.5,0.0,,1.0,15.5,1.0,1.0,0.0,0.0,1,2025-11-01 08:32:20.102174
2,2025-01-13 19:45:52,2025-01-13 19:53:31,N,1.0,75,42,1.0,1.55,10.0,2.5,0.5,2.8,0.0,,1.0,16.8,1.0,1.0,0.0,0.0,1,2025-11-01 08:32:20.102174
2,2025-01-13 19:27:09,2025-01-13 19:34:35,N,1.0,65,49,2.0,1.01,8.6,2.5,0.5,2.52,0.0,,1.0,15.12,1.0,1.0,0.0,0.0,1,2025-11-01 08:32:20.102174
2,2025-01-13 19:06:44,2025-01-13 19:15:05,N,1.0,74,75,1.0,1.6,10.0,2.5,0.5,2.8,0.0,,1.0,16.8,1.0,1.0,0.0,0.0,1,2025-11-01 08:32:20.102174
1,2025-01-13 19:41:13,2025-01-13 20:02:15,N,1.0,65,14,0.0,7.7,33.1,2.5,1.5,7.4,0.0,,1.0,44.5,1.0,1.0,0.0,0.0,1,2025-11-01 08:32:20.102174
2,2025-01-13 18:57:59,2025-01-13 19:01:45,N,1.0,75,236,1.0,1.06,6.5,2.5,0.5,1.0,0.0,,1.0,14.25,1.0,1.0,2.75,0.0,1,2025-11-01 08:32:20.102174
2,2025-01-13 19:34:13,2025-01-13 19:37:00,N,1.0,75,74,1.0,1.04,6.5,2.5,0.5,2.62,0.0,,1.0,13.12,1.0,1.0,0.0,0.0,1,2025-11-01 08:32:20.102174
2,2025-01-13 19:52:44,2025-01-13 19:58:12,N,1.0,75,236,1.0,0.77,7.2,2.5,0.5,1.05,0.0,,1.0,15.0,1.0,1.0,2.75,0.0,1,2025-11-01 08:32:20.102174
2,2025-01-13 19:21:31,2025-01-13 19:33:11,N,1.0,65,17,1.0,1.53,11.4,2.5,0.5,3.08,0.0,,1.0,18.48,1.0,1.0,0.0,0.0,1,2025-11-01 08:32:20.102174
2,2025-01-13 19:50:31,2025-01-13 20:06:54,N,1.0,97,17,1.0,2.45,16.3,2.5,0.5,0.0,0.0,,1.0,20.3,2.0,1.0,0.0,0.0,1,2025-11-01 08:32:20.102174
2,2025-01-13 19:34:40,2025-01-13 19:44:38,N,1.0,41,42,1.0,1.67,12.1,2.5,0.5,0.0,0.0,,1.0,16.1,2.0,1.0,0.0,0.0,1,2025-11-01 08:32:20.102174
2,2025-01-13 19:13:25,2025-01-13 19:25:51,N,1.0,74,166,2.0,2.11,13.5,2.5,0.5,2.62,0.0,,1.0,20.12,1.0,1.0,0.0,0.0,1,2025-11-01 08:32:20.102174
2,2025-01-13 19:34:33,2025-01-13 19:47:48,N,1.0,43,50,1.0,3.26,17.0,2.5,0.5,4.9,0.0,,1.0,29.4,1.0,1.0,2.75,0.75,1,2025-11-01 08:32:20.102174
2,2025-01-13 19:53:02,2025-01-13 19:55:04,N,1.0,223,223,5.0,0.13,4.4,2.5,0.5,0.0,0.0,,1.0,8.4,2.0,1.0,0.0,0.0,1,2025-11-01 08:32:20.102174
2,2025-01-13 19:17:54,2025-01-13 19:30:35,N,5.0,130,10,1.0,1.86,15.0,0.0,0.0,0.0,0.0,,1.0,16.0,1.0,2.0,0.0,0.0,1,2025-11-01 08:32:20.102174
2,2025-01-13 19:56:12,2025-01-13 20:05:39,N,1.0,130,10,1.0,1.71,10.7,2.5,0.5,2.94,0.0,,1.0,17.64,1.0,1.0,0.0,0.0,1,2025-11-01 08:32:20.102174
1,2025-01-13 19:23:59,2025-01-13 19:29:17,N,1.0,75,75,1.0,0.8,7.2,2.5,1.5,0.0,0.0,,1.0,11.2,2.0,1.0,0.0,0.0,1,2025-11-01 08:32:20.102174
2,2025-01-13 19:46:12,2025-01-13 19:58:34,N,1.0,75,263,1.0,1.42,12.8,2.5,0.5,3.91,0.0,,1.0,23.46,1.0,1.0,2.75,0.0,1,2025-11-01 08:32:20.102174
2,2025-01-13 19:25:11,2025-01-13 19:29:48,N,1.0,43,238,1.0,0.94,6.5,2.5,0.5,2.1,0.0,,1.0,12.6,1.0,1.0,0.0,0.0,1,2025-11-01 08:32:20.102174
2,2025-01-13 19:20:43,2025-01-13 19:30:09,N,1.0,65,49,2.0,1.48,10.7,2.5,0.5,2.94,0.0,,1.0,17.64,1.0,1.0,0.0,0.0,1,2025-11-01 08:32:20.102174
2,2025-01-13 19:44:59,2025-01-13 19:59:54,N,1.0,97,61,2.0,3.43,18.4,2.5,0.5,4.48,0.0,,1.0,26.88,1.0,1.0,0.0,0.0,1,2025-11-01 08:32:20.102174
2,2025-01-13 18:59:06,2025-01-13 19:11:24,N,1.0,129,7,2.0,2.5,15.6,2.5,0.5,2.0,0.0,,1.0,21.6,1.0,1.0,0.0,0.0,1,2025-11-01 08:32:20.102174
2,2025-01-13 19:35:39,2025-01-13 19:56:03,N,5.0,82,262,1.0,7.84,29.09,0.0,0.5,3.23,6.94,,1.0,43.51,1.0,1.0,2.75,0.0,1,2025-11-01 08:32:20.102174
2,2025-01-13 19:50:00,2025-01-13 20:04:30,N,1.0,97,225,1.0,3.14,16.3,2.5,0.5,6.09,0.0,,1.0,26.39,1.0,1.0,0.0,0.0,1,2025-11-01 08:32:20.102174
2,2025-01-13 19:22:00,2025-01-13 19:27:17,N,1.0,75,75,1.0,0.93,8.6,2.5,0.5,0.0,0.0,,1.0,12.6,1.0,1.0,0.0,0.0,1,2025-11-01 08:32:20.102174
2,2025-01-13 19:53:46,2025-01-13 20:08:03,N,1.0,43,237,1.0,1.9,14.2,2.5,0.5,0.0,0.0,,1.0,20.95,2.0,1.0,2.75,0.0,1,2025-11-01 08:32:20.102174
1,2025-01-13 19:10:10,2025-01-13 19:27:55,N,1.0,65,225,2.0,3.1,18.4,2.5,1.5,4.45,0.0,,1.0,26.85,1.0,1.0,0.0,0.0,1,2025-11-01 08:32:20.102174
2,2025-01-13 19:12:31,2025-01-13 19:26:55,N,1.0,74,151,1.0,2.18,14.9,2.5,0.5,3.78,0.0,,1.0,22.68,1.0,1.0,0.0,0.0,1,2025-11-01 08:32:20.102174
2,2025-01-13 19:57:20,2025-01-13 20:01:38,N,1.0,75,75,1.0,0.74,6.5,2.5,0.5,0.0,0.0,,1.0,10.5,1.0,1.0,0.0,0.0,1,2025-11-01 08:32:20.102174
2,2025-01-13 19:28:57,2025-01-13 19:32:02,N,1.0,75,43,1.0,0.67,5.8,2.5,0.5,3.14,0.0,,1.0,15.69,1.0,1.0,2.75,0.0,1,2025-11-01 08:32:20.102174
2,2025-01-13 19:56:03,2025-01-13 20:03:26,N,1.0,75,151,1.0,1.37,8.6,2.5,0.5,1.5,0.0,,1.0,14.1,1.0,1.0,0.0,0.0,1,2025-11-01 08:32:20.102174
2,2025-01-13 19:32:30,2025-01-13 19:39:29,N,1.0,95,95,1.0,1.05,8.6,2.5,0.5,2.52,0.0,,1.0,15.12,1.0,1.0,0.0,0.0,1,2025-11-01 08:32:20.102174
1,2025-01-13 19:40:13,2025-01-13 19:46:32,N,1.0,75,236,1.0,0.9,7.2,5.25,1.5,2.75,0.0,,1.0,16.7,1.0,1.0,2.75,0.0,1,2025-11-01 08:32:20.102174
2,2025-01-13 19:47:37,2025-01-13 19:53:55,N,1.0,166,238,1.0,1.23,8.6,2.5,0.5,3.84,0.0,,1.0,19.19,1.0,1.0,2.75,0.0,1,2025-11-01 08:32:20.102174
2,2025-01-13 19:02:47,2025-01-13 19:06:35,N,1.0,75,74,1.0,1.35,7.9,2.5,0.5,0.0,0.0,,1.0,11.9,1.0,1.0,0.0,0.0,1,2025-11-01 08:32:20.102174
2,2025-01-13 19:23:47,2025-01-13 19:31:32,N,1.0,75,263,1.0,1.43,9.3,2.5,0.5,3.21,0.0,,1.0,19.26,1.0,1.0,2.75,0.0,1,2025-11-01 08:32:20.102174
2,2025-01-13 19:49:57,2025-01-13 19:58:57,N,1.0,75,263,1.0,1.68,10.7,2.5,0.5,3.49,0.0,,1.0,20.94,1.0,1.0,2.75,0.0,1,2025-11-01 08:32:20.102174
2,2025-01-13 19:28:37,2025-01-13 19:47:57,N,1.0,43,224,1.0,5.11,25.4,2.5,0.5,4.0,0.0,,1.0,36.9,1.0,1.0,2.75,0.75,1,2025-11-01 08:32:20.102174
2,2025-01-13 19:15:07,2025-01-13 19:23:29,N,1.0,95,28,1.0,1.91,11.4,2.5,0.5,4.62,0.0,,1.0,20.02,1.0,1.0,0.0,0.0,1,2025-11-01 08:32:20.102174
2,2025-01-13 19:19:11,2025-01-13 19:19:19,N,5.0,195,195,1.0,0.0,30.0,0.0,0.0,0.0,0.0,,1.0,31.0,1.0,2.0,0.0,0.0,1,2025-11-01 08:32:20.102174
2,2025-01-13 19:23:01,2025-01-13 19:36:59,N,1.0,74,141,1.0,2.9,16.3,2.5,0.5,2.6,0.0,,1.0,25.65,1.0,1.0,2.75,0.0,1,2025-11-01 08:32:20.102174
2,2025-01-13 19:53:28,2025-01-13 20:02:08,N,1.0,25,49,2.0,1.25,9.3,2.5,0.5,2.66,0.0,,1.0,15.96,1.0,1.0,0.0,0.0,1,2025-11-01 08:32:20.102174
2,2025-01-13 19:58:04,2025-01-13 20:03:33,N,1.0,41,152,1.0,0.54,7.2,2.5,0.5,2.24,0.0,,1.0,13.44,1.0,1.0,0.0,0.0,1,2025-11-01 08:32:20.102174
2,2025-01-13 19:05:50,2025-01-13 19:11:55,N,1.0,75,41,1.0,1.42,8.6,2.5,0.5,0.4,0.0,,1.0,13.0,1.0,1.0,0.0,0.0,1,2025-11-01 08:32:20.102174
2,2025-01-13 19:28:35,2025-01-13 19:40:55,N,1.0,124,203,1.0,7.18,28.9,2.5,0.5,0.0,0.0,,1.0,32.9,2.0,1.0,0.0,0.0,1,2025-11-01 08:32:20.102174
1,2025-01-13 19:06:44,2025-01-13 19:14:05,N,1.0,168,247,1.0,1.4,8.6,2.5,1.5,0.0,0.0,,1.0,12.6,2.0,1.0,0.0,0.0,1,2025-11-01 08:32:20.102174
2,2025-01-13 19:02:30,2025-01-13 19:11:37,N,1.0,7,223,1.0,0.83,9.3,2.5,0.5,2.66,0.0,,1.0,15.96,1.0,1.0,0.0,0.0,1,2025-11-01 08:32:20.102174
2,2025-01-13 19:52:18,2025-01-13 20:10:41,N,1.0,260,92,1.0,6.52,29.6,2.5,0.5,5.0,0.0,,1.0,38.6,1.0,1.0,0.0,0.0,1,2025-11-01 08:32:20.102174
2,2025-01-13 19:48:10,2025-01-13 19:50:33,N,1.0,166,151,1.0,0.63,5.1,2.5,0.5,1.82,0.0,,1.0,10.92,1.0,1.0,0.0,0.0,1,2025-11-01 08:32:20.102174
2,2025-01-13 19:59:15,2025-01-13 20:08:11,N,1.0,166,74,1.0,1.93,11.4,2.5,0.5,2.0,0.0,,1.0,17.4,1.0,1.0,0.0,0.0,1,2025-11-01 08:32:20.102174
2,2025-01-13 19:06:46,2025-01-13 19:13:29,N,1.0,75,43,1.0,1.32,9.3,2.5,0.5,2.66,0.0,,1.0,15.96,1.0,1.0,0.0,0.0,1,2025-11-01 08:32:20.102174
2,2025-01-13 19:45:17,2025-01-13 19:54:55,N,1.0,166,75,1.0,1.74,11.4,2.5,0.5,3.08,0.0,,1.0,18.48,1.0,1.0,0.0,0.0,1,2025-11-01 08:32:20.102174
2,2025-01-13 18:42:17,2025-01-13 19:31:31,N,1.0,173,171,1.0,9.43,49.2,2.5,0.5,0.0,0.0,,1.0,53.2,2.0,1.0,0.0,0.0,1,2025-11-01 08:32:20.102174
2,2025-01-13 19:39:03,2025-01-13 19:44:27,N,1.0,75,75,1.0,1.1,7.2,2.5,0.5,0.0,0.0,,1.0,11.2,2.0,1.0,0.0,0.0,1,2025-11-01 08:32:20.102174
2,2025-01-13 19:49:54,2025-01-13 19:59:22,N,1.0,75,74,2.0,1.43,10.7,2.5,0.5,1.11,0.0,,1.0,15.81,1.0,1.0,0.0,0.0,1,2025-11-01 08:32:20.102174
2,2025-01-13 19:02:07,2025-01-13 19:03:04,N,1.0,82,82,1.0,0.15,3.0,2.5,0.5,0.0,0.0,,1.0,7.0,2.0,1.0,0.0,0.0,1,2025-11-01 08:32:20.102174
1,2025-01-13 19:47:30,2025-01-13 19:51:36,N,1.0,43,236,1.0,0.7,6.5,5.25,1.5,0.0,0.0,,1.0,13.25,1.0,1.0,2.75,0.0,1,2025-11-01 08:32:20.102174
2,2025-01-13 19:07:29,2025-01-13 19:16:12,N,1.0,74,263,1.0,1.91,11.4,2.5,0.5,3.63,0.0,,1.0,21.78,1.0,1.0,2.75,0.0,1,2025-11-01 08:32:20.102174
2,2025-01-13 19:54:34,2025-01-13 20:11:47,N,1.0,95,216,1.0,4.1,21.2,2.5,0.5,2.0,0.0,,1.0,27.2,1.0,1.0,0.0,0.0,1,2025-11-01 08:32:20.102174
2,2025-01-13 19:39:26,2025-01-13 19:45:02,N,1.0,196,95,1.0,1.29,7.9,2.5,0.5,2.38,0.0,,1.0,14.28,1.0,1.0,0.0,0.0,1,2025-11-01 08:32:20.102174
2,2025-01-13 19:17:41,2025-01-13 19:38:23,N,1.0,66,232,1.0,6.15,28.2,2.5,0.5,7.14,0.0,,1.0,42.84,1.0,1.0,2.75,0.75,1,2025-11-01 08:32:20.102174
2,2025-01-13 19:18:59,2025-01-13 19:48:26,N,1.0,97,37,1.0,4.67,27.5,2.5,0.5,6.3,0.0,,1.0,37.8,1.0,1.0,0.0,0.0,1,2025-11-01 08:32:20.102174
2,2025-01-13 19:23:54,2025-01-13 19:38:48,N,1.0,65,112,1.0,2.1,14.9,2.5,0.5,3.78,0.0,,1.0,22.68,1.0,1.0,0.0,0.0,1,2025-11-01 08:32:20.102174
1,2025-01-13 19:19:19,2025-01-13 19:26:32,N,1.0,82,83,0.0,0.8,7.2,2.5,1.5,0.0,0.0,,1.0,11.2,2.0,1.0,0.0,0.0,1,2025-11-01 08:32:20.102174
2,2025-01-13 19:16:07,2025-01-13 19:27:01,N,1.0,129,129,1.0,2.42,10.5,1.0,0.5,2.46,0.0,,0.3,14.76,1.0,1.0,0.0,0.0,1,2025-11-01 08:32:20.102174
2,2025-01-13 19:12:36,2025-01-13 19:18:56,N,1.0,130,215,1.0,1.14,7.9,2.5,0.5,2.98,0.0,,1.0,14.88,1.0,1.0,0.0,0.0,1,2025-11-01 08:32:20.102174
2,2025-01-13 19:07:17,2025-01-13 19:15:01,N,1.0,95,95,1.0,0.74,8.6,2.5,0.5,0.0,0.0,,1.0,12.6,1.0,1.0,0.0,0.0,1,2025-11-01 08:32:20.102174
2,2025-01-13 19:01:38,2025-01-13 19:14:32,N,1.0,130,197,1.0,2.54,14.9,2.5,0.5,1.0,0.0,,1.0,19.9,1.0,1.0,0.0,0.0,1,2025-11-01 08:32:20.102174
2,2025-01-13 19:11:41,2025-01-13 19:19:20,N,1.0,65,17,1.0,1.34,8.6,2.5,0.5,3.15,0.0,,1.0,15.75,1.0,1.0,0.0,0.0,1,2025-11-01 08:32:20.102174
2,2025-01-13 19:30:10,2025-01-13 19:37:19,N,1.0,65,49,1.0,0.96,8.6,2.5,0.5,1.0,0.0,,1.0,13.6,1.0,1.0,0.0,0.0,1,2025-11-01 08:32:20.102174
2,2025-01-13 19:17:43,2025-01-13 19:21:31,N,1.0,33,40,1.0,1.09,6.5,2.5,0.5,2.1,0.0,,1.0,12.6,1.0,1.0,0.0,0.0,1,2025-11-01 08:32:20.102174
2,2025-01-13 19:06:09,2025-01-13 19:12:41,N,1.0,75,236,2.0,1.07,8.6,2.5,0.5,3.07,0.0,,1.0,18.42,1.0,1.0,2.75,0.0,1,2025-11-01 08:32:20.102174
2,2025-01-13 19:46:28,2025-01-13 20:01:18,N,1.0,75,42,2.0,2.82,17.0,2.5,0.5,5.25,0.0,,1.0,26.25,1.0,1.0,0.0,0.0,1,2025-11-01 08:32:20.102174
2,2025-01-13 19:08:46,2025-01-13 19:22:08,N,1.0,65,181,1.0,1.71,13.5,2.5,0.5,4.38,0.0,,1.0,21.88,1.0,1.0,0.0,0.0,1,2025-11-01 08:32:20.102174
2,2025-01-13 19:23:07,2025-01-13 19:33:53,N,1.0,181,181,1.0,1.57,11.4,2.5,0.5,3.08,0.0,,1.0,18.48,1.0,1.0,0.0,0.0,1,2025-11-01 08:32:20.102174
2,2025-01-13 19:58:23,2025-01-13 20:09:08,N,1.0,75,237,1.0,2.3,13.5,2.5,0.5,5.06,0.0,,1.0,25.31,1.0,1.0,2.75,0.0,1,2025-11-01 08:32:20.102174
2,2025-01-13 19:06:32,2025-01-13 19:20:28,N,1.0,65,181,1.0,2.14,14.9,2.5,0.5,3.78,0.0,,1.0,22.68,1.0,1.0,0.0,0.0,1,2025-11-01 08:32:20.102174
2,2025-01-13 19:08:58,2025-01-13 19:21:50,N,1.0,74,263,1.0,2.76,14.9,2.5,0.5,1.0,0.0,,1.0,22.65,1.0,1.0,2.75,0.0,1,2025-11-01 08:32:20.102174
2,2025-01-13 19:00:41,2025-01-13 19:04:40,N,1.0,75,74,1.0,1.32,7.2,2.5,0.5,2.0,0.0,,1.0,13.2,1.0,1.0,0.0,0.0,1,2025-11-01 08:32:20.102174
2,2025-01-13 19:35:55,2025-01-13 19:54:45,N,1.0,25,89,1.0,4.06,20.5,2.5,0.5,0.0,0.0,,1.0,24.5,2.0,1.0,0.0,0.0,1,2025-11-01 08:32:20.102174
2,2025-01-13 18:54:33,2025-01-13 19:03:35,N,1.0,43,262,1.0,1.54,10.0,2.5,0.5,3.35,0.0,,1.0,20.1,1.0,1.0,2.75,0.0,1,2025-11-01 08:32:20.102174
2,2025-01-13 19:13:30,2025-01-13 19:21:17,N,1.0,75,74,1.0,1.48,9.3,2.5,0.5,2.66,0.0,,1.0,15.96,1.0,1.0,0.0,0.0,1,2025-11-01 08:32:20.102174
2,2025-01-13 19:03:15,2025-01-13 19:06:17,N,1.0,75,74,1.0,1.26,7.2,2.5,0.5,2.24,0.0,,1.0,13.44,1.0,1.0,0.0,0.0,1,2025-11-01 08:32:20.102174
2,2025-01-13 19:12:15,2025-01-13 19:16:46,N,1.0,75,74,2.0,1.24,7.9,2.5,0.5,3.57,0.0,,1.0,15.47,1.0,1.0,0.0,0.0,1,2025-11-01 08:32:20.102174
2,2025-01-13 19:20:38,2025-01-13 19:28:29,N,1.0,74,75,2.0,1.57,10.0,2.5,0.5,3.5,0.0,,1.0,17.5,1.0,1.0,0.0,0.0,1,2025-11-01 08:32:20.102174
2,2025-01-13 19:07:42,2025-01-13 19:17:57,N,1.0,74,116,1.0,1.77,12.1,2.5,0.5,0.0,0.0,,1.0,16.1,2.0,1.0,0.0,0.0,1,2025-11-01 08:32:20.102174
2,2025-01-13 19:47:03,2025-01-13 20:12:05,N,1.0,82,7,6.0,3.97,23.3,2.5,0.5,0.0,0.0,,1.0,27.3,2.0,1.0,0.0,0.0,1,2025-11-01 08:32:20.102174
2,2025-01-13 19:46:51,2025-01-13 19:52:21,N,1.0,82,129,1.0,0.57,6.5,2.5,0.5,0.0,0.0,,1.0,10.5,2.0,1.0,0.0,0.0,1,2025-11-01 08:32:20.102174
2,2025-01-13 19:12:50,2025-01-13 19:22:41,N,1.0,74,43,1.0,1.63,11.4,2.5,0.5,3.08,0.0,,1.0,18.48,1.0,1.0,0.0,0.0,1,2025-11-01 08:32:20.102174
2,2025-01-13 19:38:56,2025-01-13 19:42:50,N,1.0,75,238,1.0,0.78,6.5,2.5,0.5,0.0,0.0,,1.0,10.5,2.0,1.0,0.0,0.0,1,2025-11-01 08:32:20.102174
2,2025-01-13 19:01:41,2025-01-13 19:26:42,N,1.0,82,7,1.0,3.05,22.6,2.5,0.5,0.0,0.0,,1.0,26.6,1.0,1.0,0.0,0.0,1,2025-11-01 08:32:20.102174
2,2025-01-13 19:13:14,2025-01-13 19:15:55,N,1.0,43,151,1.0,0.77,5.8,2.5,0.5,1.47,0.0,,1.0,11.27,1.0,1.0,0.0,0.0,1,2025-11-01 08:32:20.102174
2,2025-01-13 19:29:44,2025-01-13 19:40:40,N,1.0,43,237,1.0,2.01,12.8,2.5,0.5,3.91,0.0,,1.0,23.46,1.0,1.0,2.75,0.0,1,2025-11-01 08:32:20.102174
2,2025-01-13 19:06:36,2025-01-13 19:37:27,N,1.0,130,237,1.0,13.29,52.7,2.5,0.5,17.84,0.0,,1.0,77.29,1.0,1.0,2.75,0.0,1,2025-11-01 08:32:20.102174
2,2025-01-13 19:01:23,2025-01-13 19:01:30,N,5.0,244,244,1.0,0.0,19.0,0.0,0.0,2.0,0.0,,1.0,22.0,1.0,2.0,0.0,0.0,1,2025-11-01 08:32:20.102174
2,2025-01-13 19:58:28,2025-01-13 20:11:06,N,1.0,75,237,1.0,2.24,14.2,2.5,0.5,4.19,0.0,,1.0,25.14,1.0,1.0,2.75,0.0,1,2025-11-01 08:32:20.102174
2,2025-01-13 19:28:08,2025-01-13 19:34:17,N,1.0,43,24,1.0,1.3,8.6,2.5,0.5,2.52,0.0,,1.0,15.12,1.0,1.0,0.0,0.0,1,2025-11-01 08:32:20.102174
2,2025-01-13 19:51:38,2025-01-13 20:10:58,N,1.0,95,129,1.0,7.1,31.7,2.5,0.5,10.71,0.0,,1.0,46.41,1.0,1.0,0.0,0.0,1,2025-11-01 08:32:20.102174
2,2025-01-13 19:11:27,2025-01-13 19:16:11,N,1.0,134,28,1.0,0.97,7.2,2.5,0.5,2.24,0.0,,1.0,13.44,1.0,1.0,0.0,0.0,1,2025-11-01 08:32:20.102174
2,2025-01-13 18:56:54,2025-01-13 19:16:07,N,1.0,43,170,1.0,3.56,21.2,2.5,0.5,5.74,0.0,,1.0,34.44,1.0,1.0,2.75,0.75,1,2025-11-01 08:32:20.102174
1,2025-01-13 19:19:46,2025-01-13 19:23:03,N,1.0,43,236,1.0,0.0,5.1,5.25,1.5,2.35,0.0,,1.0,14.2,1.0,1.0,2.75,0.0,1,2025-11-01 08:32:20.102174
2,2025-01-13 19:50:44,2025-01-13 20:04:06,N,1.0,33,97,1.0,1.49,13.5,2.5,0.5,3.5,0.0,,1.0,21.0,1.0,1.0,0.0,0.0,1,2025-11-01 08:32:20.102174
2,2025-01-13 18:53:38,2025-01-13 18:59:26,N,1.0,166,238,1.0,1.45,8.6,2.5,0.5,2.52,0.0,,1.0,15.12,1.0,1.0,0.0,0.0,1,2025-11-01 08:32:20.102174
2,2025-01-13 19:16:06,2025-01-13 19:19:53,N,1.0,41,41,1.0,0.44,5.8,2.5,0.5,2.45,0.0,,1.0,12.25,1.0,1.0,0.0,0.0,1,2025-11-01 08:32:20.102174
2,2025-01-13 19:43:02,2025-01-13 19:59:57,N,1.0,75,230,1.0,3.41,19.1,2.5,0.5,5.32,0.0,,1.0,31.92,1.0,1.0,2.75,0.75,1,2025-11-01 08:32:20.102174
2,2025-01-13 19:06:30,2025-01-13 19:12:11,N,1.0,166,116,1.0,1.4,8.6,2.5,0.5,1.0,0.0,,1.0,13.6,1.0,1.0,0.0,0.0,1,2025-11-01 08:32:20.102174
2,2025-01-13 20:27:17,2025-01-13 20:36:00,N,1.0,129,129,1.0,1.17,9.3,1.0,0.5,2.36,0.0,,1.0,14.16,1.0,1.0,0.0,0.0,1,2025-11-01 08:32:20.102174
2,2025-01-13 20:23:18,2025-01-13 20:31:03,N,1.0,43,239,1.0,1.79,10.7,1.0,0.5,1.0,0.0,,1.0,16.95,1.0,1.0,2.75,0.0,1,2025-11-01 08:32:20.102174
2,2025-01-13 20:39:49,2025-01-13 20:45:55,N,1.0,74,41,1.0,1.13,7.9,1.0,0.5,2.6,0.0,,1.0,13.0,1.0,1.0,0.0,0.0,1,2025-11-01 08:32:20.102174
2,2025-01-13 20:05:04,2025-01-13 20:14:04,N,1.0,75,238,1.0,1.47,10.7,1.0,0.5,2.64,0.0,,1.0,15.84,1.0,1.0,0.0,0.0,1,2025-11-01 08:32:20.102174
2,2025-01-13 20:40:21,2025-01-13 21:42:57,N,1.0,7,7,1.0,5.64,52.0,1.0,0.5,0.0,0.0,,1.0,54.5,2.0,1.0,0.0,0.0,1,2025-11-01 08:32:20.102174
2,2025-01-13 20:03:59,2025-01-13 20:31:23,N,1.0,264,264,1.0,1.83,11.4,1.0,0.5,0.0,0.0,,1.0,13.9,1.0,1.0,0.0,0.0,1,2025-11-01 08:32:20.102174
2,2025-01-13 20:05:59,2025-01-13 20:11:03,N,1.0,134,134,1.0,0.73,7.2,1.0,0.5,1.94,0.0,,1.0,11.64,1.0,1.0,0.0,0.0,1,2025-11-01 08:32:20.102174
2,2025-01-13 20:11:17,2025-01-13 20:31:29,N,1.0,24,158,5.0,5.98,28.2,1.0,0.5,6.84,0.0,,1.0,41.04,1.0,1.0,2.75,0.75,1,2025-11-01 08:32:20.102174
2,2025-01-13 20:18:02,2025-01-13 20:31:48,N,1.0,75,166,1.0,2.11,14.2,1.0,0.5,5.01,0.0,,1.0,21.71,1.0,1.0,0.0,0.0,1,2025-11-01 08:32:20.102174
2,2025-01-13 20:51:58,2025-01-13 21:10:04,N,1.0,43,162,1.0,3.04,19.8,1.0,0.5,2.0,0.0,,1.0,27.8,1.0,1.0,2.75,0.75,1,2025-11-01 08:32:20.102174
2,2025-01-13 20:57:00,2025-01-13 21:08:09,N,1.0,75,239,1.0,1.91,12.1,1.0,0.5,2.5,0.0,,1.0,19.85,1.0,1.0,2.75,0.0,1,2025-11-01 08:32:20.102174
2,2025-01-13 20:57:20,2025-01-13 21:07:13,N,1.0,130,216,1.0,1.93,12.1,1.0,0.5,2.92,0.0,,1.0,17.52,1.0,1.0,0.0,0.0,1,2025-11-01 08:32:20.102174
1,2025-01-13 20:05:22,2025-01-13 20:19:01,N,1.0,75,161,1.0,2.7,14.9,6.0,1.5,4.45,0.0,,1.0,26.85,1.0,1.0,2.75,0.75,1,2025-11-01 08:32:20.102174
2,2025-01-13 20:06:07,2025-01-13 20:06:11,N,5.0,53,53,2.0,0.0,15.0,0.0,0.0,0.08,0.0,,1.0,16.08,1.0,2.0,0.0,0.0,1,2025-11-01 08:32:20.102174
2,2025-01-13 20:37:31,2025-01-13 20:58:02,N,1.0,244,236,2.0,7.64,33.1,1.0,0.5,7.67,0.0,,1.0,46.02,1.0,1.0,2.75,0.0,1,2025-11-01 08:32:20.102174
2,2025-01-13 20:08:03,2025-01-13 20:18:54,N,1.0,223,7,1.0,1.75,12.1,1.0,0.5,0.0,0.0,,1.0,14.6,2.0,1.0,0.0,0.0,1,2025-11-01 08:32:20.102174
2,2025-01-13 20:45:12,2025-01-13 20:55:03,N,1.0,41,247,1.0,2.02,12.8,1.0,0.5,0.0,0.0,,1.0,15.3,2.0,1.0,0.0,0.0,1,2025-11-01 08:32:20.102174
2,2025-01-13 20:14:59,2025-01-13 20:21:58,N,1.0,75,74,1.0,1.13,8.6,1.0,0.5,0.0,0.0,,1.0,11.1,2.0,1.0,0.0,0.0,1,2025-11-01 08:32:20.102174
1,2025-01-13 20:54:30,2025-01-13 21:23:07,N,1.0,65,26,1.0,0.0,22.6,2.5,1.5,2.0,0.0,,1.0,28.6,1.0,1.0,0.0,0.0,1,2025-11-01 08:32:20.102174
2,2025-01-13 20:47:31,2025-01-13 21:07:59,N,1.0,43,141,1.0,3.09,20.5,1.0,0.5,0.0,0.0,,1.0,25.75,2.0,1.0,2.75,0.0,1,2025-11-01 08:32:20.102174
2,2025-01-13 20:22:44,2025-01-13 20:34:00,N,1.0,95,102,1.0,2.78,14.2,1.0,0.5,2.0,0.0,,1.0,18.7,1.0,1.0,0.0,0.0,1,2025-11-01 08:32:20.102174
2,2025-01-13 20:58:37,2025-01-13 21:06:40,N,1.0,195,52,1.0,1.81,10.7,1.0,0.5,2.64,0.0,,1.0,15.84,1.0,1.0,0.0,0.0,1,2025-11-01 08:32:20.102174
2,2025-01-13 20:54:12,2025-01-13 21:03:57,N,1.0,65,181,2.0,1.48,10.7,1.0,0.5,0.0,0.0,,1.0,13.2,2.0,1.0,0.0,0.0,1,2025-11-01 08:32:20.102174
2,2025-01-13 20:20:17,2025-01-13 20:41:53,N,1.0,95,82,1.0,3.27,20.5,1.0,0.5,4.6,0.0,,1.0,27.6,1.0,1.0,0.0,0.0,1,2025-11-01 08:32:20.102174
2,2025-01-13 20:23:46,2025-01-13 20:23:51,N,1.0,41,41,1.0,0.02,-3.0,-1.0,-0.5,0.0,0.0,,-1.0,-5.5,4.0,1.0,0.0,0.0,1,2025-11-01 08:32:20.102174
2,2025-01-13 20:23:46,2025-01-13 20:23:51,N,1.0,41,41,1.0,0.02,3.0,1.0,0.5,0.0,0.0,,1.0,5.5,4.0,1.0,0.0,0.0,1,2025-11-01 08:32:20.102174
2,2025-01-13 20:08:40,2025-01-13 20:16:32,N,1.0,130,10,1.0,1.45,10.0,1.0,0.5,0.0,0.0,,1.0,12.5,1.0,1.0,0.0,0.0,1,2025-11-01 08:32:20.102174
2,2025-01-13 20:08:13,2025-01-13 20:19:41,N,1.0,74,166,1.0,1.96,12.8,1.0,0.5,3.06,0.0,,1.0,18.36,1.0,1.0,0.0,0.0,1,2025-11-01 08:32:20.102174
2,2025-01-13 20:23:05,2025-01-13 20:47:08,N,1.0,75,249,1.0,4.8,25.4,1.0,0.5,6.28,0.0,,1.0,37.68,1.0,1.0,2.75,0.75,1,2025-11-01 08:32:20.102174
2,2025-01-13 20:24:03,2025-01-13 20:30:36,N,1.0,83,129,1.0,0.82,7.9,1.0,0.5,0.0,0.0,,1.0,10.4,2.0,1.0,0.0,0.0,1,2025-11-01 08:32:20.102174
1,2025-01-13 20:07:43,2025-01-13 20:13:09,N,1.0,75,238,1.0,1.2,8.6,3.75,1.5,0.0,0.0,,1.0,13.85,1.0,1.0,2.75,0.0,1,2025-11-01 08:32:20.102174
2,2025-01-13 20:46:50,2025-01-13 20:54:30,N,1.0,66,54,5.0,1.39,9.3,1.0,0.5,1.5,0.0,,1.0,13.3,1.0,1.0,0.0,0.0,1,2025-11-01 08:32:20.102174
2,2025-01-13 20:37:36,2025-01-13 20:42:15,N,1.0,95,95,1.0,0.39,5.8,1.0,0.5,1.66,0.0,,1.0,9.96,1.0,1.0,0.0,0.0,1,2025-11-01 08:32:20.102174
2,2025-01-13 20:45:35,2025-01-13 20:50:24,N,1.0,95,95,1.0,0.87,6.5,1.0,0.5,2.25,0.0,,1.0,11.25,1.0,1.0,0.0,0.0,1,2025-11-01 08:32:20.102174
2,2025-01-13 20:33:23,2025-01-13 20:54:00,N,1.0,97,89,1.0,4.21,21.9,1.0,0.5,4.88,0.0,,1.0,29.28,1.0,1.0,0.0,0.0,1,2025-11-01 08:32:20.102174
2,2025-01-13 20:25:14,2025-01-13 20:25:44,N,1.0,82,82,1.0,0.0,3.0,1.0,0.5,0.0,0.0,,1.0,5.5,2.0,1.0,0.0,0.0,1,2025-11-01 08:32:20.102174
2,2025-01-13 20:04:59,2025-01-13 20:10:54,N,1.0,75,74,5.0,1.51,8.6,1.0,0.5,2.22,0.0,,1.0,13.32,1.0,1.0,0.0,0.0,1,2025-11-01 08:32:20.102174
2,2025-01-13 20:21:25,2025-01-13 20:35:45,N,1.0,75,166,5.0,2.74,15.6,1.0,0.5,3.62,0.0,,1.0,21.72,1.0,1.0,0.0,0.0,1,2025-11-01 08:32:20.102174
2,2025-01-13 20:30:11,2025-01-13 20:38:27,N,1.0,74,236,1.0,2.09,11.4,1.0,0.5,2.0,0.0,,1.0,18.65,1.0,1.0,2.75,0.0,1,2025-11-01 08:32:20.102174
2,2025-01-13 20:56:24,2025-01-13 21:06:18,N,1.0,74,24,1.0,1.67,11.4,1.0,0.5,0.0,0.0,,1.0,13.9,2.0,1.0,0.0,0.0,1,2025-11-01 08:32:20.102174
2,2025-01-13 20:46:47,2025-01-13 20:53:22,N,1.0,41,151,1.0,1.1,8.6,1.0,0.5,2.78,0.0,,1.0,13.88,1.0,1.0,0.0,0.0,1,2025-11-01 08:32:20.102174
2,2025-01-13 20:49:52,2025-01-13 20:59:54,N,1.0,74,75,1.0,1.63,10.7,1.0,0.5,2.64,0.0,,1.0,15.84,1.0,1.0,0.0,0.0,1,2025-11-01 08:32:20.102174
2,2025-01-13 20:04:04,2025-01-13 20:14:17,N,1.0,260,138,1.0,2.79,14.9,6.0,0.5,3.0,0.0,,1.0,25.4,1.0,1.0,0.0,0.0,1,2025-11-01 08:32:20.102174
1,2025-01-13 20:29:32,2025-01-13 20:48:45,N,1.0,191,168,1.0,0.0,42.5,0.0,1.5,0.0,6.94,,1.0,50.94,1.0,1.0,0.0,0.0,1,2025-11-01 08:32:20.102174
2,2025-01-13 20:53:03,2025-01-13 21:10:19,N,1.0,41,163,1.0,4.35,21.9,1.0,0.5,5.58,0.0,,1.0,33.48,1.0,1.0,2.75,0.75,1,2025-11-01 08:32:20.102174
2,2025-01-13 20:21:50,2025-01-13 20:31:58,N,1.0,75,263,1.0,1.14,10.0,1.0,0.5,3.05,0.0,,1.0,18.3,1.0,1.0,2.75,0.0,1,2025-11-01 08:32:20.102174
2,2025-01-13 20:58:36,2025-01-13 21:07:38,N,1.0,74,236,1.0,1.49,10.0,1.0,0.5,3.12,0.0,,1.0,15.62,1.0,1.0,0.0,0.0,1,2025-11-01 08:32:20.102174
2,2025-01-13 20:31:15,2025-01-13 20:39:29,N,5.0,129,83,1.0,0.91,-19.0,0.0,0.0,0.0,0.0,,-1.0,-20.0,3.0,2.0,0.0,0.0,1,2025-11-01 08:32:20.102174
2,2025-01-13 20:31:15,2025-01-13 20:39:29,N,5.0,129,83,1.0,0.91,19.0,0.0,0.0,0.0,0.0,,1.0,20.0,3.0,2.0,0.0,0.0,1,2025-11-01 08:32:20.102174
2,2025-01-13 19:58:48,2025-01-13 20:02:32,N,1.0,75,74,1.0,1.38,7.9,1.0,0.5,0.0,0.0,,1.0,10.4,2.0,1.0,0.0,0.0,1,2025-11-01 08:32:20.102174
2,2025-01-13 20:42:15,2025-01-13 20:51:31,N,1.0,75,262,1.0,1.35,10.7,1.0,0.5,3.19,0.0,,1.0,19.14,1.0,1.0,2.75,0.0,1,2025-11-01 08:32:20.102174
2,2025-01-13 20:44:17,2025-01-13 20:47:51,N,1.0,134,134,1.0,0.74,5.8,1.0,0.5,0.0,0.0,,1.0,8.3,1.0,1.0,0.0,0.0,1,2025-11-01 08:32:20.102174
2,2025-01-13 20:27:21,2025-01-13 20:43:42,N,1.0,43,107,1.0,5.36,24.7,1.0,0.5,6.14,0.0,,1.0,36.84,1.0,1.0,2.75,0.75,1,2025-11-01 08:32:20.102174
2,2025-01-13 20:29:46,2025-01-13 20:33:07,N,1.0,74,74,1.0,0.57,5.8,1.0,0.5,0.0,0.0,,1.0,8.3,2.0,1.0,0.0,0.0,1,2025-11-01 08:32:20.102174
1,2025-01-13 20:50:46,2025-01-13 20:54:55,N,1.0,75,74,1.0,0.0,5.8,1.0,1.5,2.05,0.0,,1.0,10.35,1.0,1.0,0.0,0.0,1,2025-11-01 08:32:20.102174
2,2025-01-13 20:27:58,2025-01-13 20:39:36,N,1.0,25,189,1.0,1.41,12.1,1.0,0.5,2.92,0.0,,1.0,17.52,1.0,1.0,0.0,0.0,1,2025-11-01 08:32:20.102174
2,2025-01-13 21:20:21,2025-01-13 22:10:53,N,1.0,129,83,1.0,3.54,40.8,1.0,0.5,0.0,0.0,,1.0,43.3,2.0,1.0,0.0,0.0,1,2025-11-01 08:32:20.102174
2,2025-01-13 21:48:29,2025-01-13 22:02:55,N,1.0,74,262,1.0,2.85,17.0,1.0,0.5,3.0,0.0,,1.0,25.25,1.0,1.0,2.75,0.0,1,2025-11-01 08:32:20.102174
2,2025-01-13 21:28:48,2025-01-13 21:44:13,N,1.0,74,238,1.0,2.94,17.7,1.0,0.5,5.74,0.0,,1.0,28.69,1.0,1.0,2.75,0.0,1,2025-11-01 08:32:20.102174
2,2025-01-13 21:07:09,2025-01-13 21:10:26,N,1.0,223,223,1.0,0.75,5.8,1.0,0.5,0.0,0.0,,1.0,8.3,1.0,1.0,0.0,0.0,1,2025-11-01 08:32:20.102174
2,2025-01-13 21:31:12,2025-01-13 21:42:28,N,1.0,130,10,1.0,2.48,13.5,1.0,0.5,0.0,0.0,,1.0,16.0,2.0,1.0,0.0,0.0,1,2025-11-01 08:32:20.102174
2,2025-01-13 19:16:04,2025-01-13 19:25:28,N,1.0,75,75,1.0,1.28,10.0,1.0,0.5,2.5,0.0,,1.0,15.0,1.0,1.0,0.0,0.0,1,2025-11-01 08:32:20.102174
2,2025-01-13 19:29:52,2025-01-13 19:32:52,N,1.0,75,236,1.0,0.53,5.1,1.0,0.5,1.0,0.0,,1.0,11.35,1.0,1.0,2.75,0.0,1,2025-11-01 08:32:20.102174
2,2025-01-13 19:51:20,2025-01-13 20:01:16,N,1.0,236,142,1.0,2.33,13.5,1.0,0.5,2.81,0.0,,1.0,21.56,1.0,1.0,2.75,0.0,1,2025-11-01 08:32:20.102174
2,2025-01-13 21:30:04,2025-01-13 21:34:29,N,1.0,166,151,1.0,0.8,6.5,1.0,0.5,0.0,0.0,,1.0,9.0,2.0,1.0,0.0,0.0,1,2025-11-01 08:32:20.102174
1,2025-01-13 21:25:35,2025-01-13 21:31:33,N,1.0,74,42,1.0,0.9,7.9,1.0,1.5,0.0,0.0,,1.0,10.4,2.0,1.0,0.0,0.0,1,2025-11-01 08:32:20.102174
1,2025-01-13 21:13:36,2025-01-13 21:28:43,N,1.0,244,142,1.0,6.6,28.9,4.5,1.5,6.95,0.0,,1.0,41.85,1.0,1.0,2.75,0.75,1,2025-11-01 08:32:20.102174
2,2025-01-13 21:00:07,2025-01-13 21:16:38,N,1.0,166,186,2.0,5.83,26.1,1.0,0.5,3.0,0.0,,1.0,35.1,1.0,1.0,2.75,0.75,1,2025-11-01 08:32:20.102174
2,2025-01-13 21:15:19,2025-01-13 21:34:11,N,1.0,97,256,2.0,2.87,19.1,1.0,0.5,3.0,0.0,,1.0,24.6,1.0,1.0,0.0,0.0,1,2025-11-01 08:32:20.102174
2,2025-01-13 21:28:05,2025-01-13 21:36:47,N,1.0,75,151,1.0,1.71,10.7,1.0,0.5,2.64,0.0,,1.0,15.84,1.0,1.0,0.0,0.0,1,2025-11-01 08:32:20.102174
2,2025-01-13 21:54:41,2025-01-13 21:57:48,N,1.0,75,74,1.0,1.34,7.2,1.0,0.5,2.42,0.0,,1.0,12.12,1.0,1.0,0.0,0.0,1,2025-11-01 08:32:20.102174
2,2025-01-13 21:33:42,2025-01-13 21:53:08,N,1.0,130,102,1.0,4.82,23.3,1.0,0.5,0.0,0.0,,1.0,25.8,2.0,1.0,0.0,0.0,1,2025-11-01 08:32:20.102174
2,2025-01-13 21:06:45,2025-01-13 21:13:05,N,1.0,260,82,1.0,0.92,7.9,1.0,0.5,1.0,0.0,,1.0,11.4,1.0,1.0,0.0,0.0,1,2025-11-01 08:32:20.102174
2,2025-01-13 21:04:35,2025-01-13 21:11:44,N,1.0,75,42,1.0,1.88,10.7,1.0,0.5,2.64,0.0,,1.0,15.84,1.0,1.0,0.0,0.0,1,2025-11-01 08:32:20.102174
2,2025-01-13 21:06:03,2025-01-13 21:13:14,N,1.0,95,102,1.0,1.38,9.3,1.0,0.5,2.36,0.0,,1.0,14.16,1.0,1.0,0.0,0.0,1,2025-11-01 08:32:20.102174
2,2025-01-13 21:09:49,2025-01-13 21:15:47,N,1.0,95,95,1.0,0.86,7.9,1.0,0.5,0.0,0.0,,1.0,10.4,1.0,1.0,0.0,0.0,1,2025-11-01 08:32:20.102174
2,2025-01-13 21:43:29,2025-01-13 21:55:46,N,1.0,95,160,1.0,2.04,13.5,1.0,0.5,1.0,0.0,,1.0,17.0,1.0,1.0,0.0,0.0,1,2025-11-01 08:32:20.102174
2,2025-01-13 21:45:23,2025-01-13 21:54:21,N,1.0,7,193,1.0,1.45,10.7,1.0,0.5,2.64,0.0,,1.0,15.84,1.0,1.0,0.0,0.0,1,2025-11-01 08:32:20.102174
2,2025-01-13 20:54:55,2025-01-13 21:02:13,N,1.0,74,41,1.0,1.4,9.3,1.0,0.5,2.36,0.0,,1.0,14.16,1.0,1.0,0.0,0.0,1,2025-11-01 08:32:20.102174
2,2025-01-13 21:27:29,2025-01-13 21:41:49,N,1.0,74,244,1.0,3.46,19.1,1.0,0.5,0.0,0.0,,1.0,21.6,2.0,1.0,0.0,0.0,1,2025-11-01 08:32:20.102174
2,2025-01-13 21:24:21,2025-01-13 21:31:40,N,1.0,75,42,1.0,1.68,10.0,1.0,0.5,1.88,0.0,,1.0,14.38,1.0,1.0,0.0,0.0,1,2025-11-01 08:32:20.102174
2,2025-01-13 21:37:04,2025-01-13 21:47:43,N,1.0,74,238,1.0,2.64,14.2,1.0,0.5,3.89,0.0,,1.0,23.34,1.0,1.0,2.75,0.0,1,2025-11-01 08:32:20.102174
2,2025-01-13 21:33:02,2025-01-13 21:45:06,N,1.0,82,129,1.0,1.61,12.1,1.0,0.5,4.38,0.0,,1.0,18.98,1.0,1.0,0.0,0.0,1,2025-11-01 08:32:20.102174
2,2025-01-13 21:15:21,2025-01-13 21:29:00,N,1.0,95,19,1.0,8.33,32.4,1.0,0.5,6.98,0.0,,1.0,41.88,1.0,1.0,0.0,0.0,1,2025-11-01 08:32:20.102174
2,2025-01-13 21:30:48,2025-01-13 21:49:05,N,1.0,66,45,5.0,3.86,19.8,1.0,0.5,6.26,0.0,,1.0,31.31,1.0,1.0,2.75,0.0,1,2025-11-01 08:32:20.102174
2,2025-01-13 21:42:37,2025-01-13 21:49:21,N,1.0,146,7,1.0,1.57,9.3,1.0,0.5,3.54,0.0,,1.0,15.34,1.0,1.0,0.0,0.0,1,2025-11-01 08:32:20.102174
2,2025-01-13 21:28:14,2025-01-13 21:34:00,N,1.0,95,95,1.0,0.93,7.9,1.0,0.5,2.08,0.0,,1.0,12.48,1.0,1.0,0.0,0.0,1,2025-11-01 08:32:20.102174
2,2025-01-13 21:00:06,2025-01-13 21:14:28,N,1.0,75,48,1.0,4.76,21.9,1.0,0.5,5.58,0.0,,1.0,33.48,1.0,1.0,2.75,0.75,1,2025-11-01 08:32:20.102174
2,2025-01-13 21:00:35,2025-01-13 21:19:56,N,1.0,130,205,1.0,3.59,19.8,1.0,0.5,4.46,0.0,,1.0,26.76,1.0,1.0,0.0,0.0,1,2025-11-01 08:32:20.102174
2,2025-01-13 21:18:56,2025-01-13 21:26:51,N,1.0,95,196,1.0,0.29,8.6,1.0,0.5,2.22,0.0,,1.0,13.32,1.0,1.0,0.0,0.0,1,2025-11-01 08:32:20.102174
2,2025-01-13 21:01:18,2025-01-13 21:01:22,N,5.0,210,210,1.0,0.0,9.0,0.0,0.0,2.0,0.0,,1.0,12.0,1.0,2.0,0.0,0.0,1,2025-11-01 08:32:20.102174
2,2025-01-13 21:55:25,2025-01-13 22:00:54,N,1.0,129,129,1.0,0.75,5.5,0.5,0.5,0.0,0.0,,0.3,6.8,2.0,1.0,0.0,0.0,1,2025-11-01 08:32:20.102174
2,2025-01-13 21:46:24,2025-01-13 21:50:33,N,1.0,33,25,1.0,0.66,5.8,1.0,0.5,1.66,0.0,,1.0,9.96,1.0,1.0,0.0,0.0,1,2025-11-01 08:32:20.102174
2,2025-01-13 21:00:46,2025-01-13 21:08:22,N,1.0,75,263,5.0,1.45,10.0,1.0,0.5,2.0,0.0,,1.0,17.25,1.0,1.0,2.75,0.0,1,2025-11-01 08:32:20.102174
2,2025-01-13 21:30:01,2025-01-13 22:02:09,N,1.0,75,257,5.0,13.8,54.8,1.0,0.5,15.01,0.0,,1.0,75.06,1.0,1.0,2.75,0.0,1,2025-11-01 08:32:20.102174
2,2025-01-13 21:08:50,2025-01-13 21:17:00,N,1.0,97,97,1.0,1.2,9.3,1.0,0.5,1.5,0.0,,1.0,13.3,1.0,1.0,0.0,0.0,1,2025-11-01 08:32:20.102174
2,2025-01-13 21:12:02,2025-01-13 21:19:45,N,1.0,43,262,1.0,1.13,9.3,1.0,0.5,0.0,0.0,,1.0,14.55,2.0,1.0,2.75,0.0,1,2025-11-01 08:32:20.102174
2,2025-01-13 21:34:38,2025-01-13 21:52:36,N,1.0,97,61,1.0,3.46,20.5,1.0,0.5,1.5,0.0,,1.0,24.5,1.0,1.0,0.0,0.0,1,2025-11-01 08:32:20.102174
2,2025-01-13 21:42:16,2025-01-13 21:53:38,N,1.0,74,236,1.0,2.22,14.2,1.0,0.5,2.92,0.0,,1.0,22.37,1.0,1.0,2.75,0.0,1,2025-11-01 08:32:20.102174
2,2025-01-13 21:36:07,2025-01-13 21:44:25,N,1.0,74,236,1.0,1.84,10.7,1.0,0.5,3.19,0.0,,1.0,19.14,1.0,1.0,2.75,0.0,1,2025-11-01 08:32:20.102174
2,2025-01-13 21:12:12,2025-01-13 21:21:13,N,1.0,75,262,1.0,1.27,10.0,1.0,0.5,2.0,0.0,,1.0,17.25,1.0,1.0,2.75,0.0,1,2025-11-01 08:32:20.102174
2,2025-01-13 21:33:53,2025-01-13 21:45:52,N,1.0,75,143,1.0,3.27,16.3,1.0,0.5,4.31,0.0,,1.0,25.86,1.0,1.0,2.75,0.0,1,2025-11-01 08:32:20.102174
2,2025-01-13 21:22:18,2025-01-13 21:33:42,N,1.0,75,141,1.0,2.31,13.5,1.0,0.5,3.75,0.0,,1.0,22.5,1.0,1.0,2.75,0.0,1,2025-11-01 08:32:20.102174
2,2025-01-13 21:27:16,2025-01-13 21:47:37,N,1.0,74,43,1.0,2.35,19.1,1.0,0.5,4.87,0.0,,1.0,29.22,1.0,1.0,2.75,0.0,1,2025-11-01 08:32:20.102174
2,2025-01-13 21:20:40,2025-01-13 22:16:42,N,1.0,82,145,1.0,7.97,52.7,1.0,0.5,0.0,0.0,,1.0,55.2,2.0,1.0,0.0,0.0,1,2025-11-01 08:32:20.102174
2,2025-01-13 21:13:55,2025-01-13 21:21:35,N,1.0,130,130,1.0,1.11,8.6,1.0,0.5,0.0,0.0,,1.0,11.1,2.0,1.0,0.0,0.0,1,2025-11-01 08:32:20.102174
2,2025-01-13 21:13:20,2025-01-13 21:19:05,N,1.0,43,236,1.0,0.84,7.2,1.0,0.5,2.49,0.0,,1.0,14.94,1.0,1.0,2.75,0.0,1,2025-11-01 08:32:20.102174
2,2025-01-13 21:24:20,2025-01-13 21:44:36,N,1.0,75,232,1.0,6.73,30.3,1.0,0.5,0.0,0.0,,1.0,36.3,1.0,1.0,2.75,0.75,1,2025-11-01 08:32:20.102174
2,2025-01-13 21:22:19,2025-01-13 21:29:45,N,1.0,43,263,1.0,1.27,9.3,1.0,0.5,2.91,0.0,,1.0,17.46,1.0,1.0,2.75,0.0,1,2025-11-01 08:32:20.102174
2,2025-01-13 21:48:53,2025-01-13 21:53:18,N,1.0,75,43,1.0,0.33,5.1,1.0,0.5,0.38,0.0,,1.0,7.98,1.0,1.0,0.0,0.0,1,2025-11-01 08:32:20.102174
2,2025-01-13 21:07:20,2025-01-13 21:12:57,N,1.0,95,95,1.0,1.11,7.9,1.0,0.5,3.12,0.0,,1.0,13.52,1.0,1.0,0.0,0.0,1,2025-11-01 08:32:20.102174
2,2025-01-13 21:29:36,2025-01-13 21:33:14,N,1.0,95,95,1.0,0.66,5.8,1.0,0.5,1.66,0.0,,1.0,9.96,1.0,1.0,0.0,0.0,1,2025-11-01 08:32:20.102174
2,2025-01-13 20:56:36,2025-01-13 21:07:14,N,1.0,74,166,1.0,1.45,11.4,1.0,0.5,2.08,0.0,,1.0,15.98,1.0,1.0,0.0,0.0,1,2025-11-01 08:32:20.102174
1,2025-01-13 21:05:55,2025-01-13 21:14:25,N,1.0,75,74,1.0,0.0,8.6,1.0,1.5,0.0,0.0,,1.0,11.1,2.0,1.0,0.0,0.0,1,2025-11-01 08:32:20.102174
1,2025-01-13 21:43:02,2025-01-13 21:48:29,N,1.0,75,75,1.0,0.0,6.5,1.0,1.5,0.0,0.0,,1.0,9.0,1.0,1.0,0.0,0.0,1,2025-11-01 08:32:20.102174
2,2025-01-13 21:10:09,2025-01-13 21:15:28,N,1.0,52,54,1.0,0.99,7.2,1.0,0.5,1.94,0.0,,1.0,11.64,1.0,1.0,0.0,0.0,1,2025-11-01 08:32:20.102174
2,2025-01-13 20:58:46,2025-01-13 21:11:55,N,1.0,75,48,1.0,3.16,17.0,1.0,0.5,6.9,0.0,,1.0,29.9,1.0,1.0,2.75,0.75,1,2025-11-01 08:32:20.102174
2,2025-01-13 21:34:58,2025-01-13 21:46:26,N,1.0,75,141,1.0,2.22,14.2,1.0,0.5,3.89,0.0,,1.0,23.34,1.0,1.0,2.75,0.0,1,2025-11-01 08:32:20.102174
2,2025-01-13 21:36:02,2025-01-13 21:40:28,N,1.0,95,95,1.0,0.84,6.5,1.0,0.5,1.8,0.0,,1.0,10.8,1.0,1.0,0.0,0.0,1,2025-11-01 08:32:20.102174
1,2025-01-13 21:40:35,2025-01-13 21:45:11,N,1.0,33,54,1.0,0.8,6.5,1.0,1.5,2.25,0.0,,1.0,11.25,1.0,1.0,0.0,0.0,1,2025-11-01 08:32:20.102174
2,2025-01-13 22:15:50,2025-01-13 22:27:20,N,1.0,97,188,1.0,2.39,14.2,1.0,0.5,5.01,0.0,,1.0,21.71,1.0,1.0,0.0,0.0,1,2025-11-01 08:32:20.102174
2,2025-01-13 22:40:54,2025-01-13 22:46:19,N,1.0,65,49,1.0,1.2,7.9,1.0,0.5,2.08,0.0,,1.0,12.48,1.0,1.0,0.0,0.0,1,2025-11-01 08:32:20.102174
1,2025-01-13 22:45:16,2025-01-13 23:18:21,N,5.0,260,216,0.0,7.2,40.0,0.0,0.0,0.0,0.0,,0.0,40.0,2.0,2.0,0.0,0.0,1,2025-11-01 08:32:20.102174
2,2025-01-13 22:54:05,2025-01-13 23:04:13,N,1.0,83,173,1.0,1.45,11.4,1.0,0.5,4.17,0.0,,1.0,18.07,1.0,1.0,0.0,0.0,1,2025-11-01 08:32:20.102174
2,2025-01-13 20:49:30,2025-01-13 20:54:35,N,1.0,75,151,1.0,1.46,7.9,1.0,0.5,1.0,0.0,,1.0,11.4,1.0,1.0,0.0,0.0,1,2025-11-01 08:32:20.102174
1,2025-01-13 22:36:11,2025-01-13 22:39:05,N,1.0,244,244,1.0,0.5,5.1,1.0,1.5,0.0,0.0,,1.0,7.6,2.0,1.0,0.0,0.0,1,2025-11-01 08:32:20.102174
2,2025-01-13 22:05:42,2025-01-13 22:16:37,N,1.0,97,17,1.0,2.17,12.8,1.0,0.5,3.06,0.0,,1.0,18.36,1.0,1.0,0.0,0.0,1,2025-11-01 08:32:20.102174
1,2025-01-13 22:29:58,2025-01-13 22:35:52,N,1.0,260,226,1.0,1.2,7.9,1.0,1.5,3.1,0.0,,1.0,13.5,1.0,1.0,0.0,0.0,1,2025-11-01 08:32:20.102174
2,2025-01-13 22:13:15,2025-01-13 22:20:34,N,1.0,75,263,1.0,1.63,10.0,1.0,0.5,2.29,0.0,,1.0,17.54,1.0,1.0,2.75,0.0,1,2025-11-01 08:32:20.102174
2,2025-01-13 22:34:35,2025-01-13 22:46:26,N,1.0,75,233,1.0,3.32,17.0,1.0,0.5,4.6,0.0,,1.0,27.6,1.0,1.0,2.75,0.75,1,2025-11-01 08:32:20.102174
2,2025-01-13 22:19:30,2025-01-13 22:28:17,N,1.0,42,41,1.0,1.68,11.4,1.0,0.5,2.78,0.0,,1.0,16.68,1.0,1.0,0.0,0.0,1,2025-11-01 08:32:20.102174
2,2025-01-13 22:05:00,2025-01-13 22:09:26,N,1.0,75,74,1.0,0.99,7.2,1.0,0.5,0.0,0.0,,1.0,9.7,2.0,1.0,0.0,0.0,1,2025-11-01 08:32:20.102174
2,2025-01-13 22:40:23,2025-01-13 22:44:16,N,1.0,130,28,1.0,0.89,6.5,1.0,0.5,2.25,0.0,,1.0,11.25,1.0,1.0,0.0,0.0,1,2025-11-01 08:32:20.102174
2,2025-01-13 22:03:11,2025-01-13 22:09:21,N,1.0,75,236,1.0,1.03,7.9,1.0,0.5,0.0,0.0,,1.0,13.15,2.0,1.0,2.75,0.0,1,2025-11-01 08:32:20.102174
2,2025-01-13 22:40:34,2025-01-13 22:44:32,N,1.0,7,7,5.0,0.74,6.5,1.0,0.5,1.8,0.0,,1.0,10.8,1.0,1.0,0.0,0.0,1,2025-11-01 08:32:20.102174
2,2025-01-13 22:18:26,2025-01-13 22:36:57,N,1.0,66,97,5.0,2.56,17.7,1.0,0.5,5.05,0.0,,1.0,25.25,1.0,1.0,0.0,0.0,1,2025-11-01 08:32:20.102174
2,2025-01-13 22:00:20,2025-01-13 22:08:59,N,1.0,75,263,1.0,1.07,9.3,1.0,0.5,0.0,0.0,,1.0,14.55,2.0,1.0,2.75,0.0,1,2025-11-01 08:32:20.102174
2,2025-01-13 22:46:22,2025-01-13 22:57:29,N,1.0,166,116,1.0,1.51,12.1,1.0,0.5,0.0,0.0,,1.0,14.6,2.0,1.0,0.0,0.0,1,2025-11-01 08:32:20.102174
2,2025-01-13 22:19:35,2025-01-13 22:27:47,N,1.0,66,65,1.0,1.17,9.3,1.0,0.5,2.36,0.0,,1.0,14.16,1.0,1.0,0.0,0.0,1,2025-11-01 08:32:20.102174
2,2025-01-13 22:46:33,2025-01-13 23:12:29,N,5.0,66,173,1.0,11.87,30.0,0.0,0.0,5.0,0.0,,1.0,36.0,1.0,2.0,0.0,0.0,1,2025-11-01 08:32:20.102174
2,2025-01-13 22:18:22,2025-01-13 22:18:24,N,5.0,49,264,1.0,0.0,13.0,0.0,0.0,3.5,0.0,,1.0,17.5,1.0,2.0,0.0,0.0,1,2025-11-01 08:32:20.102174
2,2025-01-13 22:45:38,2025-01-13 22:52:22,N,1.0,65,49,1.0,1.11,8.6,1.0,0.5,0.0,0.0,,1.0,11.1,2.0,1.0,0.0,0.0,1,2025-11-01 08:32:20.102174
2,2025-01-13 22:45:04,2025-01-13 22:51:18,N,1.0,7,179,2.0,1.03,7.9,1.0,0.5,3.12,0.0,,1.0,13.52,1.0,1.0,0.0,0.0,1,2025-11-01 08:32:20.102174
2,2025-01-13 22:04:53,2025-01-13 22:11:37,N,1.0,75,24,1.0,1.46,9.3,1.0,0.5,3.54,0.0,,1.0,15.34,1.0,1.0,0.0,0.0,1,2025-11-01 08:32:20.102174
2,2025-01-13 22:42:01,2025-01-13 22:47:17,N,1.0,74,42,1.0,1.36,8.6,1.0,0.5,1.0,0.0,,1.0,12.1,1.0,1.0,0.0,0.0,1,2025-11-01 08:32:20.102174
2,2025-01-13 22:17:43,2025-01-13 22:24:24,N,1.0,75,238,1.0,1.3,8.6,1.0,0.5,2.77,0.0,,1.0,16.62,1.0,1.0,2.75,0.0,1,2025-11-01 08:32:20.102174
2,2025-01-13 22:58:51,2025-01-13 23:07:08,N,1.0,129,82,1.0,1.08,9.3,1.0,0.5,2.36,0.0,,1.0,14.16,1.0,1.0,0.0,0.0,1,2025-11-01 08:32:20.102174
2,2025-01-13 22:35:01,2025-01-13 22:57:28,N,1.0,74,244,1.0,3.95,23.3,1.0,0.5,5.16,0.0,,1.0,30.96,1.0,1.0,0.0,0.0,1,2025-11-01 08:32:20.102174
2,2025-01-13 22:57:54,2025-01-13 23:09:32,N,1.0,244,143,1.0,5.43,23.3,1.0,0.5,4.0,0.0,,1.0,32.55,1.0,1.0,2.75,0.0,1,2025-11-01 08:32:20.102174
2,2025-01-13 22:37:36,2025-01-13 22:46:48,N,1.0,74,238,1.0,2.41,12.8,1.0,0.5,3.82,0.0,,1.0,19.12,1.0,1.0,0.0,0.0,1,2025-11-01 08:32:20.102174
1,2025-01-13 22:56:13,2025-01-13 23:08:31,N,1.0,25,257,1.0,2.7,14.2,1.0,1.5,0.0,0.0,,1.0,16.7,2.0,1.0,0.0,0.0,1,2025-11-01 08:32:20.102174
2,2025-01-13 23:54:10,2025-01-13 23:54:13,N,5.0,92,264,1.0,0.0,10.0,0.0,0.0,0.0,0.0,,1.0,11.0,1.0,2.0,0.0,0.0,1,2025-11-01 08:32:20.102174
2,2025-01-13 23:43:01,2025-01-13 23:51:57,N,1.0,223,168,1.0,3.94,17.7,1.0,0.5,8.14,6.94,,1.0,35.28,1.0,1.0,0.0,0.0,1,2025-11-01 08:32:20.102174
2,2025-01-13 23:25:29,2025-01-13 23:31:03,N,1.0,82,260,1.0,0.99,7.2,1.0,0.5,0.0,0.0,,1.0,9.7,2.0,1.0,0.0,0.0,1,2025-11-01 08:32:20.102174
2,2025-01-13 23:34:28,2025-01-13 23:52:43,N,1.0,130,191,1.0,4.58,22.6,1.0,0.5,0.0,0.0,,1.0,25.1,2.0,1.0,0.0,0.0,1,2025-11-01 08:32:20.102174
2,2025-01-13 21:11:38,2025-01-13 21:24:16,N,1.0,166,143,1.0,2.41,15.6,1.0,0.5,4.17,0.0,,1.0,25.02,1.0,1.0,2.75,0.0,1,2025-11-01 08:32:20.102174
2,2025-01-13 22:05:24,2025-01-13 22:13:45,N,1.0,263,229,1.0,2.13,12.1,1.0,0.5,3.62,0.0,,1.0,21.72,1.0,1.0,2.75,0.75,1,2025-11-01 08:32:20.102174
2,2025-01-13 23:40:27,2025-01-13 23:46:37,N,1.0,66,33,1.0,1.13,7.9,1.0,0.5,2.08,0.0,,1.0,12.48,1.0,1.0,0.0,0.0,1,2025-11-01 08:32:20.102174
2,2025-01-13 23:16:52,2025-01-13 23:30:54,N,1.0,130,218,1.0,3.05,16.3,1.0,0.5,0.0,0.0,,1.0,18.8,1.0,1.0,0.0,0.0,1,2025-11-01 08:32:20.102174
2,2025-01-13 23:02:05,2025-01-13 23:10:19,N,1.0,244,243,2.0,0.93,8.6,1.0,0.5,0.0,0.0,,1.0,11.1,2.0,1.0,0.0,0.0,1,2025-11-01 08:32:20.102174
2,2025-01-13 23:31:58,2025-01-13 23:40:50,N,1.0,75,41,1.0,1.36,9.3,1.0,0.5,1.0,0.0,,1.0,12.8,1.0,1.0,0.0,0.0,1,2025-11-01 08:32:20.102174
2,2025-01-13 23:25:10,2025-01-13 23:28:30,N,1.0,95,95,1.0,0.77,5.8,1.0,0.5,1.66,0.0,,1.0,9.96,1.0,1.0,0.0,0.0,1,2025-11-01 08:32:20.102174
2,2025-01-13 23:13:08,2025-01-13 23:23:32,N,1.0,95,135,1.0,2.13,12.8,1.0,0.5,3.82,0.0,,1.0,19.12,1.0,1.0,0.0,0.0,1,2025-11-01 08:32:20.102174
2,2025-01-13 23:39:11,2025-01-13 23:45:43,N,1.0,95,196,1.0,1.07,7.9,1.0,0.5,2.6,0.0,,1.0,13.0,1.0,1.0,0.0,0.0,1,2025-11-01 08:32:20.102174
2,2025-01-13 23:45:53,2025-01-13 23:49:58,N,1.0,55,55,1.0,0.01,5.8,1.0,0.5,0.0,0.0,,1.0,8.3,2.0,1.0,0.0,0.0,1,2025-11-01 08:32:20.102174
2,2025-01-13 23:33:32,2025-01-13 23:35:19,N,1.0,7,7,2.0,0.36,4.4,1.0,0.5,0.0,0.0,,1.0,6.9,2.0,1.0,0.0,0.0,1,2025-11-01 08:32:20.102174
2,2025-01-13 23:11:23,2025-01-13 23:17:30,N,1.0,43,74,1.0,1.62,9.3,1.0,0.5,1.18,0.0,,1.0,12.98,1.0,1.0,0.0,0.0,1,2025-11-01 08:32:20.102174
2,2025-01-13 23:26:32,2025-01-13 23:35:40,N,1.0,43,236,1.0,1.13,7.2,1.0,0.5,0.0,0.0,,1.0,12.45,2.0,1.0,2.75,0.0,1,2025-11-01 08:32:20.102174
1,2025-01-13 23:42:19,2025-01-13 23:58:35,N,1.0,82,173,1.0,1.5,15.6,1.0,1.5,2.0,0.0,,1.0,20.1,1.0,1.0,0.0,0.0,1,2025-11-01 08:32:20.102174
2,2025-01-13 22:59:23,2025-01-13 23:09:56,N,1.0,95,70,5.0,5.55,24.0,1.0,0.5,1.5,0.0,,1.0,28.0,1.0,1.0,0.0,0.0,1,2025-11-01 08:32:20.102174
2,2025-01-13 23:35:32,2025-01-13 23:41:43,N,1.0,7,179,5.0,0.86,7.9,1.0,0.5,1.56,0.0,,1.0,11.96,1.0,1.0,0.0,0.0,1,2025-11-01 08:32:20.102174
2,2025-01-13 23:31:23,2025-01-13 23:32:07,N,1.0,74,74,1.0,0.0,3.0,1.0,0.5,0.0,0.0,,1.0,5.5,2.0,1.0,0.0,0.0,1,2025-11-01 08:32:20.102174
2,2025-01-13 23:27:24,2025-01-13 23:37:22,N,1.0,75,239,1.0,2.34,12.8,1.0,0.5,1.0,0.0,,1.0,19.05,1.0,1.0,2.75,0.0,1,2025-11-01 08:32:20.102174
2,2025-01-13 23:52:57,2025-01-14 00:18:07,N,1.0,11,265,1.0,21.41,77.9,1.0,0.5,0.0,0.0,,1.0,80.4,2.0,1.0,0.0,0.0,1,2025-11-01 08:32:20.102174
2,2025-01-13 22:55:43,2025-01-13 23:05:08,N,1.0,41,247,1.0,2.13,12.8,1.0,0.5,0.0,0.0,,1.0,15.3,2.0,1.0,0.0,0.0,1,2025-11-01 08:32:20.102174
2,2025-01-13 23:29:47,2025-01-13 23:31:50,N,1.0,74,42,1.0,0.45,4.4,1.0,0.5,1.38,0.0,,1.0,8.28,1.0,1.0,0.0,0.0,1,2025-11-01 08:32:20.102174
2,2025-01-13 23:24:49,2025-01-13 23:33:08,N,1.0,95,135,1.0,1.59,10.7,1.0,0.5,2.64,0.0,,1.0,15.84,1.0,1.0,0.0,0.0,1,2025-11-01 08:32:20.102174
2,2025-01-13 22:54:09,2025-01-13 22:59:56,N,1.0,74,43,1.0,1.5,8.6,1.0,0.5,0.0,0.0,,1.0,11.1,2.0,1.0,0.0,0.0,1,2025-11-01 08:32:20.102174
2,2025-01-13 23:53:06,2025-01-13 23:58:07,N,1.0,75,74,1.0,1.41,8.6,1.0,0.5,0.01,0.0,,1.0,11.11,1.0,1.0,0.0,0.0,1,2025-11-01 08:32:20.102174
2,2025-01-20 00:31:24,2025-01-20 00:47:11,N,1.0,74,235,1.0,4.7,20.5,1.0,0.5,4.6,0.0,,1.0,27.6,1.0,1.0,0.0,0.0,1,2025-11-01 08:32:20.102174
2,2025-01-20 14:28:28,2025-01-20 14:42:50,N,1.0,95,134,1.0,2.49,14.9,0.0,0.5,0.0,0.0,,1.0,16.4,2.0,1.0,0.0,0.0,1,2025-11-01 08:32:20.102174
2,2025-01-20 21:36:44,2025-01-20 21:50:17,N,1.0,74,142,1.0,3.58,17.7,1.0,0.5,0.0,0.0,,1.0,22.95,2.0,1.0,2.75,0.0,1,2025-11-01 08:32:20.102174
2,2025-01-20 00:10:12,2025-01-20 00:18:54,N,1.0,74,41,1.0,1.11,10.0,1.0,0.5,2.5,0.0,,1.0,15.0,1.0,1.0,0.0,0.0,1,2025-11-01 08:32:20.102174
2,2025-01-20 00:20:25,2025-01-20 00:37:18,N,1.0,41,243,1.0,4.83,23.3,1.0,0.5,0.0,0.0,,1.0,25.8,2.0,1.0,0.0,0.0,1,2025-11-01 08:32:20.102174
2,2025-01-20 00:45:36,2025-01-20 00:49:19,N,5.0,92,92,2.0,0.49,7.0,0.0,0.0,1.6,0.0,,1.0,9.6,1.0,2.0,0.0,0.0,1,2025-11-01 08:32:20.102174
2,2025-01-20 00:19:55,2025-01-20 00:34:11,N,1.0,116,248,2.0,6.14,26.8,1.0,0.5,0.0,0.0,,1.0,29.3,2.0,1.0,0.0,0.0,1,2025-11-01 08:32:20.102174
2,2025-01-20 00:13:47,2025-01-20 00:26:58,N,1.0,116,151,1.0,2.11,14.9,1.0,0.5,0.0,0.0,,1.0,17.4,2.0,1.0,0.0,0.0,1,2025-11-01 08:32:20.102174
2,2025-01-20 00:52:12,2025-01-20 00:55:42,N,1.0,43,75,1.0,0.4,5.1,1.0,0.5,0.0,0.0,,1.0,7.6,2.0,1.0,0.0,0.0,1,2025-11-01 08:32:20.102174
2,2025-01-20 00:09:13,2025-01-20 00:22:15,N,1.0,74,236,1.0,2.12,14.2,1.0,0.5,1.94,0.0,,1.0,21.39,1.0,1.0,2.75,0.0,1,2025-11-01 08:32:20.102174
2,2025-01-20 00:10:33,2025-01-20 00:21:28,N,1.0,74,141,1.0,2.72,14.2,1.0,0.5,1.94,0.0,,1.0,21.39,1.0,1.0,2.75,0.0,1,2025-11-01 08:32:20.102174
2,2025-01-20 00:36:30,2025-01-20 00:50:32,N,1.0,95,121,1.0,2.5,14.9,1.0,0.5,3.48,0.0,,1.0,20.88,1.0,1.0,0.0,0.0,1,2025-11-01 08:32:20.102174
2,2025-01-20 00:20:46,2025-01-20 00:27:25,N,1.0,129,129,1.0,1.1,6.5,0.5,0.5,0.0,0.0,,0.3,7.8,2.0,1.0,0.0,0.0,1,2025-11-01 08:32:20.102174
2,2025-01-20 00:32:52,2025-01-20 00:40:30,N,1.0,82,83,1.0,0.89,8.6,1.0,0.5,2.22,0.0,,1.0,13.32,1.0,1.0,0.0,0.0,1,2025-11-01 08:32:20.102174
2,2025-01-20 00:27:13,2025-01-20 00:56:16,N,1.0,93,265,1.0,15.45,59.7,1.0,0.5,0.0,0.0,,1.0,62.2,2.0,1.0,0.0,0.0,1,2025-11-01 08:32:20.102174
2,2025-01-20 00:14:43,2025-01-20 00:29:42,N,1.0,74,238,1.0,2.69,16.3,1.0,0.5,1.0,0.0,,1.0,22.55,1.0,1.0,2.75,0.0,1,2025-11-01 08:32:20.102174
2,2025-01-20 01:12:41,2025-01-20 01:16:17,N,1.0,75,263,1.0,0.59,5.1,1.0,0.5,2.07,0.0,,1.0,12.42,1.0,1.0,2.75,0.0,1,2025-11-01 08:32:20.102174
2,2025-01-20 01:23:01,2025-01-20 01:48:02,N,1.0,82,198,1.0,4.3,24.7,1.0,0.5,6.8,0.0,,1.0,34.0,1.0,1.0,0.0,0.0,1,2025-11-01 08:32:20.102174
2,2025-01-20 01:57:16,2025-01-20 02:09:57,N,1.0,198,196,2.0,2.72,15.6,1.0,0.5,0.0,0.0,,1.0,18.1,2.0,1.0,0.0,0.0,1,2025-11-01 08:32:20.102174
2,2025-01-20 01:43:47,2025-01-20 03:03:49,N,1.0,56,56,1.0,13.45,77.2,1.0,0.5,1.0,0.0,,1.0,80.7,1.0,1.0,0.0,0.0,1,2025-11-01 08:32:20.102174
2,2025-01-20 01:35:54,2025-01-20 01:36:19,N,5.0,129,83,1.0,0.15,10.0,0.0,0.0,1.0,0.0,,1.0,12.0,1.0,2.0,0.0,0.0,1,2025-11-01 08:32:20.102174
2,2025-01-20 01:16:35,2025-01-20 01:22:36,N,1.0,116,244,1.0,1.14,8.6,1.0,0.5,0.0,0.0,,1.0,11.1,2.0,1.0,0.0,0.0,1,2025-11-01 08:32:20.102174
2,2025-01-20 01:40:04,2025-01-20 01:53:21,N,1.0,116,126,2.0,5.53,24.7,1.0,0.5,0.0,0.0,,1.0,27.2,2.0,1.0,0.0,0.0,1,2025-11-01 08:32:20.102174
2,2025-01-20 01:30:00,2025-01-20 01:34:27,N,1.0,75,74,1.0,0.96,7.2,1.0,0.5,2.91,0.0,,1.0,12.61,1.0,1.0,0.0,0.0,1,2025-11-01 08:32:20.102174
2,2025-01-20 01:05:41,2025-01-20 01:12:33,N,1.0,74,166,1.0,1.33,8.6,1.0,0.5,3.33,0.0,,1.0,14.43,1.0,1.0,0.0,0.0,1,2025-11-01 08:32:20.102174
2,2025-01-20 01:52:59,2025-01-20 02:04:02,N,1.0,74,263,1.0,2.14,13.5,1.0,0.5,3.75,0.0,,1.0,22.5,1.0,1.0,2.75,0.0,1,2025-11-01 08:32:20.102174
2,2025-01-20 01:45:10,2025-01-20 01:53:03,N,1.0,82,70,1.0,3.16,11.0,0.5,0.5,0.0,0.0,,0.3,12.3,2.0,1.0,0.0,0.0,1,2025-11-01 08:32:20.102174
2,2025-01-20 00:59:44,2025-01-20 01:08:58,N,1.0,226,161,1.0,2.91,14.2,1.0,0.5,0.0,0.0,,1.0,20.2,2.0,1.0,2.75,0.75,1,2025-11-01 08:32:20.102174
2,2025-01-20 01:24:52,2025-01-20 01:40:24,N,1.0,226,129,1.0,2.64,16.3,1.0,0.5,0.0,0.0,,1.0,18.8,2.0,1.0,0.0,0.0,1,2025-11-01 08:32:20.102174
2,2025-01-20 02:01:54,2025-01-20 02:08:00,N,1.0,147,126,1.0,0.85,7.9,1.0,0.5,2.08,0.0,,1.0,12.48,1.0,1.0,0.0,0.0,1,2025-11-01 08:32:20.102174
2,2025-01-20 02:22:56,2025-01-20 02:31:13,N,1.0,159,47,1.0,1.64,10.7,1.0,0.5,0.0,0.0,,1.0,13.2,2.0,1.0,0.0,0.0,1,2025-11-01 08:32:20.102174
2,2025-01-20 02:05:03,2025-01-20 02:18:22,N,1.0,82,70,1.0,1.54,12.8,1.0,0.5,0.0,0.0,,1.0,15.3,1.0,1.0,0.0,0.0,1,2025-11-01 08:32:20.102174
1,2025-01-20 02:12:41,2025-01-20 02:17:59,N,1.0,7,7,1.0,1.2,7.9,1.0,1.5,0.0,0.0,,1.0,10.4,1.0,1.0,0.0,0.0,1,2025-11-01 08:32:20.102174
2,2025-01-20 02:58:39,2025-01-20 03:13:38,N,1.0,244,241,2.0,3.44,17.0,1.0,0.5,0.0,0.0,,1.0,19.5,2.0,1.0,0.0,0.0,1,2025-11-01 08:32:20.102174
2,2025-01-20 03:57:52,2025-01-20 04:09:35,N,1.0,116,136,1.0,4.86,21.9,1.0,0.5,0.0,0.0,,1.0,24.4,2.0,1.0,0.0,0.0,1,2025-11-01 08:32:20.102174
2,2025-01-20 03:26:35,2025-01-20 03:35:20,N,1.0,82,138,1.0,3.84,13.0,5.5,0.5,3.86,0.0,,0.3,23.16,1.0,1.0,0.0,0.0,1,2025-11-01 08:32:20.102174
2,2025-01-20 03:05:45,2025-01-20 03:12:36,N,1.0,37,37,1.0,1.26,9.3,1.0,0.5,2.36,0.0,,1.0,14.16,1.0,1.0,0.0,0.0,1,2025-11-01 08:32:20.102174
1,2025-01-20 03:11:44,2025-01-20 03:18:59,N,1.0,129,138,1.0,3.6,16.3,6.0,1.5,0.0,0.0,,1.0,23.8,1.0,1.0,0.0,0.0,1,2025-11-01 08:32:20.102174
2,2025-01-20 04:11:45,2025-01-20 04:20:59,N,1.0,82,56,1.0,1.91,11.4,1.0,0.5,2.78,0.0,,1.0,16.68,1.0,1.0,0.0,0.0,1,2025-11-01 08:32:20.102174
2,2025-01-20 04:23:10,2025-01-20 04:33:56,N,1.0,247,241,1.0,2.54,14.2,1.0,0.5,0.0,0.0,,1.0,16.7,2.0,1.0,0.0,0.0,1,2025-11-01 08:32:20.102174
2,2025-01-20 04:54:37,2025-01-20 05:01:48,N,1.0,82,129,1.0,2.23,12.1,1.0,0.5,0.0,0.0,,1.0,14.6,1.0,1.0,0.0,0.0,1,2025-11-01 08:32:20.102174
2,2025-01-20 05:02:03,2025-01-20 05:12:35,N,1.0,70,223,2.0,2.28,12.8,1.0,0.5,0.0,0.0,,1.0,15.3,2.0,1.0,0.0,0.0,1,2025-11-01 08:32:20.102174
2,2025-01-20 05:46:52,2025-01-20 06:13:31,N,5.0,92,132,4.0,10.72,75.0,0.0,0.0,15.2,0.0,,1.0,91.2,1.0,1.0,0.0,0.0,1,2025-11-01 08:32:20.102174
2,2025-01-20 05:52:57,2025-01-20 06:11:52,N,5.0,82,262,1.0,7.93,28.3,0.0,0.5,3.17,6.94,,1.0,42.66,1.0,1.0,2.75,0.0,1,2025-11-01 08:32:20.102174
2,2025-01-20 06:28:42,2025-01-20 06:32:39,N,1.0,74,74,1.0,0.89,6.5,0.0,0.5,2.0,0.0,,1.0,10.0,1.0,1.0,0.0,0.0,1,2025-11-01 08:32:20.102174
2,2025-01-20 06:43:48,2025-01-20 06:56:04,N,1.0,95,138,1.0,5.13,21.9,5.0,0.5,0.0,0.0,,1.0,28.4,2.0,1.0,0.0,0.0,1,2025-11-01 08:32:20.102174
2,2025-01-20 06:57:44,2025-01-20 07:02:38,N,1.0,74,75,1.0,0.91,7.2,0.0,0.5,2.18,0.0,,1.0,10.88,1.0,1.0,0.0,0.0,1,2025-11-01 08:32:20.102174
2,2025-01-20 06:58:42,2025-01-20 07:19:24,N,5.0,80,132,1.0,13.98,80.0,0.0,0.0,16.2,0.0,,1.0,97.2,1.0,2.0,0.0,0.0,1,2025-11-01 08:32:20.102174
2,2025-01-20 07:28:57,2025-01-20 07:33:44,N,1.0,74,75,1.0,1.42,7.9,0.0,0.5,1.88,0.0,,1.0,11.28,1.0,1.0,0.0,0.0,1,2025-11-01 08:32:20.102174
2,2025-01-20 07:45:51,2025-01-20 07:53:22,N,1.0,74,74,1.0,1.12,8.6,0.0,0.5,2.02,0.0,,1.0,12.12,1.0,1.0,0.0,0.0,1,2025-11-01 08:32:20.102174
2,2025-01-20 07:01:58,2025-01-20 07:06:46,N,1.0,41,166,2.0,0.93,7.2,0.0,0.5,0.0,0.0,,1.0,8.7,2.0,1.0,0.0,0.0,1,2025-11-01 08:32:20.102174
2,2025-01-20 07:09:47,2025-01-20 07:14:24,N,1.0,74,42,1.0,0.9,7.2,0.0,0.5,1.74,0.0,,1.0,10.44,1.0,1.0,0.0,0.0,1,2025-11-01 08:32:20.102174
2,2025-01-20 07:18:58,2025-01-20 07:23:39,N,1.0,42,42,1.0,0.0,5.8,0.0,0.5,0.0,0.0,,1.0,7.3,2.0,1.0,0.0,0.0,1,2025-11-01 08:32:20.102174
2,2025-01-20 07:04:47,2025-01-20 07:55:33,N,5.0,42,79,1.0,10.24,8.0,0.0,0.0,0.0,0.0,,1.0,12.5,2.0,2.0,2.75,0.75,1,2025-11-01 08:32:20.102174
1,2025-01-20 07:29:55,2025-01-20 07:42:06,N,1.0,74,262,0.0,2.5,13.5,2.75,1.5,0.0,0.0,,1.0,17.75,2.0,1.0,2.75,0.0,1,2025-11-01 08:32:20.102174
2,2025-01-20 07:38:58,2025-01-20 08:05:15,N,1.0,95,95,1.0,9.17,38.7,0.0,0.5,0.0,0.0,,1.0,40.2,2.0,1.0,0.0,0.0,1,2025-11-01 08:32:20.102174
2,2025-01-20 08:02:16,2025-01-20 08:44:35,N,1.0,191,250,1.0,20.09,78.6,0.0,0.5,0.0,6.94,,1.0,87.04,2.0,1.0,0.0,0.0,1,2025-11-01 08:32:20.102174
2,2025-01-20 07:51:10,2025-01-20 07:55:10,N,1.0,43,263,1.0,0.62,5.8,0.0,0.5,2.0,0.0,,1.0,12.05,1.0,1.0,2.75,0.0,1,2025-11-01 08:32:20.102174
1,2025-01-20 07:53:22,2025-01-20 08:04:43,N,1.0,166,236,1.0,2.2,12.8,2.75,1.5,0.0,0.0,,1.0,17.05,2.0,1.0,2.75,0.0,1,2025-11-01 08:32:20.102174
1,2025-01-20 07:43:19,2025-01-20 07:51:59,N,1.0,21,26,1.0,0.0,16.5,0.0,1.5,0.0,0.0,,1.0,18.0,1.0,1.0,0.0,0.0,1,2025-11-01 08:32:20.102174
2,2025-01-20 07:26:10,2025-01-20 07:31:39,N,1.0,74,75,2.0,1.39,8.6,0.0,0.5,2.52,0.0,,1.0,12.62,1.0,1.0,0.0,0.0,1,2025-11-01 08:32:20.102174
2,2025-01-20 07:39:34,2025-01-20 08:07:37,N,1.0,95,238,1.0,14.41,56.2,0.0,0.5,0.0,6.94,,1.0,64.64,2.0,1.0,0.0,0.0,1,2025-11-01 08:32:20.102174
2,2025-01-20 08:25:07,2025-01-20 08:28:23,N,1.0,7,7,1.0,0.49,5.1,0.0,0.5,0.0,0.0,,1.0,6.6,2.0,1.0,0.0,0.0,1,2025-11-01 08:32:20.102174
1,2025-01-20 08:54:12,2025-01-20 09:01:30,N,1.0,74,43,1.0,2.1,10.7,2.75,1.5,3.7,0.0,,1.0,18.65,1.0,1.0,2.75,0.0,1,2025-11-01 08:32:20.102174
2,2025-01-20 08:44:36,2025-01-20 08:54:23,N,1.0,43,236,1.0,0.0,9.3,0.0,0.5,2.0,0.0,,1.0,15.55,1.0,1.0,2.75,0.0,1,2025-11-01 08:32:20.102174
2,2025-01-20 08:54:46,2025-01-20 09:06:39,N,1.0,95,196,1.0,2.02,12.8,0.0,0.5,0.0,0.0,,1.0,14.3,2.0,1.0,0.0,0.0,1,2025-11-01 08:32:20.102174
2,2025-01-20 08:12:53,2025-01-20 08:26:54,N,1.0,24,243,1.0,4.76,20.5,0.0,0.5,2.0,0.0,,1.0,24.0,1.0,1.0,0.0,0.0,1,2025-11-01 08:32:20.102174
2,2025-01-20 08:23:35,2025-01-20 08:28:44,N,1.0,75,74,1.0,1.28,8.6,0.0,0.5,2.02,0.0,,1.0,12.12,1.0,1.0,0.0,0.0,1,2025-11-01 08:32:20.102174
2,2025-01-20 08:36:59,2025-01-20 08:41:23,N,1.0,75,42,1.0,1.61,8.6,0.0,0.5,1.01,0.0,,1.0,11.11,1.0,1.0,0.0,0.0,1,2025-11-01 08:32:20.102174
1,2025-01-20 08:14:09,2025-01-20 08:26:47,N,1.0,232,170,1.0,0.0,22.5,0.0,1.5,0.0,0.0,,1.0,24.0,1.0,1.0,0.0,0.0,1,2025-11-01 08:32:20.102174
2,2025-01-20 08:03:11,2025-01-20 08:12:25,N,1.0,130,10,1.0,1.53,10.7,0.0,0.5,5.0,0.0,,1.0,17.2,1.0,1.0,0.0,0.0,1,2025-11-01 08:32:20.102174
2,2025-01-20 08:57:07,2025-01-20 09:01:50,N,1.0,134,95,1.0,1.17,7.9,0.0,0.5,1.88,0.0,,1.0,11.28,1.0,1.0,0.0,0.0,1,2025-11-01 08:32:20.102174
2,2025-01-20 08:44:51,2025-01-20 08:49:28,N,1.0,116,166,1.0,1.31,7.9,0.0,0.5,1.88,0.0,,1.0,11.28,1.0,1.0,0.0,0.0,1,2025-11-01 08:32:20.102174
2,2025-01-20 08:07:44,2025-01-20 08:12:02,N,1.0,74,75,1.0,1.39,7.2,0.0,0.5,1.74,0.0,,1.0,10.44,1.0,1.0,0.0,0.0,1,2025-11-01 08:32:20.102174
2,2025-01-20 08:46:52,2025-01-20 08:52:01,N,1.0,41,41,1.0,0.78,7.2,0.0,0.5,4.0,0.0,,1.0,12.7,1.0,1.0,0.0,0.0,1,2025-11-01 08:32:20.102174
2,2025-01-20 08:31:44,2025-01-20 08:49:19,N,5.0,65,138,1.0,10.59,50.0,5.0,0.0,0.0,0.0,,1.0,56.0,1.0,2.0,0.0,0.0,1,2025-11-01 08:32:20.102174
2,2025-01-20 08:47:13,2025-01-20 08:53:18,N,1.0,92,171,1.0,0.97,7.9,0.0,0.5,0.0,0.0,,1.0,9.4,1.0,1.0,0.0,0.0,1,2025-11-01 08:32:20.102174
2,2025-01-20 08:26:00,2025-01-20 08:46:23,N,1.0,74,196,1.0,9.64,39.4,0.0,0.5,9.57,6.94,,1.0,57.41,1.0,1.0,0.0,0.0,1,2025-11-01 08:32:20.102174
2,2025-01-20 08:57:15,2025-01-20 09:14:47,N,1.0,7,112,1.0,3.25,17.7,0.0,0.5,3.84,0.0,,1.0,23.04,1.0,1.0,0.0,0.0,1,2025-11-01 08:32:20.102174
2,2025-01-20 08:54:19,2025-01-20 09:03:40,N,1.0,74,141,1.0,2.93,14.2,0.0,0.5,1.84,0.0,,1.0,20.29,1.0,1.0,2.75,0.0,1,2025-11-01 08:32:20.102174
2,2025-01-20 08:33:42,2025-01-20 08:38:25,N,1.0,74,42,1.0,0.68,6.5,0.0,0.5,1.6,0.0,,1.0,9.6,1.0,1.0,0.0,0.0,1,2025-11-01 08:32:20.102174
2,2025-01-20 08:31:30,2025-01-20 09:16:27,N,1.0,82,129,1.0,2.68,36.6,0.0,0.5,0.0,0.0,,1.0,38.1,2.0,1.0,0.0,0.0,1,2025-11-01 08:32:20.102174
2,2025-01-20 08:52:29,2025-01-20 09:04:29,N,1.0,74,140,1.0,3.32,15.6,0.0,0.5,3.97,0.0,,1.0,23.82,1.0,1.0,2.75,0.0,1,2025-11-01 08:32:20.102174
2,2025-01-20 09:02:40,2025-01-20 09:08:19,N,1.0,7,193,1.0,1.14,7.9,0.0,0.5,6.0,0.0,,1.0,15.4,1.0,1.0,0.0,0.0,1,2025-11-01 08:32:20.102174
2,2025-01-20 09:42:37,2025-01-20 09:49:58,N,1.0,24,238,1.0,1.24,9.3,0.0,0.5,2.71,0.0,,1.0,16.26,1.0,1.0,2.75,0.0,1,2025-11-01 08:32:20.102174
2,2025-01-20 09:26:02,2025-01-20 09:32:43,N,1.0,74,24,1.0,1.61,9.3,0.0,0.5,2.16,0.0,,1.0,12.96,1.0,1.0,0.0,0.0,1,2025-11-01 08:32:20.102174
2,2025-01-20 10:00:49,2025-01-20 10:14:46,N,1.0,74,138,1.0,6.72,28.2,5.0,0.5,10.41,6.94,,1.0,52.05,1.0,1.0,0.0,0.0,1,2025-11-01 08:32:20.102174
1,2025-01-20 09:37:53,2025-01-20 09:44:20,N,1.0,74,236,1.0,2.4,11.4,2.75,1.5,1.0,0.0,,1.0,16.65,1.0,1.0,2.75,0.0,1,2025-11-01 08:32:20.102174
2,2025-01-20 09:09:47,2025-01-20 09:27:09,N,1.0,166,68,1.0,6.2,27.5,0.0,0.5,0.0,0.0,,1.0,32.5,2.0,1.0,2.75,0.75,1,2025-11-01 08:32:20.102174
2,2025-01-20 09:55:01,2025-01-20 10:08:43,N,1.0,244,78,1.0,3.98,19.8,0.0,0.5,0.0,0.0,,1.0,21.3,2.0,1.0,0.0,0.0,1,2025-11-01 08:32:20.102174
2,2025-01-20 07:32:02,2025-01-20 07:42:07,N,1.0,74,238,1.0,2.82,13.5,0.0,0.5,4.44,0.0,,1.0,22.19,1.0,1.0,2.75,0.0,1,2025-11-01 08:32:20.102174
2,2025-01-20 09:01:18,2025-01-20 09:41:31,N,1.0,95,231,1.0,15.52,65.3,0.0,0.5,5.0,6.94,,1.0,82.24,1.0,1.0,2.75,0.75,1,2025-11-01 08:32:20.102174
2,2025-01-20 09:41:40,2025-01-20 09:58:28,N,1.0,74,238,1.0,2.97,17.7,0.0,0.5,0.0,0.0,,1.0,21.95,2.0,1.0,2.75,0.0,1,2025-11-01 08:32:20.102174
1,2025-01-20 09:31:25,2025-01-20 09:39:00,N,1.0,74,236,1.0,2.0,10.0,2.75,1.5,2.85,0.0,,1.0,17.1,1.0,1.0,2.75,0.0,1,2025-11-01 08:32:20.102174
2,2025-01-20 09:02:37,2025-01-20 09:14:30,N,1.0,166,236,1.0,2.7,14.2,0.0,0.5,0.0,0.0,,1.0,18.45,2.0,1.0,2.75,0.0,1,2025-11-01 08:32:20.102174
2,2025-01-20 10:00:04,2025-01-20 10:12:43,N,1.0,74,141,1.0,3.47,17.0,0.0,0.5,4.25,0.0,,1.0,25.5,1.0,1.0,2.75,0.0,1,2025-11-01 08:32:20.102174
2,2025-01-20 08:54:25,2025-01-20 08:54:29,N,5.0,55,55,1.0,0.0,9.0,0.0,0.0,0.0,0.0,,1.0,10.0,2.0,1.0,0.0,0.0,1,2025-11-01 08:32:20.102174
1,2025-01-20 09:25:08,2025-01-20 09:29:41,N,1.0,74,41,1.0,0.6,6.5,0.0,1.5,0.0,0.0,,1.0,8.0,2.0,1.0,0.0,0.0,1,2025-11-01 08:32:20.102174
2,2025-01-20 09:38:25,2025-01-20 09:48:56,N,1.0,74,237,1.0,2.86,14.9,0.0,0.5,3.83,0.0,,1.0,22.98,1.0,1.0,2.75,0.0,1,2025-11-01 08:32:20.102174
2,2025-01-20 09:34:42,2025-01-20 09:40:08,N,1.0,74,75,1.0,1.49,8.6,0.0,0.5,2.52,0.0,,1.0,12.62,1.0,1.0,0.0,0.0,1,2025-11-01 08:32:20.102174
2,2025-01-20 09:22:55,2025-01-20 09:41:17,N,1.0,41,237,1.0,3.81,20.5,0.0,0.5,5.1,0.0,,1.0,30.6,1.0,1.0,2.75,0.75,1,2025-11-01 08:32:20.102174
2,2025-01-20 09:53:19,2025-01-20 09:54:44,N,1.0,75,75,1.0,0.13,3.7,0.0,0.5,0.0,0.0,,1.0,5.2,2.0,1.0,0.0,0.0,1,2025-11-01 08:32:20.102174
2,2025-01-20 09:05:07,2025-01-20 09:15:23,N,1.0,74,238,1.0,2.88,14.2,0.0,0.5,3.69,0.0,,1.0,22.14,1.0,1.0,2.75,0.0,1,2025-11-01 08:32:20.102174
2,2025-01-20 09:38:48,2025-01-20 09:43:47,N,1.0,74,41,1.0,0.86,7.2,0.0,0.5,0.0,0.0,,1.0,8.7,2.0,1.0,0.0,0.0,1,2025-11-01 08:32:20.102174
1,2025-01-20 09:54:48,2025-01-20 10:01:47,N,1.0,223,138,2.0,3.3,15.6,5.0,1.5,2.0,0.0,,1.0,24.1,1.0,1.0,0.0,0.0,1,2025-11-01 08:32:20.102174
2,2025-01-20 09:34:17,2025-01-20 09:43:45,N,1.0,74,237,1.0,2.5,12.8,0.0,0.5,2.0,0.0,,1.0,19.05,1.0,1.0,2.75,0.0,1,2025-11-01 08:32:20.102174
2,2025-01-20 09:51:05,2025-01-20 10:10:22,N,1.0,236,68,1.0,6.01,28.2,0.0,0.5,8.3,0.0,,1.0,41.5,1.0,1.0,2.75,0.75,1,2025-11-01 08:32:20.102174
2,2025-01-20 08:48:45,2025-01-20 09:26:06,N,1.0,42,42,1.0,6.43,36.6,0.0,0.5,0.0,0.0,,1.0,40.85,2.0,1.0,2.75,0.0,1,2025-11-01 08:32:20.102174
2,2025-01-20 09:52:57,2025-01-20 09:53:04,N,5.0,129,129,1.0,0.13,3.0,0.0,0.0,0.8,0.0,,1.0,4.8,1.0,2.0,0.0,0.0,1,2025-11-01 08:32:20.102174
2,2025-01-20 09:31:36,2025-01-20 09:42:18,N,1.0,74,166,1.0,2.15,13.5,0.0,0.5,3.0,0.0,,1.0,18.0,1.0,1.0,0.0,0.0,1,2025-11-01 08:32:20.102174
2,2025-01-20 09:35:31,2025-01-20 09:42:28,N,1.0,74,236,1.0,1.74,10.0,0.0,0.5,0.0,0.0,,1.0,14.25,2.0,1.0,2.75,0.0,1,2025-11-01 08:32:20.102174
2,2025-01-20 09:04:47,2025-01-20 09:13:29,N,1.0,74,236,1.0,1.73,10.7,0.0,0.5,2.99,0.0,,1.0,17.94,1.0,1.0,2.75,0.0,1,2025-11-01 08:32:20.102174
2,2025-01-20 09:45:05,2025-01-20 09:54:02,N,1.0,166,142,1.0,2.63,13.5,0.0,0.5,4.44,0.0,,1.0,22.19,1.0,1.0,2.75,0.0,1,2025-11-01 08:32:20.102174
2,2025-01-20 09:13:43,2025-01-20 09:21:18,N,1.0,43,151,1.0,1.8,10.7,0.0,0.5,0.0,0.0,,1.0,12.2,2.0,1.0,0.0,0.0,1,2025-11-01 08:32:20.102174
2,2025-01-20 09:03:12,2025-01-20 09:09:38,N,1.0,74,41,2.0,0.73,7.9,0.0,0.5,1.88,0.0,,1.0,11.28,1.0,1.0,0.0,0.0,1,2025-11-01 08:32:20.102174
2,2025-01-20 09:17:20,2025-01-20 09:47:56,N,1.0,129,142,1.0,7.33,37.3,0.0,0.5,0.0,0.0,,1.0,42.3,2.0,1.0,2.75,0.75,1,2025-11-01 08:32:20.102174
2,2025-01-20 09:29:41,2025-01-20 09:38:27,N,1.0,95,82,1.0,2.5,12.8,0.0,0.5,2.86,0.0,,1.0,17.16,1.0,1.0,0.0,0.0,1,2025-11-01 08:32:20.102174
2,2025-01-20 09:49:03,2025-01-20 10:06:44,N,1.0,244,140,1.0,6.22,27.5,0.0,0.5,0.0,0.0,,1.0,31.75,2.0,1.0,2.75,0.0,1,2025-11-01 08:32:20.102174
2,2025-01-20 09:00:57,2025-01-20 09:14:19,N,1.0,95,138,1.0,5.31,22.6,5.0,0.5,5.82,0.0,,1.0,34.92,1.0,1.0,0.0,0.0,1,2025-11-01 08:32:20.102174
2,2025-01-20 09:00:52,2025-01-20 09:06:37,N,1.0,130,134,1.0,1.76,10.0,0.0,0.5,2.3,0.0,,1.0,13.8,1.0,1.0,0.0,0.0,1,2025-11-01 08:32:20.102174
2,2025-01-20 10:43:14,2025-01-20 10:57:52,N,1.0,146,163,1.0,2.87,17.0,0.0,0.5,15.0,0.0,,1.0,37.0,1.0,1.0,2.75,0.75,1,2025-11-01 08:32:20.102174
2,2025-01-20 10:16:30,2025-01-20 10:21:02,N,1.0,7,146,1.0,1.1,7.2,0.0,0.5,0.0,0.0,,1.0,8.7,2.0,1.0,0.0,0.0,1,2025-11-01 08:32:20.102174
2,2025-01-20 09:57:26,2025-01-20 10:04:01,N,1.0,7,7,1.0,1.01,7.9,0.0,0.5,0.0,0.0,,1.0,9.4,2.0,1.0,0.0,0.0,1,2025-11-01 08:32:20.102174
2,2025-01-20 10:30:26,2025-01-20 11:13:13,N,1.0,130,261,1.0,20.67,81.4,0.0,0.5,0.0,6.94,,1.0,93.34,2.0,1.0,2.75,0.75,1,2025-11-01 08:32:20.102174
1,2025-01-20 10:45:37,2025-01-20 10:54:55,N,1.0,196,93,1.0,3.4,15.6,0.0,1.5,0.0,0.0,,1.0,17.1,2.0,1.0,0.0,0.0,1,2025-11-01 08:32:20.102174
1,2025-01-20 10:29:15,2025-01-20 10:37:39,N,1.0,74,236,1.0,2.1,10.7,2.75,1.5,2.95,0.0,,1.0,17.9,1.0,1.0,2.75,0.0,1,2025-11-01 08:32:20.102174
1,2025-01-20 10:57:31,2025-01-20 11:12:12,N,1.0,74,262,1.0,2.9,15.6,2.75,1.5,4.0,0.0,,1.0,23.85,1.0,1.0,2.75,0.0,1,2025-11-01 08:32:20.102174
2,2025-01-20 10:01:00,2025-01-20 10:12:08,N,1.0,74,151,1.0,1.77,12.8,0.0,0.5,2.14,0.0,,1.0,16.44,1.0,1.0,0.0,0.0,1,2025-11-01 08:32:20.102174
2,2025-01-20 10:29:12,2025-01-20 10:38:16,N,1.0,74,42,1.0,1.31,9.3,0.0,0.5,0.0,0.0,,1.0,10.8,2.0,1.0,0.0,0.0,1,2025-11-01 08:32:20.102174
2,2025-01-20 10:08:40,2025-01-20 10:16:53,N,1.0,74,236,2.0,2.27,11.4,0.0,0.5,0.0,0.0,,1.0,15.65,2.0,1.0,2.75,0.0,1,2025-11-01 08:32:20.102174
1,2025-01-20 10:56:04,2025-01-20 11:09:02,N,1.0,82,138,1.0,5.8,25.4,5.0,1.5,6.35,0.0,,1.0,38.25,1.0,1.0,0.0,0.0,1,2025-11-01 08:32:20.102174
2,2025-01-20 10:12:14,2025-01-20 10:18:12,N,1.0,41,166,1.0,1.18,8.6,0.0,0.5,2.02,0.0,,1.0,12.12,1.0,1.0,0.0,0.0,1,2025-11-01 08:32:20.102174
2,2025-01-20 10:07:12,2025-01-20 10:14:24,N,1.0,74,41,1.0,1.02,8.6,0.0,0.5,2.02,0.0,,1.0,12.12,1.0,1.0,0.0,0.0,1,2025-11-01 08:32:20.102174
2,2025-01-20 10:52:17,2025-01-20 11:02:02,N,1.0,236,151,1.0,1.5,11.4,0.0,0.5,1.25,0.0,,1.0,14.15,1.0,1.0,0.0,0.0,1,2025-11-01 08:32:20.102174
2,2025-01-20 10:25:35,2025-01-20 10:33:32,N,1.0,95,28,1.0,1.77,10.7,0.0,0.5,0.0,0.0,,1.0,12.2,2.0,1.0,0.0,0.0,1,2025-11-01 08:32:20.102174
2,2025-01-20 10:23:20,2025-01-20 10:23:57,N,1.0,75,75,1.0,0.03,3.0,0.0,0.5,0.0,0.0,,1.0,4.5,2.0,1.0,0.0,0.0,1,2025-11-01 08:32:20.102174
2,2025-01-20 10:40:55,2025-01-20 10:44:22,N,1.0,41,42,1.0,0.6,5.8,0.0,0.5,0.0,0.0,,1.0,7.3,2.0,1.0,0.0,0.0,1,2025-11-01 08:32:20.102174
2,2025-01-20 10:19:24,2025-01-20 10:29:59,N,1.0,7,146,1.0,1.64,11.4,0.0,0.5,2.58,0.0,,1.0,15.48,1.0,1.0,0.0,0.0,1,2025-11-01 08:32:20.102174
2,2025-01-20 10:26:56,2025-01-20 10:45:28,N,1.0,7,43,1.0,4.03,20.5,0.0,0.5,0.0,0.0,,1.0,25.5,2.0,1.0,2.75,0.75,1,2025-11-01 08:32:20.102174
2,2025-01-20 10:03:04,2025-01-20 10:18:14,N,1.0,43,246,1.0,5.31,24.0,0.0,0.5,4.35,0.0,,1.0,33.35,1.0,1.0,2.75,0.75,1,2025-11-01 08:32:20.102174
2,2025-01-20 10:57:51,2025-01-20 11:08:33,N,1.0,43,141,1.0,2.22,12.8,0.0,0.5,3.41,0.0,,1.0,20.46,1.0,1.0,2.75,0.0,1,2025-11-01 08:32:20.102174
2,2025-01-20 10:28:27,2025-01-20 10:39:50,N,1.0,95,134,1.0,1.76,12.1,0.0,0.5,2.72,0.0,,1.0,16.32,1.0,1.0,0.0,0.0,1,2025-11-01 08:32:20.102174
2,2025-01-20 10:30:08,2025-01-20 10:42:20,N,1.0,74,243,1.0,3.67,18.4,0.0,0.5,4.0,0.0,,1.0,23.9,1.0,1.0,0.0,0.0,1,2025-11-01 08:32:20.102174
2,2025-01-20 10:46:56,2025-01-20 10:54:29,N,1.0,244,116,1.0,1.94,10.7,0.0,0.5,0.0,0.0,,1.0,12.2,2.0,1.0,0.0,0.0,1,2025-11-01 08:32:20.102174
2,2025-01-20 09:58:59,2025-01-20 10:24:38,N,1.0,129,260,1.0,2.89,21.2,0.0,0.5,0.0,0.0,,1.0,22.7,2.0,1.0,0.0,0.0,1,2025-11-01 08:32:20.102174
2,2025-01-20 10:56:17,2025-01-20 11:04:51,N,1.0,43,141,1.0,1.45,10.0,0.0,0.5,2.85,0.0,,1.0,17.1,1.0,1.0,2.75,0.0,1,2025-11-01 08:32:20.102174
1,2025-01-20 10:26:49,2025-01-20 10:58:30,N,1.0,55,89,1.0,0.0,27.5,0.0,1.5,0.0,0.0,,1.0,29.0,1.0,1.0,0.0,0.0,1,2025-11-01 08:32:20.102174
2,2025-01-20 10:40:30,2025-01-20 11:07:01,N,1.0,82,246,1.0,7.14,35.2,0.0,0.5,0.0,6.94,,1.0,47.14,1.0,1.0,2.75,0.75,1,2025-11-01 08:32:20.102174
2,2025-01-20 10:49:14,2025-01-20 10:49:17,N,5.0,197,197,1.0,0.0,18.0,0.0,0.0,0.0,0.0,,1.0,19.0,1.0,2.0,0.0,0.0,1,2025-11-01 08:32:20.102174
2,2025-01-20 10:06:50,2025-01-20 10:13:59,N,1.0,74,42,1.0,1.37,9.3,0.0,0.5,0.0,0.0,,1.0,10.8,2.0,1.0,0.0,0.0,1,2025-11-01 08:32:20.102174
2,2025-01-20 09:54:04,2025-01-20 10:02:34,N,1.0,97,189,2.0,1.23,10.0,0.0,0.5,2.88,0.0,,1.0,14.38,1.0,1.0,0.0,0.0,1,2025-11-01 08:32:20.102174
2,2025-01-20 11:02:22,2025-01-20 11:08:31,N,1.0,74,41,1.0,1.1,7.9,0.0,0.5,1.88,0.0,,1.0,11.28,1.0,1.0,0.0,0.0,1,2025-11-01 08:32:20.102174
2,2025-01-20 10:10:42,2025-01-20 10:17:49,N,1.0,75,263,1.0,0.97,8.6,0.0,0.5,0.0,0.0,,1.0,12.85,1.0,1.0,2.75,0.0,1,2025-11-01 08:32:20.102174
2,2025-01-20 10:37:54,2025-01-20 10:48:45,N,1.0,75,233,1.0,3.97,18.4,0.0,0.5,0.0,0.0,,1.0,23.4,2.0,1.0,2.75,0.75,1,2025-11-01 08:32:20.102174
2,2025-01-20 10:04:52,2025-01-20 10:10:35,N,1.0,74,75,1.0,1.42,8.6,0.0,0.5,0.0,0.0,,1.0,10.1,2.0,1.0,0.0,0.0,1,2025-11-01 08:32:20.102174
2,2025-01-20 10:30:23,2025-01-20 10:43:32,N,1.0,74,127,1.0,5.17,24.0,0.0,0.5,0.3,0.0,,1.0,25.8,1.0,1.0,0.0,0.0,1,2025-11-01 08:32:20.102174
2,2025-01-20 10:29:10,2025-01-20 10:37:15,N,1.0,74,152,1.0,1.56,10.0,0.0,0.5,1.0,0.0,,1.0,12.5,1.0,1.0,0.0,0.0,1,2025-11-01 08:32:20.102174
2,2025-01-20 10:41:46,2025-01-20 10:50:40,N,1.0,75,166,1.0,2.17,12.1,0.0,0.5,3.0,0.0,,1.0,16.6,1.0,1.0,0.0,0.0,1,2025-11-01 08:32:20.102174
2,2025-01-20 10:40:08,2025-01-20 10:43:42,N,1.0,75,263,1.0,0.64,5.8,0.0,0.5,0.0,0.0,,1.0,7.3,2.0,1.0,0.0,0.0,1,2025-11-01 08:32:20.102174
2,2025-01-20 10:54:46,2025-01-20 11:00:18,N,1.0,75,24,1.0,1.08,7.9,0.0,0.5,1.88,0.0,,1.0,11.28,1.0,1.0,0.0,0.0,1,2025-11-01 08:32:20.102174
2,2025-01-20 10:12:46,2025-01-20 10:37:15,N,1.0,41,100,1.0,4.22,24.7,0.0,0.5,5.08,0.0,,1.0,34.78,1.0,1.0,2.75,0.75,1,2025-11-01 08:32:20.102174
2,2025-01-20 10:19:06,2025-01-20 10:31:50,N,1.0,260,7,1.0,1.69,12.8,0.0,0.5,2.0,0.0,,1.0,16.3,1.0,1.0,0.0,0.0,1,2025-11-01 08:32:20.102174
2,2025-01-20 11:40:30,2025-01-20 11:48:49,N,1.0,83,138,2.0,3.84,17.0,5.0,0.5,0.0,0.0,,1.0,23.5,2.0,1.0,0.0,0.0,1,2025-11-01 08:32:20.102174
2,2025-01-20 11:04:32,2025-01-20 11:22:03,N,1.0,97,188,1.0,3.01,18.4,0.0,0.5,3.98,0.0,,1.0,23.88,1.0,1.0,0.0,0.0,1,2025-11-01 08:32:20.102174
2,2025-01-20 11:58:35,2025-01-20 12:24:27,N,1.0,65,228,1.0,3.76,25.4,0.0,0.5,5.38,0.0,,1.0,32.28,1.0,1.0,0.0,0.0,1,2025-11-01 08:32:20.102174
2,2025-01-20 11:37:00,2025-01-20 12:01:03,N,5.0,202,229,1.0,5.4,40.0,0.0,0.0,0.0,0.0,,1.0,44.5,2.0,2.0,2.75,0.75,1,2025-11-01 08:32:20.102174
1,2025-01-20 11:42:42,2025-01-20 11:43:12,N,5.0,80,80,1.0,0.0,35.0,0.0,0.0,0.0,0.0,,0.0,35.0,3.0,2.0,0.0,0.0,1,2025-11-01 08:32:20.102174
1,2025-01-20 11:46:09,2025-01-20 11:46:09,Y,5.0,80,264,1.0,0.0,35.0,0.0,0.0,0.0,0.0,,0.0,35.0,2.0,1.0,0.0,0.0,1,2025-11-01 08:32:20.102174
1,2025-01-20 11:54:55,2025-01-20 11:55:14,N,5.0,80,80,1.0,0.0,35.0,0.0,0.0,0.0,0.0,,0.0,35.0,3.0,2.0,0.0,0.0,1,2025-11-01 08:32:20.102174
2,2025-01-20 11:25:04,2025-01-20 11:36:28,N,1.0,97,181,1.0,1.89,12.1,0.0,0.5,2.72,0.0,,1.0,16.32,1.0,1.0,0.0,0.0,1,2025-11-01 08:32:20.102174
2,2025-01-20 11:06:17,2025-01-20 11:16:17,N,1.0,166,41,1.0,1.72,12.1,0.0,0.5,0.0,0.0,,1.0,13.6,1.0,1.0,0.0,0.0,1,2025-11-01 08:32:20.102174
2,2025-01-20 10:51:59,2025-01-20 11:10:53,N,1.0,228,261,1.0,5.8,25.4,0.0,0.5,7.47,6.94,,1.0,44.81,1.0,1.0,2.75,0.75,1,2025-11-01 08:32:20.102174
2,2025-01-20 11:58:31,2025-01-20 12:10:44,N,1.0,74,236,1.0,2.08,14.2,0.0,0.5,3.69,0.0,,1.0,22.14,1.0,1.0,2.75,0.0,1,2025-11-01 08:32:20.102174
1,2025-01-20 11:07:53,2025-01-20 11:22:04,N,1.0,75,230,1.0,2.7,16.3,3.5,1.5,4.5,0.0,,1.0,25.8,1.0,1.0,2.75,0.75,1,2025-11-01 08:32:20.102174
2,2025-01-20 11:03:30,2025-01-20 11:20:00,N,1.0,74,244,2.0,3.04,17.7,0.0,0.5,0.0,0.0,,1.0,19.2,2.0,1.0,0.0,0.0,1,2025-11-01 08:32:20.102174
2,2025-01-20 07:28:09,2025-01-20 07:38:47,N,1.0,74,238,1.0,2.74,14.2,0.0,0.5,3.69,0.0,,1.0,22.14,1.0,1.0,2.75,0.0,1,2025-11-01 08:32:20.102174
2,2025-01-20 11:37:44,2025-01-20 11:51:10,N,1.0,97,34,2.0,1.81,14.2,0.0,0.5,3.14,0.0,,1.0,18.84,1.0,1.0,0.0,0.0,1,2025-11-01 08:32:20.102174
2,2025-01-20 11:32:11,2025-01-20 11:40:11,N,1.0,74,75,1.0,1.35,9.3,0.0,0.5,2.16,0.0,,1.0,12.96,1.0,1.0,0.0,0.0,1,2025-11-01 08:32:20.102174
2,2025-01-20 11:54:05,2025-01-20 12:03:47,N,1.0,129,138,1.0,2.96,14.9,5.0,0.5,6.42,0.0,,1.0,27.82,1.0,1.0,0.0,0.0,1,2025-11-01 08:32:20.102174
2,2025-01-20 11:30:41,2025-01-20 11:39:33,N,1.0,127,244,1.0,1.64,11.4,0.0,0.5,0.0,0.0,,1.0,12.9,2.0,1.0,0.0,0.0,1,2025-11-01 08:32:20.102174
2,2025-01-20 11:15:39,2025-01-20 11:28:21,N,1.0,75,237,1.0,1.7,12.8,0.0,0.5,0.0,0.0,,1.0,17.05,2.0,1.0,2.75,0.0,1,2025-11-01 08:32:20.102174
2,2025-01-20 11:47:19,2025-01-20 11:57:17,N,1.0,43,263,1.0,1.42,10.7,0.0,0.5,2.99,0.0,,1.0,17.94,1.0,1.0,2.75,0.0,1,2025-11-01 08:32:20.102174
1,2025-01-20 11:07:12,2025-01-20 11:16:32,N,1.0,74,166,1.0,1.6,10.0,0.0,1.5,5.0,0.0,,1.0,16.5,1.0,1.0,0.0,0.0,1,2025-11-01 08:32:20.102174
2,2025-01-20 11:44:57,2025-01-20 11:51:34,N,5.0,95,95,1.0,0.56,12.0,0.0,0.0,2.6,0.0,,1.0,15.6,1.0,2.0,0.0,0.0,1,2025-11-01 08:32:20.102174
2,2025-01-20 11:24:01,2025-01-20 11:46:40,N,1.0,236,234,1.0,4.17,24.0,0.0,0.5,5.8,0.0,,1.0,34.8,1.0,1.0,2.75,0.75,1,2025-11-01 08:32:20.102174
1,2025-01-20 11:02:32,2025-01-20 11:07:53,N,1.0,74,75,1.0,1.3,7.9,0.0,1.5,2.35,0.0,,1.0,11.75,1.0,1.0,0.0,0.0,1,2025-11-01 08:32:20.102174
1,2025-01-20 11:33:38,2025-01-20 11:42:43,N,1.0,74,24,1.0,1.6,10.7,0.0,1.5,2.4,0.0,,1.0,14.6,1.0,1.0,0.0,0.0,1,2025-11-01 08:32:20.102174
2,2025-01-20 11:36:20,2025-01-20 11:44:35,N,1.0,74,41,1.0,1.15,10.0,0.0,0.5,2.3,0.0,,1.0,13.8,1.0,1.0,0.0,0.0,1,2025-11-01 08:32:20.102174
2,2025-01-20 11:14:17,2025-01-20 11:24:33,N,1.0,74,166,1.0,1.9,12.8,0.0,0.5,0.0,0.0,,1.0,14.3,2.0,1.0,0.0,0.0,1,2025-11-01 08:32:20.102174
2,2025-01-20 11:41:48,2025-01-20 11:54:00,N,1.0,74,238,1.0,3.17,16.3,0.0,0.5,6.16,0.0,,1.0,26.71,1.0,1.0,2.75,0.0,1,2025-11-01 08:32:20.102174
2,2025-01-20 11:16:55,2025-01-20 11:22:00,N,1.0,41,74,1.0,0.82,7.2,0.0,0.5,1.74,0.0,,1.0,10.44,1.0,1.0,0.0,0.0,1,2025-11-01 08:32:20.102174
2,2025-01-20 11:05:10,2025-01-20 11:05:34,N,5.0,173,173,1.0,0.26,14.0,0.0,0.0,0.0,0.0,,1.0,15.0,1.0,2.0,0.0,0.0,1,2025-11-01 08:32:20.102174
1,2025-01-20 11:12:21,2025-01-20 11:15:30,N,1.0,166,238,1.0,0.7,5.8,0.0,1.5,1.8,0.0,,1.0,9.1,1.0,1.0,0.0,0.0,1,2025-11-01 08:32:20.102174
2,2025-01-20 11:34:51,2025-01-20 11:41:13,N,1.0,116,41,1.0,1.53,9.3,0.0,0.5,2.16,0.0,,1.0,12.96,1.0,1.0,0.0,0.0,1,2025-11-01 08:32:20.102174
2,2025-01-20 11:35:24,2025-01-20 11:39:08,N,1.0,236,43,1.0,0.65,6.5,0.0,0.5,0.8,0.0,,1.0,8.8,1.0,1.0,0.0,0.0,1,2025-11-01 08:32:20.102174
2,2025-01-20 11:58:00,2025-01-20 12:05:12,N,1.0,75,74,1.0,1.07,8.6,0.0,0.5,2.02,0.0,,1.0,12.12,1.0,1.0,0.0,0.0,1,2025-11-01 08:32:20.102174
2,2025-01-20 11:06:38,2025-01-20 11:12:41,N,1.0,97,49,2.0,1.1,7.9,0.0,0.5,3.0,0.0,,1.0,12.4,1.0,1.0,0.0,0.0,1,2025-11-01 08:32:20.102174
1,2025-01-20 11:09:21,2025-01-20 11:23:11,N,1.0,65,62,0.0,2.7,15.6,0.0,1.5,2.0,0.0,,1.0,19.1,1.0,1.0,0.0,0.0,1,2025-11-01 08:32:20.102174
2,2025-01-20 11:23:08,2025-01-20 11:32:30,N,1.0,74,263,1.0,1.99,11.4,0.0,0.5,3.13,0.0,,1.0,18.78,1.0,1.0,2.75,0.0,1,2025-11-01 08:32:20.102174
2,2025-01-20 11:32:47,2025-01-20 11:59:55,N,1.0,7,90,1.0,5.3,28.9,0.0,0.5,6.78,0.0,,1.0,40.68,1.0,1.0,2.75,0.75,1,2025-11-01 08:32:20.102174
2,2025-01-20 11:45:04,2025-01-20 12:00:04,N,1.0,95,197,1.0,2.95,17.0,0.0,0.5,0.0,0.0,,1.0,18.5,2.0,1.0,0.0,0.0,1,2025-11-01 08:32:20.102174
2,2025-01-20 11:29:48,2025-01-20 11:53:51,N,1.0,89,14,1.0,7.35,34.5,0.0,0.5,10.8,0.0,,1.0,46.8,1.0,1.0,0.0,0.0,1,2025-11-01 08:32:20.102174
2,2025-01-20 11:41:33,2025-01-20 11:50:54,N,1.0,74,166,1.0,2.1,11.4,0.0,0.5,2.58,0.0,,1.0,15.48,1.0,1.0,0.0,0.0,1,2025-11-01 08:32:20.102174
2,2025-01-20 11:29:22,2025-01-20 11:37:50,N,1.0,74,166,1.0,1.71,10.0,0.0,0.5,0.0,0.0,,1.0,11.5,2.0,1.0,0.0,0.0,1,2025-11-01 08:32:20.102174
2,2025-01-20 11:05:04,2025-01-20 11:17:00,N,1.0,7,138,1.0,4.19,19.8,5.0,0.5,7.89,0.0,,1.0,34.19,1.0,1.0,0.0,0.0,1,2025-11-01 08:32:20.102174
2,2025-01-20 10:28:22,2025-01-20 10:41:29,N,1.0,74,263,1.0,2.57,14.9,0.0,0.5,3.83,0.0,,1.0,22.98,1.0,1.0,2.75,0.0,1,2025-11-01 08:32:20.102174
2,2025-01-20 11:57:57,2025-01-20 12:28:23,N,1.0,130,48,1.0,12.79,51.3,0.0,0.5,0.0,6.94,,1.0,63.24,2.0,1.0,2.75,0.75,1,2025-11-01 08:32:20.102174
2,2025-01-20 11:27:06,2025-01-20 11:36:38,N,1.0,74,238,1.0,2.56,12.8,0.0,0.5,3.0,0.0,,1.0,20.05,1.0,1.0,2.75,0.0,1,2025-11-01 08:32:20.102174
2,2025-01-20 11:37:46,2025-01-20 11:51:59,N,1.0,74,236,1.0,2.75,15.6,0.0,0.5,3.97,0.0,,1.0,23.82,1.0,1.0,2.75,0.0,1,2025-11-01 08:32:20.102174
2,2025-01-20 11:05:44,2025-01-20 11:11:50,N,1.0,74,75,1.0,1.38,8.6,0.0,0.5,2.02,0.0,,1.0,12.12,1.0,1.0,0.0,0.0,1,2025-11-01 08:32:20.102174
2,2025-01-20 11:18:39,2025-01-20 11:22:18,N,1.0,43,236,1.0,0.94,6.5,0.0,0.5,3.22,0.0,,1.0,13.97,1.0,1.0,2.75,0.0,1,2025-11-01 08:32:20.102174
2,2025-01-20 11:27:57,2025-01-20 11:32:55,N,1.0,43,238,1.0,1.22,7.9,0.0,0.5,1.88,0.0,,1.0,11.28,1.0,1.0,0.0,0.0,1,2025-11-01 08:32:20.102174
2,2025-01-20 11:09:11,2025-01-20 11:17:31,N,1.0,74,75,1.0,1.44,10.0,0.0,0.5,0.0,0.0,,1.0,11.5,2.0,1.0,0.0,0.0,1,2025-11-01 08:32:20.102174
2,2025-01-20 11:32:50,2025-01-20 11:47:24,N,1.0,74,238,1.0,2.71,15.6,0.0,0.5,0.0,0.0,,1.0,19.85,2.0,1.0,2.75,0.0,1,2025-11-01 08:32:20.102174
2,2025-01-20 10:46:33,2025-01-20 10:52:13,N,1.0,75,236,2.0,0.93,7.2,0.0,0.5,2.86,0.0,,1.0,14.31,1.0,1.0,2.75,0.0,1,2025-11-01 08:32:20.102174
2,2025-01-20 11:39:08,2025-01-20 11:52:33,N,1.0,41,42,1.0,1.76,14.2,0.0,0.5,3.14,0.0,,1.0,18.84,1.0,1.0,0.0,0.0,1,2025-11-01 08:32:20.102174
2,2025-01-20 11:20:17,2025-01-20 11:35:48,N,1.0,95,82,1.0,2.39,16.3,0.0,0.5,0.0,0.0,,1.0,17.8,2.0,1.0,0.0,0.0,1,2025-11-01 08:32:20.102174
2,2025-01-20 11:36:21,2025-01-20 11:45:34,N,1.0,74,263,1.0,2.29,12.8,0.0,0.5,4.26,0.0,,1.0,21.31,1.0,1.0,2.75,0.0,1,2025-11-01 08:32:20.102174
2,2025-01-20 11:02:40,2025-01-20 11:11:23,N,1.0,74,236,1.0,1.91,10.7,0.0,0.5,0.0,0.0,,1.0,14.95,2.0,1.0,2.75,0.0,1,2025-11-01 08:32:20.102174
2,2025-01-20 11:32:42,2025-01-20 11:50:29,N,1.0,74,239,1.0,3.63,19.1,0.0,0.5,2.0,0.0,,1.0,25.35,1.0,1.0,2.75,0.0,1,2025-11-01 08:32:20.102174
2,2025-01-20 11:41:47,2025-01-20 11:52:48,N,1.0,130,121,1.0,6.5,26.1,0.0,0.5,6.9,0.0,,1.0,34.5,1.0,1.0,0.0,0.0,1,2025-11-01 08:32:20.102174
2,2025-01-20 12:52:49,2025-01-20 13:04:41,N,1.0,260,196,2.0,2.57,14.9,0.0,0.5,3.28,0.0,,1.0,19.68,1.0,1.0,0.0,0.0,1,2025-11-01 08:32:20.102174
2,2025-01-20 12:26:16,2025-01-20 12:34:02,N,1.0,82,56,1.0,0.77,8.6,0.0,0.5,0.0,0.0,,1.0,10.1,2.0,1.0,0.0,0.0,1,2025-11-01 08:32:20.102174
2,2025-01-20 12:48:05,2025-01-20 13:00:04,N,1.0,193,145,1.0,2.42,14.2,0.0,0.5,3.14,0.0,,1.0,18.84,1.0,1.0,0.0,0.0,1,2025-11-01 08:32:20.102174
2,2025-01-20 12:08:23,2025-01-20 12:11:56,N,1.0,41,74,1.0,0.56,5.8,0.0,0.5,1.46,0.0,,1.0,8.76,1.0,1.0,0.0,0.0,1,2025-11-01 08:32:20.102174
2,2025-01-20 12:31:13,2025-01-20 12:38:49,N,1.0,74,42,1.0,1.22,9.3,0.0,0.5,0.0,0.0,,1.0,10.8,2.0,1.0,0.0,0.0,1,2025-11-01 08:32:20.102174
2,2025-01-20 12:46:09,2025-01-20 12:54:05,N,1.0,42,43,1.0,1.44,10.7,0.0,0.5,2.44,0.0,,1.0,14.64,1.0,1.0,0.0,0.0,1,2025-11-01 08:32:20.102174
2,2025-01-20 12:02:46,2025-01-20 12:09:54,N,1.0,97,49,1.0,1.19,8.6,0.0,0.5,1.01,0.0,,1.0,11.11,1.0,1.0,0.0,0.0,1,2025-11-01 08:32:20.102174
2,2025-01-20 12:23:11,2025-01-20 12:36:09,N,1.0,97,61,1.0,2.12,14.2,0.0,0.5,3.14,0.0,,1.0,18.84,1.0,1.0,0.0,0.0,1,2025-11-01 08:32:20.102174
2,2025-01-20 11:56:18,2025-01-20 12:09:48,N,1.0,97,49,1.0,1.55,13.5,0.0,0.5,3.0,0.0,,1.0,18.0,1.0,1.0,0.0,0.0,1,2025-11-01 08:32:20.102174
2,2025-01-20 12:56:57,2025-01-20 13:09:02,N,1.0,41,263,1.0,2.28,13.5,0.0,0.5,3.55,0.0,,1.0,21.3,1.0,1.0,2.75,0.0,1,2025-11-01 08:32:20.102174
1,2025-01-20 12:36:11,2025-01-20 12:52:00,N,1.0,74,142,2.0,3.5,19.1,2.75,1.5,5.8,0.0,,1.0,29.15,1.0,1.0,2.75,0.0,1,2025-11-01 08:32:20.102174
2,2025-01-20 12:08:48,2025-01-20 12:14:39,N,1.0,74,41,1.0,0.83,7.2,0.0,0.5,2.61,0.0,,1.0,11.31,1.0,1.0,0.0,0.0,1,2025-11-01 08:32:20.102174
2,2025-01-20 12:31:55,2025-01-20 12:41:53,N,1.0,74,238,1.0,3.05,14.2,0.0,0.5,3.69,0.0,,1.0,22.14,1.0,1.0,2.75,0.0,1,2025-11-01 08:32:20.102174
2,2025-01-20 07:41:01,2025-01-20 07:54:30,N,1.0,74,75,1.0,1.99,14.9,0.0,0.5,4.79,0.0,,1.0,23.94,1.0,1.0,2.75,0.0,1,2025-11-01 08:32:20.102174
2,2025-01-20 07:56:30,2025-01-20 08:08:26,N,1.0,75,4,1.0,5.72,24.0,0.0,0.5,3.0,0.0,,1.0,32.0,1.0,1.0,2.75,0.75,1,2025-11-01 08:32:20.102174
2,2025-01-20 08:10:58,2025-01-21 07:23:26,N,1.0,74,263,1.0,2.07,13.5,0.0,0.5,3.55,0.0,,1.0,21.3,1.0,1.0,2.75,0.0,1,2025-11-01 08:32:20.102174
2,2025-01-20 12:21:31,2025-01-20 12:40:31,N,1.0,95,192,1.0,3.29,21.2,0.0,0.5,4.54,0.0,,1.0,27.24,1.0,1.0,0.0,0.0,1,2025-11-01 08:32:20.102174
2,2025-01-20 12:23:10,2025-01-20 12:29:38,N,1.0,97,181,2.0,0.76,7.9,0.0,0.5,1.88,0.0,,1.0,11.28,1.0,1.0,0.0,0.0,1,2025-11-01 08:32:20.102174
2,2025-01-20 12:56:54,2025-01-20 13:07:24,N,1.0,97,49,2.0,1.82,12.1,0.0,0.5,1.0,0.0,,1.0,14.6,1.0,1.0,0.0,0.0,1,2025-11-01 08:32:20.102174
2,2025-01-20 12:00:16,2025-01-20 12:08:19,N,1.0,74,236,1.0,1.7,10.7,0.0,0.5,0.0,0.0,,1.0,14.95,2.0,1.0,2.75,0.0,1,2025-11-01 08:32:20.102174
2,2025-01-20 12:38:15,2025-01-20 12:51:21,N,1.0,74,141,1.0,2.64,15.6,0.0,0.5,3.97,0.0,,1.0,23.82,1.0,1.0,2.75,0.0,1,2025-11-01 08:32:20.102174
2,2025-01-20 12:36:44,2025-01-20 12:55:51,N,1.0,116,141,2.0,5.83,27.5,0.0,0.5,0.0,0.0,,1.0,31.75,2.0,1.0,2.75,0.0,1,2025-11-01 08:32:20.102174
2,2025-01-20 12:38:18,2025-01-20 12:50:00,N,1.0,7,223,1.0,1.47,11.4,0.0,0.5,2.58,0.0,,1.0,15.48,1.0,1.0,0.0,0.0,1,2025-11-01 08:32:20.102174
2,2025-01-20 12:21:58,2025-01-20 12:29:19,N,1.0,7,129,1.0,2.02,11.4,0.0,0.5,0.0,0.0,,1.0,12.9,2.0,1.0,0.0,0.0,1,2025-11-01 08:32:20.102174
2,2025-01-20 12:31:20,2025-01-20 12:47:13,N,1.0,74,243,1.0,4.48,21.9,0.0,0.5,4.68,0.0,,1.0,28.08,1.0,1.0,0.0,0.0,1,2025-11-01 08:32:20.102174
2,2025-01-20 12:51:15,2025-01-20 13:02:38,N,1.0,95,196,1.0,2.19,12.8,0.0,0.5,5.0,0.0,,1.0,19.3,1.0,1.0,0.0,0.0,1,2025-11-01 08:32:20.102174
2,2025-01-20 12:37:52,2025-01-20 12:48:36,N,1.0,74,24,1.0,2.15,12.8,0.0,0.5,2.0,0.0,,1.0,16.3,1.0,1.0,0.0,0.0,1,2025-11-01 08:32:20.102174
1,2025-01-20 12:32:24,2025-01-20 12:52:16,N,1.0,74,43,1.0,4.2,21.9,3.5,1.5,4.0,0.0,,1.0,30.9,1.0,1.0,2.75,0.75,1,2025-11-01 08:32:20.102174
2,2025-01-20 12:01:05,2025-01-20 12:11:09,N,1.0,74,263,1.0,1.93,12.1,0.0,0.5,3.27,0.0,,1.0,19.62,1.0,1.0,2.75,0.0,1,2025-11-01 08:32:20.102174
2,2025-01-20 12:33:32,2025-01-20 12:52:54,N,1.0,116,142,1.0,4.56,24.7,0.0,0.5,0.0,0.0,,1.0,28.95,2.0,1.0,2.75,0.0,1,2025-11-01 08:32:20.102174
1,2025-01-20 12:28:04,2025-01-20 12:41:53,N,1.0,75,239,3.0,2.9,15.6,2.75,1.5,3.95,0.0,,1.0,23.8,1.0,1.0,2.75,0.0,1,2025-11-01 08:32:20.102174
2,2025-01-20 12:02:50,2025-01-20 12:24:29,N,1.0,74,239,2.0,4.18,23.3,0.0,0.5,5.51,0.0,,1.0,33.06,1.0,1.0,2.75,0.0,1,2025-11-01 08:32:20.102174
2,2025-01-20 12:58:37,2025-01-20 13:04:50,N,1.0,82,129,1.0,0.64,7.2,0.0,0.5,1.74,0.0,,1.0,10.44,1.0,1.0,0.0,0.0,1,2025-11-01 08:32:20.102174
2,2025-01-20 12:58:19,2025-01-20 13:08:37,N,1.0,74,75,1.0,1.76,12.1,0.0,0.5,2.04,0.0,,1.0,15.64,1.0,1.0,0.0,0.0,1,2025-11-01 08:32:20.102174
1,2025-01-20 12:33:38,2025-01-20 12:44:58,N,1.0,74,142,2.0,3.5,16.3,2.75,1.5,0.0,0.0,,1.0,20.55,2.0,1.0,2.75,0.0,1,2025-11-01 08:32:20.102174
1,2025-01-20 12:31:24,2025-01-20 12:44:42,N,1.0,24,142,1.0,2.5,14.9,2.75,1.5,4.75,0.0,,1.0,23.9,1.0,1.0,2.75,0.0,1,2025-11-01 08:32:20.102174
2,2025-01-20 11:58:15,2025-01-20 12:10:32,N,1.0,130,121,1.0,5.7,23.3,0.0,0.5,0.0,0.0,,1.0,24.8,2.0,1.0,0.0,0.0,1,2025-11-01 08:32:20.102174
2,2025-01-20 12:36:20,2025-01-20 12:41:43,N,1.0,130,215,1.0,1.53,8.6,0.0,0.5,5.0,0.0,,1.0,15.1,1.0,1.0,0.0,0.0,1,2025-11-01 08:32:20.102174
2,2025-01-20 12:53:14,2025-01-20 13:04:17,N,1.0,130,70,2.0,6.91,27.5,0.0,0.5,2.5,0.0,,1.0,31.5,1.0,1.0,0.0,0.0,1,2025-11-01 08:32:20.102174
1,2025-01-20 12:07:14,2025-01-20 12:23:53,N,1.0,97,61,0.0,3.0,18.4,0.0,1.5,4.95,0.0,,1.0,24.85,1.0,1.0,0.0,0.0,1,2025-11-01 08:32:20.102174
1,2025-01-20 12:35:20,2025-01-20 13:02:44,N,1.0,72,123,1.0,0.0,23.5,0.0,1.5,0.0,0.0,,1.0,25.0,1.0,1.0,0.0,0.0,1,2025-11-01 08:32:20.102174
2,2025-01-20 12:00:27,2025-01-20 12:03:38,N,1.0,166,166,1.0,0.53,5.8,0.0,0.5,0.73,0.0,,1.0,8.03,1.0,1.0,0.0,0.0,1,2025-11-01 08:32:20.102174
1,2025-01-20 12:19:37,2025-01-20 12:38:12,N,1.0,223,250,1.0,0.0,28.5,0.0,1.5,0.0,6.94,,1.0,36.94,1.0,1.0,0.0,0.0,1,2025-11-01 08:32:20.102174
2,2025-01-20 12:29:16,2025-01-20 12:38:57,N,1.0,74,236,1.0,2.12,12.1,0.0,0.5,3.27,0.0,,1.0,19.62,1.0,1.0,2.75,0.0,1,2025-11-01 08:32:20.102174
2,2025-01-20 12:55:49,2025-01-20 13:01:41,N,1.0,74,166,1.0,0.88,7.9,0.0,0.5,1.88,0.0,,1.0,11.28,1.0,1.0,0.0,0.0,1,2025-11-01 08:32:20.102174
2,2025-01-20 12:29:16,2025-01-20 12:34:11,N,1.0,74,41,1.0,0.97,7.2,0.0,0.5,1.3,0.0,,1.0,10.0,1.0,1.0,0.0,0.0,1,2025-11-01 08:32:20.102174
2,2025-01-20 10:33:44,2025-01-20 10:50:09,N,1.0,74,140,1.0,3.04,18.4,0.0,0.5,4.53,0.0,,1.0,27.18,1.0,1.0,2.75,0.0,1,2025-11-01 08:32:20.102174
2,2025-01-20 11:01:46,2025-01-20 11:12:34,N,1.0,74,166,1.0,1.53,12.1,0.0,0.5,2.72,0.0,,1.0,16.32,1.0,1.0,0.0,0.0,1,2025-11-01 08:32:20.102174
2,2025-01-20 12:10:12,2025-01-20 12:23:22,N,1.0,43,239,2.0,2.59,14.9,0.0,0.5,0.0,0.0,,1.0,19.15,2.0,1.0,2.75,0.0,1,2025-11-01 08:32:20.102174
2,2025-01-20 12:39:09,2025-01-20 12:40:44,N,1.0,43,43,2.0,0.57,5.1,0.0,0.5,1.32,0.0,,1.0,7.92,1.0,1.0,0.0,0.0,1,2025-11-01 08:32:20.102174
2,2025-01-20 12:08:07,2025-01-20 12:25:31,N,1.0,74,43,1.0,3.54,19.8,0.0,0.5,4.81,0.0,,1.0,28.86,1.0,1.0,2.75,0.0,1,2025-11-01 08:32:20.102174
2,2025-01-20 12:47:42,2025-01-20 13:00:26,N,1.0,43,237,6.0,1.85,13.5,0.0,0.5,3.55,0.0,,1.0,21.3,1.0,1.0,2.75,0.0,1,2025-11-01 08:32:20.102174
2,2025-01-20 12:28:33,2025-01-20 12:30:54,N,1.0,74,74,1.0,0.52,5.1,0.0,0.5,0.0,0.0,,1.0,6.6,2.0,1.0,0.0,0.0,1,2025-11-01 08:32:20.102174
2,2025-01-20 12:07:56,2025-01-20 12:21:19,N,1.0,74,138,1.0,6.85,28.2,5.0,0.5,8.33,6.94,,1.0,49.97,1.0,1.0,0.0,0.0,1,2025-11-01 08:32:20.102174
2,2025-01-20 12:57:33,2025-01-20 13:23:31,N,1.0,82,63,1.0,5.33,28.2,0.0,0.5,0.0,0.0,,1.0,29.7,2.0,1.0,0.0,0.0,1,2025-11-01 08:32:20.102174
2,2025-01-20 12:28:28,2025-01-20 12:43:23,N,1.0,74,239,1.0,3.32,17.0,0.0,0.5,4.25,0.0,,1.0,25.5,1.0,1.0,2.75,0.0,1,2025-11-01 08:32:20.102174
2,2025-01-20 11:54:29,2025-01-20 12:05:38,N,1.0,75,237,1.0,2.03,13.5,0.0,0.5,3.55,0.0,,1.0,21.3,1.0,1.0,2.75,0.0,1,2025-11-01 08:32:20.102174
2,2025-01-20 12:34:26,2025-01-20 12:51:13,N,1.0,75,163,1.0,3.15,17.7,0.0,0.5,6.81,0.0,,1.0,29.51,1.0,1.0,2.75,0.75,1,2025-11-01 08:32:20.102174
2,2025-01-20 12:33:30,2025-01-20 12:47:24,N,1.0,92,53,1.0,2.75,15.6,0.0,0.5,0.0,0.0,,1.0,17.1,1.0,1.0,0.0,0.0,1,2025-11-01 08:32:20.102174
2,2025-01-20 11:42:58,2025-01-20 11:45:08,N,1.0,43,236,2.0,0.41,4.4,0.0,0.5,1.73,0.0,,1.0,10.38,1.0,1.0,2.75,0.0,1,2025-11-01 08:32:20.102174
2,2025-01-20 11:53:19,2025-01-20 12:01:11,N,1.0,43,166,2.0,1.9,11.4,0.0,0.5,2.58,0.0,,1.0,15.48,1.0,1.0,0.0,0.0,1,2025-11-01 08:32:20.102174
2,2025-01-20 12:14:27,2025-01-20 12:26:52,N,1.0,95,121,1.0,3.23,17.0,0.0,0.5,3.7,0.0,,1.0,22.2,1.0,1.0,0.0,0.0,1,2025-11-01 08:32:20.102174
2,2025-01-20 12:30:31,2025-01-20 12:42:59,N,1.0,74,151,2.0,2.55,14.9,0.0,0.5,3.28,0.0,,1.0,19.68,1.0,1.0,0.0,0.0,1,2025-11-01 08:32:20.102174
2,2025-01-20 13:30:34,2025-01-20 13:34:37,N,1.0,43,236,1.0,0.88,6.5,0.0,0.5,1.61,0.0,,1.0,12.36,1.0,1.0,2.75,0.0,1,2025-11-01 08:32:20.102174
2,2025-01-20 13:46:26,2025-01-20 13:56:42,N,1.0,130,216,1.0,2.09,12.8,0.0,0.5,0.0,0.0,,1.0,14.3,2.0,1.0,0.0,0.0,1,2025-11-01 08:32:20.102174
2,2025-01-20 13:05:18,2025-01-20 13:15:35,N,1.0,97,49,1.0,1.21,10.7,0.0,0.5,2.44,0.0,,1.0,14.64,1.0,1.0,0.0,0.0,1,2025-11-01 08:32:20.102174
2,2025-01-20 13:43:07,2025-01-20 14:04:48,N,1.0,65,158,1.0,3.9,23.3,0.0,0.5,5.66,0.0,,1.0,33.96,1.0,1.0,2.75,0.75,1,2025-11-01 08:32:20.102174
2,2025-01-20 13:31:27,2025-01-20 13:39:10,N,1.0,97,49,2.0,1.17,9.3,0.0,0.5,2.16,0.0,,1.0,12.96,1.0,1.0,0.0,0.0,1,2025-11-01 08:32:20.102174
1,2025-01-20 13:56:19,2025-01-20 14:00:55,N,1.0,74,75,1.0,1.3,7.9,0.0,1.5,1.85,0.0,,1.0,11.25,1.0,1.0,0.0,0.0,1,2025-11-01 08:32:20.102174
2,2025-01-20 13:05:57,2025-01-20 13:18:25,N,1.0,97,49,1.0,1.54,12.1,0.0,0.5,1.0,0.0,,1.0,14.6,1.0,1.0,0.0,0.0,1,2025-11-01 08:32:20.102174
2,2025-01-20 13:46:08,2025-01-20 14:09:56,N,1.0,97,225,1.0,3.73,21.9,0.0,0.5,5.85,0.0,,1.0,29.25,1.0,1.0,0.0,0.0,1,2025-11-01 08:32:20.102174
2,2025-01-20 13:05:31,2025-01-20 13:07:56,N,1.0,166,166,1.0,0.36,4.4,0.0,0.5,1.18,0.0,,1.0,7.08,1.0,1.0,0.0,0.0,1,2025-11-01 08:32:20.102174
2,2025-01-20 13:37:07,2025-01-20 13:54:51,N,1.0,244,166,1.0,2.87,19.1,0.0,0.5,3.09,0.0,,1.0,23.69,1.0,1.0,0.0,0.0,1,2025-11-01 08:32:20.102174
2,2025-01-20 13:35:25,2025-01-20 13:45:02,N,1.0,74,116,1.0,1.61,10.7,0.0,0.5,0.0,0.0,,1.0,12.2,1.0,1.0,0.0,0.0,1,2025-11-01 08:32:20.102174
2,2025-01-20 13:58:16,2025-01-20 14:08:04,N,1.0,74,151,1.0,2.19,12.8,0.0,0.5,2.14,0.0,,1.0,16.44,1.0,1.0,0.0,0.0,1,2025-11-01 08:32:20.102174
1,2025-01-20 13:18:50,2025-01-20 13:36:02,N,1.0,75,138,1.0,7.8,32.4,5.0,1.5,8.0,6.94,,1.0,53.84,1.0,1.0,0.0,0.0,1,2025-11-01 08:32:20.102174
2,2025-01-20 13:00:37,2025-01-20 13:08:10,N,1.0,74,74,1.0,1.26,9.3,0.0,0.5,2.2,0.0,,1.0,13.0,1.0,1.0,0.0,0.0,1,2025-11-01 08:32:20.102174
2,2025-01-20 13:23:27,2025-01-20 13:31:47,N,1.0,166,239,2.0,1.35,10.0,0.0,0.5,2.85,0.0,,1.0,17.1,1.0,1.0,2.75,0.0,1,2025-11-01 08:32:20.102174
2,2025-01-20 07:30:34,2025-01-20 07:34:36,N,1.0,75,238,1.0,1.02,7.2,0.0,0.5,2.29,0.0,,1.0,13.74,1.0,1.0,2.75,0.0,1,2025-11-01 08:32:20.102174
2,2025-01-20 13:31:24,2025-01-20 13:45:51,N,1.0,24,236,2.0,2.49,16.3,0.0,0.5,4.11,0.0,,1.0,24.66,1.0,1.0,2.75,0.0,1,2025-11-01 08:32:20.102174
2,2025-01-20 13:22:53,2025-01-20 13:27:40,N,1.0,97,181,2.0,0.67,6.5,0.0,0.5,2.4,0.0,,1.0,10.4,1.0,1.0,0.0,0.0,1,2025-11-01 08:32:20.102174
2,2025-01-20 13:35:38,2025-01-20 13:47:15,N,1.0,74,263,1.0,1.98,12.8,0.0,0.5,3.08,0.0,,1.0,20.13,1.0,1.0,2.75,0.0,1,2025-11-01 08:32:20.102174
2,2025-01-20 13:52:32,2025-01-20 14:00:34,N,1.0,75,151,1.0,1.37,10.0,0.0,0.5,2.3,0.0,,1.0,13.8,1.0,1.0,0.0,0.0,1,2025-11-01 08:32:20.102174
2,2025-01-20 13:30:18,2025-01-20 13:44:54,N,1.0,75,50,1.0,3.21,17.0,0.0,0.5,4.4,0.0,,1.0,26.4,1.0,1.0,2.75,0.75,1,2025-11-01 08:32:20.102174
2,2025-01-20 13:42:52,2025-01-20 13:48:19,N,1.0,7,179,1.0,0.84,7.2,0.0,0.5,1.74,0.0,,1.0,10.44,1.0,1.0,0.0,0.0,1,2025-11-01 08:32:20.102174
2,2025-01-20 13:27:25,2025-01-20 13:38:32,N,1.0,74,24,1.0,2.01,13.5,0.0,0.5,1.0,0.0,,1.0,16.0,1.0,1.0,0.0,0.0,1,2025-11-01 08:32:20.102174
2,2025-01-20 13:58:09,2025-01-20 14:12:33,N,1.0,74,24,1.0,2.39,15.6,0.0,0.5,0.0,0.0,,1.0,17.1,2.0,1.0,0.0,0.0,1,2025-11-01 08:32:20.102174
2,2025-01-20 13:08:11,2025-01-20 13:25:08,N,1.0,152,74,1.0,2.5,17.0,0.0,0.5,0.0,0.0,,1.0,18.5,1.0,1.0,0.0,0.0,1,2025-11-01 08:32:20.102174
2,2025-01-20 13:56:26,2025-01-20 14:12:12,N,1.0,74,262,1.0,2.77,17.7,0.0,0.5,4.39,0.0,,1.0,26.34,1.0,1.0,2.75,0.0,1,2025-11-01 08:32:20.102174
2,2025-01-20 13:36:12,2025-01-20 13:48:46,N,1.0,74,236,1.0,2.27,14.2,0.0,0.5,3.69,0.0,,1.0,22.14,1.0,1.0,2.75,0.0,1,2025-11-01 08:32:20.102174
2,2025-01-20 13:13:43,2025-01-20 13:24:08,N,1.0,74,166,1.0,1.87,12.1,0.0,0.5,2.72,0.0,,1.0,16.32,1.0,1.0,0.0,0.0,1,2025-11-01 08:32:20.102174
2,2025-01-20 13:56:43,2025-01-20 14:13:52,N,1.0,74,238,1.0,2.84,18.4,0.0,0.5,3.98,0.0,,1.0,23.88,1.0,1.0,0.0,0.0,1,2025-11-01 08:32:20.102174
2,2025-01-20 13:18:09,2025-01-20 14:06:12,N,1.0,74,234,1.0,8.39,49.9,0.0,0.5,8.23,0.0,,1.0,63.13,1.0,1.0,2.75,0.75,1,2025-11-01 08:32:20.102174
2,2025-01-20 13:56:40,2025-01-20 14:10:52,N,1.0,82,138,1.0,2.55,17.0,5.0,0.5,2.5,0.0,,1.0,26.0,1.0,1.0,0.0,0.0,1,2025-11-01 08:32:20.102174
2,2025-01-20 13:06:56,2025-01-20 13:20:37,N,1.0,74,151,1.0,2.32,14.9,0.0,0.5,3.28,0.0,,1.0,19.68,1.0,1.0,0.0,0.0,1,2025-11-01 08:32:20.102174
2,2025-01-20 13:56:32,2025-01-20 14:05:56,N,1.0,74,263,1.0,1.95,12.1,0.0,0.5,2.0,0.0,,1.0,18.35,1.0,1.0,2.75,0.0,1,2025-11-01 08:32:20.102174
2,2025-01-20 13:29:10,2025-01-20 13:38:17,N,1.0,74,74,1.0,2.31,12.1,0.0,0.5,1.36,0.0,,1.0,14.96,1.0,1.0,0.0,0.0,1,2025-11-01 08:32:20.102174
2,2025-01-20 13:46:06,2025-01-20 13:51:18,N,1.0,236,74,1.0,1.57,8.6,0.0,0.5,2.52,0.0,,1.0,12.62,1.0,1.0,0.0,0.0,1,2025-11-01 08:32:20.102174
1,2025-01-20 13:04:17,2025-01-20 13:15:58,N,1.0,74,166,2.0,1.9,12.8,0.0,1.5,4.0,0.0,,1.0,18.3,1.0,1.0,0.0,0.0,1,2025-11-01 08:32:20.102174
1,2025-01-20 13:28:26,2025-01-20 13:41:48,N,1.0,74,237,1.0,2.8,15.6,2.75,1.5,2.0,0.0,,1.0,21.85,1.0,1.0,2.75,0.0,1,2025-11-01 08:32:20.102174
1,2025-01-20 13:59:45,2025-01-20 14:06:41,N,1.0,74,75,2.0,1.2,9.3,0.0,1.5,2.15,0.0,,1.0,12.95,1.0,1.0,0.0,0.0,1,2025-11-01 08:32:20.102174
2,2025-01-20 13:10:08,2025-01-20 13:10:12,N,1.0,193,193,1.0,0.0,-3.0,0.0,-0.5,0.0,0.0,,-1.0,-4.5,3.0,1.0,0.0,0.0,1,2025-11-01 08:32:20.102174
2,2025-01-20 13:10:08,2025-01-20 13:10:12,N,1.0,193,193,1.0,0.0,3.0,0.0,0.5,0.0,0.0,,1.0,4.5,3.0,1.0,0.0,0.0,1,2025-11-01 08:32:20.102174
2,2025-01-20 13:15:08,2025-01-20 13:37:41,N,1.0,92,10,1.0,8.07,35.9,0.0,0.5,0.0,0.0,,1.0,37.4,2.0,1.0,0.0,0.0,1,2025-11-01 08:32:20.102174
2,2025-01-20 13:12:27,2025-01-20 13:24:10,N,1.0,97,49,1.0,1.72,12.1,0.0,0.5,2.72,0.0,,1.0,16.32,1.0,1.0,0.0,0.0,1,2025-11-01 08:32:20.102174
2,2025-01-20 13:26:33,2025-01-20 13:44:55,N,1.0,82,130,1.0,5.61,26.1,0.0,0.5,5.52,0.0,,1.0,33.12,1.0,1.0,0.0,0.0,1,2025-11-01 08:32:20.102174
2,2025-01-20 13:36:52,2025-01-20 13:48:29,N,1.0,130,138,2.0,6.88,28.2,5.0,0.5,6.94,0.0,,1.0,41.64,1.0,1.0,0.0,0.0,1,2025-11-01 08:32:20.102174
2,2025-01-20 13:00:56,2025-01-20 13:13:27,N,1.0,74,43,1.0,2.86,15.6,0.0,0.5,5.96,0.0,,1.0,25.81,1.0,1.0,2.75,0.0,1,2025-11-01 08:32:20.102174
2,2025-01-20 13:33:45,2025-01-20 13:55:29,N,1.0,75,164,1.0,4.95,26.8,0.0,0.5,9.54,0.0,,1.0,41.34,1.0,1.0,2.75,0.75,1,2025-11-01 08:32:20.102174
2,2025-01-20 13:35:10,2025-01-20 13:43:25,N,1.0,75,238,1.0,1.36,10.0,0.0,0.5,2.3,0.0,,1.0,13.8,1.0,1.0,0.0,0.0,1,2025-11-01 08:32:20.102174
2,2025-01-20 13:07:09,2025-01-20 13:16:58,N,1.0,74,166,1.0,1.84,11.4,0.0,0.5,0.0,0.0,,1.0,12.9,2.0,1.0,0.0,0.0,1,2025-11-01 08:32:20.102174
2,2025-01-20 13:20:31,2025-01-20 13:27:33,N,1.0,166,238,1.0,1.32,9.3,0.0,0.5,2.16,0.0,,1.0,12.96,1.0,1.0,0.0,0.0,1,2025-11-01 08:32:20.102174
2,2025-01-20 13:46:04,2025-01-20 14:22:39,N,1.0,14,89,1.0,7.15,38.0,0.0,0.5,9.88,0.0,,1.0,49.38,1.0,1.0,0.0,0.0,1,2025-11-01 08:32:20.102174
1,2025-01-20 13:18:47,2025-01-20 13:38:43,N,5.0,75,167,2.0,3.8,25.0,0.0,0.0,0.0,0.0,,0.0,25.0,1.0,2.0,0.0,0.0,1,2025-11-01 08:32:20.102174
2,2025-01-20 13:30:45,2025-01-20 13:41:14,N,1.0,74,75,1.0,1.48,11.4,0.0,0.5,0.2,0.0,,1.0,13.1,1.0,1.0,0.0,0.0,1,2025-11-01 08:32:20.102174
2,2025-01-20 13:36:43,2025-01-20 13:50:40,N,1.0,74,237,1.0,2.83,17.0,0.0,0.5,4.25,0.0,,1.0,25.5,1.0,1.0,2.75,0.0,1,2025-11-01 08:32:20.102174
1,2025-01-20 13:29:57,2025-01-20 13:36:56,N,1.0,97,97,1.0,0.0,16.5,0.0,1.5,0.0,0.0,,1.0,18.0,1.0,1.0,0.0,0.0,1,2025-11-01 08:32:20.102174
2,2025-01-20 13:29:39,2025-01-20 13:40:43,N,1.0,97,61,1.0,2.01,12.8,0.0,0.5,2.86,0.0,,1.0,17.16,1.0,1.0,0.0,0.0,1,2025-11-01 08:32:20.102174
2,2025-01-20 10:38:01,2025-01-20 10:50:56,N,1.0,74,236,1.0,2.69,15.6,0.0,0.5,3.97,0.0,,1.0,23.82,1.0,1.0,2.75,0.0,1,2025-11-01 08:32:20.102174
2,2025-01-20 13:26:41,2025-01-20 13:44:16,N,1.0,74,238,1.0,2.99,19.1,0.0,0.5,4.67,0.0,,1.0,28.02,1.0,1.0,2.75,0.0,1,2025-11-01 08:32:20.102174
2,2025-01-20 13:08:03,2025-01-20 13:21:21,N,1.0,43,161,1.0,2.17,14.2,0.0,0.5,3.84,0.0,,1.0,23.04,1.0,1.0,2.75,0.75,1,2025-11-01 08:32:20.102174
2,2025-01-20 13:43:22,2025-01-20 14:13:07,N,1.0,130,265,1.0,17.71,66.7,0.0,0.5,0.0,0.0,,1.0,68.2,2.0,1.0,0.0,0.0,1,2025-11-01 08:32:20.102174
2,2025-01-20 13:15:23,2025-01-20 13:21:29,N,1.0,74,42,1.0,1.66,10.0,0.0,0.5,0.0,0.0,,1.0,11.5,2.0,1.0,0.0,0.0,1,2025-11-01 08:32:20.102174
2,2025-01-20 13:32:23,2025-01-20 13:39:01,N,1.0,41,74,1.0,1.04,8.6,0.0,0.5,0.0,0.0,,1.0,10.1,2.0,1.0,0.0,0.0,1,2025-11-01 08:32:20.102174
1,2025-01-20 13:44:18,2025-01-20 14:04:42,N,1.0,182,127,1.0,0.0,26.5,0.0,1.5,0.0,0.0,,1.0,28.0,1.0,1.0,0.0,0.0,1,2025-11-01 08:32:20.102174
2,2025-01-20 13:39:31,2025-01-20 13:57:54,N,1.0,75,224,2.0,5.89,26.8,0.0,0.5,3.0,0.0,,1.0,34.8,1.0,1.0,2.75,0.75,1,2025-11-01 08:32:20.102174
2,2025-01-20 13:35:21,2025-01-20 13:58:16,N,1.0,41,48,1.0,4.82,26.1,0.0,0.5,7.78,0.0,,1.0,38.88,1.0,1.0,2.75,0.75,1,2025-11-01 08:32:20.102174
2,2025-01-20 13:06:08,2025-01-20 13:18:32,N,1.0,74,138,1.0,6.7,28.2,5.0,0.5,8.33,6.94,,1.0,49.97,1.0,1.0,0.0,0.0,1,2025-11-01 08:32:20.102174
2,2025-01-20 13:35:43,2025-01-20 13:48:13,N,1.0,74,116,1.0,2.13,13.5,0.0,0.5,0.0,0.0,,1.0,15.0,2.0,1.0,0.0,0.0,1,2025-11-01 08:32:20.102174
2,2025-01-20 12:59:11,2025-01-20 13:25:42,N,1.0,74,140,1.0,3.82,26.1,0.0,0.5,6.07,0.0,,1.0,36.42,1.0,1.0,2.75,0.0,1,2025-11-01 08:32:20.102174
2,2025-01-20 13:28:46,2025-01-20 13:36:27,N,1.0,74,41,1.0,1.03,9.3,0.0,0.5,2.16,0.0,,1.0,12.96,1.0,1.0,0.0,0.0,1,2025-11-01 08:32:20.102174
2,2025-01-20 13:27:15,2025-01-20 13:43:57,N,1.0,74,238,1.0,2.82,17.7,0.0,0.5,2.0,0.0,,1.0,21.2,1.0,1.0,0.0,0.0,1,2025-11-01 08:32:20.102174
2,2025-01-20 12:35:20,2025-01-20 12:43:44,N,1.0,75,239,2.0,1.75,10.7,0.0,0.5,2.99,0.0,,1.0,17.94,1.0,1.0,2.75,0.0,1,2025-11-01 08:32:20.102174
2,2025-01-20 12:57:44,2025-01-20 13:16:30,N,1.0,43,79,2.0,5.78,26.1,0.0,0.5,6.22,0.0,,1.0,37.32,1.0,1.0,2.75,0.75,1,2025-11-01 08:32:20.102174
1,2025-01-20 13:54:56,2025-01-20 14:01:12,N,1.0,166,236,1.0,1.4,9.3,1.0,1.5,0.0,0.0,,1.0,11.8,1.0,1.0,0.0,0.0,1,2025-11-01 08:32:20.102174
1,2025-01-20 13:01:48,2025-01-20 13:36:10,N,1.0,39,203,1.0,0.0,35.5,0.0,1.5,0.0,0.0,,1.0,37.0,1.0,1.0,0.0,0.0,1,2025-11-01 08:32:20.102174
2,2025-01-20 13:06:01,2025-01-20 13:13:41,N,1.0,74,236,1.0,2.15,11.4,0.0,0.5,3.13,0.0,,1.0,18.78,1.0,1.0,2.75,0.0,1,2025-11-01 08:32:20.102174
2,2025-01-20 13:37:20,2025-01-20 13:44:52,N,1.0,74,41,1.0,1.22,9.3,0.0,0.5,2.16,0.0,,1.0,12.96,1.0,1.0,0.0,0.0,1,2025-11-01 08:32:20.102174
2,2025-01-20 13:58:56,2025-01-20 14:10:00,N,1.0,74,263,1.0,2.11,13.5,0.0,0.5,3.55,0.0,,1.0,21.3,1.0,1.0,2.75,0.0,1,2025-11-01 08:32:20.102174
2,2025-01-20 13:03:01,2025-01-20 13:08:48,N,1.0,166,264,1.0,1.93,10.0,0.0,0.5,2.0,0.0,,1.0,13.5,1.0,1.0,0.0,0.0,1,2025-11-01 08:32:20.102174
2,2025-01-20 13:16:58,2025-01-20 15:00:58,N,1.0,92,92,1.0,13.44,100.3,0.0,0.5,0.0,0.0,,1.0,101.8,2.0,1.0,0.0,0.0,1,2025-11-01 08:32:20.102174
2,2025-01-20 13:34:03,2025-01-20 13:48:40,N,1.0,244,238,1.0,4.04,20.5,0.0,0.5,4.4,0.0,,1.0,26.4,1.0,1.0,0.0,0.0,1,2025-11-01 08:32:20.102174
2,2025-01-20 14:52:19,2025-01-20 15:35:02,N,1.0,92,92,1.0,3.78,35.2,0.0,0.5,0.0,0.0,,1.0,36.7,2.0,1.0,0.0,0.0,1,2025-11-01 08:32:20.102174
2,2025-01-20 14:08:54,2025-01-20 14:23:10,N,1.0,43,161,1.0,2.17,14.9,0.0,0.5,3.98,0.0,,1.0,23.88,1.0,1.0,2.75,0.75,1,2025-11-01 08:32:20.102174
2,2025-01-20 14:40:01,2025-01-20 14:47:47,N,1.0,97,49,1.0,0.94,8.6,0.0,0.5,2.52,0.0,,1.0,12.62,1.0,1.0,0.0,0.0,1,2025-11-01 08:32:20.102174
2,2025-01-20 14:04:52,2025-01-20 14:18:53,N,1.0,166,220,1.0,6.72,28.2,0.0,0.5,6.58,3.18,,1.0,39.46,1.0,1.0,0.0,0.0,1,2025-11-01 08:32:20.102174
2,2025-01-20 14:27:59,2025-01-20 14:39:38,N,1.0,65,181,2.0,1.51,12.1,0.0,0.5,2.72,0.0,,1.0,16.32,1.0,1.0,0.0,0.0,1,2025-11-01 08:32:20.102174
2,2025-01-20 14:55:50,2025-01-20 15:05:43,N,1.0,65,61,2.0,1.91,11.4,0.0,0.5,2.58,0.0,,1.0,15.48,1.0,1.0,0.0,0.0,1,2025-11-01 08:32:20.102174
2,2025-01-20 14:25:48,2025-01-20 14:37:33,N,1.0,82,157,1.0,1.71,12.8,0.0,0.5,0.0,0.0,,1.0,14.3,1.0,1.0,0.0,0.0,1,2025-11-01 08:32:20.102174
1,2025-01-20 14:51:08,2025-01-20 15:12:30,N,1.0,65,89,0.0,4.2,24.0,0.0,1.5,5.1,0.0,,1.0,30.6,1.0,1.0,0.0,0.0,1,2025-11-01 08:32:20.102174
1,2025-01-20 14:25:56,2025-01-20 14:42:13,N,1.0,74,238,1.0,3.4,17.7,2.75,1.5,4.0,0.0,,1.0,25.95,1.0,1.0,2.75,0.0,1,2025-11-01 08:32:20.102174
1,2025-01-20 14:55:10,2025-01-20 15:00:23,N,1.0,166,151,1.0,1.2,7.2,0.0,1.5,1.5,0.0,,1.0,10.2,1.0,1.0,0.0,0.0,1,2025-11-01 08:32:20.102174
2,2025-01-20 15:03:31,2025-01-20 15:11:20,N,5.0,193,202,3.0,1.09,14.0,0.0,0.0,3.75,0.0,,1.0,18.75,1.0,2.0,0.0,0.0,1,2025-11-01 08:32:20.102174
2,2025-01-20 14:28:49,2025-01-20 14:41:08,N,1.0,97,33,1.0,1.43,12.1,0.0,0.5,2.0,0.0,,1.0,15.6,1.0,1.0,0.0,0.0,1,2025-11-01 08:32:20.102174
2,2025-01-20 14:52:22,2025-01-20 15:06:59,N,1.0,65,61,1.0,2.46,16.3,0.0,0.5,3.56,0.0,,1.0,21.36,1.0,1.0,0.0,0.0,1,2025-11-01 08:32:20.102174
2,2025-01-20 14:02:14,2025-01-20 14:07:56,N,1.0,166,166,1.0,1.01,7.9,0.0,0.5,1.88,0.0,,1.0,11.28,1.0,1.0,0.0,0.0,1,2025-11-01 08:32:20.102174
2,2025-01-20 14:33:23,2025-01-20 14:44:01,N,1.0,74,236,1.0,1.75,12.1,0.0,0.5,3.27,0.0,,1.0,19.62,1.0,1.0,2.75,0.0,1,2025-11-01 08:32:20.102174
1,2025-01-20 14:57:16,2025-01-20 15:31:30,N,1.0,171,234,1.0,0.0,38.5,0.0,1.5,0.0,6.94,,1.0,46.94,1.0,1.0,0.0,0.0,1,2025-11-01 08:32:20.102174
2,2025-01-20 14:13:24,2025-01-20 14:17:48,N,1.0,74,74,1.0,0.44,5.8,0.0,0.5,0.0,0.0,,1.0,7.3,2.0,1.0,0.0,0.0,1,2025-11-01 08:32:20.102174
2,2025-01-20 14:29:14,2025-01-20 14:39:31,N,1.0,74,42,1.0,1.51,11.4,0.0,0.5,2.58,0.0,,1.0,15.48,1.0,1.0,0.0,0.0,1,2025-11-01 08:32:20.102174
2,2025-01-20 14:30:02,2025-01-20 14:48:56,N,1.0,74,237,2.0,2.95,19.1,0.0,0.5,3.5,0.0,,1.0,26.85,1.0,1.0,2.75,0.0,1,2025-11-01 08:32:20.102174
2,2025-01-20 07:27:43,2025-01-20 07:40:20,N,1.0,74,166,1.0,2.08,13.5,0.0,0.5,2.0,0.0,,1.0,17.0,1.0,1.0,0.0,0.0,1,2025-11-01 08:32:20.102174
2,2025-01-20 14:31:02,2025-01-20 14:38:33,N,1.0,65,49,2.0,1.26,9.3,0.0,0.5,3.24,0.0,,1.0,14.04,1.0,1.0,0.0,0.0,1,2025-11-01 08:32:20.102174
2,2025-01-20 14:59:45,2025-01-20 15:14:16,N,1.0,74,263,1.0,2.24,15.6,0.0,0.5,4.96,0.0,,1.0,24.81,1.0,1.0,2.75,0.0,1,2025-11-01 08:32:20.102174
2,2025-01-20 14:36:43,2025-01-20 15:05:34,N,5.0,75,75,1.0,16.41,8.0,0.0,0.0,0.0,0.0,,1.0,12.5,2.0,2.0,2.75,0.75,1,2025-11-01 08:32:20.102174
2,2025-01-20 14:39:18,2025-01-20 14:53:14,N,1.0,75,140,1.0,2.24,14.9,0.0,0.5,3.83,0.0,,1.0,22.98,1.0,1.0,2.75,0.0,1,2025-11-01 08:32:20.102174
1,2025-01-20 14:20:16,2025-01-20 14:46:52,N,1.0,41,95,1.0,10.5,42.2,0.0,1.5,0.01,6.94,,1.0,50.65,1.0,1.0,0.0,0.0,1,2025-11-01 08:32:20.102174
2,2025-01-20 14:26:53,2025-01-20 14:41:38,N,1.0,74,238,1.0,3.1,17.7,0.0,0.5,4.0,0.0,,1.0,25.95,1.0,1.0,2.75,0.0,1,2025-11-01 08:32:20.102174
2,2025-01-20 14:44:33,2025-01-20 14:50:36,N,1.0,7,179,1.0,1.15,7.2,0.0,0.5,2.61,0.0,,1.0,11.31,1.0,1.0,0.0,0.0,1,2025-11-01 08:32:20.102174
1,2025-01-20 14:23:37,2025-01-20 14:43:28,N,1.0,244,239,2.0,5.7,26.1,2.75,1.5,6.05,0.0,,1.0,36.4,1.0,1.0,2.75,0.0,1,2025-11-01 08:32:20.102174
2,2025-01-20 14:36:40,2025-01-20 14:51:39,N,1.0,74,151,1.0,2.36,15.6,0.0,0.5,3.42,0.0,,1.0,20.52,1.0,1.0,0.0,0.0,1,2025-11-01 08:32:20.102174
2,2025-01-20 14:29:20,2025-01-20 14:43:03,N,1.0,74,151,1.0,2.39,14.9,0.0,0.5,3.28,0.0,,1.0,19.68,1.0,1.0,0.0,0.0,1,2025-11-01 08:32:20.102174
2,2025-01-20 14:52:51,2025-01-20 14:55:36,N,1.0,75,236,1.0,0.48,5.1,0.0,0.5,1.87,0.0,,1.0,11.22,1.0,1.0,2.75,0.0,1,2025-11-01 08:32:20.102174
2,2025-01-20 14:59:26,2025-01-20 15:06:37,N,1.0,75,166,1.0,1.83,10.7,0.0,0.5,2.44,0.0,,1.0,14.64,1.0,1.0,0.0,0.0,1,2025-11-01 08:32:20.102174
1,2025-01-20 14:23:37,2025-01-20 14:35:23,N,1.0,74,166,1.0,1.5,12.1,0.0,1.5,0.02,0.0,,1.0,13.62,1.0,1.0,0.0,0.0,1,2025-11-01 08:32:20.102174
2,2025-01-20 14:29:54,2025-01-20 15:01:36,N,1.0,75,217,1.0,9.35,43.6,0.0,0.5,0.0,0.0,,1.0,48.6,2.0,1.0,2.75,0.75,1,2025-11-01 08:32:20.102174
2,2025-01-20 15:02:30,2025-01-20 15:14:32,N,5.0,92,171,1.0,2.41,20.0,0.0,0.0,0.0,0.0,,1.0,21.0,1.0,2.0,0.0,0.0,1,2025-11-01 08:32:20.102174
2,2025-01-20 14:29:35,2025-01-20 14:41:08,N,1.0,65,181,1.0,1.56,12.8,0.0,0.5,3.58,0.0,,1.0,17.88,1.0,1.0,0.0,0.0,1,2025-11-01 08:32:20.102174
2,2025-01-20 14:22:41,2025-01-20 14:41:55,N,1.0,97,40,1.0,2.85,19.1,0.0,0.5,3.0,0.0,,1.0,23.6,1.0,1.0,0.0,0.0,1,2025-11-01 08:32:20.102174
2,2025-01-20 14:56:59,2025-01-20 15:08:28,N,1.0,82,82,1.0,1.15,10.7,0.0,0.5,2.44,0.0,,1.0,14.64,1.0,1.0,0.0,0.0,1,2025-11-01 08:32:20.102174
1,2025-01-20 14:17:51,2025-01-20 15:23:46,N,1.0,155,164,1.0,0.0,43.5,0.0,1.5,0.0,0.0,,1.0,45.0,1.0,1.0,0.0,0.0,1,2025-11-01 08:32:20.102174
2,2025-01-20 14:26:54,2025-01-20 14:31:42,N,1.0,75,74,1.0,1.39,7.9,0.0,0.5,1.88,0.0,,1.0,11.28,1.0,1.0,0.0,0.0,1,2025-11-01 08:32:20.102174
2,2025-01-20 14:26:30,2025-01-20 14:38:56,N,1.0,74,236,1.0,2.01,13.5,0.0,0.5,3.55,0.0,,1.0,21.3,1.0,1.0,2.75,0.0,1,2025-11-01 08:32:20.102174
1,2025-01-20 14:32:00,2025-01-20 14:41:21,N,1.0,75,152,1.0,2.2,12.8,0.0,1.5,2.85,0.0,,1.0,17.15,1.0,1.0,0.0,0.0,1,2025-11-01 08:32:20.102174
2,2025-01-20 14:31:04,2025-01-20 14:42:44,N,1.0,28,95,1.0,1.95,13.5,0.0,0.5,4.5,0.0,,1.0,19.5,1.0,1.0,0.0,0.0,1,2025-11-01 08:32:20.102174
2,2025-01-20 14:27:41,2025-01-20 14:39:46,N,1.0,74,236,1.0,2.15,13.5,0.0,0.5,3.55,0.0,,1.0,21.3,1.0,1.0,2.75,0.0,1,2025-11-01 08:32:20.102174
2,2025-01-20 14:20:39,2025-01-20 14:28:59,N,1.0,236,236,1.0,0.84,9.3,0.0,0.5,2.71,0.0,,1.0,16.26,1.0,1.0,2.75,0.0,1,2025-11-01 08:32:20.102174
2,2025-01-20 15:02:17,2025-01-20 15:05:53,N,1.0,74,75,1.0,0.34,5.8,0.0,0.5,1.82,0.0,,1.0,9.12,1.0,1.0,0.0,0.0,1,2025-11-01 08:32:20.102174
2,2025-01-20 14:33:53,2025-01-20 14:35:07,N,1.0,74,74,1.0,0.01,-3.7,0.0,-0.5,0.0,0.0,,-1.0,-5.2,3.0,1.0,0.0,0.0,1,2025-11-01 08:32:20.102174
2,2025-01-20 14:33:53,2025-01-20 14:35:07,N,1.0,74,74,1.0,0.01,3.7,0.0,0.5,0.0,0.0,,1.0,5.2,3.0,1.0,0.0,0.0,1,2025-11-01 08:32:20.102174
2,2025-01-20 14:24:55,2025-01-20 14:38:37,N,1.0,74,236,1.0,1.92,14.2,0.0,0.5,0.0,0.0,,1.0,18.45,2.0,1.0,2.75,0.0,1,2025-11-01 08:32:20.102174
2,2025-01-20 10:36:23,2025-01-20 10:47:18,N,1.0,74,238,1.0,2.18,13.5,0.0,0.5,3.75,0.0,,1.0,18.75,1.0,1.0,0.0,0.0,1,2025-11-01 08:32:20.102174
2,2025-01-20 14:34:43,2025-01-20 14:49:09,N,1.0,74,138,1.0,6.71,28.2,5.0,0.5,8.33,6.94,,1.0,49.97,1.0,1.0,0.0,0.0,1,2025-11-01 08:32:20.102174
2,2025-01-20 13:48:12,2025-01-20 14:03:34,N,1.0,43,162,1.0,2.63,16.3,0.0,0.5,4.26,0.0,,1.0,25.56,1.0,1.0,2.75,0.75,1,2025-11-01 08:32:20.102174
2,2025-01-20 14:45:45,2025-01-20 15:07:56,N,1.0,130,132,1.0,6.44,29.6,0.0,0.5,6.22,0.0,,1.0,37.32,1.0,1.0,0.0,0.0,1,2025-11-01 08:32:20.102174
2,2025-01-20 14:14:37,2025-01-20 14:20:01,N,1.0,75,238,2.0,0.8,7.2,0.0,0.5,0.0,0.0,,1.0,8.7,2.0,1.0,0.0,0.0,1,2025-11-01 08:32:20.102174
2,2025-01-20 14:27:46,2025-01-20 14:31:03,N,1.0,43,238,2.0,0.68,5.8,0.0,0.5,0.0,0.0,,1.0,10.05,1.0,1.0,2.75,0.0,1,2025-11-01 08:32:20.102174
2,2025-01-20 14:37:20,2025-01-20 14:45:23,N,1.0,75,237,2.0,1.58,10.7,0.0,0.5,2.99,0.0,,1.0,17.94,1.0,1.0,2.75,0.0,1,2025-11-01 08:32:20.102174
2,2025-01-20 14:21:59,2025-01-20 14:35:27,N,1.0,74,263,1.0,2.44,15.6,0.0,0.5,3.97,0.0,,1.0,23.82,1.0,1.0,2.75,0.0,1,2025-11-01 08:32:20.102174
2,2025-01-20 14:54:06,2025-01-20 14:55:09,N,1.0,42,42,1.0,0.0,3.0,0.0,0.5,0.04,0.0,,1.0,4.54,1.0,1.0,0.0,0.0,1,2025-11-01 08:32:20.102174
2,2025-01-20 14:03:25,2025-01-20 14:12:47,N,5.0,130,216,3.0,9.03,30.0,0.0,0.0,0.0,0.0,,1.0,31.0,2.0,2.0,0.0,0.0,1,2025-11-01 08:32:20.102174
2,2025-01-20 14:24:49,2025-01-20 14:41:09,N,1.0,74,237,1.0,2.7,17.0,0.0,0.5,5.0,0.0,,1.0,26.25,1.0,1.0,2.75,0.0,1,2025-11-01 08:32:20.102174
2,2025-01-20 14:26:28,2025-01-20 14:42:56,N,1.0,74,151,1.0,2.55,17.0,0.0,0.5,2.78,0.0,,1.0,21.28,1.0,1.0,0.0,0.0,1,2025-11-01 08:32:20.102174
2,2025-01-20 14:26:48,2025-01-20 14:50:25,N,1.0,74,239,1.0,3.72,23.3,0.0,0.5,2.76,0.0,,1.0,30.31,1.0,1.0,2.75,0.0,1,2025-11-01 08:32:20.102174
2,2025-01-20 13:33:06,2025-01-20 13:39:41,N,1.0,75,75,2.0,0.85,7.9,0.0,0.5,2.35,0.0,,1.0,11.75,1.0,1.0,0.0,0.0,1,2025-11-01 08:32:20.102174
2,2025-01-20 13:44:40,2025-01-20 14:24:20,N,1.0,75,68,2.0,4.65,34.5,0.0,0.5,15.0,0.0,,1.0,54.5,1.0,1.0,2.75,0.75,1,2025-11-01 08:32:20.102174
2,2025-01-20 14:25:21,2025-01-20 14:32:28,N,1.0,74,236,1.0,1.5,9.3,0.0,0.5,2.71,0.0,,1.0,16.26,1.0,1.0,2.75,0.0,1,2025-11-01 08:32:20.102174
1,2025-01-20 14:19:21,2025-01-20 14:43:00,N,1.0,41,161,1.0,0.0,19.1,3.5,1.5,4.8,0.0,,1.0,28.9,1.0,1.0,2.75,0.75,1,2025-11-01 08:32:20.102174
2,2025-01-20 14:27:11,2025-01-20 15:03:57,N,2.0,74,132,1.0,17.22,70.0,0.0,0.5,15.69,6.94,,1.0,94.13,1.0,1.0,0.0,0.0,1,2025-11-01 08:32:20.102174
2,2025-01-20 14:28:41,2025-01-20 14:49:23,N,1.0,166,237,1.0,4.19,24.0,0.0,0.5,5.8,0.0,,1.0,34.8,1.0,1.0,2.75,0.75,1,2025-11-01 08:32:20.102174
2,2025-01-20 13:08:20,2025-01-20 13:24:13,N,1.0,75,142,1.0,2.82,17.0,0.0,0.5,6.38,0.0,,1.0,27.63,1.0,1.0,2.75,0.0,1,2025-11-01 08:32:20.102174
2,2025-01-20 13:43:18,2025-01-20 14:05:35,N,1.0,75,48,1.0,3.91,23.3,0.0,0.5,5.66,0.0,,1.0,33.96,1.0,1.0,2.75,0.75,1,2025-11-01 08:32:20.102174
2,2025-01-20 15:54:47,2025-01-20 16:38:38,N,1.0,92,92,1.0,4.88,40.1,0.0,0.5,0.0,0.0,,1.0,41.6,2.0,1.0,0.0,0.0,1,2025-11-01 08:32:20.102174
2,2025-01-20 15:33:04,2025-01-20 15:50:47,N,1.0,65,181,1.0,1.92,16.3,0.0,0.5,3.56,0.0,,1.0,21.36,1.0,1.0,0.0,0.0,1,2025-11-01 08:32:20.102174
2,2025-01-20 15:27:19,2025-01-20 15:34:20,N,1.0,65,25,1.0,0.64,7.9,0.0,0.5,1.88,0.0,,1.0,11.28,1.0,1.0,0.0,0.0,1,2025-11-01 08:32:20.102174
2,2025-01-20 15:54:59,2025-01-20 16:06:48,N,1.0,97,49,1.0,1.73,12.1,0.0,0.5,3.0,0.0,,1.0,16.6,1.0,1.0,0.0,0.0,1,2025-11-01 08:32:20.102174
2,2025-01-20 15:49:00,2025-01-20 16:07:51,N,1.0,116,239,1.0,3.1,20.5,0.0,0.5,2.0,0.0,,1.0,26.75,1.0,1.0,2.75,0.0,1,2025-11-01 08:32:20.102174
2,2025-01-20 15:49:00,2025-01-20 15:54:16,N,1.0,97,49,2.0,1.3,7.9,0.0,0.5,1.88,0.0,,1.0,11.28,1.0,1.0,0.0,0.0,1,2025-11-01 08:32:20.102174
1,2025-01-20 15:55:40,2025-01-20 16:05:53,N,1.0,65,49,1.0,1.4,10.7,0.0,1.5,2.4,0.0,,1.0,14.6,1.0,1.0,0.0,0.0,1,2025-11-01 08:32:20.102174
2,2025-01-20 15:33:04,2025-01-20 15:49:54,N,1.0,74,263,1.0,2.53,17.0,0.0,0.5,4.25,0.0,,1.0,25.5,1.0,1.0,2.75,0.0,1,2025-11-01 08:32:20.102174
1,2025-01-20 15:27:08,2025-01-20 15:49:38,N,1.0,74,143,1.0,4.0,21.9,2.75,1.5,5.2,0.0,,1.0,31.35,1.0,1.0,2.75,0.0,1,2025-11-01 08:32:20.102174
2,2025-01-20 15:39:24,2025-01-20 15:54:11,N,1.0,74,237,1.0,2.9,17.0,0.0,0.5,5.31,0.0,,1.0,26.56,1.0,1.0,2.75,0.0,1,2025-11-01 08:32:20.102174
2,2025-01-20 15:33:26,2025-01-20 15:47:23,N,1.0,74,236,1.0,2.2,14.9,0.0,0.5,2.0,0.0,,1.0,21.15,1.0,1.0,2.75,0.0,1,2025-11-01 08:32:20.102174
2,2025-01-20 15:43:47,2025-01-20 15:53:47,N,1.0,65,97,1.0,1.48,11.4,0.0,0.5,2.0,0.0,,1.0,14.9,1.0,1.0,0.0,0.0,1,2025-11-01 08:32:20.102174
2,2025-01-20 15:31:56,2025-01-20 15:47:22,N,1.0,74,263,1.0,2.73,17.0,0.0,0.5,4.0,0.0,,1.0,25.25,1.0,1.0,2.75,0.0,1,2025-11-01 08:32:20.102174
1,2025-01-20 15:04:07,2025-01-20 15:21:13,N,1.0,74,151,1.0,2.3,17.7,0.0,1.5,3.8,0.0,,1.0,23.0,1.0,1.0,0.0,0.0,1,2025-11-01 08:32:20.102174
2,2025-01-20 15:51:06,2025-01-20 16:01:26,N,1.0,74,236,1.0,1.73,11.4,0.0,0.5,1.88,0.0,,1.0,17.53,1.0,1.0,2.75,0.0,1,2025-11-01 08:32:20.102174
2,2025-01-20 15:33:23,2025-01-20 15:36:57,N,1.0,74,75,3.0,0.7,5.8,0.0,0.5,1.46,0.0,,1.0,8.76,1.0,1.0,0.0,0.0,1,2025-11-01 08:32:20.102174
2,2025-01-20 15:58:20,2025-01-20 16:08:45,N,1.0,74,166,2.0,1.83,11.4,0.0,0.5,2.58,0.0,,1.0,15.48,1.0,1.0,0.0,0.0,1,2025-11-01 08:32:20.102174
2,2025-01-20 07:34:51,2025-01-20 07:47:17,N,1.0,74,166,1.0,2.06,13.5,0.0,0.5,3.0,0.0,,1.0,18.0,1.0,1.0,0.0,0.0,1,2025-11-01 08:32:20.102174
2,2025-01-20 15:16:53,2025-01-20 15:26:18,N,1.0,41,75,1.0,1.5,10.7,0.0,0.5,0.0,0.0,,1.0,12.2,1.0,1.0,0.0,0.0,1,2025-11-01 08:32:20.102174
2,2025-01-20 15:33:26,2025-01-20 15:39:49,N,1.0,74,41,1.0,0.9,7.9,0.0,0.5,0.0,0.0,,1.0,9.4,2.0,1.0,0.0,0.0,1,2025-11-01 08:32:20.102174
2,2025-01-20 15:45:54,2025-01-20 15:50:52,N,1.0,166,41,1.0,1.18,7.9,0.0,0.5,2.35,0.0,,1.0,11.75,1.0,1.0,0.0,0.0,1,2025-11-01 08:32:20.102174
2,2025-01-20 15:58:53,2025-01-20 16:14:30,N,1.0,74,262,1.0,2.61,16.3,0.0,0.5,5.14,0.0,,1.0,25.69,1.0,1.0,2.75,0.0,1,2025-11-01 08:32:20.102174
2,2025-01-20 15:11:04,2025-01-20 15:30:34,N,5.0,33,234,1.0,4.29,11.0,0.0,0.0,0.0,0.0,,1.0,15.5,1.0,2.0,2.75,0.75,1,2025-11-01 08:32:20.102174
2,2025-01-20 15:27:39,2025-01-20 15:35:55,N,1.0,43,166,1.0,1.84,10.7,0.0,0.5,2.44,0.0,,1.0,14.64,1.0,1.0,0.0,0.0,1,2025-11-01 08:32:20.102174
2,2025-01-20 15:24:08,2025-01-20 15:32:19,N,1.0,42,74,1.0,1.13,9.3,0.0,0.5,0.0,0.0,,1.0,10.8,1.0,1.0,0.0,0.0,1,2025-11-01 08:32:20.102174
2,2025-01-20 15:30:44,2025-01-20 15:46:53,N,1.0,74,238,1.0,2.9,17.7,0.0,0.5,4.39,0.0,,1.0,26.34,1.0,1.0,2.75,0.0,1,2025-11-01 08:32:20.102174
1,2025-01-20 15:33:49,2025-01-20 16:30:16,N,1.0,244,37,1.0,15.6,66.0,0.0,1.5,15.0,6.94,,1.0,89.44,1.0,1.0,0.0,0.0,1,2025-11-01 08:32:20.102174
2,2025-01-20 15:41:13,2025-01-20 15:53:44,N,1.0,95,28,1.0,2.92,16.3,0.0,0.5,2.0,0.0,,1.0,19.8,1.0,1.0,0.0,0.0,1,2025-11-01 08:32:20.102174
2,2025-01-20 15:36:20,2025-01-20 15:52:39,N,1.0,74,238,1.0,2.91,17.7,0.0,0.5,4.39,0.0,,1.0,26.34,1.0,1.0,2.75,0.0,1,2025-11-01 08:32:20.102174
2,2025-01-20 15:35:44,2025-01-20 15:47:58,N,1.0,82,226,1.0,2.75,15.6,0.0,0.5,4.0,0.0,,1.0,21.1,1.0,1.0,0.0,0.0,1,2025-11-01 08:32:20.102174
2,2025-01-20 15:13:22,2025-01-20 15:38:42,N,1.0,65,188,2.0,4.14,25.4,0.0,0.5,0.0,0.0,,1.0,26.9,2.0,1.0,0.0,0.0,1,2025-11-01 08:32:20.102174
2,2025-01-20 15:31:37,2025-01-20 15:42:55,N,1.0,74,24,1.0,1.61,12.1,0.0,0.5,1.4,0.0,,1.0,15.0,1.0,1.0,0.0,0.0,1,2025-11-01 08:32:20.102174
1,2025-01-20 15:15:04,2025-01-20 15:31:22,N,1.0,83,121,1.0,6.1,25.4,0.0,1.5,0.0,0.0,,1.0,26.9,2.0,1.0,0.0,0.0,1,2025-11-01 08:32:20.102174
2,2025-01-20 15:09:35,2025-01-20 15:09:43,N,1.0,42,42,1.0,0.0,3.0,0.0,0.5,9.0,0.0,,1.0,13.5,1.0,1.0,0.0,0.0,1,2025-11-01 08:32:20.102174
2,2025-01-20 15:05:50,2025-01-20 15:16:10,N,1.0,130,135,1.0,2.53,14.2,0.0,0.5,2.0,0.0,,1.0,17.7,1.0,1.0,0.0,0.0,1,2025-11-01 08:32:20.102174
2,2025-01-20 15:25:25,2025-01-20 15:36:23,N,1.0,74,43,1.0,1.56,11.4,0.0,0.5,2.0,0.0,,1.0,14.9,1.0,1.0,0.0,0.0,1,2025-11-01 08:32:20.102174
1,2025-01-20 15:17:49,2025-01-20 15:59:53,N,1.0,202,36,1.0,0.0,30.5,0.0,1.5,0.0,0.0,,1.0,32.0,1.0,1.0,0.0,0.0,1,2025-11-01 08:32:20.102174
2,2025-01-20 15:11:54,2025-01-20 15:13:40,N,1.0,223,223,5.0,0.31,4.4,0.0,0.5,1.18,0.0,,1.0,7.08,1.0,1.0,0.0,0.0,1,2025-11-01 08:32:20.102174
2,2025-01-20 15:06:36,2025-01-20 15:47:24,N,2.0,43,132,1.0,18.73,70.0,0.0,0.5,0.0,6.94,,1.0,78.44,2.0,1.0,0.0,0.0,1,2025-11-01 08:32:20.102174
2,2025-01-20 15:22:39,2025-01-20 15:38:39,N,1.0,74,262,2.0,2.34,17.0,0.0,0.5,4.25,0.0,,1.0,25.5,1.0,1.0,2.75,0.0,1,2025-11-01 08:32:20.102174
2,2025-01-20 15:22:12,2025-01-20 15:28:21,N,1.0,75,74,1.0,1.03,7.9,0.0,0.5,1.88,0.0,,1.0,11.28,1.0,1.0,0.0,0.0,1,2025-11-01 08:32:20.102174
2,2025-01-20 15:59:47,2025-01-20 16:06:50,N,1.0,75,41,6.0,0.88,8.6,0.0,0.5,1.0,0.0,,1.0,11.1,1.0,1.0,0.0,0.0,1,2025-11-01 08:32:20.102174
1,2025-01-20 15:29:29,2025-01-20 15:46:11,N,1.0,166,236,1.0,2.7,16.3,2.75,1.5,5.1,0.0,,1.0,25.65,1.0,1.0,2.75,0.0,1,2025-11-01 08:32:20.102174
2,2025-01-20 15:55:32,2025-01-20 16:23:22,N,1.0,33,7,1.0,10.54,45.7,0.0,0.5,3.0,0.0,,1.0,50.2,1.0,1.0,0.0,0.0,1,2025-11-01 08:32:20.102174
2,2025-01-20 15:09:43,2025-01-20 15:19:11,N,1.0,97,228,1.0,2.9,13.5,0.0,0.5,4.5,0.0,,1.0,19.5,1.0,1.0,0.0,0.0,1,2025-11-01 08:32:20.102174
2,2025-01-20 15:29:04,2025-01-20 15:40:03,N,1.0,97,66,1.0,1.97,12.1,0.0,0.5,0.0,0.0,,1.0,13.6,2.0,1.0,0.0,0.0,1,2025-11-01 08:32:20.102174
2,2025-01-20 15:56:14,2025-01-20 16:07:40,N,1.0,97,66,1.0,1.44,12.1,0.0,0.5,1.5,0.0,,1.0,15.1,1.0,1.0,0.0,0.0,1,2025-11-01 08:32:20.102174
2,2025-01-20 15:35:21,2025-01-20 15:49:32,N,1.0,82,70,1.0,5.22,22.6,0.0,0.5,1.0,0.0,,1.0,25.1,1.0,1.0,0.0,0.0,1,2025-11-01 08:32:20.102174
1,2025-01-20 15:56:24,2025-01-20 16:23:10,N,1.0,97,141,0.0,8.3,38.7,3.5,1.5,8.7,0.0,,1.0,52.4,1.0,1.0,2.75,0.75,1,2025-11-01 08:32:20.102174
2,2025-01-20 15:01:15,2025-01-20 15:09:55,N,1.0,75,42,1.0,2.37,12.1,0.0,0.5,0.0,0.0,,1.0,13.6,1.0,1.0,0.0,0.0,1,2025-11-01 08:32:20.102174
2,2025-01-20 15:37:37,2025-01-20 15:45:34,N,1.0,75,74,1.0,1.7,10.7,0.0,0.5,2.44,0.0,,1.0,14.64,1.0,1.0,0.0,0.0,1,2025-11-01 08:32:20.102174
2,2025-01-20 15:31:27,2025-01-20 15:45:57,N,1.0,74,151,1.0,2.37,15.6,0.0,0.5,3.42,0.0,,1.0,20.52,1.0,1.0,0.0,0.0,1,2025-11-01 08:32:20.102174
2,2025-01-20 15:15:05,2025-01-20 15:25:13,N,1.0,75,42,1.0,1.66,10.7,0.0,0.5,0.0,0.0,,1.0,12.2,2.0,1.0,0.0,0.0,1,2025-11-01 08:32:20.102174
2,2025-01-20 15:43:31,2025-01-20 15:48:24,N,1.0,75,74,1.0,1.33,7.9,0.0,0.5,1.88,0.0,,1.0,11.28,1.0,1.0,0.0,0.0,1,2025-11-01 08:32:20.102174
2,2025-01-20 15:39:19,2025-01-20 15:58:40,N,1.0,74,143,1.0,4.07,21.9,0.0,0.5,5.23,0.0,,1.0,31.38,1.0,1.0,2.75,0.0,1,2025-11-01 08:32:20.102174
2,2025-01-20 15:34:37,2025-01-20 15:44:13,N,1.0,74,166,1.0,1.65,11.4,0.0,0.5,3.22,0.0,,1.0,16.12,1.0,1.0,0.0,0.0,1,2025-11-01 08:32:20.102174
2,2025-01-20 15:33:19,2025-01-20 15:49:53,N,1.0,74,127,1.0,5.43,26.1,0.0,0.5,2.0,0.0,,1.0,29.6,1.0,1.0,0.0,0.0,1,2025-11-01 08:32:20.102174
2,2025-01-20 15:36:04,2025-01-20 15:48:19,N,1.0,97,66,1.0,1.69,12.8,0.0,0.5,2.86,0.0,,1.0,17.16,1.0,1.0,0.0,0.0,1,2025-11-01 08:32:20.102174
2,2025-01-20 10:34:24,2025-01-20 10:44:24,N,1.0,74,236,1.0,1.78,12.1,0.0,0.5,1.0,0.0,,1.0,17.35,1.0,1.0,2.75,0.0,1,2025-11-01 08:32:20.102174
2,2025-01-20 14:54:27,2025-01-20 15:00:41,N,1.0,41,238,1.0,1.33,8.6,0.0,0.5,2.57,0.0,,1.0,15.42,1.0,1.0,2.75,0.0,1,2025-11-01 08:32:20.102174
2,2025-01-20 15:22:34,2025-01-20 15:25:25,N,1.0,41,75,1.0,0.68,5.8,0.0,0.5,0.0,0.0,,1.0,7.3,2.0,1.0,0.0,0.0,1,2025-11-01 08:32:20.102174
2,2025-01-20 15:59:28,2025-01-20 16:11:55,N,1.0,74,263,1.0,2.25,14.2,0.0,0.5,3.69,0.0,,1.0,22.14,1.0,1.0,2.75,0.0,1,2025-11-01 08:32:20.102174
1,2025-01-20 15:44:38,2025-01-20 16:09:54,N,1.0,33,145,1.0,0.0,25.5,0.0,1.5,0.0,0.0,,1.0,27.0,1.0,1.0,0.0,0.0,1,2025-11-01 08:32:20.102174
2,2025-01-20 15:05:24,2025-01-20 15:06:04,N,1.0,75,75,2.0,0.04,-3.0,0.0,-0.5,0.0,0.0,,-1.0,-4.5,3.0,1.0,0.0,0.0,1,2025-11-01 08:32:20.102174
2,2025-01-20 15:05:24,2025-01-20 15:06:04,N,1.0,75,75,2.0,0.04,3.0,0.0,0.5,0.0,0.0,,1.0,4.5,3.0,1.0,0.0,0.0,1,2025-11-01 08:32:20.102174
2,2025-01-20 15:15:32,2025-01-20 15:21:13,N,1.0,69,42,1.0,1.37,8.6,0.0,0.5,0.0,0.0,,1.0,10.1,1.0,1.0,0.0,0.0,1,2025-11-01 08:32:20.102174
2,2025-01-20 15:30:43,2025-01-20 15:42:05,N,1.0,74,236,1.0,2.13,13.5,0.0,0.5,2.0,0.0,,1.0,19.75,1.0,1.0,2.75,0.0,1,2025-11-01 08:32:20.102174
2,2025-01-20 15:58:06,2025-01-20 16:08:04,N,1.0,74,263,1.0,2.22,12.8,0.0,0.5,3.0,0.0,,1.0,20.05,1.0,1.0,2.75,0.0,1,2025-11-01 08:32:20.102174
2,2025-01-20 15:28:47,2025-01-20 15:47:44,N,1.0,74,151,1.0,2.81,18.4,0.0,0.5,3.98,0.0,,1.0,23.88,1.0,1.0,0.0,0.0,1,2025-11-01 08:32:20.102174
2,2025-01-20 15:39:38,2025-01-20 15:59:18,N,1.0,74,262,1.0,2.94,18.4,0.0,0.5,2.0,0.0,,1.0,24.65,1.0,1.0,2.75,0.0,1,2025-11-01 08:32:20.102174
2,2025-01-20 15:01:48,2025-01-20 15:06:54,N,1.0,75,74,1.0,1.56,8.6,0.0,0.5,2.0,0.0,,1.0,12.1,1.0,1.0,0.0,0.0,1,2025-11-01 08:32:20.102174
2,2025-01-20 15:38:04,2025-01-20 15:48:37,N,1.0,74,263,1.0,1.9,12.1,0.0,0.5,1.31,0.0,,1.0,17.66,1.0,1.0,2.75,0.0,1,2025-11-01 08:32:20.102174
2,2025-01-20 15:56:28,2025-01-20 16:09:53,N,1.0,74,24,1.0,2.21,14.2,0.0,0.5,0.0,0.0,,1.0,15.7,2.0,1.0,0.0,0.0,1,2025-11-01 08:32:20.102174
2,2025-01-20 15:14:25,2025-01-20 15:23:49,N,1.0,82,138,1.0,3.89,17.7,5.0,0.5,4.84,0.0,,1.0,29.04,1.0,1.0,0.0,0.0,1,2025-11-01 08:32:20.102174
2,2025-01-20 15:13:16,2025-01-20 15:17:03,N,1.0,75,263,1.0,0.93,6.5,0.0,0.5,2.15,0.0,,1.0,12.9,1.0,1.0,2.75,0.0,1,2025-11-01 08:32:20.102174
2,2025-01-20 15:48:50,2025-01-20 15:58:34,N,1.0,95,135,1.0,2.12,12.8,0.0,0.5,3.58,0.0,,1.0,17.88,1.0,1.0,0.0,0.0,1,2025-11-01 08:32:20.102174
2,2025-01-20 15:00:42,2025-01-20 15:10:34,N,1.0,74,75,1.0,1.35,10.7,0.0,0.5,0.61,0.0,,1.0,12.81,1.0,1.0,0.0,0.0,1,2025-11-01 08:32:20.102174
2,2025-01-20 15:30:53,2025-01-20 15:43:19,N,1.0,74,75,1.0,1.96,13.5,0.0,0.5,3.75,0.0,,1.0,18.75,1.0,1.0,0.0,0.0,1,2025-11-01 08:32:20.102174
1,2025-01-20 15:20:47,2025-01-20 15:41:03,N,1.0,166,100,2.0,0.0,17.0,3.5,1.5,4.4,0.0,,1.0,26.4,1.0,1.0,2.75,0.75,1,2025-11-01 08:32:20.102174
2,2025-01-20 15:42:19,2025-01-20 15:53:10,N,1.0,41,74,1.0,1.55,11.4,0.0,0.5,2.58,0.0,,1.0,15.48,1.0,1.0,0.0,0.0,1,2025-11-01 08:32:20.102174
2,2025-01-20 15:36:42,2025-01-20 15:56:33,N,1.0,33,14,1.0,7.08,31.7,0.0,0.5,0.0,0.0,,1.0,33.2,2.0,1.0,0.0,0.0,1,2025-11-01 08:32:20.102174
2,2025-01-20 15:26:55,2025-01-20 15:32:37,N,1.0,95,95,1.0,1.02,7.2,0.0,0.5,2.61,0.0,,1.0,11.31,1.0,1.0,0.0,0.0,1,2025-11-01 08:32:20.102174
2,2025-01-20 15:25:19,2025-01-20 15:36:53,N,1.0,74,236,1.0,1.81,12.8,0.0,0.5,2.56,0.0,,1.0,19.61,1.0,1.0,2.75,0.0,1,2025-11-01 08:32:20.102174
2,2025-01-20 15:46:41,2025-01-20 16:00:33,N,1.0,95,96,1.0,2.5,15.6,0.0,0.5,3.42,0.0,,1.0,20.52,1.0,1.0,0.0,0.0,1,2025-11-01 08:32:20.102174
2,2025-01-20 15:43:13,2025-01-20 15:51:42,N,1.0,130,215,1.0,1.89,11.4,0.0,0.5,0.0,0.0,,1.0,12.9,1.0,1.0,0.0,0.0,1,2025-11-01 08:32:20.102174
2,2025-01-20 15:26:18,2025-01-20 15:48:23,N,1.0,74,263,1.0,1.26,19.1,0.0,0.5,4.67,0.0,,1.0,28.02,1.0,1.0,2.75,0.0,1,2025-11-01 08:32:20.102174
2,2025-01-20 16:21:25,2025-01-20 16:27:15,N,1.0,65,25,1.0,0.87,7.9,0.0,0.5,2.82,0.0,,1.0,12.22,1.0,1.0,0.0,0.0,1,2025-11-01 08:32:20.102174
2,2025-01-20 15:58:37,2025-01-20 16:10:07,N,1.0,193,146,1.0,1.61,12.1,2.5,0.5,3.22,0.0,,1.0,19.32,1.0,1.0,0.0,0.0,1,2025-11-01 08:32:20.102174
2,2025-01-20 16:18:08,2025-01-20 16:31:21,N,1.0,24,75,1.0,1.72,12.8,0.0,0.5,0.0,0.0,,1.0,14.3,2.0,1.0,0.0,0.0,1,2025-11-01 08:32:20.102174
2,2025-01-20 16:16:47,2025-01-20 16:26:50,N,1.0,97,97,2.0,1.19,10.7,2.5,0.5,2.94,0.0,,1.0,17.64,1.0,1.0,0.0,0.0,1,2025-11-01 08:32:20.102174
2,2025-01-20 16:41:08,2025-01-20 17:01:55,N,1.0,97,225,2.0,3.27,20.5,2.5,0.5,4.9,0.0,,1.0,29.4,1.0,1.0,0.0,0.0,1,2025-11-01 08:32:20.102174
1,2025-01-20 16:52:18,2025-01-20 17:16:38,N,1.0,97,89,0.0,4.6,24.7,0.0,1.5,3.8,0.0,,1.0,30.0,1.0,1.0,0.0,0.0,1,2025-11-01 08:32:20.102174
2,2025-01-20 16:33:45,2025-01-20 16:51:15,N,1.0,74,262,1.0,2.88,17.7,0.0,0.5,4.39,0.0,,1.0,26.34,1.0,1.0,2.75,0.0,1,2025-11-01 08:32:20.102174
2,2025-01-20 16:35:00,2025-01-20 17:14:08,N,1.0,193,93,1.0,16.77,68.1,2.5,0.5,0.0,0.0,,1.0,72.1,2.0,1.0,0.0,0.0,1,2025-11-01 08:32:20.102174
2,2025-01-20 16:57:55,2025-01-20 17:03:32,N,1.0,24,238,1.0,1.02,7.9,0.0,0.5,2.0,0.0,,1.0,14.15,1.0,1.0,2.75,0.0,1,2025-11-01 08:32:20.102174
2,2025-01-20 16:51:15,2025-01-20 17:06:17,N,1.0,74,238,1.0,2.77,16.3,2.5,0.5,4.06,0.0,,1.0,24.36,1.0,1.0,0.0,0.0,1,2025-11-01 08:32:20.102174
2,2025-01-20 16:12:49,2025-01-20 16:39:15,N,1.0,97,107,1.0,4.51,26.1,2.5,0.5,0.0,0.0,,1.0,33.6,2.0,1.0,2.75,0.75,1,2025-11-01 08:32:20.102174
2,2025-01-20 16:14:32,2025-01-20 16:59:28,N,1.0,41,168,1.0,2.6,35.9,2.5,0.5,0.0,0.0,,1.0,39.9,2.0,1.0,0.0,0.0,1,2025-11-01 08:32:20.102174
1,2025-01-20 16:31:51,2025-01-20 16:43:03,N,1.0,74,238,1.0,2.3,13.5,0.0,1.5,3.0,0.0,,1.0,18.0,1.0,1.0,0.0,0.0,1,2025-11-01 08:32:20.102174
1,2025-01-20 16:53:24,2025-01-20 17:23:37,N,1.0,75,92,1.0,0.0,37.5,0.0,1.5,0.0,6.94,,1.0,45.94,1.0,1.0,0.0,0.0,1,2025-11-01 08:32:20.102174
2,2025-01-20 16:08:03,2025-01-20 16:32:44,N,1.0,196,216,1.0,5.55,27.5,2.5,0.5,0.0,0.0,,1.0,31.5,2.0,1.0,0.0,0.0,1,2025-11-01 08:32:20.102174
2,2025-01-20 16:57:13,2025-01-20 17:14:24,N,1.0,74,238,2.0,3.03,18.4,2.5,0.5,5.03,0.0,,1.0,30.18,1.0,1.0,2.75,0.0,1,2025-11-01 08:32:20.102174
2,2025-01-20 07:36:26,2025-01-20 07:47:44,N,1.0,74,24,1.0,2.04,12.8,2.5,0.5,3.36,0.0,,1.0,20.16,1.0,1.0,0.0,0.0,1,2025-11-01 08:32:20.102174
1,2025-01-20 16:54:34,2025-01-20 17:04:30,N,1.0,244,243,1.0,1.6,11.4,0.0,1.5,0.0,0.0,,1.0,12.9,2.0,1.0,0.0,0.0,1,2025-11-01 08:32:20.102174
2,2025-01-20 16:29:54,2025-01-20 16:36:16,N,1.0,75,74,1.0,1.34,8.6,2.5,0.5,1.89,0.0,,1.0,14.49,1.0,1.0,0.0,0.0,1,2025-11-01 08:32:20.102174
2,2025-01-20 16:37:49,2025-01-20 16:58:26,N,1.0,74,244,1.0,4.44,24.0,2.5,0.5,5.6,0.0,,1.0,33.6,1.0,1.0,0.0,0.0,1,2025-11-01 08:32:20.102174
2,2025-01-20 16:55:28,2025-01-20 17:02:14,N,1.0,97,181,2.0,1.13,8.6,2.5,0.5,2.52,0.0,,1.0,15.12,1.0,1.0,0.0,0.0,1,2025-11-01 08:32:20.102174
2,2025-01-20 16:23:50,2025-01-20 16:38:26,N,1.0,74,262,1.0,2.85,17.0,0.0,0.5,5.31,0.0,,1.0,26.56,1.0,1.0,2.75,0.0,1,2025-11-01 08:32:20.102174
2,2025-01-20 16:34:57,2025-01-20 16:46:05,N,1.0,75,237,1.0,1.9,12.8,0.0,0.5,4.26,0.0,,1.0,21.31,1.0,1.0,2.75,0.0,1,2025-11-01 08:32:20.102174
2,2025-01-20 16:58:33,2025-01-20 17:24:21,N,1.0,43,13,1.0,9.76,40.8,0.0,0.5,9.16,0.0,,1.0,54.96,1.0,1.0,2.75,0.75,1,2025-11-01 08:32:20.102174
1,2025-01-20 16:20:01,2025-01-20 16:30:06,N,1.0,75,263,2.0,1.5,10.0,2.75,1.5,2.0,0.0,,1.0,16.25,1.0,1.0,2.75,0.0,1,2025-11-01 08:32:20.102174
1,2025-01-20 16:56:17,2025-01-20 17:10:37,N,1.0,75,161,1.0,2.6,14.2,3.5,1.5,3.8,0.0,,1.0,23.0,1.0,1.0,2.75,0.75,1,2025-11-01 08:32:20.102174
2,2025-01-20 16:33:15,2025-01-20 16:42:19,N,1.0,134,197,1.0,1.67,11.4,0.0,0.5,0.0,0.0,,1.0,12.9,2.0,1.0,0.0,0.0,1,2025-11-01 08:32:20.102174
2,2025-01-20 16:22:03,2025-01-20 16:25:45,N,1.0,223,223,1.0,0.74,5.8,2.5,0.5,1.96,0.0,,1.0,11.76,1.0,1.0,0.0,0.0,1,2025-11-01 08:32:20.102174
2,2025-01-20 16:24:57,2025-01-20 16:31:23,N,1.0,74,41,1.0,0.91,7.9,2.5,0.5,0.0,0.0,,1.0,11.9,2.0,1.0,0.0,0.0,1,2025-11-01 08:32:20.102174
2,2025-01-20 17:00:06,2025-01-20 17:15:41,N,1.0,74,151,1.0,2.32,16.3,2.5,0.5,0.11,0.0,,1.0,20.41,1.0,1.0,0.0,0.0,1,2025-11-01 08:32:20.102174
2,2025-01-20 16:07:17,2025-01-20 16:11:10,N,1.0,7,179,1.0,0.58,5.8,2.5,0.5,0.0,0.0,,1.0,9.8,2.0,1.0,0.0,0.0,1,2025-11-01 08:32:20.102174
2,2025-01-20 16:37:03,2025-01-20 16:52:33,N,1.0,260,157,2.0,2.52,16.3,2.5,0.5,0.0,0.0,,1.0,20.3,2.0,1.0,0.0,0.0,1,2025-11-01 08:32:20.102174
2,2025-01-20 16:17:12,2025-01-20 16:31:55,N,1.0,95,135,1.0,2.44,14.9,2.5,0.5,0.0,0.0,,1.0,18.9,2.0,1.0,0.0,0.0,1,2025-11-01 08:32:20.102174
2,2025-01-20 16:25:20,2025-01-20 16:25:29,N,5.0,56,95,1.0,0.12,14.0,0.0,0.0,0.0,0.0,,1.0,15.0,1.0,2.0,0.0,0.0,1,2025-11-01 08:32:20.102174
2,2025-01-20 16:33:40,2025-01-20 16:51:37,N,1.0,65,17,2.0,1.69,16.3,0.0,0.5,0.0,0.0,,1.0,17.8,2.0,1.0,0.0,0.0,1,2025-11-01 08:32:20.102174
2,2025-01-20 16:02:58,2025-01-20 16:06:59,N,1.0,41,41,1.0,0.71,6.5,2.5,0.5,2.62,0.0,,1.0,13.12,1.0,1.0,0.0,0.0,1,2025-11-01 08:32:20.102174
2,2025-01-20 16:28:52,2025-01-20 16:40:06,N,1.0,74,263,1.0,2.07,13.5,0.0,0.5,1.78,0.0,,1.0,19.53,1.0,1.0,2.75,0.0,1,2025-11-01 08:32:20.102174
2,2025-01-20 16:07:02,2025-01-20 16:20:12,N,1.0,95,95,1.0,2.07,13.5,2.5,0.5,0.0,0.0,,1.0,17.5,2.0,1.0,0.0,0.0,1,2025-11-01 08:32:20.102174
1,2025-01-20 16:08:09,2025-01-20 16:21:03,N,1.0,74,166,1.0,2.9,14.2,2.5,1.5,0.0,0.0,,1.0,18.2,2.0,1.0,0.0,0.0,1,2025-11-01 08:32:20.102174
1,2025-01-20 16:56:43,2025-01-20 17:06:46,N,1.0,74,263,1.0,2.2,11.4,2.5,1.5,0.0,0.0,,1.0,15.4,2.0,1.0,0.0,0.0,1,2025-11-01 08:32:20.102174
2,2025-01-20 16:07:42,2025-01-20 16:18:50,N,1.0,166,75,1.0,2.16,12.8,0.0,0.5,0.0,0.0,,1.0,14.3,1.0,1.0,0.0,0.0,1,2025-11-01 08:32:20.102174
2,2025-01-20 16:22:33,2025-01-20 16:28:22,N,1.0,75,263,1.0,1.42,8.6,0.0,0.5,0.0,0.0,,1.0,12.85,2.0,1.0,2.75,0.0,1,2025-11-01 08:32:20.102174
2,2025-01-20 16:01:46,2025-01-20 16:09:03,N,1.0,75,74,1.0,1.27,9.3,2.5,0.5,2.0,0.0,,1.0,15.3,1.0,1.0,0.0,0.0,1,2025-11-01 08:32:20.102174
2,2025-01-20 16:53:45,2025-01-20 17:16:01,N,1.0,75,161,1.0,3.29,21.2,2.5,0.5,5.74,0.0,,1.0,34.44,1.0,1.0,2.75,0.75,1,2025-11-01 08:32:20.102174
2,2025-01-20 16:31:08,2025-01-20 16:44:52,N,1.0,41,140,1.0,3.12,17.0,2.5,0.5,4.75,0.0,,1.0,28.5,1.0,1.0,2.75,0.0,1,2025-11-01 08:32:20.102174
2,2025-01-20 16:28:36,2025-01-20 16:41:28,N,1.0,74,263,1.0,2.11,14.2,2.5,0.5,4.19,0.0,,1.0,25.14,1.0,1.0,2.75,0.0,1,2025-11-01 08:32:20.102174
2,2025-01-20 16:32:54,2025-01-20 16:43:49,N,1.0,74,236,1.0,1.77,12.8,0.0,0.5,1.0,0.0,,1.0,18.05,1.0,1.0,2.75,0.0,1,2025-11-01 08:32:20.102174
1,2025-01-20 16:05:32,2025-01-20 16:09:26,N,1.0,166,151,1.0,0.6,5.8,0.0,1.5,1.45,0.0,,1.0,8.75,1.0,1.0,0.0,0.0,1,2025-11-01 08:32:20.102174
1,2025-01-20 16:43:00,2025-01-20 16:52:08,N,1.0,166,75,0.0,1.7,10.7,0.0,1.5,3.0,0.0,,1.0,15.2,1.0,1.0,0.0,0.0,1,2025-11-01 08:32:20.102174
2,2025-01-20 16:46:30,2025-01-20 16:54:45,N,1.0,75,166,1.0,1.53,10.0,0.0,0.5,2.3,0.0,,1.0,13.8,1.0,1.0,0.0,0.0,1,2025-11-01 08:32:20.102174
2,2025-01-20 16:09:33,2025-01-20 16:37:21,N,5.0,192,48,1.0,10.23,75.0,0.0,0.0,0.0,0.0,,1.0,79.5,2.0,2.0,2.75,0.75,1,2025-11-01 08:32:20.102174
2,2025-01-20 17:00:38,2025-01-20 17:09:52,N,1.0,196,95,1.0,2.57,12.8,2.5,0.5,2.0,0.0,,1.0,18.8,1.0,1.0,0.0,0.0,1,2025-11-01 08:32:20.102174
2,2025-01-20 16:20:18,2025-01-20 16:46:00,N,1.0,65,162,1.0,7.37,35.2,2.5,0.5,8.54,0.0,,1.0,51.24,1.0,1.0,2.75,0.75,1,2025-11-01 08:32:20.102174
1,2025-01-20 16:04:34,2025-01-20 17:01:13,N,1.0,55,174,1.0,0.0,78.5,0.0,1.5,0.0,6.94,,1.0,86.94,1.0,1.0,0.0,0.0,1,2025-11-01 08:32:20.102174
2,2025-01-20 16:25:12,2025-01-20 16:36:18,N,1.0,97,188,1.0,2.45,13.5,2.5,0.5,3.5,0.0,,1.0,21.0,1.0,1.0,0.0,0.0,1,2025-11-01 08:32:20.102174
1,2025-01-20 16:36:26,2025-01-20 16:51:48,N,1.0,82,173,3.0,1.9,12.8,2.5,1.5,0.0,0.0,,1.0,16.8,2.0,1.0,0.0,0.0,1,2025-11-01 08:32:20.102174
2,2025-01-20 16:28:26,2025-01-20 16:35:06,N,1.0,74,75,1.0,1.46,9.3,2.5,0.5,2.66,0.0,,1.0,15.96,1.0,1.0,0.0,0.0,1,2025-11-01 08:32:20.102174
2,2025-01-20 16:37:05,2025-01-20 16:55:03,N,1.0,51,254,2.0,3.32,18.4,0.0,0.5,0.0,0.0,,1.0,19.9,2.0,1.0,0.0,0.0,1,2025-11-01 08:32:20.102174
2,2025-01-20 16:14:39,2025-01-20 16:22:07,N,1.0,75,75,1.0,1.01,8.6,2.5,0.5,0.0,0.0,,1.0,12.6,2.0,1.0,0.0,0.0,1,2025-11-01 08:32:20.102174
2,2025-01-20 16:30:01,2025-01-20 16:43:24,N,1.0,75,137,1.0,3.92,19.8,1.75,0.5,4.76,0.0,,1.0,28.56,1.0,1.0,0.0,0.75,1,2025-11-01 08:32:20.102174
2,2025-01-20 16:56:02,2025-01-20 17:09:07,N,1.0,74,263,1.0,2.49,15.6,2.5,0.5,4.47,0.0,,1.0,26.82,1.0,1.0,2.75,0.0,1,2025-11-01 08:32:20.102174
2,2025-01-20 16:48:55,2025-01-20 17:04:50,N,1.0,42,151,1.0,2.4,16.3,2.5,0.5,4.06,0.0,,1.0,24.36,1.0,1.0,0.0,0.0,1,2025-11-01 08:32:20.102174
2,2025-01-20 16:14:51,2025-01-20 16:23:47,N,1.0,65,181,1.0,1.17,10.0,2.5,0.5,2.8,0.0,,1.0,16.8,1.0,1.0,0.0,0.0,1,2025-11-01 08:32:20.102174
2,2025-01-20 16:18:13,2025-01-20 16:28:20,N,1.0,65,17,1.0,3.18,16.3,0.0,0.5,3.56,0.0,,1.0,21.36,1.0,1.0,0.0,0.0,1,2025-11-01 08:32:20.102174
2,2025-01-20 16:56:30,2025-01-20 17:10:19,N,1.0,74,263,1.0,2.05,14.9,2.5,0.5,3.25,0.0,,1.0,24.9,1.0,1.0,2.75,0.0,1,2025-11-01 08:32:20.102174
2,2025-01-20 16:12:13,2025-01-20 16:29:07,N,1.0,74,170,1.0,6.15,26.8,2.5,0.5,4.0,0.0,,1.0,38.3,1.0,1.0,2.75,0.75,1,2025-11-01 08:32:20.102174
2,2025-01-20 16:33:36,2025-01-20 16:43:53,N,1.0,74,41,1.0,1.28,11.4,0.0,0.5,2.58,0.0,,1.0,15.48,1.0,1.0,0.0,0.0,1,2025-11-01 08:32:20.102174
2,2025-01-20 16:33:58,2025-01-20 16:53:09,N,1.0,74,243,1.0,3.97,22.6,2.5,0.5,2.66,0.0,,1.0,29.26,1.0,1.0,0.0,0.0,1,2025-11-01 08:32:20.102174
2,2025-01-20 11:23:57,2025-01-21 10:37:00,N,1.0,74,263,1.0,2.16,14.9,0.0,0.5,3.0,0.0,,1.0,19.4,1.0,1.0,0.0,0.0,1,2025-11-01 08:32:20.102174
2,2025-01-20 16:23:53,2025-01-20 16:34:57,N,1.0,74,263,1.0,2.27,12.8,0.0,0.5,3.41,0.0,,1.0,20.46,1.0,1.0,2.75,0.0,1,2025-11-01 08:32:20.102174
2,2025-01-20 15:57:32,2025-01-20 16:14:42,N,1.0,82,102,6.0,3.26,19.1,2.5,0.5,4.62,0.0,,1.0,27.72,1.0,1.0,0.0,0.0,1,2025-11-01 08:32:20.102174
2,2025-01-20 16:00:53,2025-01-20 16:04:43,N,1.0,215,215,2.0,0.76,5.8,2.5,0.5,0.0,0.0,,1.0,9.8,2.0,1.0,0.0,0.0,1,2025-11-01 08:32:20.102174
2,2025-01-20 16:36:21,2025-01-20 16:49:33,N,1.0,74,263,1.0,2.65,14.9,2.5,0.5,4.33,0.0,,1.0,25.98,1.0,1.0,2.75,0.0,1,2025-11-01 08:32:20.102174
2,2025-01-20 16:20:15,2025-01-20 16:35:22,N,1.0,75,159,1.0,3.19,17.0,0.0,0.5,1.5,0.0,,1.0,20.0,1.0,1.0,0.0,0.0,1,2025-11-01 08:32:20.102174
2,2025-01-20 16:33:02,2025-01-20 16:44:14,N,1.0,74,236,1.0,2.02,13.5,0.0,0.5,3.55,0.0,,1.0,21.3,1.0,1.0,2.75,0.0,1,2025-11-01 08:32:20.102174
2,2025-01-20 16:20:42,2025-01-20 16:43:01,N,1.0,74,142,1.0,3.38,22.6,0.0,0.5,0.0,0.0,,1.0,26.85,2.0,1.0,2.75,0.0,1,2025-11-01 08:32:20.102174
2,2025-01-20 16:14:21,2025-01-20 16:19:26,N,1.0,166,166,1.0,0.36,6.5,2.5,0.5,1.05,0.0,,1.0,11.55,1.0,1.0,0.0,0.0,1,2025-11-01 08:32:20.102174
2,2025-01-20 16:51:57,2025-01-20 16:59:58,N,1.0,95,135,1.0,1.55,10.7,2.5,0.5,6.0,0.0,,1.0,20.7,1.0,1.0,0.0,0.0,1,2025-11-01 08:32:20.102174
2,2025-01-20 15:57:50,2025-01-20 16:17:21,N,1.0,74,239,1.0,3.15,20.5,2.5,0.5,2.0,0.0,,1.0,29.25,1.0,1.0,2.75,0.0,1,2025-11-01 08:32:20.102174
2,2025-01-20 16:38:35,2025-01-20 16:50:30,N,1.0,74,151,1.0,2.27,14.2,2.5,0.5,3.64,0.0,,1.0,21.84,1.0,1.0,0.0,0.0,1,2025-11-01 08:32:20.102174
2,2025-01-20 16:24:28,2025-01-20 16:33:43,N,1.0,74,238,1.0,2.22,12.1,2.5,0.5,3.22,0.0,,1.0,19.32,1.0,1.0,0.0,0.0,1,2025-11-01 08:32:20.102174
2,2025-01-20 16:11:12,2025-01-20 16:22:36,N,1.0,95,121,1.0,2.72,14.2,2.5,0.5,4.55,0.0,,1.0,22.75,1.0,1.0,0.0,0.0,1,2025-11-01 08:32:20.102174
2,2025-01-20 16:55:37,2025-01-20 17:09:57,N,1.0,74,141,1.0,2.86,17.0,0.0,0.5,4.25,0.0,,1.0,25.5,1.0,1.0,2.75,0.0,1,2025-11-01 08:32:20.102174
2,2025-01-20 16:05:25,2025-01-20 16:10:26,N,1.0,75,74,1.0,0.91,7.2,2.5,0.5,1.0,0.0,,1.0,12.2,1.0,1.0,0.0,0.0,1,2025-11-01 08:32:20.102174
2,2025-01-20 16:35:25,2025-01-20 16:43:37,N,1.0,74,43,1.0,1.64,10.7,2.5,0.5,3.68,0.0,,1.0,18.38,1.0,1.0,0.0,0.0,1,2025-11-01 08:32:20.102174
2,2025-01-20 15:35:51,2025-01-20 15:43:06,N,1.0,75,263,1.0,1.54,9.3,0.0,0.5,2.71,0.0,,1.0,16.26,1.0,1.0,2.75,0.0,1,2025-11-01 08:32:20.102174
2,2025-01-20 18:00:06,2025-01-20 18:16:39,N,1.0,166,74,1.0,2.32,16.3,0.0,0.5,4.45,0.0,,1.0,22.25,1.0,1.0,0.0,0.0,1,2025-11-01 08:32:20.102174
2,2025-01-20 17:27:49,2025-01-20 17:38:01,N,1.0,74,166,1.0,1.92,12.1,0.0,0.5,2.72,0.0,,1.0,16.32,1.0,1.0,0.0,0.0,1,2025-11-01 08:32:20.102174
2,2025-01-20 17:42:04,2025-01-20 17:50:28,N,1.0,166,238,1.0,1.27,10.0,0.0,0.5,3.56,0.0,,1.0,17.81,1.0,1.0,2.75,0.0,1,2025-11-01 08:32:20.102174
1,2025-01-20 17:45:14,2025-01-20 17:58:31,N,1.0,55,222,1.0,1.1,14.2,0.0,1.5,0.0,0.0,,1.0,15.7,2.0,1.0,0.0,0.0,1,2025-11-01 08:32:20.102174
2,2025-01-20 17:13:47,2025-01-20 17:15:08,N,1.0,75,75,2.0,0.3,3.7,0.0,0.5,0.78,0.0,,1.0,5.98,1.0,1.0,0.0,0.0,1,2025-11-01 08:32:20.102174
2,2025-01-20 17:13:06,2025-01-20 17:23:11,N,1.0,166,74,1.0,1.68,11.4,0.0,0.5,2.0,0.0,,1.0,14.9,1.0,1.0,0.0,0.0,1,2025-11-01 08:32:20.102174
2,2025-01-20 17:31:12,2025-01-20 17:49:42,N,1.0,74,140,1.0,3.17,19.8,0.0,0.5,7.22,0.0,,1.0,31.27,1.0,1.0,2.75,0.0,1,2025-11-01 08:32:20.102174
2,2025-01-20 17:45:09,2025-01-20 17:56:12,N,1.0,130,135,1.0,2.83,14.2,0.0,0.5,0.0,0.0,,1.0,15.7,2.0,1.0,0.0,0.0,1,2025-11-01 08:32:20.102174
1,2025-01-20 17:02:25,2025-01-20 17:14:47,N,1.0,74,166,1.0,2.0,14.2,0.0,1.5,3.1,0.0,,1.0,18.8,1.0,1.0,0.0,0.0,1,2025-11-01 08:32:20.102174
1,2025-01-20 17:57:43,2025-01-20 18:10:38,N,1.0,74,142,1.0,3.4,17.0,2.75,1.5,3.0,0.0,,1.0,24.25,1.0,1.0,2.75,0.0,1,2025-11-01 08:32:20.102174
2,2025-01-20 17:51:34,2025-01-20 18:04:31,N,1.0,74,166,3.0,1.82,12.8,2.5,0.5,0.0,0.0,,1.0,16.8,2.0,1.0,0.0,0.0,1,2025-11-01 08:32:20.102174
2,2025-01-20 08:06:35,2025-01-20 08:22:32,N,1.0,74,140,1.0,3.44,17.7,2.5,0.5,3.67,0.0,,1.0,28.12,1.0,1.0,2.75,0.0,1,2025-11-01 08:32:20.102174
2,2025-01-20 17:20:52,2025-01-20 17:34:35,N,5.0,130,10,1.0,2.45,18.0,0.0,0.0,0.0,0.0,,1.0,19.0,1.0,2.0,0.0,0.0,1,2025-11-01 08:32:20.102174
2,2025-01-20 17:32:04,2025-01-20 17:43:05,N,1.0,74,24,1.0,1.6,12.1,2.5,0.5,0.0,0.0,,1.0,16.1,2.0,1.0,0.0,0.0,1,2025-11-01 08:32:20.102174
2,2025-01-20 17:30:27,2025-01-20 18:01:33,N,5.0,25,1,1.0,15.36,70.0,0.0,0.0,0.0,0.0,,1.0,71.75,1.0,2.0,0.0,0.75,1,2025-11-01 08:32:20.102174
2,2025-01-20 17:02:31,2025-01-20 17:21:07,N,1.0,74,141,1.0,3.14,19.8,0.0,0.5,6.01,0.0,,1.0,30.06,1.0,1.0,2.75,0.0,1,2025-11-01 08:32:20.102174
2,2025-01-20 17:03:23,2025-01-20 17:31:04,N,1.0,33,230,1.0,8.82,38.0,0.0,0.5,8.6,0.0,,1.0,51.6,1.0,1.0,2.75,0.75,1,2025-11-01 08:32:20.102174
2,2025-01-20 16:58:30,2025-01-20 17:20:03,N,1.0,244,263,2.0,6.37,29.6,0.0,0.5,4.0,0.0,,1.0,37.85,1.0,1.0,2.75,0.0,1,2025-11-01 08:32:20.102174
2,2025-01-20 17:50:44,2025-01-20 17:50:49,N,5.0,83,83,1.0,0.0,14.0,0.0,0.0,0.0,0.0,,1.0,15.0,1.0,2.0,0.0,0.0,1,2025-11-01 08:32:20.102174
1,2025-01-20 17:35:05,2025-01-20 17:46:26,N,1.0,75,237,1.0,2.1,12.1,2.75,1.5,1.0,0.0,,1.0,17.35,1.0,1.0,2.75,0.0,1,2025-11-01 08:32:20.102174
2,2025-01-20 17:40:36,2025-01-20 17:46:26,N,1.0,130,197,1.0,0.89,7.9,0.0,0.5,2.35,0.0,,1.0,11.75,1.0,1.0,0.0,0.0,1,2025-11-01 08:32:20.102174
2,2025-01-20 17:01:30,2025-01-20 17:06:08,N,1.0,134,134,1.0,0.77,6.5,0.0,0.5,1.6,0.0,,1.0,9.6,1.0,1.0,0.0,0.0,1,2025-11-01 08:32:20.102174
2,2025-01-20 17:11:04,2025-01-20 17:16:53,N,1.0,134,134,1.0,0.88,7.2,0.0,0.5,1.74,0.0,,1.0,10.44,1.0,1.0,0.0,0.0,1,2025-11-01 08:32:20.102174
2,2025-01-20 17:28:24,2025-01-20 17:34:15,N,1.0,134,134,1.0,1.01,7.9,0.0,0.5,1.88,0.0,,1.0,11.28,1.0,1.0,0.0,0.0,1,2025-11-01 08:32:20.102174
2,2025-01-20 17:46:49,2025-01-20 17:59:09,N,1.0,134,134,1.0,1.39,12.8,0.0,0.5,2.0,0.0,,1.0,16.3,1.0,1.0,0.0,0.0,1,2025-11-01 08:32:20.102174
2,2025-01-20 17:09:42,2025-01-20 17:16:31,N,1.0,7,179,1.0,0.76,7.9,2.5,0.5,2.98,0.0,,1.0,14.88,1.0,1.0,0.0,0.0,1,2025-11-01 08:32:20.102174
2,2025-01-20 17:35:33,2025-01-20 17:43:20,N,1.0,74,41,1.0,1.19,10.0,2.5,0.5,2.8,0.0,,1.0,16.8,1.0,1.0,0.0,0.0,1,2025-11-01 08:32:20.102174
2,2025-01-20 17:57:22,2025-01-20 18:13:06,N,1.0,74,24,1.0,2.17,16.3,2.5,0.5,4.06,0.0,,1.0,24.36,1.0,1.0,0.0,0.0,1,2025-11-01 08:32:20.102174
1,2025-01-20 17:57:50,2025-01-20 18:40:28,N,1.0,75,228,2.0,17.2,70.2,0.0,1.5,5.0,6.94,,1.0,83.64,1.0,1.0,0.0,0.0,1,2025-11-01 08:32:20.102174
1,2025-01-20 17:58:08,2025-01-20 18:08:11,N,1.0,244,166,1.0,2.7,13.5,0.0,1.5,2.0,0.0,,1.0,17.0,1.0,1.0,0.0,0.0,1,2025-11-01 08:32:20.102174
2,2025-01-20 17:11:16,2025-01-20 17:17:35,N,1.0,95,134,1.0,1.09,7.9,2.5,0.5,1.0,0.0,,1.0,12.9,1.0,1.0,0.0,0.0,1,2025-11-01 08:32:20.102174
2,2025-01-20 17:25:50,2025-01-20 17:49:21,N,1.0,95,129,1.0,4.01,24.7,2.5,0.5,5.74,0.0,,1.0,34.44,1.0,1.0,0.0,0.0,1,2025-11-01 08:32:20.102174
2,2025-01-20 17:32:09,2025-01-20 17:50:10,N,1.0,74,142,1.0,3.95,20.5,2.5,0.5,3.0,0.0,,1.0,30.25,1.0,1.0,2.75,0.0,1,2025-11-01 08:32:20.102174
2,2025-01-20 17:31:33,2025-01-20 17:55:44,N,1.0,74,239,1.0,3.76,24.0,0.0,0.5,5.0,0.0,,1.0,33.25,1.0,1.0,2.75,0.0,1,2025-11-01 08:32:20.102174
1,2025-01-20 17:59:35,2025-01-20 18:09:26,N,1.0,74,42,1.0,1.9,10.7,2.5,1.5,0.0,0.0,,1.0,14.7,2.0,1.0,0.0,0.0,1,2025-11-01 08:32:20.102174
2,2025-01-20 17:45:36,2025-01-20 17:48:52,N,1.0,166,151,1.0,0.63,5.8,0.0,0.5,0.0,0.0,,1.0,7.3,2.0,1.0,0.0,0.0,1,2025-11-01 08:32:20.102174
2,2025-01-20 17:36:51,2025-01-20 17:56:47,N,1.0,82,146,1.0,3.61,21.2,2.5,0.5,0.0,0.0,,1.0,25.2,2.0,1.0,0.0,0.0,1,2025-11-01 08:32:20.102174
2,2025-01-20 17:34:37,2025-01-20 17:42:48,N,1.0,130,28,1.0,1.28,9.3,2.5,0.5,0.0,0.0,,1.0,13.3,2.0,1.0,0.0,0.0,1,2025-11-01 08:32:20.102174
2,2025-01-20 16:59:53,2025-01-20 17:07:36,N,1.0,43,239,1.0,1.46,10.0,2.5,0.5,2.51,0.0,,1.0,19.26,1.0,1.0,2.75,0.0,1,2025-11-01 08:32:20.102174
2,2025-01-20 17:36:53,2025-01-20 17:53:21,N,1.0,74,24,2.0,2.29,16.3,0.0,0.5,3.56,0.0,,1.0,21.36,1.0,1.0,0.0,0.0,1,2025-11-01 08:32:20.102174
1,2025-01-20 17:31:59,2025-01-20 17:41:38,N,1.0,74,166,1.0,1.8,11.4,2.5,1.5,5.0,0.0,,1.0,20.4,1.0,1.0,0.0,0.0,1,2025-11-01 08:32:20.102174
1,2025-01-20 17:58:47,2025-01-20 18:13:28,N,1.0,74,239,1.0,3.3,17.7,5.25,1.5,4.85,0.0,,1.0,29.3,1.0,1.0,2.75,0.0,1,2025-11-01 08:32:20.102174
2,2025-01-20 17:40:38,2025-01-20 17:50:17,N,1.0,7,223,1.0,1.51,10.7,2.5,0.5,1.0,0.0,,1.0,15.7,1.0,1.0,0.0,0.0,1,2025-11-01 08:32:20.102174
2,2025-01-20 17:21:08,2025-01-20 17:30:15,N,1.0,75,262,1.0,1.75,10.7,0.0,0.5,4.49,0.0,,1.0,19.44,1.0,1.0,2.75,0.0,1,2025-11-01 08:32:20.102174
2,2025-01-20 17:09:03,2025-01-20 17:15:09,N,1.0,193,193,1.0,0.95,7.9,0.0,0.5,1.88,0.0,,1.0,11.28,1.0,1.0,0.0,0.0,1,2025-11-01 08:32:20.102174
2,2025-01-20 17:00:37,2025-01-20 17:10:07,N,1.0,74,236,1.0,2.01,12.1,2.5,0.5,3.77,0.0,,1.0,22.62,1.0,1.0,2.75,0.0,1,2025-11-01 08:32:20.102174
2,2025-01-20 17:29:58,2025-01-20 17:41:23,N,1.0,74,236,1.0,2.08,12.8,2.5,0.5,0.0,0.0,,1.0,19.55,2.0,1.0,2.75,0.0,1,2025-11-01 08:32:20.102174
1,2025-01-20 17:53:39,2025-01-20 18:02:04,N,1.0,82,196,1.0,1.1,8.6,2.5,1.5,0.0,0.0,,1.0,12.6,2.0,1.0,0.0,0.0,1,2025-11-01 08:32:20.102174
2,2025-01-20 17:20:25,2025-01-20 17:32:46,N,1.0,97,49,1.0,1.73,12.8,2.5,0.5,3.36,0.0,,1.0,20.16,1.0,1.0,0.0,0.0,1,2025-11-01 08:32:20.102174
2,2025-01-20 17:49:11,2025-01-20 18:00:19,N,1.0,33,97,1.0,1.88,12.8,2.5,0.5,0.0,0.0,,1.0,16.8,2.0,1.0,0.0,0.0,1,2025-11-01 08:32:20.102174
2,2025-01-20 17:29:34,2025-01-20 17:39:55,N,1.0,74,151,1.0,1.74,11.4,2.5,0.5,2.31,0.0,,1.0,17.71,1.0,1.0,0.0,0.0,1,2025-11-01 08:32:20.102174
2,2025-01-20 17:56:31,2025-01-20 17:57:51,N,1.0,52,33,1.0,0.36,3.7,2.5,0.5,1.54,0.0,,1.0,9.24,1.0,1.0,0.0,0.0,1,2025-11-01 08:32:20.102174
2,2025-01-20 17:33:40,2025-01-20 17:44:08,N,1.0,129,138,1.0,3.07,15.6,7.5,0.5,6.15,0.0,,1.0,30.75,1.0,1.0,0.0,0.0,1,2025-11-01 08:32:20.102174
2,2025-01-20 16:57:43,2025-01-20 17:08:56,N,1.0,254,259,2.0,1.54,11.4,0.0,0.5,0.0,0.0,,1.0,12.9,2.0,1.0,0.0,0.0,1,2025-11-01 08:32:20.102174
2,2025-01-20 17:11:15,2025-01-20 17:13:57,N,1.0,166,166,1.0,0.55,5.1,2.5,0.5,1.82,0.0,,1.0,10.92,1.0,1.0,0.0,0.0,1,2025-11-01 08:32:20.102174
2,2025-01-20 17:21:59,2025-01-20 17:39:03,N,1.0,97,188,1.0,3.0,17.7,2.5,0.5,4.34,0.0,,1.0,26.04,1.0,1.0,0.0,0.0,1,2025-11-01 08:32:20.102174
2,2025-01-20 17:42:18,2025-01-20 17:50:29,N,1.0,97,52,1.0,2.95,14.9,0.0,0.5,3.28,0.0,,1.0,19.68,1.0,1.0,0.0,0.0,1,2025-11-01 08:32:20.102174
2,2025-01-20 17:02:12,2025-01-20 17:05:39,N,1.0,92,92,1.0,0.12,3.7,0.0,0.5,0.0,0.0,,1.0,5.2,2.0,1.0,0.0,0.0,1,2025-11-01 08:32:20.102174
2,2025-01-20 17:27:41,2025-01-20 17:46:32,N,1.0,74,142,1.0,3.63,20.5,2.5,0.5,2.72,0.0,,1.0,29.97,1.0,1.0,2.75,0.0,1,2025-11-01 08:32:20.102174
2,2025-01-20 18:04:50,2025-01-20 18:11:30,N,1.0,74,41,1.0,1.11,8.6,2.5,0.5,2.52,0.0,,1.0,15.12,1.0,1.0,0.0,0.0,1,2025-11-01 08:32:20.102174
2,2025-01-20 17:00:52,2025-01-20 17:19:11,N,1.0,75,4,1.0,6.79,29.6,0.0,0.5,2.0,0.0,,1.0,36.6,1.0,1.0,2.75,0.75,1,2025-11-01 08:32:20.102174
2,2025-01-20 17:29:51,2025-01-20 17:38:20,N,1.0,74,42,1.0,1.59,10.7,2.5,0.5,3.68,0.0,,1.0,18.38,1.0,1.0,0.0,0.0,1,2025-11-01 08:32:20.102174
2,2025-01-20 18:02:22,2025-01-20 18:09:19,N,1.0,74,41,1.0,1.16,8.6,2.5,0.5,1.08,0.0,,1.0,13.68,1.0,1.0,0.0,0.0,1,2025-11-01 08:32:20.102174
2,2025-01-20 17:48:16,2025-01-20 17:54:29,N,1.0,97,189,1.0,0.87,7.9,0.0,0.5,1.41,0.0,,1.0,10.81,1.0,1.0,0.0,0.0,1,2025-11-01 08:32:20.102174
2,2025-01-20 17:26:30,2025-01-20 17:37:00,N,1.0,74,166,1.0,1.69,12.1,0.0,0.5,3.4,0.0,,1.0,17.0,1.0,1.0,0.0,0.0,1,2025-11-01 08:32:20.102174
2,2025-01-20 17:27:23,2025-01-20 17:35:14,N,1.0,74,236,1.0,1.49,10.0,2.5,0.5,2.8,0.0,,1.0,16.8,1.0,1.0,0.0,0.0,1,2025-11-01 08:32:20.102174
2,2025-01-20 17:45:57,2025-01-20 18:01:18,N,1.0,74,239,1.0,2.87,17.0,2.5,0.5,4.75,0.0,,1.0,28.5,1.0,1.0,2.75,0.0,1,2025-11-01 08:32:20.102174
2,2025-01-20 17:37:01,2025-01-20 17:52:59,N,1.0,74,236,1.0,2.25,16.3,0.0,0.5,4.11,0.0,,1.0,24.66,1.0,1.0,2.75,0.0,1,2025-11-01 08:32:20.102174
2,2025-01-20 16:59:20,2025-01-20 17:09:11,N,1.0,97,181,1.0,2.23,12.8,2.5,0.5,3.36,0.0,,1.0,20.16,1.0,1.0,0.0,0.0,1,2025-11-01 08:32:20.102174
2,2025-01-20 17:45:38,2025-01-20 18:05:17,N,1.0,97,225,1.0,3.56,21.2,2.5,0.5,4.0,0.0,,1.0,29.2,1.0,1.0,0.0,0.0,1,2025-11-01 08:32:20.102174
2,2025-01-20 17:30:43,2025-01-20 17:45:38,N,1.0,130,95,1.0,3.36,18.4,0.0,0.5,3.0,0.0,,1.0,22.9,1.0,1.0,0.0,0.0,1,2025-11-01 08:32:20.102174
2,2025-01-20 10:31:33,2025-01-20 10:48:03,N,1.0,74,263,1.0,2.2,16.3,0.0,0.5,4.11,0.0,,1.0,24.66,1.0,1.0,2.75,0.0,1,2025-11-01 08:32:20.102174
2,2025-01-20 11:04:13,2025-01-20 11:15:22,N,1.0,74,236,1.0,2.0,12.8,0.0,0.5,4.26,0.0,,1.0,21.31,1.0,1.0,2.75,0.0,1,2025-11-01 08:32:20.102174
2,2025-01-20 16:35:47,2025-01-20 16:40:35,N,1.0,42,116,1.0,0.74,6.5,2.5,0.5,1.0,0.0,,1.0,11.5,1.0,1.0,0.0,0.0,1,2025-11-01 08:32:20.102174
2,2025-01-20 16:56:14,2025-01-20 17:00:09,N,1.0,41,74,1.0,0.56,5.8,2.5,0.5,0.0,0.0,,1.0,9.8,2.0,1.0,0.0,0.0,1,2025-11-01 08:32:20.102174
2,2025-01-20 17:50:28,2025-01-20 18:04:00,N,1.0,82,260,1.0,2.41,15.6,2.5,0.5,0.0,0.0,,1.0,19.6,2.0,1.0,0.0,0.0,1,2025-11-01 08:32:20.102174
2,2025-01-20 17:21:25,2025-01-20 17:38:42,N,1.0,7,233,5.0,4.24,21.9,0.0,0.5,5.38,0.0,,1.0,32.28,1.0,1.0,2.75,0.75,1,2025-11-01 08:32:20.102174
2,2025-01-20 17:30:01,2025-01-20 18:00:24,N,1.0,76,91,1.0,5.94,30.3,2.5,0.5,0.0,0.0,,1.0,34.3,1.0,1.0,0.0,0.0,1,2025-11-01 08:32:20.102174
2,2025-01-20 17:15:39,2025-01-20 17:27:26,N,1.0,82,70,1.0,2.04,12.8,0.0,0.5,0.0,0.0,,1.0,14.3,2.0,1.0,0.0,0.0,1,2025-11-01 08:32:20.102174
2,2025-01-20 17:33:46,2025-01-20 17:48:02,N,1.0,129,7,1.0,2.43,16.3,2.5,0.5,4.06,0.0,,1.0,24.36,1.0,1.0,0.0,0.0,1,2025-11-01 08:32:20.102174
2,2025-01-20 17:32:22,2025-01-20 17:39:40,N,1.0,74,41,1.0,1.16,9.3,2.5,0.5,0.0,0.0,,1.0,13.3,2.0,1.0,0.0,0.0,1,2025-11-01 08:32:20.102174
2,2025-01-20 17:00:34,2025-01-20 17:15:11,N,1.0,74,166,1.0,2.1,14.9,0.0,0.5,0.0,0.0,,1.0,16.4,2.0,1.0,0.0,0.0,1,2025-11-01 08:32:20.102174
2,2025-01-20 17:35:26,2025-01-20 17:45:18,N,1.0,74,75,1.0,1.46,10.7,0.0,0.5,1.25,0.0,,1.0,13.45,1.0,1.0,0.0,0.0,1,2025-11-01 08:32:20.102174
2,2025-01-20 17:02:45,2025-01-20 17:15:15,N,1.0,74,262,1.0,2.11,14.2,0.0,0.5,3.69,0.0,,1.0,22.14,1.0,1.0,2.75,0.0,1,2025-11-01 08:32:20.102174
2,2025-01-20 17:32:38,2025-01-20 17:51:48,N,1.0,74,238,1.0,2.85,19.1,0.0,0.5,4.67,0.0,,1.0,28.02,1.0,1.0,2.75,0.0,1,2025-11-01 08:32:20.102174
2,2025-01-20 17:33:07,2025-01-20 17:50:39,N,1.0,74,244,1.0,4.86,24.0,0.0,0.5,5.1,0.0,,1.0,30.6,1.0,1.0,0.0,0.0,1,2025-11-01 08:32:20.102174
2,2025-01-20 17:17:44,2025-01-20 17:25:20,N,1.0,130,28,1.0,2.05,11.4,0.0,0.5,0.0,0.0,,1.0,12.9,2.0,1.0,0.0,0.0,1,2025-11-01 08:32:20.102174
2,2025-01-20 16:57:00,2025-01-20 17:08:13,N,1.0,41,24,1.0,1.6,12.1,2.5,0.5,3.22,0.0,,1.0,19.32,1.0,1.0,0.0,0.0,1,2025-11-01 08:32:20.102174
2,2025-01-20 17:01:20,2025-01-20 17:15:48,N,1.0,74,151,1.0,2.18,15.6,2.5,0.5,2.0,0.0,,1.0,21.6,1.0,1.0,0.0,0.0,1,2025-11-01 08:32:20.102174
1,2025-01-20 17:30:44,2025-01-20 17:40:49,N,1.0,75,42,1.0,0.0,10.0,0.0,1.5,2.85,0.0,,1.0,14.35,1.0,1.0,0.0,0.0,1,2025-11-01 08:32:20.102174
2,2025-01-20 17:02:48,2025-01-20 17:15:32,N,1.0,74,24,1.0,1.54,12.8,2.5,0.5,0.0,0.0,,1.0,16.8,1.0,1.0,0.0,0.0,1,2025-11-01 08:32:20.102174
2,2025-01-20 17:34:41,2025-01-20 17:50:44,N,1.0,74,43,1.0,3.35,18.4,2.5,0.5,6.29,0.0,,1.0,31.44,1.0,1.0,2.75,0.0,1,2025-11-01 08:32:20.102174
2,2025-01-20 17:45:59,2025-01-20 17:51:41,N,1.0,95,95,1.0,0.83,7.2,2.5,0.5,3.0,0.0,,1.0,14.2,1.0,1.0,0.0,0.0,1,2025-11-01 08:32:20.102174
2,2025-01-20 16:58:27,2025-01-20 17:03:54,N,1.0,24,238,1.0,1.1,7.9,2.5,0.5,2.93,0.0,,1.0,17.58,1.0,1.0,2.75,0.0,1,2025-11-01 08:32:20.102174
2,2025-01-20 17:17:03,2025-01-20 17:21:26,N,1.0,75,236,1.0,1.19,7.2,2.5,0.5,3.49,0.0,,1.0,17.44,1.0,1.0,2.75,0.0,1,2025-11-01 08:32:20.102174
2,2025-01-20 17:34:40,2025-01-20 18:00:14,N,1.0,43,231,1.0,8.3,37.3,2.5,0.5,8.96,0.0,,1.0,53.76,1.0,1.0,2.75,0.75,1,2025-11-01 08:32:20.102174
2,2025-01-20 16:46:51,2025-01-20 16:53:05,N,1.0,75,74,1.0,1.32,8.6,0.0,0.5,0.0,0.0,,1.0,10.1,1.0,1.0,0.0,0.0,1,2025-11-01 08:32:20.102174
2,2025-01-20 18:51:52,2025-01-20 20:02:59,N,1.0,129,265,1.0,18.63,93.3,0.0,0.5,0.0,6.94,,1.0,101.74,2.0,1.0,0.0,0.0,1,2025-11-01 08:32:20.102174
2,2025-01-20 18:25:29,2025-01-20 18:34:49,N,1.0,65,181,1.0,1.44,10.7,2.5,0.5,1.0,0.0,,1.0,15.7,1.0,1.0,0.0,0.0,1,2025-11-01 08:32:20.102174
2,2025-01-20 18:27:38,2025-01-20 18:38:34,N,1.0,75,142,1.0,2.66,13.5,0.0,0.5,3.55,0.0,,1.0,21.3,1.0,1.0,2.75,0.0,1,2025-11-01 08:32:20.102174
2,2025-01-20 18:30:49,2025-01-20 18:42:22,N,1.0,65,49,2.0,1.51,11.4,2.5,0.5,3.08,0.0,,1.0,18.48,1.0,1.0,0.0,0.0,1,2025-11-01 08:32:20.102174
1,2025-01-20 18:45:12,2025-01-20 18:55:56,N,1.0,65,33,1.0,1.2,11.4,0.0,1.5,2.55,0.0,,1.0,15.45,1.0,1.0,0.0,0.0,1,2025-11-01 08:32:20.102174
2,2025-01-20 18:15:16,2025-01-20 18:26:40,N,1.0,43,161,1.0,2.41,14.2,2.5,0.5,3.0,0.0,,1.0,24.7,1.0,1.0,2.75,0.75,1,2025-11-01 08:32:20.102174
2,2025-01-20 18:48:24,2025-01-20 18:53:37,N,1.0,43,236,1.0,0.62,6.5,2.5,0.5,2.65,0.0,,1.0,15.9,1.0,1.0,2.75,0.0,1,2025-11-01 08:32:20.102174
2,2025-01-20 18:01:18,2025-01-20 18:16:48,N,1.0,74,238,1.0,2.81,17.0,0.0,0.5,2.0,0.0,,1.0,23.25,1.0,1.0,2.75,0.0,1,2025-11-01 08:32:20.102174
2,2025-01-20 18:26:13,2025-01-20 18:32:03,N,1.0,75,75,1.0,1.08,7.9,0.0,0.5,2.0,0.0,,1.0,11.4,1.0,1.0,0.0,0.0,1,2025-11-01 08:32:20.102174
2,2025-01-20 18:39:30,2025-01-20 18:59:38,N,1.0,74,238,1.0,3.08,20.5,0.0,0.5,0.0,0.0,,1.0,24.75,2.0,1.0,2.75,0.0,1,2025-11-01 08:32:20.102174
2,2025-01-20 18:28:32,2025-01-20 18:39:07,N,1.0,74,262,1.0,2.94,14.2,0.0,0.5,3.0,0.0,,1.0,21.45,1.0,1.0,2.75,0.0,1,2025-11-01 08:32:20.102174
2,2025-01-20 18:26:21,2025-01-20 18:35:23,N,1.0,65,181,1.0,1.25,10.0,2.5,0.5,4.2,0.0,,1.0,18.2,1.0,1.0,0.0,0.0,1,2025-11-01 08:32:20.102174
2,2025-01-20 18:17:02,2025-01-20 18:22:51,N,1.0,179,7,1.0,0.9,7.9,2.5,0.5,2.0,0.0,,1.0,13.9,1.0,1.0,0.0,0.0,1,2025-11-01 08:32:20.102174
1,2025-01-20 18:31:53,2025-01-20 18:47:38,N,1.0,74,142,1.0,3.7,19.1,2.75,1.5,4.65,0.0,,1.0,28.0,1.0,1.0,2.75,0.0,1,2025-11-01 08:32:20.102174
2,2025-01-20 18:01:24,2025-01-20 18:08:39,N,1.0,41,152,1.0,0.97,8.6,2.5,0.5,0.63,0.0,,1.0,13.23,1.0,1.0,0.0,0.0,1,2025-11-01 08:32:20.102174
2,2025-01-20 18:10:31,2025-01-20 18:10:53,N,1.0,82,82,1.0,0.01,3.0,2.5,0.5,0.0,0.0,,1.0,7.0,2.0,1.0,0.0,0.0,1,2025-11-01 08:32:20.102174
2,2025-01-20 18:30:58,2025-01-20 18:51:07,N,1.0,74,140,2.0,3.62,21.2,2.5,0.5,5.59,0.0,,1.0,33.54,1.0,1.0,2.75,0.0,1,2025-11-01 08:32:20.102174
2,2025-01-20 08:04:26,2025-01-20 08:20:07,N,1.0,74,238,1.0,2.64,16.3,2.5,0.5,4.06,0.0,,1.0,24.36,1.0,1.0,0.0,0.0,1,2025-11-01 08:32:20.102174
1,2025-01-20 18:18:33,2025-01-20 18:28:33,N,1.0,75,141,2.0,1.7,12.1,2.75,1.5,3.15,0.0,,1.0,19.5,1.0,1.0,2.75,0.0,1,2025-11-01 08:32:20.102174
1,2025-01-20 18:37:47,2025-01-20 18:43:54,N,1.0,75,238,2.0,1.0,8.6,2.75,1.5,3.85,0.0,,1.0,16.7,1.0,1.0,2.75,0.0,1,2025-11-01 08:32:20.102174
2,2025-01-20 18:04:06,2025-01-20 18:27:49,N,1.0,74,238,1.0,3.0,20.5,2.5,0.5,5.45,0.0,,1.0,32.7,1.0,1.0,2.75,0.0,1,2025-11-01 08:32:20.102174
2,2025-01-20 18:31:32,2025-01-20 18:44:07,N,1.0,97,181,2.0,1.97,13.5,2.5,0.5,3.5,0.0,,1.0,21.0,1.0,1.0,0.0,0.0,1,2025-11-01 08:32:20.102174
2,2025-01-20 18:02:00,2025-01-20 18:15:52,N,1.0,74,151,1.0,2.78,15.6,0.0,0.5,4.28,0.0,,1.0,21.38,1.0,1.0,0.0,0.0,1,2025-11-01 08:32:20.102174
1,2025-01-20 18:11:41,2025-01-20 18:20:53,N,1.0,97,189,2.0,2.0,11.4,0.0,1.5,0.0,0.0,,1.0,12.9,2.0,1.0,0.0,0.0,1,2025-11-01 08:32:20.102174
2,2025-01-20 18:16:19,2025-01-20 18:24:33,N,1.0,130,10,1.0,1.95,11.4,0.0,0.5,3.87,0.0,,1.0,16.77,1.0,1.0,0.0,0.0,1,2025-11-01 08:32:20.102174
2,2025-01-20 18:15:38,2025-01-20 18:33:09,N,1.0,95,197,1.0,2.83,17.7,0.0,0.5,0.0,0.0,,1.0,19.2,2.0,1.0,0.0,0.0,1,2025-11-01 08:32:20.102174
2,2025-01-20 18:52:59,2025-01-20 18:57:26,N,1.0,95,95,1.0,0.67,5.8,0.0,0.5,1.0,0.0,,1.0,8.3,1.0,1.0,0.0,0.0,1,2025-11-01 08:32:20.102174
2,2025-01-20 18:51:42,2025-01-20 19:01:12,N,1.0,82,95,1.0,1.82,11.4,2.5,0.5,3.85,0.0,,1.0,19.25,1.0,1.0,0.0,0.0,1,2025-11-01 08:32:20.102174
1,2025-01-20 18:15:39,2025-01-20 18:41:20,N,1.0,52,89,1.0,5.8,28.9,2.5,1.5,9.85,0.0,,1.0,42.75,1.0,1.0,0.0,0.0,1,2025-11-01 08:32:20.102174
2,2025-01-20 18:27:38,2025-01-20 18:33:37,N,1.0,74,75,1.0,1.64,9.3,2.5,0.5,0.0,0.0,,1.0,13.3,2.0,1.0,0.0,0.0,1,2025-11-01 08:32:20.102174
2,2025-01-20 18:56:05,2025-01-20 19:04:31,N,1.0,74,75,1.0,1.51,10.0,2.5,0.5,5.0,0.0,,1.0,19.0,1.0,1.0,0.0,0.0,1,2025-11-01 08:32:20.102174
1,2025-01-20 18:20:13,2025-01-20 18:29:44,N,1.0,65,65,1.0,0.0,9.3,0.0,1.5,2.7,0.0,,1.0,13.5,1.0,1.0,0.0,0.0,1,2025-11-01 08:32:20.102174
2,2025-01-20 18:04:23,2025-01-20 18:07:44,N,1.0,95,95,1.0,0.21,5.1,2.5,0.5,0.0,0.0,,1.0,9.1,2.0,1.0,0.0,0.0,1,2025-11-01 08:32:20.102174
2,2025-01-20 18:37:42,2025-01-20 18:51:39,N,1.0,74,239,1.0,2.9,16.3,2.5,0.5,4.61,0.0,,1.0,27.66,1.0,1.0,2.75,0.0,1,2025-11-01 08:32:20.102174
2,2025-01-20 18:54:01,2025-01-20 19:17:30,N,1.0,95,260,1.0,4.6,26.1,2.5,0.5,6.02,0.0,,1.0,36.12,1.0,1.0,0.0,0.0,1,2025-11-01 08:32:20.102174
2,2025-01-20 17:59:12,2025-01-20 18:10:57,N,1.0,65,195,2.0,2.07,12.8,0.0,0.5,0.1,0.0,,1.0,14.4,1.0,1.0,0.0,0.0,1,2025-11-01 08:32:20.102174
2,2025-01-20 18:25:49,2025-01-20 18:32:06,N,1.0,74,75,1.0,1.33,8.6,0.0,0.5,1.82,0.0,,1.0,11.92,1.0,1.0,0.0,0.0,1,2025-11-01 08:32:20.102174
2,2025-01-20 18:39:57,2025-01-20 18:58:48,N,1.0,74,238,1.0,2.65,19.1,0.0,0.5,4.67,0.0,,1.0,28.02,1.0,1.0,2.75,0.0,1,2025-11-01 08:32:20.102174
2,2025-01-20 18:54:49,2025-01-20 19:03:11,N,1.0,95,134,1.0,1.61,10.0,2.5,0.5,3.5,0.0,,1.0,17.5,1.0,1.0,0.0,0.0,1,2025-11-01 08:32:20.102174
2,2025-01-20 18:59:48,2025-01-20 19:15:48,N,1.0,41,138,1.0,7.0,29.6,5.0,0.5,8.61,6.94,,1.0,51.65,1.0,1.0,0.0,0.0,1,2025-11-01 08:32:20.102174
1,2025-01-20 18:28:20,2025-01-20 18:41:16,N,1.0,74,262,1.0,3.3,15.6,5.25,1.5,0.0,0.0,,1.0,22.35,1.0,1.0,2.75,0.0,1,2025-11-01 08:32:20.102174
1,2025-01-20 18:59:52,2025-01-20 19:13:27,N,1.0,74,263,2.0,3.1,15.6,5.25,1.5,2.08,0.0,,1.0,24.43,1.0,1.0,2.75,0.0,1,2025-11-01 08:32:20.102174
2,2025-01-20 18:48:09,2025-01-20 19:01:53,N,1.0,7,145,1.0,2.75,15.6,0.0,0.5,3.42,0.0,,1.0,20.52,1.0,1.0,0.0,0.0,1,2025-11-01 08:32:20.102174
2,2025-01-20 18:54:52,2025-01-20 18:59:24,N,1.0,166,151,1.0,0.8,6.5,0.0,0.5,1.6,0.0,,1.0,9.6,1.0,1.0,0.0,0.0,1,2025-11-01 08:32:20.102174
2,2025-01-20 18:48:03,2025-01-20 18:54:06,N,1.0,83,82,1.0,0.72,7.2,2.5,0.5,2.8,0.0,,1.0,14.0,1.0,1.0,0.0,0.0,1,2025-11-01 08:32:20.102174
2,2025-01-20 18:32:46,2025-01-20 18:42:30,N,1.0,223,129,5.0,1.93,12.8,2.5,0.5,0.0,0.0,,1.0,16.8,1.0,1.0,0.0,0.0,1,2025-11-01 08:32:20.102174
2,2025-01-20 18:23:20,2025-01-20 18:24:38,N,5.0,74,74,1.0,0.0,10.0,0.0,0.0,0.0,0.0,,1.0,11.0,2.0,2.0,0.0,0.0,1,2025-11-01 08:32:20.102174
2,2025-01-20 18:12:55,2025-01-20 18:43:58,N,1.0,74,88,1.0,10.02,45.0,0.0,0.5,0.0,0.0,,1.0,50.0,2.0,1.0,2.75,0.75,1,2025-11-01 08:32:20.102174
2,2025-01-20 18:48:29,2025-01-20 18:58:19,N,1.0,129,138,1.0,2.51,13.5,5.0,0.5,4.0,0.0,,1.0,24.0,1.0,1.0,0.0,0.0,1,2025-11-01 08:32:20.102174
1,2025-01-20 18:30:01,2025-01-20 18:42:25,N,1.0,74,167,1.0,2.8,15.6,2.5,1.5,0.0,0.0,,1.0,19.6,4.0,1.0,0.0,0.0,1,2025-11-01 08:32:20.102174
2,2025-01-20 18:02:33,2025-01-20 18:08:56,N,1.0,74,75,1.0,1.37,9.3,2.5,0.5,0.0,0.0,,1.0,13.3,2.0,1.0,0.0,0.0,1,2025-11-01 08:32:20.102174
2,2025-01-20 18:42:59,2025-01-21 17:50:17,N,1.0,7,226,1.0,1.32,10.7,2.5,0.5,0.0,0.0,,1.0,14.7,2.0,1.0,0.0,0.0,1,2025-11-01 08:32:20.102174
2,2025-01-20 18:22:26,2025-01-20 18:31:09,N,1.0,43,237,1.0,1.74,10.7,0.0,0.5,2.99,0.0,,1.0,17.94,1.0,1.0,2.75,0.0,1,2025-11-01 08:32:20.102174
2,2025-01-20 18:45:10,2025-01-20 18:47:34,N,1.0,75,74,1.0,0.79,5.8,0.0,0.5,0.0,0.0,,1.0,7.3,2.0,1.0,0.0,0.0,1,2025-11-01 08:32:20.102174
2,2025-01-20 18:03:38,2025-01-20 18:11:22,N,1.0,74,236,1.0,1.7,10.0,2.5,0.5,3.35,0.0,,1.0,20.1,1.0,1.0,2.75,0.0,1,2025-11-01 08:32:20.102174
2,2025-01-20 18:31:24,2025-01-20 18:39:35,N,1.0,74,75,1.0,1.67,10.7,2.5,0.5,2.94,0.0,,1.0,17.64,1.0,1.0,0.0,0.0,1,2025-11-01 08:32:20.102174
2,2025-01-20 18:08:53,2025-01-20 18:11:00,N,1.0,196,196,1.0,0.32,4.4,2.5,0.5,0.0,0.0,,1.0,8.4,2.0,1.0,0.0,0.0,1,2025-11-01 08:32:20.102174
2,2025-01-20 18:21:17,2025-01-20 18:30:44,N,1.0,65,189,1.0,1.47,10.7,2.5,0.5,2.94,0.0,,1.0,17.64,1.0,1.0,0.0,0.0,1,2025-11-01 08:32:20.102174
2,2025-01-20 18:39:06,2025-01-20 18:46:07,N,1.0,65,97,1.0,1.0,8.6,2.5,0.5,2.52,0.0,,1.0,15.12,1.0,1.0,0.0,0.0,1,2025-11-01 08:32:20.102174
1,2025-01-20 18:21:39,2025-01-20 18:36:05,N,1.0,82,260,1.0,2.4,14.2,2.5,1.5,0.0,0.0,,1.0,18.2,2.0,1.0,0.0,0.0,1,2025-11-01 08:32:20.102174
1,2025-01-20 18:43:56,2025-01-20 18:52:51,N,1.0,129,260,1.0,1.1,8.6,2.5,1.5,0.0,0.0,,1.0,12.6,2.0,1.0,0.0,0.0,1,2025-11-01 08:32:20.102174
2,2025-01-20 18:32:12,2025-01-20 18:41:15,N,1.0,82,138,1.0,3.68,17.0,7.5,0.5,7.8,0.0,,1.0,33.8,1.0,1.0,0.0,0.0,1,2025-11-01 08:32:20.102174
2,2025-01-20 18:52:27,2025-01-20 19:11:06,N,1.0,65,225,1.0,2.77,17.7,2.5,0.5,4.34,0.0,,1.0,26.04,1.0,1.0,0.0,0.0,1,2025-11-01 08:32:20.102174
1,2025-01-20 18:13:37,2025-01-20 18:20:52,N,1.0,97,97,0.0,1.2,8.6,2.5,1.5,2.5,0.0,,1.0,15.1,1.0,1.0,0.0,0.0,1,2025-11-01 08:32:20.102174
2,2025-01-20 18:03:54,2025-01-20 18:17:41,N,1.0,74,238,1.0,2.56,15.6,2.5,0.5,4.47,0.0,,1.0,26.82,1.0,1.0,2.75,0.0,1,2025-11-01 08:32:20.102174
2,2025-01-20 18:32:58,2025-01-20 18:43:50,N,1.0,74,236,1.0,1.87,12.8,2.5,0.5,4.89,0.0,,1.0,24.44,1.0,1.0,2.75,0.0,1,2025-11-01 08:32:20.102174
2,2025-01-20 18:31:20,2025-01-20 18:50:20,N,1.0,74,239,1.0,3.53,20.5,2.5,0.5,3.0,0.0,,1.0,30.25,1.0,1.0,2.75,0.0,1,2025-11-01 08:32:20.102174
2,2025-01-20 18:23:21,2025-01-20 18:29:16,N,1.0,74,75,1.0,0.95,7.9,2.5,0.5,0.0,0.0,,1.0,11.9,2.0,1.0,0.0,0.0,1,2025-11-01 08:32:20.102174
2,2025-01-20 18:46:06,2025-01-20 18:57:48,N,1.0,74,238,1.0,2.65,14.9,2.5,0.5,0.0,0.0,,1.0,21.65,2.0,1.0,2.75,0.0,1,2025-11-01 08:32:20.102174
2,2025-01-20 18:45:04,2025-01-20 19:03:17,N,1.0,65,188,1.0,3.13,19.8,0.0,0.5,6.39,0.0,,1.0,27.69,1.0,1.0,0.0,0.0,1,2025-11-01 08:32:20.102174
2,2025-01-20 18:01:30,2025-01-20 18:12:23,N,1.0,74,263,1.0,1.94,12.8,0.0,0.5,2.56,0.0,,1.0,19.61,1.0,1.0,2.75,0.0,1,2025-11-01 08:32:20.102174
2,2025-01-20 18:23:39,2025-01-20 18:34:11,N,1.0,74,263,1.0,2.3,12.8,2.5,0.5,0.98,0.0,,1.0,20.53,1.0,1.0,2.75,0.0,1,2025-11-01 08:32:20.102174
2,2025-01-20 18:55:27,2025-01-20 19:11:10,N,1.0,74,236,1.0,2.52,16.3,2.5,0.5,4.61,0.0,,1.0,27.66,1.0,1.0,2.75,0.0,1,2025-11-01 08:32:20.102174
2,2025-01-20 18:03:52,2025-01-20 18:22:52,N,1.0,74,238,1.0,4.18,22.6,0.0,0.5,5.37,0.0,,1.0,32.22,1.0,1.0,2.75,0.0,1,2025-11-01 08:32:20.102174
2,2025-01-20 18:34:30,2025-01-20 18:42:21,N,1.0,75,151,1.0,1.43,10.0,0.0,0.5,0.0,0.0,,1.0,11.5,2.0,1.0,0.0,0.0,1,2025-11-01 08:32:20.102174
2,2025-01-20 10:31:03,2025-01-20 10:44:25,N,1.0,74,24,1.0,2.07,14.2,0.0,0.5,3.14,0.0,,1.0,18.84,1.0,1.0,0.0,0.0,1,2025-11-01 08:32:20.102174
2,2025-01-20 18:00:19,2025-01-20 18:02:16,N,1.0,41,41,1.0,0.41,4.4,2.5,0.5,0.0,0.0,,1.0,8.4,2.0,1.0,0.0,0.0,1,2025-11-01 08:32:20.102174
2,2025-01-20 18:33:43,2025-01-20 18:47:06,N,1.0,75,244,1.0,4.59,21.9,2.5,0.5,0.0,0.0,,1.0,25.9,2.0,1.0,0.0,0.0,1,2025-11-01 08:32:20.102174
2,2025-01-20 17:59:26,2025-01-20 18:05:31,N,1.0,7,7,5.0,0.82,7.2,0.0,0.5,2.61,0.0,,1.0,11.31,1.0,1.0,0.0,0.0,1,2025-11-01 08:32:20.102174
2,2025-01-20 18:01:08,2025-01-20 18:17:24,N,1.0,74,238,1.0,2.67,17.0,2.5,0.5,2.22,0.0,,1.0,25.97,1.0,1.0,2.75,0.0,1,2025-11-01 08:32:20.102174
2,2025-01-20 18:23:28,2025-01-20 18:30:59,N,1.0,75,43,1.0,1.08,9.3,2.5,0.5,3.21,0.0,,1.0,19.26,1.0,1.0,2.75,0.0,1,2025-11-01 08:32:20.102174
2,2025-01-20 18:55:26,2025-01-20 19:09:47,N,1.0,74,116,1.0,2.24,14.9,2.5,0.5,3.78,0.0,,1.0,22.68,1.0,1.0,0.0,0.0,1,2025-11-01 08:32:20.102174
2,2025-01-20 18:25:17,2025-01-20 18:34:00,N,1.0,74,75,1.0,1.73,10.7,0.0,0.5,2.0,0.0,,1.0,14.2,1.0,1.0,0.0,0.0,1,2025-11-01 08:32:20.102174
2,2025-01-20 18:07:47,2025-01-20 18:20:50,N,1.0,74,244,1.0,4.22,19.8,0.0,0.5,2.0,0.0,,1.0,23.3,1.0,1.0,0.0,0.0,1,2025-11-01 08:32:20.102174
2,2025-01-20 18:28:17,2025-01-20 18:42:55,N,1.0,74,262,1.0,2.84,16.3,0.0,0.5,0.0,0.0,,1.0,20.55,2.0,1.0,2.75,0.0,1,2025-11-01 08:32:20.102174
2,2025-01-20 18:56:13,2025-01-20 19:05:55,N,1.0,74,263,1.0,1.89,11.4,0.0,0.5,3.13,0.0,,1.0,18.78,1.0,1.0,2.75,0.0,1,2025-11-01 08:32:20.102174
2,2025-01-20 18:25:00,2025-01-20 18:34:56,N,1.0,134,134,1.0,0.65,9.3,0.0,0.5,0.0,0.0,,1.0,10.8,2.0,1.0,0.0,0.0,1,2025-11-01 08:32:20.102174
2,2025-01-20 18:56:02,2025-01-20 19:11:01,N,1.0,74,238,1.0,2.77,16.3,2.5,0.5,4.61,0.0,,1.0,27.66,1.0,1.0,2.75,0.0,1,2025-11-01 08:32:20.102174
2,2025-01-20 18:30:23,2025-01-20 18:39:12,N,1.0,74,75,1.0,1.52,10.7,2.5,0.5,2.94,0.0,,1.0,17.64,1.0,1.0,0.0,0.0,1,2025-11-01 08:32:20.102174
1,2025-01-20 18:41:22,2025-01-20 18:58:47,N,1.0,41,238,1.0,0.0,14.9,2.75,1.5,4.75,0.0,,1.0,23.9,1.0,1.0,2.75,0.0,1,2025-11-01 08:32:20.102174
2,2025-01-20 18:37:49,2025-01-20 18:47:38,N,1.0,95,134,1.0,1.59,10.7,2.5,0.5,2.94,0.0,,1.0,17.64,1.0,1.0,0.0,0.0,1,2025-11-01 08:32:20.102174
2,2025-01-20 18:56:42,2025-01-20 20:00:45,N,1.0,95,82,1.0,4.1,52.7,2.5,0.5,0.0,0.0,,1.0,56.7,2.0,1.0,0.0,0.0,1,2025-11-01 08:32:20.102174
2,2025-01-20 18:00:14,2025-01-20 18:04:48,N,1.0,33,52,1.0,0.69,6.5,0.0,0.5,1.6,0.0,,1.0,9.6,1.0,1.0,0.0,0.0,1,2025-11-01 08:32:20.102174
2,2025-01-20 18:14:56,2025-01-20 18:22:37,N,1.0,74,75,1.0,1.18,9.3,2.5,0.5,1.0,0.0,,1.0,14.3,1.0,1.0,0.0,0.0,1,2025-11-01 08:32:20.102174
2,2025-01-20 18:40:00,2025-01-20 18:52:40,N,1.0,74,263,1.0,2.61,14.9,2.5,0.5,2.16,0.0,,1.0,23.81,1.0,1.0,2.75,0.0,1,2025-11-01 08:32:20.102174
2,2025-01-20 18:34:40,2025-01-20 18:42:53,N,1.0,95,134,1.0,1.39,10.0,2.5,0.5,0.0,0.0,,1.0,14.0,2.0,1.0,0.0,0.0,1,2025-11-01 08:32:20.102174
2,2025-01-20 18:25:55,2025-01-20 18:32:57,N,1.0,74,75,1.0,1.39,9.3,0.0,0.5,1.0,0.0,,1.0,11.8,1.0,1.0,0.0,0.0,1,2025-11-01 08:32:20.102174
2,2025-01-20 18:58:14,2025-01-20 19:11:10,N,1.0,74,243,1.0,4.76,21.9,0.0,0.5,4.68,0.0,,1.0,28.08,1.0,1.0,0.0,0.0,1,2025-11-01 08:32:20.102174
2,2025-01-20 18:18:12,2025-01-20 18:30:28,N,1.0,92,171,1.0,2.13,12.8,2.5,0.5,2.2,0.0,,1.0,19.0,1.0,1.0,0.0,0.0,1,2025-11-01 08:32:20.102174
2,2025-01-20 19:39:12,2025-01-20 19:47:22,N,1.0,65,49,1.0,1.02,9.3,0.0,0.5,2.16,0.0,,1.0,12.96,1.0,1.0,0.0,0.0,1,2025-11-01 08:32:20.102174
2,2025-01-20 19:11:44,2025-01-20 19:26:38,N,1.0,260,255,2.0,4.86,24.0,2.5,0.5,5.6,0.0,,1.0,33.6,1.0,1.0,0.0,0.0,1,2025-11-01 08:32:20.102174
2,2025-01-20 19:42:24,2025-01-20 19:52:39,N,1.0,75,141,1.0,2.24,12.8,0.0,0.5,3.41,0.0,,1.0,20.46,1.0,1.0,2.75,0.0,1,2025-11-01 08:32:20.102174
2,2025-01-20 19:01:44,2025-01-20 19:14:06,N,1.0,74,116,1.0,2.28,13.5,0.0,0.5,3.0,0.0,,1.0,18.0,1.0,1.0,0.0,0.0,1,2025-11-01 08:32:20.102174
2,2025-01-20 19:56:42,2025-01-20 20:09:27,N,1.0,260,7,1.0,2.03,12.8,0.0,0.5,2.86,0.0,,1.0,17.16,1.0,1.0,0.0,0.0,1,2025-11-01 08:32:20.102174
2,2025-01-20 19:01:02,2025-01-20 19:07:59,N,1.0,223,7,1.0,0.98,7.9,2.5,0.5,2.38,0.0,,1.0,14.28,1.0,1.0,0.0,0.0,1,2025-11-01 08:32:20.102174
2,2025-01-20 19:28:25,2025-01-20 19:36:51,N,1.0,74,263,1.0,1.71,10.0,0.0,0.5,2.85,0.0,,1.0,17.1,1.0,1.0,2.75,0.0,1,2025-11-01 08:32:20.102174
2,2025-01-20 19:45:38,2025-01-20 19:50:36,N,1.0,75,74,1.0,1.18,7.2,0.0,0.5,1.74,0.0,,1.0,10.44,1.0,1.0,0.0,0.0,1,2025-11-01 08:32:20.102174
2,2025-01-20 18:57:20,2025-01-20 19:12:43,N,1.0,74,263,1.0,2.42,15.6,2.5,0.5,4.47,0.0,,1.0,26.82,1.0,1.0,2.75,0.0,1,2025-11-01 08:32:20.102174
2,2025-01-20 19:02:01,2025-01-20 19:06:09,N,1.0,116,116,1.0,0.42,5.8,2.5,0.5,0.0,0.0,,1.0,9.8,2.0,1.0,0.0,0.0,1,2025-11-01 08:32:20.102174
1,2025-01-20 19:29:15,2025-01-20 19:42:17,N,1.0,74,238,2.0,2.8,15.6,2.75,1.5,3.95,0.0,,1.0,23.8,1.0,1.0,2.75,0.0,1,2025-11-01 08:32:20.102174
1,2025-01-20 19:18:40,2025-01-20 19:44:35,N,1.0,56,249,1.0,0.0,33.5,0.0,1.5,0.0,6.94,,1.0,41.94,1.0,1.0,0.0,0.0,1,2025-11-01 08:32:20.102174
2,2025-01-20 17:44:27,2025-01-20 17:51:17,N,1.0,236,151,1.0,1.24,9.3,2.5,0.5,2.66,0.0,,1.0,15.96,1.0,1.0,0.0,0.0,1,2025-11-01 08:32:20.102174
2,2025-01-20 19:34:14,2025-01-20 19:47:09,N,1.0,74,263,2.0,2.61,14.9,2.5,0.5,4.33,0.0,,1.0,25.98,1.0,1.0,2.75,0.0,1,2025-11-01 08:32:20.102174
1,2025-01-20 19:43:36,2025-01-20 19:47:06,N,1.0,74,74,1.0,0.7,5.8,0.0,1.5,0.0,0.0,,1.0,7.3,2.0,1.0,0.0,0.0,1,2025-11-01 08:32:20.102174
1,2025-01-20 19:56:31,2025-01-20 20:00:53,N,1.0,74,42,1.0,0.9,7.2,1.0,1.5,0.0,0.0,,1.0,9.7,2.0,1.0,0.0,0.0,1,2025-11-01 08:32:20.102174
2,2025-01-20 19:54:44,2025-01-20 20:07:15,N,1.0,97,231,2.0,2.91,16.3,2.5,0.5,4.76,0.0,,1.0,28.56,1.0,1.0,2.75,0.75,1,2025-11-01 08:32:20.102174
2,2025-01-20 19:19:00,2025-01-20 19:34:21,N,1.0,43,142,1.0,2.83,16.3,0.0,0.5,4.11,0.0,,1.0,24.66,1.0,1.0,2.75,0.0,1,2025-11-01 08:32:20.102174
2,2025-01-20 19:55:31,2025-01-20 19:59:36,N,1.0,43,238,1.0,0.97,7.2,0.0,0.5,2.29,0.0,,1.0,13.74,1.0,1.0,2.75,0.0,1,2025-11-01 08:32:20.102174
1,2025-01-20 19:14:43,2025-01-20 19:24:46,N,1.0,65,181,1.0,2.1,12.1,0.0,1.5,0.0,0.0,,1.0,13.6,2.0,1.0,0.0,0.0,1,2025-11-01 08:32:20.102174
2,2025-01-20 19:03:10,2025-01-20 19:08:10,N,1.0,134,28,1.0,0.97,7.2,0.0,0.5,2.61,0.0,,1.0,11.31,1.0,1.0,0.0,0.0,1,2025-11-01 08:32:20.102174
2,2025-01-20 19:37:46,2025-01-20 19:52:17,N,1.0,95,98,1.0,4.05,19.8,0.0,0.5,0.0,0.0,,1.0,21.3,2.0,1.0,0.0,0.0,1,2025-11-01 08:32:20.102174
2,2025-01-20 19:26:02,2025-01-20 19:31:12,N,1.0,74,42,1.0,0.91,7.2,2.5,0.5,0.0,0.0,,1.0,11.2,2.0,1.0,0.0,0.0,1,2025-11-01 08:32:20.102174
1,2025-01-20 19:59:24,2025-01-20 20:10:35,N,1.0,65,189,1.0,0.0,10.7,2.5,1.5,2.9,0.0,,1.0,17.6,1.0,1.0,0.0,0.0,1,2025-11-01 08:32:20.102174
2,2025-01-20 19:29:36,2025-01-20 19:35:25,N,1.0,95,95,1.0,0.79,7.2,2.5,0.5,2.24,0.0,,1.0,13.44,1.0,1.0,0.0,0.0,1,2025-11-01 08:32:20.102174
2,2025-01-20 19:28:28,2025-01-20 19:34:53,N,1.0,74,42,1.0,1.02,7.9,0.0,0.5,4.0,0.0,,1.0,13.4,1.0,1.0,0.0,0.0,1,2025-11-01 08:32:20.102174
2,2025-01-20 19:37:45,2025-01-20 19:49:47,N,1.0,95,131,1.0,3.73,17.7,2.5,0.5,0.0,0.0,,1.0,21.7,2.0,1.0,0.0,0.0,1,2025-11-01 08:32:20.102174
1,2025-01-20 19:50:07,2025-01-20 19:59:19,N,1.0,41,236,1.0,2.1,11.4,5.25,1.5,0.0,0.0,,1.0,18.15,2.0,1.0,2.75,0.0,1,2025-11-01 08:32:20.102174
2,2025-01-20 19:13:53,2025-01-20 19:17:27,N,1.0,75,151,1.0,0.78,6.5,0.0,0.5,1.2,0.0,,1.0,9.2,1.0,1.0,0.0,0.0,1,2025-11-01 08:32:20.102174
2,2025-01-20 19:00:11,2025-01-20 19:07:11,N,1.0,75,41,1.0,1.33,9.3,2.5,0.5,2.66,0.0,,1.0,15.96,1.0,1.0,0.0,0.0,1,2025-11-01 08:32:20.102174
2,2025-01-20 19:36:45,2025-01-20 19:44:44,N,1.0,74,42,1.0,1.43,10.0,2.5,0.5,2.8,0.0,,1.0,16.8,1.0,1.0,0.0,0.0,1,2025-11-01 08:32:20.102174
2,2025-01-20 19:26:23,2025-01-20 19:34:53,N,1.0,74,262,1.0,2.4,12.8,0.0,0.5,3.41,0.0,,1.0,20.46,1.0,1.0,2.75,0.0,1,2025-11-01 08:32:20.102174
2,2025-01-20 19:24:23,2025-01-20 19:32:51,N,1.0,74,236,1.0,1.87,10.7,2.5,0.5,1.74,0.0,,1.0,19.19,1.0,1.0,2.75,0.0,1,2025-11-01 08:32:20.102174
1,2025-01-20 19:01:38,2025-01-20 19:10:50,N,1.0,74,166,1.0,1.4,10.7,2.5,1.5,1.5,0.0,,1.0,16.2,1.0,1.0,0.0,0.0,1,2025-11-01 08:32:20.102174
2,2025-01-20 19:21:22,2025-01-20 19:31:28,N,1.0,95,95,1.0,2.07,11.4,2.5,0.5,4.62,0.0,,1.0,20.02,1.0,1.0,0.0,0.0,1,2025-11-01 08:32:20.102174
2,2025-01-20 19:28:16,2025-01-20 19:38:18,N,1.0,74,166,1.0,2.0,12.1,2.5,0.5,3.22,0.0,,1.0,19.32,1.0,1.0,0.0,0.0,1,2025-11-01 08:32:20.102174
2,2025-01-20 19:42:55,2025-01-20 19:59:37,N,1.0,65,188,1.0,2.86,17.7,2.5,0.5,5.42,0.0,,1.0,27.12,1.0,1.0,0.0,0.0,1,2025-11-01 08:32:20.102174
2,2025-01-20 20:00:10,2025-01-20 20:29:22,N,1.0,97,7,1.0,7.59,36.6,2.5,0.5,8.12,0.0,,1.0,48.72,1.0,1.0,0.0,0.0,1,2025-11-01 08:32:20.102174
2,2025-01-20 19:47:08,2025-01-20 20:04:25,N,1.0,65,87,1.0,3.48,19.1,2.5,0.5,5.32,0.0,,1.0,31.92,1.0,1.0,2.75,0.75,1,2025-11-01 08:32:20.102174
2,2025-01-20 19:17:19,2025-01-20 19:30:48,N,1.0,82,138,1.0,5.88,25.4,7.5,0.5,0.0,0.0,,1.0,34.4,1.0,1.0,0.0,0.0,1,2025-11-01 08:32:20.102174
2,2025-01-20 18:58:01,2025-01-20 19:06:37,N,1.0,74,236,1.0,2.03,11.4,2.5,0.5,3.63,0.0,,1.0,21.78,1.0,1.0,2.75,0.0,1,2025-11-01 08:32:20.102174
2,2025-01-20 19:24:48,2025-01-20 19:29:44,N,1.0,25,54,1.0,0.92,7.2,2.5,0.5,2.24,0.0,,1.0,13.44,1.0,1.0,0.0,0.0,1,2025-11-01 08:32:20.102174
2,2025-01-20 19:27:54,2025-01-20 19:36:10,N,1.0,74,236,1.0,1.9,10.7,2.5,0.5,3.49,0.0,,1.0,20.94,1.0,1.0,2.75,0.0,1,2025-11-01 08:32:20.102174
2,2025-01-20 19:26:41,2025-01-20 19:37:48,N,1.0,74,24,5.0,2.05,12.8,2.5,0.5,4.2,0.0,,1.0,21.0,1.0,1.0,0.0,0.0,1,2025-11-01 08:32:20.102174
2,2025-01-20 19:13:19,2025-01-20 19:25:18,N,1.0,97,189,1.0,1.69,12.8,2.5,0.5,0.0,0.0,,1.0,16.8,2.0,1.0,0.0,0.0,1,2025-11-01 08:32:20.102174
2,2025-01-20 19:22:19,2025-01-20 19:26:50,N,1.0,75,236,1.0,0.7,6.5,0.0,0.5,2.15,0.0,,1.0,12.9,1.0,1.0,2.75,0.0,1,2025-11-01 08:32:20.102174
2,2025-01-20 19:51:12,2025-01-20 19:57:17,N,1.0,74,236,1.0,1.47,8.6,2.5,0.5,3.15,0.0,,1.0,15.75,1.0,1.0,0.0,0.0,1,2025-11-01 08:32:20.102174
2,2025-01-20 19:27:57,2025-01-20 19:33:01,N,1.0,74,41,1.0,1.14,7.9,2.5,0.5,0.01,0.0,,1.0,11.91,1.0,1.0,0.0,0.0,1,2025-11-01 08:32:20.102174
2,2025-01-20 19:29:45,2025-01-20 19:40:32,N,1.0,74,75,1.0,1.69,12.1,0.0,0.5,3.4,0.0,,1.0,17.0,1.0,1.0,0.0,0.0,1,2025-11-01 08:32:20.102174
2,2025-01-20 11:03:10,2025-01-20 11:10:21,N,1.0,74,41,1.0,0.92,8.6,0.0,0.5,1.0,0.0,,1.0,11.1,1.0,1.0,0.0,0.0,1,2025-11-01 08:32:20.102174
2,2025-01-20 19:54:54,2025-01-20 20:03:20,N,1.0,74,166,1.0,1.58,10.0,2.5,0.5,0.0,0.0,,1.0,14.0,2.0,1.0,0.0,0.0,1,2025-11-01 08:32:20.102174
2,2025-01-20 19:36:06,2025-01-20 19:59:45,N,1.0,74,239,1.0,3.38,22.6,2.5,0.5,5.87,0.0,,1.0,35.22,1.0,1.0,2.75,0.0,1,2025-11-01 08:32:20.102174
2,2025-01-20 19:46:35,2025-01-20 20:13:17,N,5.0,129,166,1.0,7.54,54.0,0.0,0.0,5.0,0.0,,1.0,60.0,1.0,2.0,0.0,0.0,1,2025-11-01 08:32:20.102174
2,2025-01-20 18:56:54,2025-01-20 19:04:51,N,1.0,74,43,1.0,1.49,10.0,0.0,0.5,2.0,0.0,,1.0,13.5,1.0,1.0,0.0,0.0,1,2025-11-01 08:32:20.102174
2,2025-01-20 19:55:03,2025-01-20 20:07:08,N,1.0,74,263,1.0,2.28,13.5,0.0,0.5,3.55,0.0,,1.0,21.3,1.0,1.0,2.75,0.0,1,2025-11-01 08:32:20.102174
2,2025-01-20 19:39:40,2025-01-20 19:41:58,N,1.0,75,236,1.0,0.68,5.1,0.0,0.5,1.87,0.0,,1.0,11.22,1.0,1.0,2.75,0.0,1,2025-11-01 08:32:20.102174
2,2025-01-20 19:23:28,2025-01-20 19:32:08,N,1.0,95,95,1.0,1.64,10.0,2.5,0.5,2.8,0.0,,1.0,16.8,1.0,1.0,0.0,0.0,1,2025-11-01 08:32:20.102174
2,2025-01-20 19:17:34,2025-01-20 19:31:42,N,1.0,74,238,1.0,3.14,16.3,2.5,0.5,4.61,0.0,,1.0,27.66,1.0,1.0,2.75,0.0,1,2025-11-01 08:32:20.102174
2,2025-01-20 19:33:14,2025-01-20 19:37:12,N,1.0,74,41,1.0,0.99,6.5,2.5,0.5,3.15,0.0,,1.0,13.65,1.0,1.0,0.0,0.0,1,2025-11-01 08:32:20.102174
2,2025-01-20 18:56:49,2025-01-20 19:10:00,N,1.0,95,196,1.0,2.05,14.9,2.5,0.5,0.0,0.0,,1.0,18.9,2.0,1.0,0.0,0.0,1,2025-11-01 08:32:20.102174
2,2025-01-20 20:06:38,2025-01-20 20:35:30,N,1.0,265,82,1.0,16.44,61.8,1.0,0.5,0.0,6.94,,1.0,71.24,2.0,1.0,0.0,0.0,1,2025-11-01 08:32:20.102174
2,2025-01-20 20:07:54,2025-01-20 20:17:48,N,1.0,75,166,1.0,2.13,12.1,1.0,0.5,0.0,0.0,,1.0,14.6,2.0,1.0,0.0,0.0,1,2025-11-01 08:32:20.102174
2,2025-01-20 20:37:03,2025-01-20 20:51:41,N,1.0,74,151,1.0,2.43,15.6,1.0,0.5,3.62,0.0,,1.0,21.72,1.0,1.0,0.0,0.0,1,2025-11-01 08:32:20.102174
1,2025-01-20 20:06:04,2025-01-20 20:19:24,N,1.0,65,106,2.0,2.0,14.9,1.0,1.5,3.45,0.0,,1.0,20.85,1.0,1.0,0.0,0.0,1,2025-11-01 08:32:20.102174
2,2025-01-20 20:29:52,2025-01-20 20:37:08,N,1.0,75,263,2.0,1.04,8.6,1.0,0.5,4.16,0.0,,1.0,18.01,1.0,1.0,2.75,0.0,1,2025-11-01 08:32:20.102174
2,2025-01-20 20:40:41,2025-01-20 21:06:27,N,1.0,75,125,1.0,7.72,36.6,1.0,0.5,8.52,0.0,,1.0,51.12,1.0,1.0,2.75,0.75,1,2025-11-01 08:32:20.102174
2,2025-01-20 20:32:36,2025-01-20 20:41:27,N,1.0,74,75,1.0,1.64,10.7,1.0,0.5,2.0,0.0,,1.0,15.2,1.0,1.0,0.0,0.0,1,2025-11-01 08:32:20.102174
2,2025-01-20 20:37:36,2025-01-20 20:57:02,N,1.0,130,7,1.0,10.08,39.4,1.0,0.5,8.38,0.0,,1.0,50.28,1.0,1.0,0.0,0.0,1,2025-11-01 08:32:20.102174
2,2025-01-20 20:31:29,2025-01-20 20:43:15,N,1.0,95,102,1.0,2.46,13.5,1.0,0.5,4.0,0.0,,1.0,20.0,1.0,1.0,0.0,0.0,1,2025-11-01 08:32:20.102174
2,2025-01-20 20:10:09,2025-01-20 20:18:31,N,1.0,152,238,2.0,1.75,11.4,1.0,0.5,0.0,0.0,,1.0,13.9,2.0,1.0,0.0,0.0,1,2025-11-01 08:32:20.102174
2,2025-01-20 20:49:26,2025-01-20 20:59:59,N,1.0,166,236,2.0,2.7,14.2,1.0,0.5,4.86,0.0,,1.0,24.31,1.0,1.0,2.75,0.0,1,2025-11-01 08:32:20.102174
2,2025-01-20 20:20:19,2025-01-20 20:26:24,N,1.0,65,33,1.0,0.91,7.2,1.0,0.5,1.94,0.0,,1.0,11.64,1.0,1.0,0.0,0.0,1,2025-11-01 08:32:20.102174
2,2025-01-20 20:22:50,2025-01-20 20:34:59,N,1.0,75,141,1.0,2.2,14.2,1.0,0.5,2.0,0.0,,1.0,21.45,1.0,1.0,2.75,0.0,1,2025-11-01 08:32:20.102174
2,2025-01-20 20:44:52,2025-01-20 20:54:47,N,1.0,95,135,1.0,1.57,11.4,1.0,0.5,0.0,0.0,,1.0,13.9,2.0,1.0,0.0,0.0,1,2025-11-01 08:32:20.102174
2,2025-01-20 20:09:09,2025-01-20 20:18:35,N,1.0,92,73,1.0,1.09,10.0,1.0,0.5,0.0,0.0,,1.0,12.5,1.0,1.0,0.0,0.0,1,2025-11-01 08:32:20.102174
2,2025-01-20 20:16:47,2025-01-20 20:37:29,N,1.0,74,18,1.0,6.21,29.6,1.0,0.5,0.0,0.0,,1.0,32.1,2.0,1.0,0.0,0.0,1,2025-11-01 08:32:20.102174
2,2025-01-20 20:10:07,2025-01-20 20:35:44,N,1.0,65,236,2.0,8.42,35.9,1.0,0.5,6.28,0.0,,1.0,48.18,1.0,1.0,2.75,0.75,1,2025-11-01 08:32:20.102174
2,2025-01-20 20:08:35,2025-01-20 20:17:35,N,1.0,42,152,1.0,1.33,10.0,1.0,0.5,1.88,0.0,,1.0,14.38,1.0,1.0,0.0,0.0,1,2025-11-01 08:32:20.102174
2,2025-01-20 20:30:35,2025-01-20 20:40:34,N,1.0,74,236,1.0,1.64,11.4,1.0,0.5,0.0,0.0,,1.0,13.9,2.0,1.0,0.0,0.0,1,2025-11-01 08:32:20.102174
2,2025-01-20 20:25:17,2025-01-20 20:48:23,N,1.0,129,186,1.0,6.5,30.3,1.0,0.5,0.0,6.94,,1.0,43.24,2.0,1.0,2.75,0.75,1,2025-11-01 08:32:20.102174
2,2025-01-20 20:02:12,2025-01-20 20:13:36,N,1.0,43,161,1.0,2.82,14.9,1.0,0.5,4.18,0.0,,1.0,25.08,1.0,1.0,2.75,0.75,1,2025-11-01 08:32:20.102174
2,2025-01-20 20:35:26,2025-01-20 20:41:50,N,1.0,75,236,1.0,1.17,8.6,1.0,0.5,2.77,0.0,,1.0,16.62,1.0,1.0,2.75,0.0,1,2025-11-01 08:32:20.102174
2,2025-01-20 20:27:25,2025-01-20 20:47:44,N,1.0,74,244,1.0,3.36,20.5,1.0,0.5,5.75,0.0,,1.0,28.75,1.0,1.0,0.0,0.0,1,2025-11-01 08:32:20.102174
2,2025-01-20 20:39:16,2025-01-20 20:53:36,N,1.0,145,260,1.0,2.37,15.6,1.0,0.5,3.62,0.0,,1.0,21.72,1.0,1.0,0.0,0.0,1,2025-11-01 08:32:20.102174
2,2025-01-20 20:25:44,2025-01-20 20:30:40,N,1.0,166,166,1.0,0.91,7.2,1.0,0.5,1.0,0.0,,1.0,10.7,1.0,1.0,0.0,0.0,1,2025-11-01 08:32:20.102174
2,2025-01-20 20:10:16,2025-01-20 20:17:53,N,1.0,41,116,1.0,1.71,10.0,1.0,0.5,3.75,0.0,,1.0,16.25,1.0,1.0,0.0,0.0,1,2025-11-01 08:32:20.102174
2,2025-01-20 20:36:33,2025-01-20 20:48:24,N,1.0,74,24,1.0,2.1,13.5,1.0,0.5,3.2,0.0,,1.0,19.2,1.0,1.0,0.0,0.0,1,2025-11-01 08:32:20.102174
2,2025-01-20 20:32:23,2025-01-20 20:40:16,N,1.0,74,75,1.0,1.34,9.3,1.0,0.5,0.0,0.0,,1.0,11.8,2.0,1.0,0.0,0.0,1,2025-11-01 08:32:20.102174
1,2025-01-20 20:35:33,2025-01-20 20:44:42,N,1.0,74,263,2.0,2.0,11.4,3.75,1.5,3.3,0.0,,1.0,19.95,1.0,1.0,2.75,0.0,1,2025-11-01 08:32:20.102174
2,2025-01-20 20:37:37,2025-01-20 20:46:41,N,1.0,74,263,6.0,2.33,12.1,1.0,0.5,3.47,0.0,,1.0,20.82,1.0,1.0,2.75,0.0,1,2025-11-01 08:32:20.102174
2,2025-01-20 20:23:55,2025-01-20 20:23:59,N,5.0,179,179,1.0,0.26,12.0,0.0,0.0,0.0,0.0,,1.0,13.0,1.0,2.0,0.0,0.0,1,2025-11-01 08:32:20.102174
2,2025-01-20 20:17:20,2025-01-20 20:20:33,N,1.0,43,236,1.0,0.68,5.1,1.0,0.5,2.07,0.0,,1.0,12.42,1.0,1.0,2.75,0.0,1,2025-11-01 08:32:20.102174
1,2025-01-20 20:21:16,2025-01-20 20:29:32,N,1.0,82,82,1.0,1.0,7.9,1.0,1.5,0.0,0.0,,1.0,10.4,2.0,1.0,0.0,0.0,1,2025-11-01 08:32:20.102174
2,2025-01-20 20:47:50,2025-01-20 21:03:30,N,1.0,97,228,1.0,2.3,17.0,1.0,0.5,4.88,0.0,,1.0,24.38,1.0,1.0,0.0,0.0,1,2025-11-01 08:32:20.102174
2,2025-01-20 19:57:26,2025-01-20 20:19:02,N,1.0,74,143,1.0,4.21,24.0,1.0,0.5,4.0,0.0,,1.0,33.25,1.0,1.0,2.75,0.0,1,2025-11-01 08:32:20.102174
2,2025-01-20 20:33:33,2025-01-20 20:53:17,N,1.0,74,142,5.0,4.07,22.6,1.0,0.5,6.96,0.0,,1.0,34.81,1.0,1.0,2.75,0.0,1,2025-11-01 08:32:20.102174
2,2025-01-20 20:32:20,2025-01-20 20:48:20,N,1.0,74,238,1.0,2.89,17.0,1.0,0.5,1.5,0.0,,1.0,23.75,1.0,1.0,2.75,0.0,1,2025-11-01 08:32:20.102174
2,2025-01-20 20:30:08,2025-01-20 20:41:01,N,1.0,97,65,1.0,2.49,14.9,1.0,0.5,4.35,0.0,,1.0,21.75,1.0,1.0,0.0,0.0,1,2025-11-01 08:32:20.102174
2,2025-01-20 20:30:15,2025-01-20 20:45:28,N,1.0,74,238,1.0,3.34,19.1,1.0,0.5,4.87,0.0,,1.0,29.22,1.0,1.0,2.75,0.0,1,2025-11-01 08:32:20.102174
2,2025-01-20 20:55:12,2025-01-20 21:10:49,N,1.0,97,66,1.0,1.65,14.2,1.0,0.5,2.5,0.0,,1.0,19.2,1.0,1.0,0.0,0.0,1,2025-11-01 08:32:20.102174
2,2025-01-20 20:35:36,2025-01-20 20:44:34,N,1.0,74,42,1.0,1.68,11.4,1.0,0.5,2.78,0.0,,1.0,16.68,1.0,1.0,0.0,0.0,1,2025-11-01 08:32:20.102174
2,2025-01-20 20:31:15,2025-01-20 20:42:54,N,1.0,74,236,1.0,2.12,13.5,1.0,0.5,3.75,0.0,,1.0,22.5,1.0,1.0,2.75,0.0,1,2025-11-01 08:32:20.102174
2,2025-01-20 19:59:38,2025-01-20 20:03:16,N,1.0,130,215,1.0,0.88,6.5,1.0,0.5,1.8,0.0,,1.0,10.8,1.0,1.0,0.0,0.0,1,2025-11-01 08:32:20.102174
2,2025-01-20 20:20:38,2025-01-20 20:50:53,N,1.0,130,49,1.0,16.38,63.2,1.0,0.5,13.14,0.0,,1.0,78.84,1.0,1.0,0.0,0.0,1,2025-11-01 08:32:20.102174
2,2025-01-20 20:10:54,2025-01-20 20:18:36,N,1.0,41,168,1.0,2.01,11.4,1.0,0.5,2.78,0.0,,1.0,16.68,1.0,1.0,0.0,0.0,1,2025-11-01 08:32:20.102174
2,2025-01-20 20:27:57,2025-01-20 20:32:23,N,1.0,74,43,1.0,1.38,7.9,1.0,0.5,2.08,0.0,,1.0,12.48,1.0,1.0,0.0,0.0,1,2025-11-01 08:32:20.102174
2,2025-01-20 20:34:32,2025-01-20 20:38:12,N,1.0,260,260,1.0,0.49,5.8,1.0,0.5,1.66,0.0,,1.0,9.96,1.0,1.0,0.0,0.0,1,2025-11-01 08:32:20.102174
2,2025-01-20 20:31:13,2025-01-20 20:47:02,N,1.0,74,239,1.0,3.05,17.7,1.0,0.5,3.44,0.0,,1.0,26.39,1.0,1.0,2.75,0.0,1,2025-11-01 08:32:20.102174
2,2025-01-20 20:20:42,2025-01-20 20:26:01,N,5.0,130,130,1.0,1.14,12.0,0.0,0.0,0.0,0.0,,1.0,13.0,1.0,2.0,0.0,0.0,1,2025-11-01 08:32:20.102174
2,2025-01-20 20:38:39,2025-01-20 20:40:40,N,1.0,74,74,1.0,0.47,4.4,1.0,0.5,0.0,0.0,,1.0,6.9,2.0,1.0,0.0,0.0,1,2025-11-01 08:32:20.102174
2,2025-01-20 20:56:41,2025-01-20 21:05:58,N,1.0,95,196,1.0,1.58,10.7,1.0,0.5,2.64,0.0,,1.0,15.84,1.0,1.0,0.0,0.0,1,2025-11-01 08:32:20.102174
2,2025-01-20 20:27:33,2025-01-20 20:34:27,N,1.0,74,41,1.0,1.02,8.6,1.0,0.5,2.78,0.0,,1.0,13.88,1.0,1.0,0.0,0.0,1,2025-11-01 08:32:20.102174
2,2025-01-20 20:51:15,2025-01-20 21:04:02,N,1.0,74,262,1.0,2.65,14.9,1.0,0.5,4.03,0.0,,1.0,24.18,1.0,1.0,2.75,0.0,1,2025-11-01 08:32:20.102174
2,2025-01-20 20:05:21,2025-01-20 20:57:07,N,1.0,82,82,1.0,3.35,42.2,1.0,0.5,0.0,0.0,,1.0,44.7,2.0,1.0,0.0,0.0,1,2025-11-01 08:32:20.102174
2,2025-01-20 20:27:11,2025-01-20 20:39:35,N,1.0,74,239,1.0,3.08,16.3,1.0,0.5,4.31,0.0,,1.0,25.86,1.0,1.0,2.75,0.0,1,2025-11-01 08:32:20.102174
2,2025-01-20 20:12:19,2025-01-20 20:19:39,N,1.0,95,95,1.0,1.01,7.9,1.0,0.5,2.08,0.0,,1.0,12.48,1.0,1.0,0.0,0.0,1,2025-11-01 08:32:20.102174
2,2025-01-20 20:00:27,2025-01-20 20:07:37,N,1.0,260,129,1.0,1.03,8.6,1.0,0.5,1.08,0.0,,1.0,12.18,1.0,1.0,0.0,0.0,1,2025-11-01 08:32:20.102174
2,2025-01-20 21:29:00,2025-01-20 21:51:13,N,1.0,97,141,1.0,8.07,35.2,1.0,0.5,8.24,0.0,,1.0,49.44,1.0,1.0,2.75,0.75,1,2025-11-01 08:32:20.102174
2,2025-01-20 21:16:23,2025-01-20 22:00:46,N,1.0,129,83,1.0,1.59,35.2,1.0,0.5,0.0,0.0,,1.0,37.7,2.0,1.0,0.0,0.0,1,2025-11-01 08:32:20.102174
2,2025-01-20 21:57:03,2025-01-20 22:19:04,N,1.0,75,260,1.0,6.03,28.9,1.0,0.5,8.72,0.0,,1.0,43.62,1.0,1.0,2.75,0.75,1,2025-11-01 08:32:20.102174
2,2025-01-20 21:24:00,2025-01-20 21:52:27,N,1.0,265,129,1.0,13.78,54.1,1.0,0.5,0.0,0.0,,1.0,56.6,2.0,1.0,0.0,0.0,1,2025-11-01 08:32:20.102174
2,2025-01-20 20:59:37,2025-01-20 21:06:48,N,1.0,74,41,1.0,1.15,8.6,1.0,0.5,0.0,0.0,,1.0,11.1,2.0,1.0,0.0,0.0,1,2025-11-01 08:32:20.102174
2,2025-01-20 21:35:12,2025-01-20 21:46:50,N,1.0,74,166,1.0,1.89,12.8,1.0,0.5,3.06,0.0,,1.0,18.36,1.0,1.0,0.0,0.0,1,2025-11-01 08:32:20.102174
2,2025-01-20 19:16:27,2025-01-20 19:28:51,N,1.0,75,237,1.0,2.5,14.9,1.0,0.5,3.02,0.0,,1.0,23.17,1.0,1.0,2.75,0.0,1,2025-11-01 08:32:20.102174
2,2025-01-20 19:41:05,2025-01-21 19:28:51,N,1.0,75,142,1.0,2.4,13.5,1.0,0.5,0.0,0.0,,1.0,18.75,1.0,1.0,2.75,0.0,1,2025-11-01 08:32:20.102174
1,2025-01-20 21:27:26,2025-01-20 21:35:11,N,1.0,74,236,1.0,1.8,10.7,3.75,1.5,0.0,0.0,,1.0,15.95,4.0,1.0,2.75,0.0,1,2025-11-01 08:32:20.102174
1,2025-01-20 21:23:35,2025-01-20 21:29:49,N,1.0,244,42,1.0,2.8,12.8,1.0,1.5,0.0,0.0,,1.0,15.3,2.0,1.0,0.0,0.0,1,2025-11-01 08:32:20.102174
2,2025-01-20 21:35:35,2025-01-20 21:47:10,N,1.0,166,237,2.0,2.99,15.6,1.0,0.5,3.13,0.0,,1.0,23.98,1.0,1.0,2.75,0.0,1,2025-11-01 08:32:20.102174
2,2025-01-20 21:08:42,2025-01-20 21:14:39,N,1.0,43,263,1.0,1.3,8.6,1.0,0.5,2.0,0.0,,1.0,15.85,1.0,1.0,2.75,0.0,1,2025-11-01 08:32:20.102174
2,2025-01-20 21:28:03,2025-01-20 21:38:08,N,1.0,95,95,1.0,1.49,10.7,1.0,0.5,2.64,0.0,,1.0,15.84,1.0,1.0,0.0,0.0,1,2025-11-01 08:32:20.102174
2,2025-01-20 21:19:26,2025-01-20 21:25:52,N,1.0,75,263,1.0,1.65,9.3,1.0,0.5,2.91,0.0,,1.0,17.46,1.0,1.0,2.75,0.0,1,2025-11-01 08:32:20.102174
2,2025-01-20 21:33:19,2025-01-20 21:36:59,N,1.0,75,74,1.0,1.44,7.9,1.0,0.5,0.0,0.0,,1.0,10.4,2.0,1.0,0.0,0.0,1,2025-11-01 08:32:20.102174
2,2025-01-20 21:37:41,2025-01-20 21:54:38,N,1.0,74,244,1.0,3.31,18.4,1.0,0.5,0.0,0.0,,1.0,20.9,2.0,1.0,0.0,0.0,1,2025-11-01 08:32:20.102174
2,2025-01-20 21:43:52,2025-01-20 21:43:58,N,5.0,136,136,1.0,0.0,15.0,0.0,0.0,0.0,0.0,,1.0,16.0,1.0,2.0,0.0,0.0,1,2025-11-01 08:32:20.102174
2,2025-01-20 21:35:23,2025-01-20 21:45:33,N,1.0,129,83,1.0,1.01,10.0,1.0,0.5,2.5,0.0,,1.0,15.0,1.0,1.0,0.0,0.0,1,2025-11-01 08:32:20.102174
2,2025-01-20 21:26:14,2025-01-20 21:35:03,N,1.0,74,75,1.0,1.6,10.7,1.0,0.5,2.64,0.0,,1.0,15.84,1.0,1.0,0.0,0.0,1,2025-11-01 08:32:20.102174
2,2025-01-20 21:52:25,2025-01-20 22:05:24,N,1.0,74,238,1.0,3.0,15.6,1.0,0.5,0.0,0.0,,1.0,20.85,1.0,1.0,2.75,0.0,1,2025-11-01 08:32:20.102174
2,2025-01-20 21:20:06,2025-01-20 21:30:55,N,1.0,7,140,5.0,3.16,15.6,1.0,0.5,3.0,0.0,,1.0,24.6,1.0,1.0,2.75,0.75,1,2025-11-01 08:32:20.102174
2,2025-01-20 21:28:26,2025-01-20 21:37:18,N,1.0,74,116,6.0,1.86,11.4,1.0,0.5,0.0,0.0,,1.0,13.9,2.0,1.0,0.0,0.0,1,2025-11-01 08:32:20.102174
2,2025-01-20 21:57:50,2025-01-20 22:04:12,N,1.0,74,41,6.0,1.34,8.6,1.0,0.5,2.78,0.0,,1.0,13.88,1.0,1.0,0.0,0.0,1,2025-11-01 08:32:20.102174
2,2025-01-20 21:00:25,2025-01-20 21:00:33,N,5.0,66,66,1.0,0.09,25.0,0.0,0.0,0.88,0.0,,1.0,26.88,1.0,2.0,0.0,0.0,1,2025-11-01 08:32:20.102174
2,2025-01-20 21:17:40,2025-01-20 21:22:05,N,1.0,95,95,1.0,0.39,5.8,1.0,0.5,0.0,0.0,,1.0,8.3,2.0,1.0,0.0,0.0,1,2025-11-01 08:32:20.102174
2,2025-01-20 21:41:51,2025-01-20 21:47:24,N,1.0,7,179,2.0,0.61,7.2,1.0,0.5,0.0,0.0,,1.0,9.7,1.0,1.0,0.0,0.0,1,2025-11-01 08:32:20.102174
2,2025-01-20 21:01:01,2025-01-20 21:05:39,N,1.0,75,75,1.0,0.63,6.5,1.0,0.5,0.0,0.0,,1.0,9.0,2.0,1.0,0.0,0.0,1,2025-11-01 08:32:20.102174
2,2025-01-20 21:34:09,2025-01-20 21:47:36,N,1.0,74,151,1.0,2.4,14.2,1.0,0.5,3.34,0.0,,1.0,20.04,1.0,1.0,0.0,0.0,1,2025-11-01 08:32:20.102174
2,2025-01-20 21:32:32,2025-01-20 21:54:55,N,1.0,66,112,1.0,5.89,28.2,1.0,0.5,4.0,0.0,,1.0,34.7,1.0,1.0,0.0,0.0,1,2025-11-01 08:32:20.102174
2,2025-01-20 21:26:06,2025-01-20 21:32:20,N,1.0,74,236,1.0,1.66,10.0,1.0,0.5,2.0,0.0,,1.0,17.25,1.0,1.0,2.75,0.0,1,2025-11-01 08:32:20.102174
2,2025-01-20 21:45:04,2025-01-20 21:52:14,N,1.0,7,179,1.0,0.72,7.9,1.0,0.5,2.08,0.0,,1.0,12.48,1.0,1.0,0.0,0.0,1,2025-11-01 08:32:20.102174
2,2025-01-20 21:26:28,2025-01-20 21:35:58,N,1.0,74,166,1.0,1.44,10.7,1.0,0.5,2.64,0.0,,1.0,15.84,1.0,1.0,0.0,0.0,1,2025-11-01 08:32:20.102174
2,2025-01-20 21:34:16,2025-01-20 21:43:38,N,1.0,74,141,1.0,2.7,14.2,1.0,0.5,3.89,0.0,,1.0,23.34,1.0,1.0,2.75,0.0,1,2025-11-01 08:32:20.102174
2,2025-01-20 21:02:09,2025-01-20 21:11:31,N,1.0,82,129,1.0,1.38,10.7,1.0,0.5,2.64,0.0,,1.0,15.84,1.0,1.0,0.0,0.0,1,2025-11-01 08:32:20.102174
2,2025-01-20 21:39:23,2025-01-20 21:39:27,N,5.0,205,205,2.0,0.07,25.0,0.0,0.0,0.0,0.0,,1.0,26.0,1.0,2.0,0.0,0.0,1,2025-11-01 08:32:20.102174
2,2025-01-20 21:28:33,2025-01-20 21:45:49,N,1.0,74,166,1.0,2.28,17.0,1.0,0.5,3.9,0.0,,1.0,23.4,1.0,1.0,0.0,0.0,1,2025-11-01 08:32:20.102174
2,2025-01-20 21:35:02,2025-01-20 21:42:49,N,1.0,95,135,1.0,1.41,9.3,1.0,0.5,2.0,0.0,,1.0,13.8,1.0,1.0,0.0,0.0,1,2025-11-01 08:32:20.102174
2,2025-01-20 21:33:47,2025-01-20 21:46:26,N,1.0,74,244,1.0,2.58,14.2,1.0,0.5,3.34,0.0,,1.0,20.04,1.0,1.0,0.0,0.0,1,2025-11-01 08:32:20.102174
2,2025-01-20 21:30:24,2025-01-20 21:36:44,N,1.0,196,95,1.0,0.98,8.6,1.0,0.5,0.0,0.0,,1.0,11.1,2.0,1.0,0.0,0.0,1,2025-11-01 08:32:20.102174
2,2025-01-20 20:54:30,2025-01-20 21:08:44,N,1.0,75,163,1.0,3.15,17.0,1.0,0.5,4.6,0.0,,1.0,27.6,1.0,1.0,2.75,0.75,1,2025-11-01 08:32:20.102174
2,2025-01-20 21:23:19,2025-01-20 21:29:22,N,1.0,75,74,1.0,1.31,8.6,1.0,0.5,2.22,0.0,,1.0,13.32,1.0,1.0,0.0,0.0,1,2025-11-01 08:32:20.102174
2,2025-01-20 21:37:13,2025-01-20 21:48:05,N,1.0,74,262,1.0,2.34,13.5,1.0,0.5,3.75,0.0,,1.0,22.5,1.0,1.0,2.75,0.0,1,2025-11-01 08:32:20.102174
2,2025-01-20 21:59:09,2025-01-20 22:05:58,N,1.0,74,236,1.0,1.76,10.0,1.0,0.5,3.05,0.0,,1.0,18.3,1.0,1.0,2.75,0.0,1,2025-11-01 08:32:20.102174
2,2025-01-20 22:32:28,2025-01-20 22:37:48,N,1.0,74,41,1.0,0.79,7.2,1.0,0.5,1.94,0.0,,1.0,11.64,1.0,1.0,0.0,0.0,1,2025-11-01 08:32:20.102174
2,2025-01-20 22:04:55,2025-01-20 22:08:54,N,1.0,130,130,1.0,0.96,6.5,1.0,0.5,0.0,0.0,,1.0,9.0,2.0,1.0,0.0,0.0,1,2025-11-01 08:32:20.102174
2,2025-01-20 22:12:20,2025-01-20 22:20:57,N,1.0,130,28,1.0,1.89,11.4,1.0,0.5,2.0,0.0,,1.0,15.9,1.0,1.0,0.0,0.0,1,2025-11-01 08:32:20.102174
2,2025-01-20 20:38:50,2025-01-20 20:51:36,N,1.0,74,116,1.0,2.0,14.2,1.0,0.5,0.0,0.0,,1.0,16.7,1.0,1.0,0.0,0.0,1,2025-11-01 08:32:20.102174
2,2025-01-20 21:00:49,2025-01-20 21:08:13,N,1.0,166,238,1.0,1.48,10.7,1.0,0.5,1.6,0.0,,1.0,17.55,1.0,1.0,2.75,0.0,1,2025-11-01 08:32:20.102174
1,2025-01-20 22:05:48,2025-01-20 22:17:04,N,1.0,244,151,1.0,3.4,16.3,1.0,1.5,4.7,0.0,,1.0,23.5,1.0,1.0,0.0,0.0,1,2025-11-01 08:32:20.102174
2,2025-01-20 21:58:42,2025-01-20 22:10:16,N,1.0,166,74,2.0,2.21,13.5,1.0,0.5,0.0,0.0,,1.0,16.0,2.0,1.0,0.0,0.0,1,2025-11-01 08:32:20.102174
2,2025-01-20 22:23:22,2025-01-20 22:27:30,N,1.0,75,74,1.0,1.34,7.9,1.0,0.5,2.08,0.0,,1.0,12.48,1.0,1.0,0.0,0.0,1,2025-11-01 08:32:20.102174
2,2025-01-20 22:59:47,2025-01-20 23:10:40,N,1.0,75,237,1.0,2.61,14.2,1.0,0.5,3.89,0.0,,1.0,23.34,1.0,1.0,2.75,0.0,1,2025-11-01 08:32:20.102174
2,2025-01-20 22:48:44,2025-01-20 23:00:30,N,1.0,75,143,1.0,2.81,14.9,1.0,0.5,4.03,0.0,,1.0,24.18,1.0,1.0,2.75,0.0,1,2025-11-01 08:32:20.102174
2,2025-01-20 22:16:55,2025-01-20 22:24:42,N,1.0,95,102,1.0,1.67,10.7,1.0,0.5,0.0,0.0,,1.0,13.2,2.0,1.0,0.0,0.0,1,2025-11-01 08:32:20.102174
2,2025-01-20 22:11:04,2025-01-21 00:02:52,N,1.0,260,260,1.0,0.01,80.7,1.0,0.5,0.0,0.0,,1.0,83.2,2.0,1.0,0.0,0.0,1,2025-11-01 08:32:20.102174
2,2025-01-20 22:02:01,2025-01-20 22:11:51,N,1.0,166,239,1.0,2.5,13.5,1.0,0.5,0.0,0.0,,1.0,18.75,2.0,1.0,2.75,0.0,1,2025-11-01 08:32:20.102174
2,2025-01-20 22:06:53,2025-01-20 22:28:19,N,1.0,130,129,1.0,9.58,40.1,1.0,0.5,8.52,0.0,,1.0,51.12,1.0,1.0,0.0,0.0,1,2025-11-01 08:32:20.102174
2,2025-01-20 22:15:28,2025-01-20 22:26:33,N,1.0,166,42,1.0,1.85,12.8,1.0,0.5,0.0,0.0,,1.0,15.3,2.0,1.0,0.0,0.0,1,2025-11-01 08:32:20.102174
2,2025-01-20 22:36:48,2025-01-20 22:46:37,N,1.0,74,263,1.0,1.92,12.1,1.0,0.5,2.6,0.0,,1.0,19.95,1.0,1.0,2.75,0.0,1,2025-11-01 08:32:20.102174
2,2025-01-20 22:43:50,2025-01-20 22:49:09,N,1.0,75,41,2.0,1.2,7.9,1.0,0.5,0.0,0.0,,1.0,10.4,1.0,1.0,0.0,0.0,1,2025-11-01 08:32:20.102174
2,2025-01-20 22:08:06,2025-01-20 22:14:15,N,1.0,210,210,1.0,1.45,8.6,1.0,0.5,0.0,0.0,,1.0,11.1,1.0,1.0,0.0,0.0,1,2025-11-01 08:32:20.102174
2,2025-01-20 22:26:45,2025-01-20 22:41:17,N,1.0,97,188,1.0,3.19,17.7,1.0,0.5,5.05,0.0,,1.0,25.25,1.0,1.0,0.0,0.0,1,2025-11-01 08:32:20.102174
2,2025-01-20 22:27:25,2025-01-20 22:37:58,N,1.0,97,66,1.0,1.69,12.1,1.0,0.5,2.0,0.0,,1.0,16.6,1.0,1.0,0.0,0.0,1,2025-11-01 08:32:20.102174
2,2025-01-20 22:28:15,2025-01-20 22:36:59,N,1.0,74,236,5.0,2.33,12.1,1.0,0.5,3.33,0.0,,1.0,20.68,1.0,1.0,2.75,0.0,1,2025-11-01 08:32:20.102174
2,2025-01-20 22:31:12,2025-01-20 22:40:29,N,1.0,74,263,1.0,2.01,12.1,1.0,0.5,3.47,0.0,,1.0,20.82,1.0,1.0,2.75,0.0,1,2025-11-01 08:32:20.102174
2,2025-01-20 22:26:29,2025-01-20 22:36:37,N,1.0,74,166,1.0,1.75,11.4,1.0,0.5,1.0,0.0,,1.0,14.9,1.0,1.0,0.0,0.0,1,2025-11-01 08:32:20.102174
2,2025-01-20 22:32:40,2025-01-20 22:37:56,N,1.0,74,75,1.0,1.32,7.9,1.0,0.5,2.08,0.0,,1.0,12.48,1.0,1.0,0.0,0.0,1,2025-11-01 08:32:20.102174
1,2025-01-20 22:34:36,2025-01-20 22:39:31,N,1.0,129,129,1.0,1.4,8.6,1.0,1.5,2.2,0.0,,1.0,13.3,1.0,1.0,0.0,0.0,1,2025-11-01 08:32:20.102174
2,2025-01-20 22:26:48,2025-01-20 22:36:58,N,1.0,74,238,1.0,2.99,14.9,1.0,0.5,6.04,0.0,,1.0,26.19,1.0,1.0,2.75,0.0,1,2025-11-01 08:32:20.102174
2,2025-01-20 22:28:24,2025-01-20 22:39:52,N,1.0,74,42,1.0,1.61,12.1,1.0,0.5,0.0,0.0,,1.0,14.6,2.0,1.0,0.0,0.0,1,2025-11-01 08:32:20.102174
2,2025-01-20 22:57:11,2025-01-20 22:59:10,N,5.0,130,130,1.0,0.43,19.0,0.0,0.0,2.08,0.0,,1.0,22.08,1.0,2.0,0.0,0.0,1,2025-11-01 08:32:20.102174
2,2025-01-20 22:48:12,2025-01-20 23:05:59,N,1.0,82,92,1.0,3.77,19.8,1.0,0.5,0.0,0.0,,1.0,22.3,2.0,1.0,0.0,0.0,1,2025-11-01 08:32:20.102174
2,2025-01-20 22:41:23,2025-01-20 23:09:36,N,1.0,150,265,1.0,16.49,63.9,1.0,0.5,0.0,0.0,,1.0,66.4,2.0,1.0,0.0,0.0,1,2025-11-01 08:32:20.102174
2,2025-01-20 22:29:31,2025-01-20 22:42:05,N,1.0,74,263,1.0,2.24,14.2,1.0,0.5,3.89,0.0,,1.0,23.34,1.0,1.0,2.75,0.0,1,2025-11-01 08:32:20.102174
1,2025-01-20 22:28:53,2025-01-20 22:33:55,N,1.0,75,75,2.0,0.0,6.5,1.0,1.5,0.0,0.0,,1.0,9.0,2.0,1.0,0.0,0.0,1,2025-11-01 08:32:20.102174
2,2025-01-20 22:29:40,2025-01-20 22:39:55,N,1.0,74,244,1.0,4.52,19.8,1.0,0.5,4.46,0.0,,1.0,26.76,1.0,1.0,0.0,0.0,1,2025-11-01 08:32:20.102174
2,2025-01-20 22:52:36,2025-01-20 22:58:10,N,1.0,95,28,1.0,1.35,8.6,1.0,0.5,3.33,0.0,,1.0,14.43,1.0,1.0,0.0,0.0,1,2025-11-01 08:32:20.102174
2,2025-01-20 23:52:02,2025-01-21 00:08:53,N,1.0,70,82,1.0,4.08,21.2,1.0,0.5,0.0,0.0,,1.0,23.7,2.0,1.0,0.0,0.0,1,2025-11-01 08:32:20.102174
2,2025-01-20 23:31:22,2025-01-20 23:43:57,N,1.0,74,141,1.0,3.12,16.3,1.0,0.5,1.45,0.0,,1.0,23.0,1.0,1.0,2.75,0.0,1,2025-11-01 08:32:20.102174
2,2025-01-20 23:34:17,2025-01-20 23:41:56,N,1.0,130,216,1.0,1.77,10.7,1.0,0.5,0.0,0.0,,1.0,13.2,2.0,1.0,0.0,0.0,1,2025-11-01 08:32:20.102174
2,2025-01-20 23:30:46,2025-01-20 23:35:12,N,1.0,166,238,2.0,1.05,7.9,1.0,0.5,0.0,0.0,,1.0,10.4,1.0,1.0,0.0,0.0,1,2025-11-01 08:32:20.102174
2,2025-01-20 23:34:15,2025-01-20 23:49:33,N,1.0,134,19,1.0,7.01,30.3,1.0,0.5,0.0,0.0,,1.0,32.8,2.0,1.0,0.0,0.0,1,2025-11-01 08:32:20.102174
2,2025-01-20 23:08:04,2025-01-20 23:16:16,N,1.0,244,243,2.0,0.94,9.3,1.0,0.5,0.0,0.0,,1.0,11.8,2.0,1.0,0.0,0.0,1,2025-11-01 08:32:20.102174
2,2025-01-20 23:39:07,2025-01-20 23:48:00,N,1.0,243,74,1.0,3.97,18.4,1.0,0.5,0.0,0.0,,1.0,20.9,2.0,1.0,0.0,0.0,1,2025-11-01 08:32:20.102174
2,2025-01-20 23:43:34,2025-01-20 23:47:22,N,1.0,244,116,1.0,0.83,6.5,1.0,0.5,1.8,0.0,,1.0,10.8,1.0,1.0,0.0,0.0,1,2025-11-01 08:32:20.102174
2,2025-01-20 23:05:41,2025-01-20 23:13:49,N,1.0,129,129,1.0,1.28,10.0,1.0,0.5,3.12,0.0,,1.0,15.62,1.0,1.0,0.0,0.0,1,2025-11-01 08:32:20.102174
2,2025-01-20 23:13:56,2025-01-20 23:27:02,N,1.0,166,48,1.0,3.39,17.7,1.0,0.5,3.08,0.0,,1.0,26.78,1.0,1.0,2.75,0.75,1,2025-11-01 08:32:20.102174
2,2025-01-20 23:50:29,2025-01-21 00:10:30,N,1.0,166,200,1.0,8.81,35.9,1.0,0.5,7.68,0.0,,1.0,46.08,1.0,1.0,0.0,0.0,1,2025-11-01 08:32:20.102174
2,2025-01-20 23:36:29,2025-01-20 23:51:32,N,1.0,130,205,1.0,3.78,19.1,1.0,0.5,4.0,0.0,,1.0,25.6,1.0,1.0,0.0,0.0,1,2025-11-01 08:32:20.102174
2,2025-01-20 23:03:58,2025-01-21 00:00:00,N,1.0,75,226,1.0,5.78,26.8,1.0,0.5,6.56,0.0,,1.0,39.36,1.0,1.0,2.75,0.75,1,2025-11-01 08:32:20.102174
2,2025-01-20 23:29:18,2025-01-20 23:34:39,N,1.0,74,75,1.0,1.32,8.6,1.0,0.5,0.0,0.0,,1.0,11.1,1.0,1.0,0.0,0.0,1,2025-11-01 08:32:20.102174
2,2025-01-20 23:08:31,2025-01-20 23:12:24,N,1.0,42,42,6.0,0.62,6.5,1.0,0.5,0.0,0.0,,1.0,9.0,2.0,1.0,0.0,0.0,1,2025-11-01 08:32:20.102174
2,2025-01-20 23:58:00,2025-01-21 00:14:41,N,1.0,42,143,6.0,3.82,20.5,1.0,0.5,5.15,0.0,,1.0,30.9,1.0,1.0,2.75,0.0,1,2025-11-01 08:32:20.102174
2,2025-01-20 23:07:44,2025-01-20 23:11:54,N,1.0,95,95,1.0,0.99,7.2,1.0,0.5,0.0,0.0,,1.0,9.7,2.0,1.0,0.0,0.0,1,2025-11-01 08:32:20.102174
2,2025-01-20 23:36:24,2025-01-20 23:39:36,N,1.0,95,95,1.0,0.78,5.8,1.0,0.5,1.66,0.0,,1.0,9.96,1.0,1.0,0.0,0.0,1,2025-11-01 08:32:20.102174
2,2025-01-20 22:58:14,2025-01-20 22:58:19,N,5.0,210,210,1.0,0.0,10.0,0.0,0.0,2.2,0.0,,1.0,13.2,1.0,2.0,0.0,0.0,1,2025-11-01 08:32:20.102174
2,2025-01-20 23:20:11,2025-01-20 23:20:13,N,5.0,210,210,1.0,0.0,9.0,0.0,0.0,0.0,0.0,,1.0,10.0,1.0,2.0,0.0,0.0,1,2025-11-01 08:32:20.102174
2,2025-01-20 23:29:06,2025-01-20 23:34:24,N,1.0,210,210,1.0,0.91,7.2,1.0,0.5,0.0,0.0,,1.0,9.7,1.0,1.0,0.0,0.0,1,2025-11-01 08:32:20.102174
2,2025-01-20 23:44:59,2025-01-20 23:45:04,N,5.0,210,210,1.0,0.0,19.0,0.0,0.0,0.0,0.0,,1.0,20.0,1.0,2.0,0.0,0.0,1,2025-11-01 08:32:20.102174
2,2025-01-20 23:05:05,2025-01-20 23:14:17,N,1.0,82,173,1.0,1.58,11.4,1.0,0.5,2.0,0.0,,1.0,15.9,1.0,1.0,0.0,0.0,1,2025-11-01 08:32:20.102174
2,2025-01-20 23:33:31,2025-01-20 23:47:07,N,1.0,82,160,1.0,2.88,15.6,1.0,0.5,3.62,0.0,,1.0,21.72,1.0,1.0,0.0,0.0,1,2025-11-01 08:32:20.102174
2,2025-01-20 23:29:25,2025-01-20 23:43:04,N,1.0,74,141,1.0,3.18,17.7,1.0,0.5,4.59,0.0,,1.0,27.54,1.0,1.0,2.75,0.0,1,2025-11-01 08:32:20.102174
2,2025-01-20 23:16:45,2025-01-20 23:39:19,N,1.0,260,73,1.0,10.45,42.2,1.0,0.5,8.94,0.0,,1.0,53.64,1.0,1.0,0.0,0.0,1,2025-11-01 08:32:20.102174
2,2025-01-20 23:18:19,2025-01-20 23:22:34,N,1.0,7,179,5.0,0.97,6.5,1.0,0.5,2.25,0.0,,1.0,11.25,1.0,1.0,0.0,0.0,1,2025-11-01 08:32:20.102174
2,2025-01-20 23:52:16,2025-01-20 23:58:34,N,1.0,75,42,1.0,1.71,10.0,1.0,0.5,1.88,0.0,,1.0,14.38,1.0,1.0,0.0,0.0,1,2025-11-01 08:32:20.102174
2,2025-01-20 23:28:19,2025-01-20 23:37:42,N,1.0,74,236,1.0,2.22,12.1,1.0,0.5,0.0,0.0,,1.0,17.35,2.0,1.0,2.75,0.0,1,2025-11-01 08:32:20.102174
2,2025-01-20 23:53:03,2025-01-20 23:55:09,N,1.0,74,74,1.0,0.06,4.4,1.0,0.5,0.0,0.0,,1.0,6.9,2.0,1.0,0.0,0.0,1,2025-11-01 08:32:20.102174
2,2025-01-20 23:47:10,2025-01-20 23:53:59,N,1.0,83,7,1.0,1.1,9.3,1.0,0.5,0.01,0.0,,1.0,11.81,1.0,1.0,0.0,0.0,1,2025-11-01 08:32:20.102174
2,2025-01-20 23:20:29,2025-01-20 23:26:41,N,1.0,74,236,1.0,1.62,9.3,1.0,0.5,2.91,0.0,,1.0,17.46,1.0,1.0,2.75,0.0,1,2025-11-01 08:32:20.102174
2,2025-01-20 22:28:28,2025-01-20 22:33:51,N,1.0,74,75,1.0,1.65,9.3,1.0,0.5,2.36,0.0,,1.0,14.16,1.0,1.0,0.0,0.0,1,2025-11-01 08:32:20.102174
2,2025-01-20 22:41:31,2025-01-20 22:55:21,N,1.0,74,264,1.0,5.05,22.6,1.0,0.5,5.02,0.0,,1.0,30.12,1.0,1.0,0.0,0.0,1,2025-11-01 08:32:20.102174
2,2025-01-20 23:58:47,2025-01-21 00:08:53,N,1.0,95,135,1.0,1.95,12.8,1.0,0.5,3.82,0.0,,1.0,19.12,1.0,1.0,0.0,0.0,1,2025-11-01 08:32:20.102174
2,2025-01-20 23:55:46,2025-01-21 00:03:56,N,1.0,74,42,1.0,2.7,14.2,1.0,0.5,0.0,0.0,,1.0,16.7,2.0,1.0,0.0,0.0,1,2025-11-01 08:32:20.102174
2,2025-01-27 18:41:31,2025-01-27 19:00:03,N,1.0,66,49,1.0,2.77,18.4,0.0,0.5,3.98,0.0,,1.0,23.88,1.0,1.0,0.0,0.0,1,2025-11-01 08:32:20.102174
2,2025-01-27 21:55:28,2025-01-27 22:07:39,N,1.0,181,211,1.0,3.46,17.7,0.0,0.5,4.54,0.0,,1.0,27.24,1.0,1.0,2.75,0.75,1,2025-11-01 08:32:20.102174
2,2025-01-27 00:27:07,2025-01-27 00:35:23,N,1.0,74,24,1.0,1.9,11.4,1.0,0.5,2.78,0.0,,1.0,16.68,1.0,1.0,0.0,0.0,1,2025-11-01 08:32:20.102174
2,2025-01-27 01:03:39,2025-01-27 01:08:53,N,1.0,74,41,1.0,1.09,7.9,1.0,0.5,2.6,0.0,,1.0,13.0,1.0,1.0,0.0,0.0,1,2025-11-01 08:32:20.102174
2,2025-01-27 01:40:11,2025-01-27 01:49:16,N,1.0,74,238,1.0,2.87,14.2,1.0,0.5,3.0,0.0,,1.0,22.45,1.0,1.0,2.75,0.0,1,2025-11-01 08:32:20.102174
2,2025-01-27 19:12:15,2025-01-27 19:23:23,N,1.0,74,239,1.0,3.12,14.9,0.0,0.5,3.83,0.0,,1.0,22.98,1.0,1.0,2.75,0.0,1,2025-11-01 08:32:20.102174
2,2025-01-27 22:37:10,2025-01-27 22:52:04,N,1.0,74,248,1.0,5.6,25.4,1.0,0.5,0.0,0.0,,1.0,27.9,2.0,1.0,0.0,0.0,1,2025-11-01 08:32:20.102174
2,2025-01-27 00:00:37,2025-01-27 00:27:18,N,4.0,82,265,1.0,20.0,57.5,0.5,0.5,75.0,0.0,,0.3,133.8,1.0,1.0,0.0,0.0,1,2025-11-01 08:32:20.102174
2,2025-01-27 00:01:52,2025-01-27 00:07:35,N,1.0,241,241,1.0,0.86,7.2,1.0,0.5,0.0,0.0,,1.0,9.7,2.0,1.0,0.0,0.0,1,2025-11-01 08:32:20.102174
2,2025-01-27 00:56:25,2025-01-27 01:00:47,N,1.0,75,75,1.0,0.74,6.5,1.0,0.5,2.25,0.0,,1.0,11.25,1.0,1.0,0.0,0.0,1,2025-11-01 08:32:20.102174
2,2025-01-27 00:08:07,2025-01-27 00:15:37,N,1.0,130,134,1.0,2.25,11.4,1.0,0.5,2.0,0.0,,1.0,15.9,1.0,1.0,0.0,0.0,1,2025-11-01 08:32:20.102174
2,2025-01-27 00:04:23,2025-01-27 00:07:09,N,1.0,75,236,1.0,0.79,5.8,1.0,0.5,2.21,0.0,,1.0,13.26,1.0,1.0,2.75,0.0,1,2025-11-01 08:32:20.102174
2,2025-01-27 00:27:17,2025-01-27 00:33:50,N,1.0,74,75,1.0,1.41,9.3,1.0,0.5,2.36,0.0,,1.0,14.16,1.0,1.0,0.0,0.0,1,2025-11-01 08:32:20.102174
2,2025-01-27 00:44:39,2025-01-27 00:57:10,N,1.0,95,173,1.0,2.67,14.9,1.0,0.5,4.35,0.0,,1.0,21.75,1.0,1.0,0.0,0.0,1,2025-11-01 08:32:20.102174
2,2025-01-27 00:47:32,2025-01-27 00:47:35,N,5.0,17,264,1.0,0.0,65.0,0.0,0.0,13.2,0.0,,1.0,79.2,1.0,2.0,0.0,0.0,1,2025-11-01 08:32:20.102174
2,2025-01-27 00:29:41,2025-01-27 00:38:19,N,1.0,95,95,1.0,1.81,10.7,1.0,0.5,2.64,0.0,,1.0,15.84,1.0,1.0,0.0,0.0,1,2025-11-01 08:32:20.102174
2,2025-01-27 00:14:48,2025-01-27 00:20:59,N,1.0,260,129,2.0,0.62,7.2,1.0,0.5,0.0,0.0,,1.0,9.7,2.0,1.0,0.0,0.0,1,2025-11-01 08:32:20.102174
2,2025-01-27 00:30:53,2025-01-27 00:40:25,N,1.0,82,129,2.0,1.71,11.4,1.0,0.5,0.0,0.0,,1.0,13.9,2.0,1.0,0.0,0.0,1,2025-11-01 08:32:20.102174
2,2025-01-27 00:51:48,2025-01-27 00:51:52,N,5.0,83,83,1.0,0.0,12.0,0.0,0.0,0.0,0.0,,1.0,13.0,1.0,2.0,0.0,0.0,1,2025-11-01 08:32:20.102174
2,2025-01-27 00:27:14,2025-01-27 00:43:15,N,1.0,74,151,1.0,2.35,16.3,1.0,0.5,4.7,0.0,,1.0,23.5,1.0,1.0,0.0,0.0,1,2025-11-01 08:32:20.102174
2,2025-01-27 00:40:16,2025-01-27 00:54:40,N,1.0,130,129,2.0,7.04,28.9,1.0,0.5,6.28,0.0,,1.0,37.68,1.0,1.0,0.0,0.0,1,2025-11-01 08:32:20.102174
2,2025-01-27 00:05:32,2025-01-27 00:29:03,N,1.0,130,262,1.0,14.49,54.8,1.0,0.5,13.4,6.94,,1.0,80.39,1.0,1.0,2.75,0.0,1,2025-11-01 08:32:20.102174
2,2025-01-27 00:29:55,2025-01-27 00:38:34,N,1.0,74,152,1.0,1.68,10.7,1.0,0.5,2.64,0.0,,1.0,15.84,1.0,1.0,0.0,0.0,1,2025-11-01 08:32:20.102174
2,2025-01-27 01:17:04,2025-01-27 01:25:08,N,1.0,43,41,1.0,2.06,12.1,1.0,0.5,0.0,0.0,,1.0,14.6,2.0,1.0,0.0,0.0,1,2025-11-01 08:32:20.102174
2,2025-01-27 01:35:00,2025-01-27 01:45:53,N,1.0,82,173,1.0,1.84,12.8,1.0,0.5,0.0,0.0,,1.0,15.3,2.0,1.0,0.0,0.0,1,2025-11-01 08:32:20.102174
2,2025-01-27 01:11:16,2025-01-27 01:18:31,N,1.0,260,157,1.0,1.11,8.6,1.0,0.5,2.22,0.0,,1.0,13.32,1.0,1.0,0.0,0.0,1,2025-11-01 08:32:20.102174
2,2025-01-27 01:18:56,2025-01-27 01:31:54,N,1.0,129,226,1.0,2.27,14.2,1.0,0.5,0.0,0.0,,1.0,16.7,2.0,1.0,0.0,0.0,1,2025-11-01 08:32:20.102174
2,2025-01-27 01:19:11,2025-01-27 01:27:23,N,1.0,95,135,1.0,2.57,12.8,1.0,0.5,0.0,0.0,,1.0,15.3,1.0,1.0,0.0,0.0,1,2025-11-01 08:32:20.102174
2,2025-01-27 01:16:17,2025-01-27 01:32:45,N,1.0,82,173,1.0,2.43,16.3,1.0,0.5,0.0,0.0,,1.0,18.8,2.0,1.0,0.0,0.0,1,2025-11-01 08:32:20.102174
2,2025-01-27 01:04:18,2025-01-27 01:16:20,N,1.0,129,80,1.0,4.86,22.6,1.0,0.5,0.0,0.0,,1.0,25.1,2.0,1.0,0.0,0.0,1,2025-11-01 08:32:20.102174
2,2025-01-27 01:38:03,2025-01-27 01:48:49,N,1.0,129,173,1.0,1.94,9.5,0.5,0.5,0.0,0.0,,0.3,10.8,2.0,1.0,0.0,0.0,1,2025-11-01 08:32:20.102174
2,2025-01-27 02:00:15,2025-01-27 02:20:17,N,1.0,82,198,1.0,4.08,16.5,0.5,0.5,0.0,0.0,,0.3,17.8,2.0,1.0,0.0,0.0,1,2025-11-01 08:32:20.102174
2,2025-01-27 01:08:31,2025-01-27 01:11:29,N,1.0,74,263,2.0,1.26,7.2,1.0,0.5,5.0,0.0,,1.0,14.7,1.0,1.0,0.0,0.0,1,2025-11-01 08:32:20.102174
2,2025-01-27 01:42:55,2025-01-27 01:53:11,N,1.0,82,129,1.0,1.1,10.7,1.0,0.5,10.0,0.0,,1.0,23.2,1.0,1.0,0.0,0.0,1,2025-11-01 08:32:20.102174
2,2025-01-27 01:43:33,2025-01-27 01:58:59,N,1.0,42,42,1.0,1.69,13.5,1.0,0.5,0.0,0.0,,1.0,16.0,2.0,1.0,0.0,0.0,1,2025-11-01 08:32:20.102174
2,2025-01-27 01:13:13,2025-01-27 01:19:46,N,1.0,136,244,1.0,4.78,19.1,1.0,0.5,0.0,0.0,,1.0,21.6,1.0,1.0,0.0,0.0,1,2025-11-01 08:32:20.102174
2,2025-01-27 01:29:06,2025-01-27 01:41:52,N,1.0,226,129,1.0,2.67,15.6,1.0,0.5,0.0,0.0,,1.0,18.1,2.0,1.0,0.0,0.0,1,2025-11-01 08:32:20.102174
2,2025-01-27 00:15:14,2025-01-27 00:53:58,N,1.0,75,208,1.0,19.88,76.5,1.0,0.5,0.0,0.0,,1.0,79.0,1.0,1.0,0.0,0.0,1,2025-11-01 08:32:20.102174
2,2025-01-27 02:31:27,2025-01-27 02:44:47,N,1.0,129,92,1.0,6.11,26.1,1.0,0.5,5.72,0.0,,1.0,34.32,1.0,1.0,0.0,0.0,1,2025-11-01 08:32:20.102174
2,2025-01-27 02:19:04,2025-01-27 02:19:04,N,1.0,129,264,1.0,0.0,3.0,1.0,0.5,12.0,0.0,,1.0,17.5,1.0,1.0,0.0,0.0,1,2025-11-01 08:32:20.102174
1,2025-01-27 02:12:13,2025-01-27 02:19:14,N,1.0,129,129,1.0,1.3,9.3,1.0,1.5,2.35,0.0,,1.0,14.15,1.0,1.0,0.0,0.0,1,2025-11-01 08:32:20.102174
2,2025-01-27 02:06:45,2025-01-27 02:12:41,N,1.0,75,42,1.0,1.71,9.3,1.0,0.5,1.77,0.0,,1.0,13.57,1.0,1.0,0.0,0.0,1,2025-11-01 08:32:20.102174
2,2025-01-27 03:33:48,2025-01-27 03:59:55,N,1.0,160,82,1.0,2.37,24.0,1.0,0.5,0.0,0.0,,1.0,26.5,2.0,1.0,0.0,0.0,1,2025-11-01 08:32:20.102174
2,2025-01-27 03:23:36,2025-01-27 03:40:49,N,1.0,82,82,1.0,0.99,14.9,1.0,0.5,0.0,0.0,,1.0,17.4,2.0,1.0,0.0,0.0,1,2025-11-01 08:32:20.102174
2,2025-01-27 03:34:29,2025-01-27 03:43:49,N,1.0,129,138,2.0,3.89,18.4,6.0,0.5,5.18,0.0,,1.0,31.08,1.0,1.0,0.0,0.0,1,2025-11-01 08:32:20.102174
2,2025-01-27 02:42:52,2025-01-27 02:49:32,N,1.0,260,82,1.0,0.56,7.2,1.0,0.5,0.0,0.0,,1.0,9.7,2.0,1.0,0.0,0.0,1,2025-11-01 08:32:20.102174
2,2025-01-27 04:51:33,2025-01-27 05:30:14,N,1.0,216,181,1.0,9.81,45.0,1.0,0.5,9.5,0.0,,1.0,57.0,1.0,1.0,0.0,0.0,1,2025-11-01 08:32:20.102174
1,2025-01-27 04:54:14,2025-01-27 05:28:19,N,1.0,219,261,1.0,25.6,94.7,4.5,1.5,20.1,0.0,,1.0,120.8,1.0,1.0,2.75,0.75,1,2025-11-01 08:32:20.102174
2,2025-01-27 04:41:32,2025-01-27 04:51:47,N,1.0,95,138,1.0,4.29,20.5,6.0,0.5,0.0,0.0,,1.0,28.0,2.0,1.0,0.0,0.0,1,2025-11-01 08:32:20.102174
2,2025-01-27 04:21:51,2025-01-27 04:32:25,N,1.0,82,129,1.0,1.44,11.4,1.0,0.5,0.0,0.0,,1.0,13.9,2.0,1.0,0.0,0.0,1,2025-11-01 08:32:20.102174
1,2025-01-27 04:11:19,2025-01-27 04:32:18,N,1.0,205,264,1.0,0.0,27.5,0.0,1.5,0.0,0.0,,1.0,29.0,1.0,1.0,0.0,0.0,1,2025-11-01 08:32:20.102174
1,2025-01-27 05:46:41,2025-01-27 06:11:57,N,2.0,74,132,1.0,16.8,70.0,0.0,1.5,10.0,6.94,,1.0,88.44,1.0,1.0,0.0,0.0,1,2025-11-01 08:32:20.102174
2,2025-01-27 05:29:24,2025-01-27 05:37:17,N,1.0,74,75,1.0,1.39,10.0,1.0,0.5,1.88,0.0,,1.0,14.38,1.0,1.0,0.0,0.0,1,2025-11-01 08:32:20.102174
2,2025-01-27 03:18:07,2025-01-27 03:23:07,N,1.0,75,236,1.0,1.05,7.9,1.0,0.5,1.32,0.0,,1.0,14.47,1.0,1.0,2.75,0.0,1,2025-11-01 08:32:20.102174
2,2025-01-27 05:46:45,2025-01-27 05:59:28,N,1.0,74,140,1.0,3.56,18.4,1.0,0.5,2.36,0.0,,1.0,26.01,1.0,1.0,2.75,0.0,1,2025-11-01 08:32:20.102174
2,2025-01-27 05:25:02,2025-01-27 05:30:40,N,1.0,236,238,1.0,1.56,9.3,1.0,0.5,2.91,0.0,,1.0,17.46,1.0,1.0,2.75,0.0,1,2025-11-01 08:32:20.102174
2,2025-01-27 05:37:06,2025-01-27 05:51:08,N,1.0,236,138,1.0,8.33,32.4,6.0,0.5,9.37,6.94,,1.0,56.21,1.0,1.0,0.0,0.0,1,2025-11-01 08:32:20.102174
1,2025-01-27 05:12:19,2025-01-27 05:25:25,N,1.0,94,250,1.0,0.0,23.5,0.0,1.5,0.0,0.0,,1.0,25.0,1.0,1.0,0.0,0.0,1,2025-11-01 08:32:20.102174
1,2025-01-27 05:40:32,2025-01-27 06:01:44,N,1.0,254,92,1.0,0.0,33.5,0.0,1.5,0.0,6.94,,1.0,41.94,1.0,1.0,0.0,0.0,1,2025-11-01 08:32:20.102174
2,2025-01-27 05:00:38,2025-01-27 05:10:34,N,1.0,70,223,2.0,2.28,12.8,1.0,0.5,0.0,0.0,,1.0,15.3,2.0,1.0,0.0,0.0,1,2025-11-01 08:32:20.102174
1,2025-01-27 05:18:32,2025-01-27 05:39:04,N,1.0,226,264,1.0,0.0,24.5,0.0,1.5,0.0,0.0,,1.0,26.0,1.0,1.0,0.0,0.0,1,2025-11-01 08:32:20.102174
2,2025-01-27 05:36:11,2025-01-27 05:42:32,N,1.0,74,75,1.0,1.77,10.0,1.0,0.5,3.12,0.0,,1.0,15.62,1.0,1.0,0.0,0.0,1,2025-11-01 08:32:20.102174
2,2025-01-27 06:47:58,2025-01-27 06:55:06,N,1.0,74,43,1.0,1.39,9.3,0.0,0.5,2.16,0.0,,1.0,12.96,1.0,1.0,0.0,0.0,1,2025-11-01 08:32:20.102174
2,2025-01-27 06:52:46,2025-01-27 06:57:34,N,1.0,74,74,1.0,0.77,7.2,0.0,0.5,1.3,0.0,,1.0,10.0,1.0,1.0,0.0,0.0,1,2025-11-01 08:32:20.102174
2,2025-01-27 06:41:18,2025-01-27 06:51:23,N,1.0,74,236,1.0,1.82,11.4,0.0,0.5,2.35,0.0,,1.0,18.0,1.0,1.0,2.75,0.0,1,2025-11-01 08:32:20.102174
2,2025-01-27 06:04:37,2025-01-27 06:11:13,N,1.0,74,75,1.0,1.43,9.3,0.0,0.5,2.7,0.0,,1.0,13.5,1.0,1.0,0.0,0.0,1,2025-11-01 08:32:20.102174
2,2025-01-27 06:41:02,2025-01-27 06:49:55,N,1.0,74,42,1.0,1.62,10.7,0.0,0.5,2.0,0.0,,1.0,14.2,1.0,1.0,0.0,0.0,1,2025-11-01 08:32:20.102174
2,2025-01-27 06:51:06,2025-01-27 06:57:11,N,1.0,74,74,1.0,1.1,7.9,0.0,0.5,0.0,0.0,,1.0,9.4,1.0,1.0,0.0,0.0,1,2025-11-01 08:32:20.102174
1,2025-01-27 06:05:46,2025-01-27 06:13:25,N,1.0,74,75,1.0,1.9,10.7,1.0,1.5,0.0,0.0,,1.0,13.2,2.0,1.0,0.0,0.0,1,2025-11-01 08:32:20.102174
1,2025-01-27 06:52:55,2025-01-27 07:23:15,N,1.0,243,263,1.0,0.0,29.5,0.0,1.5,0.0,0.0,,1.0,31.0,1.0,1.0,0.0,0.0,1,2025-11-01 08:32:20.102174
2,2025-01-27 06:43:37,2025-01-27 07:00:53,N,1.0,41,246,1.0,4.25,21.2,0.0,0.5,0.0,0.0,,1.0,26.2,1.0,1.0,2.75,0.75,1,2025-11-01 08:32:20.102174
2,2025-01-27 06:55:29,2025-01-27 07:12:34,N,1.0,74,141,1.0,3.08,18.4,0.0,0.5,2.26,0.0,,1.0,24.91,1.0,1.0,2.75,0.0,1,2025-11-01 08:32:20.102174
2,2025-01-27 06:04:24,2025-01-27 06:08:58,N,1.0,74,75,1.0,1.38,7.9,0.0,0.5,1.0,0.0,,1.0,10.4,1.0,1.0,0.0,0.0,1,2025-11-01 08:32:20.102174
2,2025-01-27 06:48:24,2025-01-27 06:58:54,N,1.0,74,166,1.0,1.92,12.1,0.0,0.5,2.72,0.0,,1.0,16.32,1.0,1.0,0.0,0.0,1,2025-11-01 08:32:20.102174
1,2025-01-27 06:58:25,2025-01-27 07:05:21,N,1.0,74,75,1.0,1.3,8.6,0.0,1.5,2.0,0.0,,1.0,12.1,1.0,1.0,0.0,0.0,1,2025-11-01 08:32:20.102174
2,2025-01-27 06:21:34,2025-01-27 06:28:53,N,1.0,122,130,1.0,1.62,10.0,0.0,0.5,0.0,0.0,,1.0,11.5,2.0,1.0,0.0,0.0,1,2025-11-01 08:32:20.102174
2,2025-01-27 06:31:43,2025-01-27 06:39:58,N,1.0,75,140,1.0,1.67,10.7,0.0,0.5,2.24,0.0,,1.0,17.19,1.0,1.0,2.75,0.0,1,2025-11-01 08:32:20.102174
1,2025-01-27 06:39:15,2025-01-27 07:20:27,N,1.0,216,202,1.0,0.0,41.5,0.0,1.5,0.0,0.0,,1.0,43.0,1.0,1.0,0.0,0.0,1,2025-11-01 08:32:20.102174
1,2025-01-27 06:13:58,2025-01-27 06:34:31,N,1.0,69,264,1.0,0.0,26.5,0.0,1.5,0.0,0.0,,1.0,28.0,1.0,1.0,0.0,0.0,1,2025-11-01 08:32:20.102174
2,2025-01-27 06:20:54,2025-01-27 06:37:29,N,1.0,236,186,1.0,3.86,19.1,0.0,0.5,3.0,0.0,,1.0,27.1,1.0,1.0,2.75,0.75,1,2025-11-01 08:32:20.102174
2,2025-01-27 06:47:52,2025-01-27 06:55:57,N,1.0,74,75,1.0,1.4,10.0,0.0,0.5,1.0,0.0,,1.0,12.5,1.0,1.0,0.0,0.0,1,2025-11-01 08:32:20.102174
2,2025-01-27 06:48:25,2025-01-27 06:55:29,N,1.0,74,43,1.0,1.33,9.3,0.0,0.5,1.0,0.0,,1.0,11.8,1.0,1.0,0.0,0.0,1,2025-11-01 08:32:20.102174
2,2025-01-27 06:33:29,2025-01-27 06:42:33,N,1.0,75,41,1.0,1.65,10.7,0.0,0.5,0.0,0.0,,1.0,12.2,2.0,1.0,0.0,0.0,1,2025-11-01 08:32:20.102174
2,2025-01-27 06:57:33,2025-01-27 07:03:06,N,1.0,74,42,1.0,0.89,7.2,0.0,0.5,1.3,0.0,,1.0,10.0,1.0,1.0,0.0,0.0,1,2025-11-01 08:32:20.102174
2,2025-01-27 06:14:04,2025-01-27 06:43:42,N,1.0,95,161,1.0,8.51,38.7,0.0,0.5,0.0,0.0,,1.0,43.7,2.0,1.0,2.75,0.75,1,2025-11-01 08:32:20.102174
2,2025-01-27 06:49:29,2025-01-27 07:03:51,N,1.0,74,152,2.0,1.52,13.5,0.0,0.5,3.0,0.0,,1.0,18.0,1.0,1.0,0.0,0.0,1,2025-11-01 08:32:20.102174
2,2025-01-27 06:48:08,2025-01-27 06:48:24,N,1.0,129,129,1.0,0.0,3.0,0.0,0.5,0.0,0.0,,1.0,4.5,2.0,1.0,0.0,0.0,1,2025-11-01 08:32:20.102174
2,2025-01-27 06:49:53,2025-01-27 06:54:46,N,1.0,74,75,1.0,1.12,7.2,0.0,0.5,0.0,0.0,,1.0,8.7,1.0,1.0,0.0,0.0,1,2025-11-01 08:32:20.102174
1,2025-01-27 06:13:32,2025-01-27 06:17:22,N,1.0,74,75,1.0,0.9,6.5,0.0,1.5,2.0,0.0,,1.0,10.0,1.0,1.0,0.0,0.0,1,2025-11-01 08:32:20.102174
2,2025-01-27 06:05:02,2025-01-27 06:11:18,N,1.0,74,42,1.0,1.17,8.6,0.0,0.5,2.02,0.0,,1.0,12.12,1.0,1.0,0.0,0.0,1,2025-11-01 08:32:20.102174
2,2025-01-27 06:50:58,2025-01-27 06:56:56,N,1.0,74,75,1.0,1.35,7.9,0.0,0.5,1.88,0.0,,1.0,11.28,1.0,1.0,0.0,0.0,1,2025-11-01 08:32:20.102174
1,2025-01-27 06:51:58,2025-01-27 07:10:20,N,1.0,74,140,0.0,3.8,20.5,2.75,1.5,2.0,0.0,,1.0,26.75,1.0,1.0,2.75,0.0,1,2025-11-01 08:32:20.102174
2,2025-01-27 06:47:12,2025-01-27 06:47:17,N,5.0,83,83,1.0,0.05,15.0,0.0,0.0,20.0,0.0,,1.0,36.0,1.0,2.0,0.0,0.0,1,2025-11-01 08:32:20.102174
2,2025-01-27 06:41:37,2025-01-27 06:50:07,N,1.0,74,75,1.0,1.49,10.0,0.0,0.5,0.58,0.0,,1.0,12.08,1.0,1.0,0.0,0.0,1,2025-11-01 08:32:20.102174
2,2025-01-27 06:54:15,2025-01-27 07:02:46,N,1.0,74,75,1.0,1.47,10.0,0.0,0.5,2.0,0.0,,1.0,13.5,1.0,1.0,0.0,0.0,1,2025-11-01 08:32:20.102174
2,2025-01-27 08:00:43,2025-01-27 08:08:46,N,1.0,134,134,5.0,1.14,9.3,0.0,0.5,2.16,0.0,,1.0,12.96,1.0,1.0,0.0,0.0,1,2025-11-01 08:32:20.102174
2,2025-01-27 07:21:25,2025-01-27 07:34:29,N,1.0,74,237,1.0,2.52,14.2,0.0,0.5,3.69,0.0,,1.0,22.14,1.0,1.0,2.75,0.0,1,2025-11-01 08:32:20.102174
2,2025-01-27 07:55:58,2025-01-27 08:08:23,N,1.0,74,74,1.0,1.11,12.1,0.0,0.5,2.72,0.0,,1.0,16.32,1.0,1.0,0.0,0.0,1,2025-11-01 08:32:20.102174
2,2025-01-27 07:24:51,2025-01-27 07:42:11,N,1.0,74,140,1.0,3.4,18.4,0.0,0.5,4.53,0.0,,1.0,27.18,1.0,1.0,2.75,0.0,1,2025-11-01 08:32:20.102174
1,2025-01-27 07:32:29,2025-01-27 07:45:10,N,1.0,74,138,1.0,6.6,26.8,5.0,1.5,9.0,6.94,,1.0,49.24,1.0,1.0,0.0,0.0,1,2025-11-01 08:32:20.102174
2,2025-01-27 07:13:36,2025-01-27 07:26:37,N,1.0,74,159,1.0,2.16,14.2,0.0,0.5,3.92,0.0,,1.0,19.62,1.0,1.0,0.0,0.0,1,2025-11-01 08:32:20.102174
2,2025-01-27 07:49:16,2025-01-27 08:03:34,N,1.0,74,42,1.0,1.38,13.5,0.0,0.5,0.0,0.0,,1.0,15.0,2.0,1.0,0.0,0.0,1,2025-11-01 08:32:20.102174
2,2025-01-27 07:58:00,2025-01-27 08:02:42,N,1.0,95,196,3.0,0.93,6.5,0.0,0.5,2.0,0.0,,1.0,10.0,1.0,1.0,0.0,0.0,1,2025-11-01 08:32:20.102174
2,2025-01-27 07:05:09,2025-01-27 07:30:00,N,1.0,74,140,1.0,3.58,21.9,0.0,0.5,2.0,0.0,,1.0,28.15,1.0,1.0,2.75,0.0,1,2025-11-01 08:32:20.102174
2,2025-01-27 07:00:43,2025-01-27 07:07:54,N,1.0,74,74,1.0,1.1,8.6,0.0,0.5,2.02,0.0,,1.0,12.12,1.0,1.0,0.0,0.0,1,2025-11-01 08:32:20.102174
2,2025-01-27 07:25:07,2025-01-27 07:39:38,N,1.0,74,238,1.0,2.42,14.9,0.0,0.5,3.28,0.0,,1.0,19.68,1.0,1.0,0.0,0.0,1,2025-11-01 08:32:20.102174
2,2025-01-27 07:52:54,2025-01-27 08:07:12,N,1.0,74,75,1.0,1.37,13.5,0.0,0.5,4.5,0.0,,1.0,19.5,1.0,1.0,0.0,0.0,1,2025-11-01 08:32:20.102174
2,2025-01-27 07:45:13,2025-01-27 07:52:59,N,1.0,65,40,1.0,1.66,10.0,0.0,0.5,2.3,0.0,,1.0,13.8,1.0,1.0,0.0,0.0,1,2025-11-01 08:32:20.102174
2,2025-01-27 07:20:22,2025-01-27 07:28:52,N,1.0,75,74,1.0,1.64,10.0,0.0,0.5,2.5,0.0,,1.0,14.0,1.0,1.0,0.0,0.0,1,2025-11-01 08:32:20.102174
2,2025-01-27 07:35:51,2025-01-27 07:47:06,N,1.0,74,75,1.0,1.6,12.1,0.0,0.5,2.72,0.0,,1.0,16.32,1.0,1.0,0.0,0.0,1,2025-11-01 08:32:20.102174
2,2025-01-27 07:12:30,2025-01-27 07:28:12,N,1.0,74,138,1.0,6.73,28.9,5.0,0.5,8.47,6.94,,1.0,50.81,1.0,1.0,0.0,0.0,1,2025-11-01 08:32:20.102174
2,2025-01-27 07:48:04,2025-01-27 07:53:54,N,1.0,74,41,1.0,0.45,7.2,0.0,0.5,0.0,0.0,,1.0,8.7,2.0,1.0,0.0,0.0,1,2025-11-01 08:32:20.102174
1,2025-01-27 07:38:07,2025-01-27 08:11:51,N,1.0,74,132,1.0,19.9,75.1,0.0,1.5,16.7,6.94,,1.0,100.24,1.0,1.0,0.0,0.0,1,2025-11-01 08:32:20.102174
2,2025-01-27 06:28:25,2025-01-27 06:35:39,N,1.0,74,75,1.0,1.46,9.3,0.0,0.5,2.16,0.0,,1.0,12.96,1.0,1.0,0.0,0.0,1,2025-11-01 08:32:20.102174
2,2025-01-27 06:46:07,2025-01-27 07:09:23,N,1.0,74,236,1.0,2.22,20.5,0.0,0.5,4.95,0.0,,1.0,29.7,1.0,1.0,2.75,0.0,1,2025-11-01 08:32:20.102174
2,2025-01-27 07:46:11,2025-01-27 07:56:19,N,1.0,75,166,1.0,2.02,12.1,0.0,0.5,2.72,0.0,,1.0,16.32,1.0,1.0,0.0,0.0,1,2025-11-01 08:32:20.102174
2,2025-01-27 04:41:07,2025-01-27 05:04:57,N,1.0,75,186,1.0,5.85,28.9,0.0,0.5,6.78,0.0,,1.0,40.68,1.0,1.0,2.75,0.75,1,2025-11-01 08:32:20.102174
2,2025-01-27 07:21:33,2025-01-27 07:42:11,N,1.0,75,138,1.0,8.08,34.5,5.0,0.5,7.0,6.94,,1.0,54.94,1.0,1.0,0.0,0.0,1,2025-11-01 08:32:20.102174
2,2025-01-27 07:07:17,2025-01-27 07:08:22,N,1.0,223,223,1.0,0.39,4.4,0.0,0.5,0.0,0.0,,1.0,5.9,2.0,1.0,0.0,0.0,1,2025-11-01 08:32:20.102174
2,2025-01-27 07:34:29,2025-01-27 07:50:22,N,1.0,74,237,1.0,2.98,17.0,0.0,0.5,0.0,0.0,,1.0,21.25,2.0,1.0,2.75,0.0,1,2025-11-01 08:32:20.102174
1,2025-01-27 07:33:02,2025-01-27 07:38:53,N,1.0,74,74,1.0,0.9,7.2,0.0,1.5,0.0,0.0,,1.0,8.7,2.0,1.0,0.0,0.0,1,2025-11-01 08:32:20.102174
1,2025-01-27 07:46:01,2025-01-27 08:06:10,N,1.0,74,236,1.0,2.1,15.6,2.75,1.5,4.95,0.0,,1.0,24.8,1.0,1.0,2.75,0.0,1,2025-11-01 08:32:20.102174
1,2025-01-27 07:24:46,2025-01-27 07:28:06,N,1.0,43,236,2.0,0.6,5.8,2.75,1.5,1.5,0.0,,1.0,11.55,1.0,1.0,2.75,0.0,1,2025-11-01 08:32:20.102174
1,2025-01-27 07:48:58,2025-01-27 07:58:35,N,1.0,236,141,1.0,1.7,11.4,2.75,1.5,0.0,0.0,,1.0,15.65,1.0,1.0,2.75,0.0,1,2025-11-01 08:32:20.102174
2,2025-01-27 07:39:35,2025-01-27 07:58:41,N,1.0,74,263,1.0,1.84,17.7,0.0,0.5,2.0,0.0,,1.0,21.2,1.0,1.0,0.0,0.0,1,2025-11-01 08:32:20.102174
2,2025-01-27 08:15:43,2025-01-27 08:19:16,N,1.0,129,129,1.0,0.2,3.7,0.0,0.5,0.0,0.0,,1.0,5.2,2.0,1.0,0.0,0.0,1,2025-11-01 08:32:20.102174
2,2025-01-27 06:56:37,2025-01-27 07:16:01,N,1.0,74,140,1.0,3.33,19.8,0.0,0.5,4.5,0.0,,1.0,28.55,1.0,1.0,2.75,0.0,1,2025-11-01 08:32:20.102174
2,2025-01-27 07:23:55,2025-01-27 07:33:47,N,1.0,74,166,1.0,1.47,11.4,0.0,0.5,3.22,0.0,,1.0,16.12,1.0,1.0,0.0,0.0,1,2025-11-01 08:32:20.102174
2,2025-01-27 07:46:23,2025-01-27 07:58:57,N,1.0,74,166,1.0,1.96,14.2,0.0,0.5,0.0,0.0,,1.0,15.7,1.0,1.0,0.0,0.0,1,2025-11-01 08:32:20.102174
2,2025-01-27 07:30:03,2025-01-27 07:35:10,N,5.0,95,93,1.0,0.82,15.0,0.0,0.0,0.0,0.0,,1.0,16.0,1.0,2.0,0.0,0.0,1,2025-11-01 08:32:20.102174
2,2025-01-27 07:38:47,2025-01-27 07:49:51,N,1.0,41,142,1.0,2.3,13.5,0.0,0.5,3.55,0.0,,1.0,21.3,1.0,1.0,2.75,0.0,1,2025-11-01 08:32:20.102174
2,2025-01-27 07:26:11,2025-01-27 07:56:07,N,1.0,130,7,1.0,10.0,43.6,0.0,0.5,9.02,0.0,,1.0,54.12,1.0,1.0,0.0,0.0,1,2025-11-01 08:32:20.102174
2,2025-01-27 07:11:45,2025-01-27 07:37:17,N,1.0,74,140,1.0,3.77,23.3,0.0,0.5,5.51,0.0,,1.0,33.06,1.0,1.0,2.75,0.0,1,2025-11-01 08:32:20.102174
1,2025-01-27 07:26:04,2025-01-27 07:37:41,N,1.0,166,236,1.0,2.3,13.5,0.0,1.5,3.0,0.0,,1.0,18.0,1.0,1.0,0.0,0.0,1,2025-11-01 08:32:20.102174
2,2025-01-27 07:02:40,2025-01-27 07:22:53,N,1.0,75,88,1.0,8.19,33.8,0.0,0.5,1.0,0.0,,1.0,39.8,1.0,1.0,2.75,0.75,1,2025-11-01 08:32:20.102174
2,2025-01-27 07:10:26,2025-01-27 07:17:59,N,1.0,74,43,1.0,1.26,9.3,0.0,0.5,0.0,0.0,,1.0,10.8,2.0,1.0,0.0,0.0,1,2025-11-01 08:32:20.102174
2,2025-01-27 07:53:28,2025-01-27 07:59:19,N,1.0,75,263,1.0,0.95,7.9,0.0,0.5,1.88,0.0,,1.0,11.28,1.0,1.0,0.0,0.0,1,2025-11-01 08:32:20.102174
1,2025-01-27 07:36:06,2025-01-27 07:55:12,N,1.0,74,166,1.0,2.0,17.0,0.0,1.5,3.7,0.0,,1.0,22.2,1.0,1.0,0.0,0.0,1,2025-11-01 08:32:20.102174
2,2025-01-27 07:09:26,2025-01-27 07:47:26,N,4.0,92,265,1.0,26.9,159.8,0.0,0.5,10.0,0.0,,1.0,171.3,1.0,1.0,0.0,0.0,1,2025-11-01 08:32:20.102174
2,2025-01-27 07:52:25,2025-01-27 08:07:42,N,1.0,74,75,1.0,1.36,14.2,0.0,0.5,3.14,0.0,,1.0,18.84,1.0,1.0,0.0,0.0,1,2025-11-01 08:32:20.102174
2,2025-01-27 07:20:40,2025-01-27 07:31:54,N,1.0,74,166,1.0,1.87,12.8,0.0,0.5,2.86,0.0,,1.0,17.16,1.0,1.0,0.0,0.0,1,2025-11-01 08:32:20.102174
2,2025-01-27 07:33:04,2025-01-27 07:33:34,N,1.0,166,166,1.0,0.1,3.0,0.0,0.5,0.0,0.0,,1.0,4.5,2.0,1.0,0.0,0.0,1,2025-11-01 08:32:20.102174
2,2025-01-27 07:44:58,2025-01-27 08:12:39,N,1.0,41,262,1.0,3.05,25.4,0.0,0.5,5.93,0.0,,1.0,35.58,1.0,1.0,2.75,0.0,1,2025-11-01 08:32:20.102174
2,2025-01-27 07:19:36,2025-01-27 07:27:48,N,1.0,82,129,1.0,1.56,8.0,0.0,0.5,1.0,0.0,,0.3,9.8,1.0,1.0,0.0,0.0,1,2025-11-01 08:32:20.102174
2,2025-01-27 07:17:39,2025-01-27 07:24:37,N,1.0,74,75,1.0,1.33,8.6,0.0,0.5,2.02,0.0,,1.0,12.12,1.0,1.0,0.0,0.0,1,2025-11-01 08:32:20.102174
2,2025-01-27 07:36:35,2025-01-27 07:47:01,N,1.0,74,75,1.0,1.18,10.7,0.0,0.5,1.0,0.0,,1.0,13.2,1.0,1.0,0.0,0.0,1,2025-11-01 08:32:20.102174
2,2025-01-27 07:49:12,2025-01-27 07:54:12,N,1.0,75,75,1.0,0.54,6.5,0.0,0.5,2.0,0.0,,1.0,10.0,1.0,1.0,0.0,0.0,1,2025-11-01 08:32:20.102174
2,2025-01-27 07:13:24,2025-01-27 07:28:38,N,1.0,74,138,1.0,6.6,28.2,5.0,0.5,8.33,6.94,,1.0,49.97,1.0,1.0,0.0,0.0,1,2025-11-01 08:32:20.102174
2,2025-01-27 07:59:46,2025-01-27 08:09:13,N,1.0,74,74,1.0,0.92,10.0,0.0,0.5,2.88,0.0,,1.0,14.38,1.0,1.0,0.0,0.0,1,2025-11-01 08:32:20.102174
2,2025-01-27 08:01:04,2025-01-27 08:14:06,N,1.0,74,238,1.0,2.34,14.9,0.0,0.5,3.83,0.0,,1.0,22.98,1.0,1.0,2.75,0.0,1,2025-11-01 08:32:20.102174
2,2025-01-27 07:39:35,2025-01-27 08:22:11,N,1.0,95,41,1.0,12.12,55.5,0.0,0.5,0.0,6.94,,1.0,63.94,2.0,1.0,0.0,0.0,1,2025-11-01 08:32:20.102174
2,2025-01-27 07:39:23,2025-01-27 07:44:00,N,1.0,236,43,5.0,0.7,7.2,0.0,0.5,1.74,0.0,,1.0,10.44,1.0,1.0,0.0,0.0,1,2025-11-01 08:32:20.102174
2,2025-01-27 07:26:58,2025-01-27 07:37:07,N,1.0,74,238,1.0,2.53,13.5,0.0,0.5,4.44,0.0,,1.0,22.19,1.0,1.0,2.75,0.0,1,2025-11-01 08:32:20.102174
2,2025-01-27 07:47:14,2025-01-27 07:50:27,N,1.0,75,74,1.0,0.94,6.5,0.0,0.5,1.6,0.0,,1.0,9.6,1.0,1.0,0.0,0.0,1,2025-11-01 08:32:20.102174
2,2025-01-27 07:58:28,2025-01-27 08:09:36,N,1.0,74,166,1.0,2.01,12.1,0.0,0.5,2.72,0.0,,1.0,16.32,1.0,1.0,0.0,0.0,1,2025-11-01 08:32:20.102174
2,2025-01-27 07:23:17,2025-01-27 07:23:22,N,5.0,69,69,1.0,0.0,25.0,0.0,0.0,0.0,0.0,,1.0,26.0,1.0,2.0,0.0,0.0,1,2025-11-01 08:32:20.102174
2,2025-01-27 07:45:11,2025-01-27 07:51:19,N,1.0,74,74,1.0,0.9,7.9,0.0,0.5,2.82,0.0,,1.0,12.22,1.0,1.0,0.0,0.0,1,2025-11-01 08:32:20.102174
2,2025-01-27 07:38:14,2025-01-27 07:48:46,N,1.0,75,163,2.0,2.03,12.8,0.0,0.5,2.67,0.0,,1.0,20.47,1.0,1.0,2.75,0.75,1,2025-11-01 08:32:20.102174
2,2025-01-27 07:24:08,2025-01-27 07:36:49,N,1.0,130,28,1.0,2.33,14.2,0.0,0.5,3.14,0.0,,1.0,18.84,1.0,1.0,0.0,0.0,1,2025-11-01 08:32:20.102174
2,2025-01-27 07:23:56,2025-01-27 07:47:47,N,1.0,74,262,2.0,2.8,21.2,0.0,0.5,2.0,0.0,,1.0,27.45,1.0,1.0,2.75,0.0,1,2025-11-01 08:32:20.102174
2,2025-01-27 07:33:49,2025-01-27 07:45:05,N,1.0,74,42,1.0,2.33,14.2,0.0,0.5,0.0,0.0,,1.0,15.7,2.0,1.0,0.0,0.0,1,2025-11-01 08:32:20.102174
2,2025-01-27 08:03:35,2025-01-27 08:17:08,N,1.0,236,142,1.0,2.43,14.9,0.0,0.5,3.83,0.0,,1.0,22.98,1.0,1.0,2.75,0.0,1,2025-11-01 08:32:20.102174
2,2025-01-27 07:31:54,2025-01-27 07:45:31,N,1.0,74,152,1.0,1.82,13.5,0.0,0.5,1.5,0.0,,1.0,16.5,1.0,1.0,0.0,0.0,1,2025-11-01 08:32:20.102174
1,2025-01-27 07:32:13,2025-01-27 07:45:36,N,1.0,166,243,1.0,3.6,19.1,0.0,1.5,0.0,0.0,,1.0,20.6,2.0,1.0,0.0,0.0,1,2025-11-01 08:32:20.102174
1,2025-01-27 07:33:10,2025-01-27 08:24:20,N,1.0,124,87,1.0,0.0,64.5,0.0,1.5,0.0,6.94,,1.0,72.94,1.0,1.0,0.0,0.0,1,2025-11-01 08:32:20.102174
2,2025-01-27 07:36:38,2025-01-27 07:45:40,N,1.0,74,75,1.0,1.38,10.0,0.0,0.5,2.0,0.0,,1.0,13.5,1.0,1.0,0.0,0.0,1,2025-11-01 08:32:20.102174
2,2025-01-27 07:48:26,2025-01-27 07:54:10,N,1.0,75,237,1.0,1.12,7.9,0.0,0.5,2.43,0.0,,1.0,14.58,1.0,1.0,2.75,0.0,1,2025-11-01 08:32:20.102174
1,2025-01-27 07:39:44,2025-01-27 08:01:15,N,1.0,74,263,0.0,2.4,19.8,2.75,1.5,4.81,0.0,,1.0,28.86,1.0,1.0,2.75,0.0,1,2025-11-01 08:32:20.102174
2,2025-01-27 07:21:55,2025-01-27 07:31:40,N,1.0,74,43,2.0,1.31,10.7,0.0,0.5,1.5,0.0,,1.0,13.7,1.0,1.0,0.0,0.0,1,2025-11-01 08:32:20.102174
2,2025-01-27 07:50:07,2025-01-27 08:00:25,N,1.0,74,166,2.0,1.45,11.4,0.0,0.5,1.0,0.0,,1.0,13.9,1.0,1.0,0.0,0.0,1,2025-11-01 08:32:20.102174
2,2025-01-27 07:09:40,2025-01-27 07:20:07,N,1.0,74,75,1.0,1.56,11.4,0.0,0.5,0.5,0.0,,1.0,13.4,1.0,1.0,0.0,0.0,1,2025-11-01 08:32:20.102174
2,2025-01-27 07:35:22,2025-01-27 07:43:21,N,1.0,74,75,1.0,1.38,10.0,0.0,0.5,2.3,0.0,,1.0,13.8,1.0,1.0,0.0,0.0,1,2025-11-01 08:32:20.102174
2,2025-01-27 07:56:42,2025-01-27 08:08:18,N,1.0,74,75,1.0,1.59,12.1,0.0,0.5,4.08,0.0,,1.0,17.68,1.0,1.0,0.0,0.0,1,2025-11-01 08:32:20.102174
2,2025-01-27 07:34:06,2025-01-27 07:44:42,N,1.0,74,43,1.0,1.37,10.7,0.0,0.5,2.44,0.0,,1.0,14.64,1.0,1.0,0.0,0.0,1,2025-11-01 08:32:20.102174
2,2025-01-27 07:13:39,2025-01-27 07:21:34,N,1.0,74,75,1.0,1.57,10.0,0.0,0.5,2.3,0.0,,1.0,13.8,1.0,1.0,0.0,0.0,1,2025-11-01 08:32:20.102174
2,2025-01-27 07:38:40,2025-01-27 07:49:34,N,1.0,74,75,1.0,1.39,11.4,0.0,0.5,2.5,0.0,,1.0,15.4,1.0,1.0,0.0,0.0,1,2025-11-01 08:32:20.102174
2,2025-01-27 07:20:22,2025-01-27 07:32:00,N,1.0,130,121,1.0,2.67,14.9,0.0,0.5,2.0,0.0,,1.0,18.4,1.0,1.0,0.0,0.0,1,2025-11-01 08:32:20.102174
2,2025-01-27 07:23:53,2025-01-27 07:27:57,N,1.0,247,42,1.0,0.6,6.5,0.0,0.5,0.0,0.0,,1.0,8.0,2.0,1.0,0.0,0.0,1,2025-11-01 08:32:20.102174
2,2025-01-27 07:36:15,2025-01-27 07:46:04,N,1.0,74,152,1.0,1.48,10.7,0.0,0.5,0.0,0.0,,1.0,12.2,2.0,1.0,0.0,0.0,1,2025-11-01 08:32:20.102174
2,2025-01-27 07:27:53,2025-01-27 07:35:41,N,1.0,74,75,1.0,1.22,9.3,0.0,0.5,1.62,0.0,,1.0,12.42,1.0,1.0,0.0,0.0,1,2025-11-01 08:32:20.102174
2,2025-01-27 07:37:06,2025-01-27 07:41:30,N,1.0,75,74,1.0,1.03,7.2,0.0,0.5,0.0,0.0,,1.0,8.7,2.0,1.0,0.0,0.0,1,2025-11-01 08:32:20.102174
2,2025-01-27 07:43:49,2025-01-27 07:51:13,N,1.0,74,41,1.0,1.05,8.6,0.0,0.5,1.5,0.0,,1.0,11.6,1.0,1.0,0.0,0.0,1,2025-11-01 08:32:20.102174
2,2025-01-27 08:40:14,2025-01-27 08:48:08,N,1.0,7,193,1.0,1.14,9.3,0.0,0.5,5.0,0.0,,1.0,15.8,1.0,1.0,0.0,0.0,1,2025-11-01 08:32:20.102174
2,2025-01-27 08:38:27,2025-01-27 08:51:03,N,1.0,74,75,1.0,1.4,12.8,0.0,0.5,2.86,0.0,,1.0,17.16,1.0,1.0,0.0,0.0,1,2025-11-01 08:32:20.102174
1,2025-01-27 08:49:00,2025-01-27 09:22:41,N,1.0,55,231,1.0,0.0,42.5,0.0,1.5,0.0,6.94,,1.0,50.94,1.0,1.0,0.0,0.0,1,2025-11-01 08:32:20.102174
2,2025-01-27 08:45:35,2025-01-27 08:54:13,N,1.0,74,75,1.0,1.38,10.0,0.0,0.5,1.0,0.0,,1.0,12.5,1.0,1.0,0.0,0.0,1,2025-11-01 08:32:20.102174
1,2025-01-27 08:08:09,2025-01-27 08:16:32,N,1.0,74,42,1.0,1.2,9.3,0.0,1.5,2.15,0.0,,1.0,12.95,1.0,1.0,0.0,0.0,1,2025-11-01 08:32:20.102174
2,2025-01-27 08:30:15,2025-01-27 08:53:07,N,1.0,74,236,1.0,2.53,20.5,0.0,0.5,3.71,0.0,,1.0,28.46,1.0,1.0,2.75,0.0,1,2025-11-01 08:32:20.102174
2,2025-01-27 08:18:12,2025-01-27 08:36:52,N,1.0,74,75,1.0,1.38,16.3,0.0,0.5,3.56,0.0,,1.0,21.36,1.0,1.0,0.0,0.0,1,2025-11-01 08:32:20.102174
2,2025-01-27 08:08:38,2025-01-27 08:22:47,N,1.0,75,43,1.0,2.23,14.9,0.0,0.5,3.98,0.0,,1.0,23.88,1.0,1.0,2.75,0.75,1,2025-11-01 08:32:20.102174
2,2025-01-27 08:55:54,2025-01-27 09:13:23,N,1.0,74,75,1.0,1.48,15.6,0.0,0.5,0.0,0.0,,1.0,17.1,1.0,1.0,0.0,0.0,1,2025-11-01 08:32:20.102174
2,2025-01-27 08:48:11,2025-01-27 09:06:00,N,1.0,33,162,1.0,6.29,28.2,0.0,0.5,5.98,0.0,,1.0,39.18,1.0,1.0,2.75,0.75,1,2025-11-01 08:32:20.102174
2,2025-01-27 08:40:38,2025-01-27 08:40:45,N,5.0,17,17,1.0,0.07,45.0,0.0,0.0,0.0,0.0,,1.0,46.0,1.0,2.0,0.0,0.0,1,2025-11-01 08:32:20.102174
2,2025-01-27 08:05:34,2025-01-27 08:15:01,N,1.0,74,152,1.0,1.22,10.7,0.0,0.5,2.44,0.0,,1.0,14.64,1.0,1.0,0.0,0.0,1,2025-11-01 08:32:20.102174
2,2025-01-27 08:10:08,2025-01-27 08:39:42,N,1.0,74,239,1.0,3.8,26.8,0.0,0.5,3.1,0.0,,1.0,34.15,1.0,1.0,2.75,0.0,1,2025-11-01 08:32:20.102174
2,2025-01-27 08:45:19,2025-01-27 09:01:36,N,1.0,74,75,1.0,1.25,14.2,0.0,0.5,2.0,0.0,,1.0,17.7,1.0,1.0,0.0,0.0,1,2025-11-01 08:32:20.102174
1,2025-01-27 08:46:13,2025-01-27 09:03:30,N,1.0,74,238,1.0,3.1,17.7,2.75,1.5,0.0,0.0,,1.0,21.95,2.0,1.0,2.75,0.0,1,2025-11-01 08:32:20.102174
1,2025-01-27 08:31:46,2025-01-27 08:43:58,N,1.0,145,163,1.0,3.2,17.0,3.5,1.5,0.0,0.0,,1.0,22.0,2.0,1.0,2.75,0.75,1,2025-11-01 08:32:20.102174
2,2025-01-27 08:38:53,2025-01-27 08:53:36,N,1.0,74,75,2.0,1.34,13.5,0.0,0.5,3.75,0.0,,1.0,18.75,1.0,1.0,0.0,0.0,1,2025-11-01 08:32:20.102174
2,2025-01-27 08:55:14,2025-01-27 08:58:59,N,1.0,75,43,2.0,0.66,6.5,0.0,0.5,2.4,0.0,,1.0,10.4,1.0,1.0,0.0,0.0,1,2025-11-01 08:32:20.102174
1,2025-01-27 08:53:54,2025-01-27 09:13:00,N,1.0,10,197,1.0,0.0,19.5,0.0,1.5,0.0,0.0,,1.0,21.0,1.0,1.0,0.0,0.0,1,2025-11-01 08:32:20.102174
2,2025-01-27 08:18:21,2025-01-27 08:27:56,N,1.0,33,33,1.0,1.22,10.7,0.0,0.5,2.44,0.0,,1.0,17.14,1.0,1.0,0.0,0.0,1,2025-11-01 08:32:20.102174
2,2025-01-27 08:34:12,2025-01-27 08:57:24,N,1.0,65,162,1.0,7.42,33.1,0.0,0.5,7.62,0.0,,1.0,45.72,1.0,1.0,2.75,0.75,1,2025-11-01 08:32:20.102174
2,2025-01-27 06:53:57,2025-01-27 07:12:48,N,1.0,74,244,1.0,3.22,19.8,0.0,0.5,4.26,0.0,,1.0,25.56,1.0,1.0,0.0,0.0,1,2025-11-01 08:32:20.102174
2,2025-01-27 08:14:53,2025-01-27 08:22:53,N,1.0,41,41,1.0,0.99,9.3,0.0,0.5,1.08,0.0,,1.0,11.88,1.0,1.0,0.0,0.0,1,2025-11-01 08:32:20.102174
2,2025-01-27 08:24:15,2025-01-27 08:33:50,N,1.0,41,75,1.0,1.31,10.7,0.0,0.5,3.05,0.0,,1.0,15.25,1.0,1.0,0.0,0.0,1,2025-11-01 08:32:20.102174
2,2025-01-27 08:09:22,2025-01-27 08:24:14,N,1.0,166,43,5.0,1.74,14.2,0.0,0.5,3.14,0.0,,1.0,18.84,1.0,1.0,0.0,0.0,1,2025-11-01 08:32:20.102174
2,2025-01-27 08:29:45,2025-01-27 08:47:16,N,1.0,75,161,5.0,2.53,17.0,0.0,0.5,2.86,0.0,,1.0,24.86,1.0,1.0,2.75,0.75,1,2025-11-01 08:32:20.102174
2,2025-01-27 08:02:29,2025-01-27 08:14:00,N,1.0,95,121,1.0,2.52,15.6,0.0,0.5,2.0,0.0,,1.0,19.1,1.0,1.0,0.0,0.0,1,2025-11-01 08:32:20.102174
2,2025-01-27 08:15:28,2025-01-27 08:32:54,N,1.0,74,43,1.0,1.36,15.6,0.0,0.5,2.56,0.0,,1.0,19.66,1.0,1.0,0.0,0.0,1,2025-11-01 08:32:20.102174
2,2025-01-27 08:10:11,2025-01-27 08:11:58,N,1.0,116,116,2.0,0.56,4.4,0.0,0.5,2.0,0.0,,1.0,7.9,1.0,1.0,0.0,0.0,1,2025-11-01 08:32:20.102174
2,2025-01-27 08:55:55,2025-01-27 08:59:07,N,1.0,43,236,1.0,0.68,5.8,0.0,0.5,2.51,0.0,,1.0,12.56,1.0,1.0,2.75,0.0,1,2025-11-01 08:32:20.102174
2,2025-01-27 08:11:11,2025-01-27 08:25:12,N,1.0,74,166,1.0,1.9,14.2,0.0,0.5,3.14,0.0,,1.0,18.84,1.0,1.0,0.0,0.0,1,2025-11-01 08:32:20.102174
2,2025-01-27 08:08:18,2025-01-27 08:26:26,N,1.0,74,263,1.0,2.06,17.0,0.0,0.5,3.0,0.0,,1.0,24.25,1.0,1.0,2.75,0.0,1,2025-11-01 08:32:20.102174
2,2025-01-27 08:33:48,2025-01-27 08:42:14,N,1.0,75,41,1.0,1.23,9.3,0.0,0.5,0.0,0.0,,1.0,10.8,2.0,1.0,0.0,0.0,1,2025-11-01 08:32:20.102174
1,2025-01-27 08:19:30,2025-01-27 08:33:35,N,1.0,236,162,2.0,2.4,15.6,3.5,1.5,2.0,0.0,,1.0,22.6,1.0,1.0,2.75,0.75,1,2025-11-01 08:32:20.102174
2,2025-01-27 08:13:36,2025-01-27 08:29:26,N,1.0,74,168,1.0,1.3,14.9,0.0,0.5,3.28,0.0,,1.0,19.68,1.0,1.0,0.0,0.0,1,2025-11-01 08:32:20.102174
2,2025-01-27 07:43:19,2025-01-27 08:16:18,N,1.0,74,142,1.0,4.19,29.6,0.0,0.5,1.0,0.0,,1.0,34.85,1.0,1.0,2.75,0.0,1,2025-11-01 08:32:20.102174
2,2025-01-27 08:11:26,2025-01-27 08:32:47,N,1.0,41,243,1.0,4.73,24.7,0.0,0.5,2.0,0.0,,1.0,28.2,1.0,1.0,0.0,0.0,1,2025-11-01 08:32:20.102174
2,2025-01-27 08:54:13,2025-01-27 09:05:08,N,1.0,74,168,1.0,1.72,12.8,0.0,0.5,4.29,0.0,,1.0,18.59,1.0,1.0,0.0,0.0,1,2025-11-01 08:32:20.102174
2,2025-01-27 08:08:38,2025-01-27 08:24:00,N,1.0,74,166,1.0,1.76,15.6,0.0,0.5,4.28,0.0,,1.0,21.38,1.0,1.0,0.0,0.0,1,2025-11-01 08:32:20.102174
1,2025-01-27 08:05:43,2025-01-27 08:15:05,N,1.0,74,75,1.0,1.1,8.6,0.0,1.5,2.02,0.0,,1.0,12.12,1.0,1.0,0.0,0.0,1,2025-11-01 08:32:20.102174
1,2025-01-27 08:38:44,2025-01-27 08:59:21,N,1.0,74,263,3.0,2.3,16.3,2.75,1.5,6.15,0.0,,1.0,26.7,1.0,1.0,2.75,0.0,1,2025-11-01 08:32:20.102174
1,2025-01-27 08:20:02,2025-01-27 08:31:02,N,1.0,166,238,1.0,1.2,11.4,2.75,1.5,1.1,0.0,,1.0,16.75,1.0,1.0,2.75,0.0,1,2025-11-01 08:32:20.102174
2,2025-01-27 08:29:12,2025-01-27 08:40:01,N,1.0,75,237,1.0,1.62,11.4,0.0,0.5,3.13,0.0,,1.0,18.78,1.0,1.0,2.75,0.0,1,2025-11-01 08:32:20.102174
2,2025-01-27 08:27:49,2025-01-27 08:34:11,N,1.0,116,166,1.0,1.38,8.6,0.0,0.5,2.02,0.0,,1.0,12.12,1.0,1.0,0.0,0.0,1,2025-11-01 08:32:20.102174
2,2025-01-27 08:45:39,2025-01-27 08:59:50,N,1.0,24,74,1.0,1.72,14.2,0.0,0.5,0.0,0.0,,1.0,15.7,1.0,1.0,0.0,0.0,1,2025-11-01 08:32:20.102174
2,2025-01-27 08:10:09,2025-01-27 08:13:35,N,1.0,75,236,2.0,0.47,5.1,0.0,0.5,1.87,0.0,,1.0,11.22,1.0,1.0,2.75,0.0,1,2025-11-01 08:32:20.102174
2,2025-01-27 08:14:50,2025-01-27 08:37:55,N,1.0,74,236,1.0,2.49,20.5,0.0,0.5,2.48,0.0,,1.0,27.23,1.0,1.0,2.75,0.0,1,2025-11-01 08:32:20.102174
1,2025-01-27 08:34:18,2025-01-27 09:01:07,N,1.0,74,43,1.0,3.1,24.0,2.75,1.5,5.65,0.0,,1.0,33.9,1.0,1.0,2.75,0.0,1,2025-11-01 08:32:20.102174
1,2025-01-27 08:51:38,2025-01-27 09:06:39,N,1.0,55,264,1.0,0.0,21.5,0.0,1.5,0.0,0.0,,1.0,23.0,1.0,1.0,0.0,0.0,1,2025-11-01 08:32:20.102174
2,2025-01-27 08:24:41,2025-01-27 08:26:50,N,1.0,7,7,1.0,0.28,4.4,0.0,0.5,1.77,0.0,,1.0,7.67,1.0,1.0,0.0,0.0,1,2025-11-01 08:32:20.102174
2,2025-01-27 08:10:42,2025-01-27 08:21:51,N,1.0,75,42,1.0,1.77,12.1,0.0,0.5,0.0,0.0,,1.0,13.6,1.0,1.0,0.0,0.0,1,2025-11-01 08:32:20.102174
2,2025-01-27 08:47:43,2025-01-27 09:07:32,N,1.0,74,236,1.0,1.74,17.7,0.0,0.5,4.39,0.0,,1.0,26.34,1.0,1.0,2.75,0.0,1,2025-11-01 08:32:20.102174
1,2025-01-27 08:35:37,2025-01-27 08:41:50,N,1.0,129,82,1.0,0.7,6.5,0.0,1.5,0.0,0.0,,1.0,8.0,2.0,1.0,0.0,0.0,1,2025-11-01 08:32:20.102174
2,2025-01-27 08:13:18,2025-01-27 08:26:49,N,1.0,74,166,1.0,2.01,14.2,0.0,0.5,0.0,0.0,,1.0,15.7,2.0,1.0,0.0,0.0,1,2025-11-01 08:32:20.102174
2,2025-01-27 08:48:04,2025-01-27 08:58:12,N,1.0,74,75,1.0,1.31,10.7,0.0,0.5,2.44,0.0,,1.0,14.64,1.0,1.0,0.0,0.0,1,2025-11-01 08:32:20.102174
2,2025-01-27 08:02:37,2025-01-27 08:17:05,N,5.0,65,229,1.0,6.23,40.0,0.0,0.0,13.35,0.0,,1.0,57.85,1.0,2.0,2.75,0.75,1,2025-11-01 08:32:20.102174
1,2025-01-27 08:57:38,2025-01-27 09:04:34,N,1.0,218,10,1.0,0.0,16.5,0.0,1.5,0.0,0.0,,1.0,18.0,1.0,1.0,0.0,0.0,1,2025-11-01 08:32:20.102174
2,2025-01-27 07:59:28,2025-01-27 08:02:41,N,1.0,75,236,5.0,0.41,5.1,0.0,0.5,1.87,0.0,,1.0,11.22,1.0,1.0,2.75,0.0,1,2025-11-01 08:32:20.102174
2,2025-01-27 08:25:47,2025-01-27 08:33:24,N,1.0,43,237,5.0,1.68,10.0,0.0,0.5,2.85,0.0,,1.0,17.1,1.0,1.0,2.75,0.0,1,2025-11-01 08:32:20.102174
2,2025-01-27 08:42:36,2025-01-27 08:49:00,N,1.0,236,141,5.0,1.3,8.6,0.0,0.5,2.57,0.0,,1.0,15.42,1.0,1.0,2.75,0.0,1,2025-11-01 08:32:20.102174
2,2025-01-27 08:47:35,2025-01-27 09:00:04,N,1.0,74,166,1.0,1.56,12.8,0.0,0.5,2.86,0.0,,1.0,17.16,1.0,1.0,0.0,0.0,1,2025-11-01 08:32:20.102174
2,2025-01-27 09:00:27,2025-01-27 09:05:49,N,1.0,236,237,1.0,1.08,7.9,0.0,0.5,3.04,0.0,,1.0,15.19,1.0,1.0,2.75,0.0,1,2025-11-01 08:32:20.102174
2,2025-01-27 08:06:06,2025-01-27 08:15:59,N,1.0,74,74,1.0,1.13,10.7,0.0,0.5,0.0,0.0,,1.0,12.2,1.0,1.0,0.0,0.0,1,2025-11-01 08:32:20.102174
2,2025-01-27 08:38:25,2025-01-27 08:48:57,N,1.0,74,43,1.0,1.45,11.4,0.0,0.5,1.94,0.0,,1.0,14.84,1.0,1.0,0.0,0.0,1,2025-11-01 08:32:20.102174
2,2025-01-27 08:42:39,2025-01-27 08:48:44,N,1.0,74,41,1.0,0.78,7.2,0.0,0.5,1.74,0.0,,1.0,10.44,1.0,1.0,0.0,0.0,1,2025-11-01 08:32:20.102174
2,2025-01-27 07:59:54,2025-01-27 08:26:42,N,1.0,7,112,1.0,4.13,26.1,0.0,0.5,5.52,0.0,,1.0,33.12,1.0,1.0,0.0,0.0,1,2025-11-01 08:32:20.102174
2,2025-01-27 08:19:01,2025-01-27 08:36:28,N,1.0,236,161,1.0,2.54,17.0,0.0,0.5,1.0,0.0,,1.0,23.0,1.0,1.0,2.75,0.75,1,2025-11-01 08:32:20.102174
2,2025-01-27 08:50:29,2025-01-27 09:20:40,N,1.0,236,138,1.0,8.18,39.4,5.0,0.5,10.57,6.94,,1.0,63.41,1.0,1.0,0.0,0.0,1,2025-11-01 08:32:20.102174
2,2025-01-27 08:44:50,2025-01-27 09:00:20,N,1.0,74,24,2.0,2.08,15.6,0.0,0.5,2.0,0.0,,1.0,19.1,1.0,1.0,0.0,0.0,1,2025-11-01 08:32:20.102174
2,2025-01-27 08:42:10,2025-01-27 08:54:19,N,1.0,74,43,1.0,1.54,12.8,0.0,0.5,2.86,0.0,,1.0,17.16,1.0,1.0,0.0,0.0,1,2025-11-01 08:32:20.102174
2,2025-01-27 08:07:50,2025-01-27 08:24:06,N,1.0,74,75,1.0,1.37,14.9,0.0,0.5,3.28,0.0,,1.0,19.68,1.0,1.0,0.0,0.0,1,2025-11-01 08:32:20.102174
2,2025-01-27 08:56:51,2025-01-27 09:07:16,N,1.0,129,223,1.0,0.0,10.0,0.0,0.5,1.0,0.0,,1.0,12.5,1.0,1.0,0.0,0.0,1,2025-11-01 08:32:20.102174
2,2025-01-27 08:05:58,2025-01-27 08:26:42,N,1.0,130,218,1.0,3.11,20.5,0.0,0.5,4.4,0.0,,1.0,26.4,1.0,1.0,0.0,0.0,1,2025-11-01 08:32:20.102174
2,2025-01-27 08:56:22,2025-01-27 09:06:40,N,1.0,43,263,1.0,1.51,11.4,0.0,0.5,3.91,0.0,,1.0,19.56,1.0,1.0,2.75,0.0,1,2025-11-01 08:32:20.102174
2,2025-01-27 08:31:53,2025-01-27 08:46:05,N,1.0,74,236,1.0,1.88,14.2,0.0,0.5,1.0,0.0,,1.0,19.45,1.0,1.0,2.75,0.0,1,2025-11-01 08:32:20.102174
2,2025-01-27 08:06:12,2025-01-27 08:16:05,N,1.0,74,75,1.0,0.83,10.0,0.0,0.5,2.88,0.0,,1.0,14.38,1.0,1.0,0.0,0.0,1,2025-11-01 08:32:20.102174
2,2025-01-27 08:47:35,2025-01-27 09:01:17,N,1.0,74,43,1.0,1.41,13.5,0.0,0.5,3.0,0.0,,1.0,18.0,1.0,1.0,0.0,0.0,1,2025-11-01 08:32:20.102174
1,2025-01-27 08:28:42,2025-01-27 08:43:14,N,1.0,152,244,1.0,0.0,20.5,0.0,1.5,0.0,0.0,,1.0,22.0,1.0,1.0,0.0,0.0,1,2025-11-01 08:32:20.102174
1,2025-01-27 08:41:57,2025-01-27 08:51:18,N,1.0,74,166,0.0,1.5,10.7,0.0,1.5,3.0,0.0,,1.0,15.2,1.0,1.0,0.0,0.0,1,2025-11-01 08:32:20.102174
2,2025-01-27 08:23:25,2025-01-27 08:29:20,N,1.0,41,41,1.0,0.66,7.2,0.0,0.5,0.0,0.0,,1.0,8.7,2.0,1.0,0.0,0.0,1,2025-11-01 08:32:20.102174
2,2025-01-27 08:37:16,2025-01-27 08:43:36,N,1.0,75,74,1.0,1.21,8.6,0.0,0.5,0.0,0.0,,1.0,10.1,1.0,1.0,0.0,0.0,1,2025-11-01 08:32:20.102174
2,2025-01-27 08:55:09,2025-01-27 08:58:34,N,1.0,75,74,1.0,0.72,5.8,0.0,0.5,0.0,0.0,,1.0,7.3,2.0,1.0,0.0,0.0,1,2025-11-01 08:32:20.102174
2,2025-01-27 08:30:18,2025-01-27 08:37:49,N,1.0,74,43,2.0,1.36,9.3,0.0,0.5,2.16,0.0,,1.0,12.96,1.0,1.0,0.0,0.0,1,2025-11-01 08:32:20.102174
2,2025-01-27 08:29:50,2025-01-27 08:46:17,N,1.0,74,262,1.0,2.69,17.0,0.0,0.5,2.0,0.0,,1.0,23.25,1.0,1.0,2.75,0.0,1,2025-11-01 08:32:20.102174
2,2025-01-27 08:05:49,2025-01-27 08:21:29,N,1.0,74,74,1.0,2.02,15.6,0.0,0.5,3.42,0.0,,1.0,20.52,1.0,1.0,0.0,0.0,1,2025-11-01 08:32:20.102174
2,2025-01-27 08:07:51,2025-01-27 08:23:25,N,1.0,74,75,1.0,1.66,14.9,0.0,0.5,2.5,0.0,,1.0,18.9,1.0,1.0,0.0,0.0,1,2025-11-01 08:32:20.102174
2,2025-01-27 08:59:03,2025-01-27 09:12:33,N,1.0,42,75,1.0,1.95,13.5,0.0,0.5,0.0,0.0,,1.0,15.0,2.0,1.0,0.0,0.0,1,2025-11-01 08:32:20.102174
2,2025-01-27 08:02:11,2025-01-27 08:06:55,N,1.0,74,74,1.0,0.5,6.5,0.0,0.5,2.0,0.0,,1.0,10.0,1.0,1.0,0.0,0.0,1,2025-11-01 08:32:20.102174
2,2025-01-27 08:28:14,2025-01-27 08:42:43,N,1.0,74,116,1.0,2.22,14.9,0.0,0.5,0.0,0.0,,1.0,16.4,2.0,1.0,0.0,0.0,1,2025-11-01 08:32:20.102174
2,2025-01-27 08:46:32,2025-01-27 08:54:58,N,1.0,116,244,1.0,1.37,10.7,0.0,0.5,2.44,0.0,,1.0,14.64,1.0,1.0,0.0,0.0,1,2025-11-01 08:32:20.102174
2,2025-01-27 08:10:20,2025-01-27 08:35:19,N,1.0,74,238,1.0,2.97,22.6,0.0,0.5,5.37,0.0,,1.0,32.22,1.0,1.0,2.75,0.0,1,2025-11-01 08:32:20.102174
2,2025-01-27 08:52:02,2025-01-27 08:55:39,N,1.0,166,151,1.0,0.62,5.8,0.0,0.5,2.19,0.0,,1.0,9.49,1.0,1.0,0.0,0.0,1,2025-11-01 08:32:20.102174
2,2025-01-27 09:00:34,2025-01-27 09:05:00,N,1.0,75,236,1.0,0.93,6.5,0.0,0.5,2.69,0.0,,1.0,13.44,1.0,1.0,2.75,0.0,1,2025-11-01 08:32:20.102174
2,2025-01-27 09:19:53,2025-01-27 09:31:58,N,1.0,74,166,1.0,1.96,13.5,0.0,0.5,3.0,0.0,,1.0,18.0,1.0,1.0,0.0,0.0,1,2025-11-01 08:32:20.102174
2,2025-01-27 09:19:56,2025-01-27 09:32:59,N,1.0,74,236,1.0,1.97,13.5,0.0,0.5,3.55,0.0,,1.0,21.3,1.0,1.0,2.75,0.0,1,2025-11-01 08:32:20.102174
2,2025-01-27 09:36:09,2025-01-27 09:43:05,N,1.0,236,237,1.0,1.34,8.6,0.0,0.5,3.21,0.0,,1.0,16.06,1.0,1.0,2.75,0.0,1,2025-11-01 08:32:20.102174
1,2025-01-27 09:11:35,2025-01-27 09:21:03,N,1.0,74,166,1.0,1.4,10.0,0.0,1.5,2.0,0.0,,1.0,13.5,1.0,1.0,0.0,0.0,1,2025-11-01 08:32:20.102174
2,2025-01-27 09:24:56,2025-01-27 09:32:19,N,1.0,74,75,1.0,1.01,8.6,0.0,0.5,2.02,0.0,,1.0,12.12,1.0,1.0,0.0,0.0,1,2025-11-01 08:32:20.102174
2,2025-01-27 09:11:33,2025-01-27 09:21:24,N,1.0,74,75,1.0,1.5,10.7,0.0,0.5,2.44,0.0,,1.0,14.64,1.0,1.0,0.0,0.0,1,2025-11-01 08:32:20.102174
2,2025-01-27 09:11:44,2025-01-27 09:25:59,N,1.0,43,230,1.0,3.2,17.0,0.0,0.5,4.4,0.0,,1.0,26.4,1.0,1.0,2.75,0.75,1,2025-11-01 08:32:20.102174
2,2025-01-27 09:41:21,2025-01-27 09:49:26,N,1.0,43,238,1.0,1.28,10.0,0.0,0.5,0.0,0.0,,1.0,14.25,2.0,1.0,2.75,0.0,1,2025-11-01 08:32:20.102174
2,2025-01-27 09:04:01,2025-01-27 09:20:31,N,1.0,43,161,1.0,2.75,17.7,0.0,0.5,2.27,0.0,,1.0,24.97,1.0,1.0,2.75,0.75,1,2025-11-01 08:32:20.102174
1,2025-01-27 09:59:35,2025-01-27 10:08:15,N,1.0,74,236,1.0,1.9,10.7,2.75,1.5,2.95,0.0,,1.0,17.9,1.0,1.0,2.75,0.0,1,2025-11-01 08:32:20.102174
2,2025-01-27 09:00:13,2025-01-27 09:14:50,N,1.0,74,238,1.0,2.93,16.3,0.0,0.5,5.14,0.0,,1.0,25.69,1.0,1.0,2.75,0.0,1,2025-11-01 08:32:20.102174
2,2025-01-27 09:02:31,2025-01-27 09:27:37,N,1.0,166,162,1.0,4.44,25.4,0.0,0.5,0.0,0.0,,1.0,30.4,2.0,1.0,2.75,0.75,1,2025-11-01 08:32:20.102174
2,2025-01-27 09:35:18,2025-01-27 09:41:25,N,1.0,74,75,2.0,1.12,7.9,0.0,0.5,2.82,0.0,,1.0,12.22,1.0,1.0,0.0,0.0,1,2025-11-01 08:32:20.102174
1,2025-01-27 09:34:58,2025-01-27 09:54:37,N,1.0,247,74,1.0,0.0,23.5,0.0,1.5,0.0,0.0,,1.0,25.0,1.0,1.0,0.0,0.0,1,2025-11-01 08:32:20.102174
2,2025-01-27 09:44:19,2025-01-27 10:14:16,N,1.0,166,233,1.0,5.58,31.0,0.0,0.5,9.0,0.0,,1.0,45.0,1.0,1.0,2.75,0.75,1,2025-11-01 08:32:20.102174
2,2025-01-27 04:20:47,2025-01-27 04:31:36,N,1.0,74,75,1.0,1.37,11.4,0.0,0.5,1.5,0.0,,1.0,14.4,1.0,1.0,0.0,0.0,1,2025-11-01 08:32:20.102174
2,2025-01-27 09:57:12,2025-01-27 10:18:47,N,1.0,97,138,2.0,10.76,43.6,5.0,0.5,12.52,0.0,,1.0,62.62,1.0,1.0,0.0,0.0,1,2025-11-01 08:32:20.102174
1,2025-01-27 09:16:25,2025-01-27 09:29:38,N,1.0,254,174,1.0,0.0,17.5,0.0,1.5,0.0,0.0,,1.0,19.0,1.0,1.0,0.0,0.0,1,2025-11-01 08:32:20.102174
2,2025-01-27 09:01:45,2025-01-27 09:10:15,N,1.0,74,75,1.0,1.32,10.0,0.0,0.5,2.3,0.0,,1.0,13.8,1.0,1.0,0.0,0.0,1,2025-11-01 08:32:20.102174
1,2025-01-27 09:02:11,2025-01-27 09:15:55,N,1.0,74,75,1.0,1.4,11.4,0.0,1.5,2.0,0.0,,1.0,14.9,1.0,1.0,0.0,0.0,1,2025-11-01 08:32:20.102174
2,2025-01-27 09:18:53,2025-01-27 09:38:41,N,1.0,74,237,1.0,3.34,19.8,0.0,0.5,3.61,0.0,,1.0,27.66,1.0,1.0,2.75,0.0,1,2025-11-01 08:32:20.102174
2,2025-01-27 09:35:20,2025-01-27 09:44:46,N,1.0,74,43,1.0,1.32,10.7,0.0,0.5,2.44,0.0,,1.0,14.64,1.0,1.0,0.0,0.0,1,2025-11-01 08:32:20.102174
2,2025-01-27 09:37:25,2025-01-27 10:12:10,N,1.0,244,237,1.0,7.11,40.8,0.0,0.5,0.0,0.0,,1.0,45.05,2.0,1.0,2.75,0.0,1,2025-11-01 08:32:20.102174
2,2025-01-27 08:42:43,2025-01-27 08:55:37,N,1.0,75,161,1.0,2.22,14.2,0.0,0.5,2.88,0.0,,1.0,22.08,1.0,1.0,2.75,0.75,1,2025-11-01 08:32:20.102174
2,2025-01-27 09:08:06,2025-01-27 09:19:54,N,1.0,226,162,1.0,2.81,16.3,0.0,0.5,0.0,0.0,,1.0,21.3,2.0,1.0,2.75,0.75,1,2025-11-01 08:32:20.102174
2,2025-01-27 09:45:49,2025-01-27 10:00:40,N,1.0,74,237,1.0,2.85,16.3,0.0,0.5,4.11,0.0,,1.0,24.66,1.0,1.0,2.75,0.0,1,2025-11-01 08:32:20.102174
2,2025-01-27 09:03:26,2025-01-27 09:09:08,N,1.0,75,238,1.0,1.06,7.9,0.0,0.5,0.94,0.0,,1.0,10.34,1.0,1.0,0.0,0.0,1,2025-11-01 08:32:20.102174
2,2025-01-27 09:43:04,2025-01-27 09:47:15,N,1.0,74,74,1.0,0.71,6.5,0.0,0.5,0.0,0.0,,1.0,8.0,2.0,1.0,0.0,0.0,1,2025-11-01 08:32:20.102174
2,2025-01-27 09:18:43,2025-01-27 09:42:05,N,1.0,244,236,1.0,5.92,30.3,0.0,0.5,3.45,0.0,,1.0,38.0,1.0,1.0,2.75,0.0,1,2025-11-01 08:32:20.102174
2,2025-01-27 09:45:37,2025-01-27 09:55:33,N,1.0,75,239,1.0,1.92,12.1,0.0,0.5,0.0,0.0,,1.0,16.35,2.0,1.0,2.75,0.0,1,2025-11-01 08:32:20.102174
2,2025-01-27 09:54:13,2025-01-27 10:01:37,N,1.0,43,262,1.0,1.08,8.6,0.0,0.5,1.0,0.0,,1.0,13.85,1.0,1.0,2.75,0.0,1,2025-11-01 08:32:20.102174
2,2025-01-27 09:22:25,2025-01-27 09:33:16,N,1.0,43,24,1.0,1.87,12.8,0.0,0.5,0.0,0.0,,1.0,14.3,2.0,1.0,0.0,0.0,1,2025-11-01 08:32:20.102174
1,2025-01-27 09:19:59,2025-01-27 09:41:16,N,1.0,43,224,1.0,5.2,26.8,3.5,1.5,0.0,0.0,,1.0,31.8,2.0,1.0,2.75,0.75,1,2025-11-01 08:32:20.102174
2,2025-01-27 09:29:35,2025-01-27 09:45:50,N,1.0,166,237,1.0,3.18,18.4,0.0,0.5,4.53,0.0,,1.0,27.18,1.0,1.0,2.75,0.0,1,2025-11-01 08:32:20.102174
2,2025-01-27 09:22:50,2025-01-27 09:28:18,N,1.0,75,74,1.0,1.27,7.9,0.0,0.5,1.88,0.0,,1.0,11.28,1.0,1.0,0.0,0.0,1,2025-11-01 08:32:20.102174
2,2025-01-27 09:32:09,2025-01-27 09:48:01,N,1.0,41,141,1.0,2.69,16.3,0.0,0.5,4.11,0.0,,1.0,24.66,1.0,1.0,2.75,0.0,1,2025-11-01 08:32:20.102174
2,2025-01-27 09:04:38,2025-01-27 09:10:06,N,1.0,74,74,1.0,0.54,6.5,0.0,0.5,0.0,0.0,,1.0,8.0,2.0,1.0,0.0,0.0,1,2025-11-01 08:32:20.102174
2,2025-01-27 09:19:01,2025-01-27 09:32:46,N,1.0,74,75,1.0,1.69,13.5,0.0,0.5,3.0,0.0,,1.0,18.0,1.0,1.0,0.0,0.0,1,2025-11-01 08:32:20.102174
2,2025-01-27 09:39:06,2025-01-27 09:44:15,N,1.0,75,236,1.0,0.72,7.2,0.0,0.5,0.0,0.0,,1.0,8.7,1.0,1.0,0.0,0.0,1,2025-11-01 08:32:20.102174
1,2025-01-27 09:48:28,2025-01-27 10:01:12,N,1.0,210,210,1.0,0.0,18.5,0.0,1.5,0.0,0.0,,1.0,20.0,1.0,1.0,0.0,0.0,1,2025-11-01 08:32:20.102174
2,2025-01-27 09:00:27,2025-01-27 09:07:43,N,1.0,74,41,1.0,1.18,9.3,0.0,0.5,2.0,0.0,,1.0,12.8,1.0,1.0,0.0,0.0,1,2025-11-01 08:32:20.102174
2,2025-01-27 09:57:02,2025-01-27 10:06:53,N,1.0,74,166,1.0,1.73,11.4,0.0,0.5,1.5,0.0,,1.0,14.4,1.0,1.0,0.0,0.0,1,2025-11-01 08:32:20.102174
2,2025-01-27 09:01:00,2025-01-27 09:01:18,N,5.0,25,25,1.0,0.0,10.0,0.0,0.0,0.0,0.0,,1.0,11.0,1.0,2.0,0.0,0.0,1,2025-11-01 08:32:20.102174
2,2025-01-27 09:03:25,2025-01-27 09:11:47,N,1.0,74,43,1.0,1.36,10.0,0.0,0.5,0.0,0.0,,1.0,11.5,2.0,1.0,0.0,0.0,1,2025-11-01 08:32:20.102174
1,2025-01-27 09:19:52,2025-01-27 09:53:25,N,1.0,89,39,1.0,0.0,22.5,0.0,1.5,0.0,0.0,,1.0,24.0,1.0,1.0,0.0,0.0,1,2025-11-01 08:32:20.102174
2,2025-01-27 09:06:28,2025-01-27 09:16:31,N,1.0,74,166,1.0,1.42,10.7,0.0,0.5,1.5,0.0,,1.0,13.7,1.0,1.0,0.0,0.0,1,2025-11-01 08:32:20.102174
2,2025-01-27 09:03:40,2025-01-27 09:11:53,N,1.0,74,75,1.0,1.37,10.0,0.0,0.5,2.3,0.0,,1.0,13.8,1.0,1.0,0.0,0.0,1,2025-11-01 08:32:20.102174
2,2025-01-27 09:58:15,2025-01-27 10:09:43,N,1.0,74,116,1.0,1.88,12.8,0.0,0.5,2.86,0.0,,1.0,17.16,1.0,1.0,0.0,0.0,1,2025-11-01 08:32:20.102174
1,2025-01-27 09:19:08,2025-01-27 09:27:38,N,1.0,74,41,1.0,1.3,10.0,0.0,1.5,1.5,0.0,,1.0,13.0,1.0,1.0,0.0,0.0,1,2025-11-01 08:32:20.102174
2,2025-01-27 09:10:25,2025-01-27 09:27:39,N,1.0,74,236,1.0,2.43,17.0,0.0,0.5,1.0,0.0,,1.0,22.25,1.0,1.0,2.75,0.0,1,2025-11-01 08:32:20.102174
2,2025-01-27 09:17:40,2025-01-27 09:48:43,N,5.0,65,161,1.0,7.17,45.0,0.0,0.0,14.85,0.0,,1.0,64.35,1.0,2.0,2.75,0.75,1,2025-11-01 08:32:20.102174
2,2025-01-27 09:39:58,2025-01-27 09:48:52,N,1.0,74,236,1.0,1.91,10.7,0.0,0.5,0.0,0.0,,1.0,14.95,2.0,1.0,2.75,0.0,1,2025-11-01 08:32:20.102174
2,2025-01-27 09:35:11,2025-01-27 09:50:08,N,1.0,74,262,1.0,2.75,16.3,0.0,0.5,2.5,0.0,,1.0,23.05,1.0,1.0,2.75,0.0,1,2025-11-01 08:32:20.102174
2,2025-01-27 09:35:08,2025-01-27 09:48:13,N,1.0,74,166,1.0,1.6,12.8,0.0,0.5,3.58,0.0,,1.0,17.88,1.0,1.0,0.0,0.0,1,2025-11-01 08:32:20.102174
2,2025-01-27 09:46:07,2025-01-27 10:04:20,N,1.0,74,75,1.0,1.88,17.0,0.0,0.5,3.7,0.0,,1.0,22.2,1.0,1.0,0.0,0.0,1,2025-11-01 08:32:20.102174
2,2025-01-27 09:53:25,2025-01-27 10:01:41,N,1.0,43,74,1.0,1.6,10.7,0.0,0.5,0.0,0.0,,1.0,12.2,2.0,1.0,0.0,0.0,1,2025-11-01 08:32:20.102174
2,2025-01-27 07:46:56,2025-01-27 07:55:16,N,1.0,74,75,1.0,1.41,10.0,0.0,0.5,1.0,0.0,,1.0,12.5,1.0,1.0,0.0,0.0,1,2025-11-01 08:32:20.102174
2,2025-01-27 09:09:31,2025-01-27 09:21:10,N,1.0,74,166,1.0,1.61,12.1,0.0,0.5,0.0,0.0,,1.0,13.6,1.0,1.0,0.0,0.0,1,2025-11-01 08:32:20.102174
2,2025-01-27 09:27:21,2025-01-27 09:36:06,N,1.0,75,75,2.0,0.83,9.3,0.0,0.5,2.16,0.0,,1.0,12.96,1.0,1.0,0.0,0.0,1,2025-11-01 08:32:20.102174
2,2025-01-27 08:41:03,2025-01-27 09:03:41,N,1.0,129,73,1.0,7.73,34.5,0.0,0.5,0.0,0.0,,1.0,36.0,2.0,1.0,0.0,0.0,1,2025-11-01 08:32:20.102174
2,2025-01-27 09:03:54,2025-01-27 09:13:27,N,1.0,74,43,1.0,1.38,10.7,0.0,0.5,2.44,0.0,,1.0,14.64,1.0,1.0,0.0,0.0,1,2025-11-01 08:32:20.102174
2,2025-01-27 09:14:55,2025-01-27 09:19:44,N,1.0,43,238,1.0,1.0,7.2,0.0,0.5,0.01,0.0,,1.0,11.46,1.0,1.0,2.75,0.0,1,2025-11-01 08:32:20.102174
2,2025-01-27 09:14:23,2025-01-27 09:39:18,N,1.0,74,239,1.0,3.5,23.3,0.0,0.5,0.0,0.0,,1.0,27.55,2.0,1.0,2.75,0.0,1,2025-11-01 08:32:20.102174
2,2025-01-27 09:40:15,2025-01-27 09:54:50,N,1.0,74,236,1.0,2.1,14.2,0.0,0.5,1.0,0.0,,1.0,19.45,1.0,1.0,2.75,0.0,1,2025-11-01 08:32:20.102174
2,2025-01-27 09:37:42,2025-01-27 09:56:22,N,1.0,74,237,1.0,2.83,18.4,0.0,0.5,4.53,0.0,,1.0,27.18,1.0,1.0,2.75,0.0,1,2025-11-01 08:32:20.102174
2,2025-01-27 09:29:22,2025-01-27 09:42:07,N,1.0,74,236,1.0,2.2,14.2,0.0,0.5,2.77,0.0,,1.0,21.22,1.0,1.0,2.75,0.0,1,2025-11-01 08:32:20.102174
2,2025-01-27 09:51:34,2025-01-27 09:59:31,N,1.0,75,236,1.0,1.14,8.6,0.0,0.5,1.93,0.0,,1.0,14.78,1.0,1.0,2.75,0.0,1,2025-11-01 08:32:20.102174
2,2025-01-27 08:57:55,2025-01-27 09:40:22,N,1.0,42,231,1.0,10.19,49.2,0.0,0.5,0.0,0.0,,1.0,54.2,2.0,1.0,2.75,0.75,1,2025-11-01 08:32:20.102174
1,2025-01-27 09:12:53,2025-01-27 09:17:26,N,1.0,166,238,1.0,1.0,7.2,2.75,1.5,1.0,0.0,,1.0,12.45,1.0,1.0,2.75,0.0,1,2025-11-01 08:32:20.102174
1,2025-01-27 09:17:22,2025-01-27 09:37:40,N,1.0,77,258,1.0,0.0,22.5,0.0,1.5,0.0,0.0,,1.0,24.0,1.0,1.0,0.0,0.0,1,2025-11-01 08:32:20.102174
1,2025-01-27 09:25:57,2025-01-27 09:36:24,N,1.0,74,75,0.0,1.5,11.4,0.0,1.5,2.55,0.0,,1.0,15.45,1.0,1.0,0.0,0.0,1,2025-11-01 08:32:20.102174
2,2025-01-27 09:14:08,2025-01-27 09:20:07,N,1.0,166,151,1.0,1.03,8.6,0.0,0.5,2.02,0.0,,1.0,12.12,1.0,1.0,0.0,0.0,1,2025-11-01 08:32:20.102174
2,2025-01-27 09:33:47,2025-01-27 09:41:33,N,1.0,166,41,1.0,1.13,9.3,0.0,0.5,2.16,0.0,,1.0,12.96,1.0,1.0,0.0,0.0,1,2025-11-01 08:32:20.102174
2,2025-01-27 09:20:41,2025-01-27 09:27:46,N,1.0,42,41,1.0,0.9,7.2,0.0,0.5,0.0,0.0,,1.0,8.7,2.0,1.0,0.0,0.0,1,2025-11-01 08:32:20.102174
2,2025-01-27 09:46:31,2025-01-27 09:54:58,N,1.0,166,238,1.0,1.36,10.0,0.0,0.5,2.85,0.0,,1.0,17.1,1.0,1.0,2.75,0.0,1,2025-11-01 08:32:20.102174
2,2025-01-27 09:04:01,2025-01-27 09:16:36,N,1.0,74,166,2.0,2.15,14.2,0.0,0.5,3.14,0.0,,1.0,18.84,1.0,1.0,0.0,0.0,1,2025-11-01 08:32:20.102174
2,2025-01-27 09:42:11,2025-01-27 09:51:47,N,1.0,74,75,2.0,1.44,10.7,0.0,0.5,3.05,0.0,,1.0,15.25,1.0,1.0,0.0,0.0,1,2025-11-01 08:32:20.102174
2,2025-01-27 09:39:43,2025-01-27 09:57:29,N,1.0,74,238,1.0,2.82,18.4,0.0,0.5,2.0,0.0,,1.0,21.9,1.0,1.0,0.0,0.0,1,2025-11-01 08:32:20.102174
2,2025-01-27 09:24:51,2025-01-27 09:40:16,N,1.0,41,236,1.0,2.8,17.0,0.0,0.5,2.0,0.0,,1.0,23.25,1.0,1.0,2.75,0.0,1,2025-11-01 08:32:20.102174
2,2025-01-27 09:26:12,2025-01-27 09:35:37,N,1.0,74,75,1.0,1.18,10.0,0.0,0.5,2.07,0.0,,1.0,13.57,1.0,1.0,0.0,0.0,1,2025-11-01 08:32:20.102174
1,2025-01-27 09:01:54,2025-01-27 09:16:09,N,1.0,65,49,2.0,1.6,12.1,0.0,1.5,3.4,0.0,,1.0,17.0,1.0,1.0,0.0,0.0,1,2025-11-01 08:32:20.102174
2,2025-01-27 09:04:00,2025-01-27 09:19:49,N,1.0,74,75,1.0,1.35,14.2,0.0,0.5,3.14,0.0,,1.0,18.84,1.0,1.0,0.0,0.0,1,2025-11-01 08:32:20.102174
2,2025-01-27 09:20:51,2025-01-27 09:31:12,N,1.0,56,92,3.0,2.53,13.5,0.0,0.5,0.0,0.0,,1.0,15.0,2.0,1.0,0.0,0.0,1,2025-11-01 08:32:20.102174
2,2025-01-27 09:16:21,2025-01-27 09:25:42,N,1.0,43,236,1.0,1.16,10.0,0.0,0.5,2.85,0.0,,1.0,17.1,1.0,1.0,2.75,0.0,1,2025-11-01 08:32:20.102174
2,2025-01-27 09:32:36,2025-01-27 09:47:59,N,1.0,74,238,1.0,2.7,16.3,0.0,0.5,0.0,0.0,,1.0,20.55,1.0,1.0,2.75,0.0,1,2025-11-01 08:32:20.102174
2,2025-01-27 09:44:40,2025-01-27 09:59:57,N,1.0,74,166,1.0,1.99,14.9,0.0,0.5,4.1,0.0,,1.0,20.5,1.0,1.0,0.0,0.0,1,2025-11-01 08:32:20.102174
1,2025-01-27 10:28:11,2025-01-27 10:29:48,N,1.0,145,145,0.0,0.0,3.7,0.0,1.5,0.0,0.0,,1.0,5.2,2.0,1.0,0.0,0.0,1,2025-11-01 08:32:20.102174
1,2025-01-27 10:36:26,2025-01-27 10:37:16,N,1.0,145,145,0.0,0.0,3.0,0.0,1.5,0.0,0.0,,1.0,4.5,2.0,1.0,0.0,0.0,1,2025-11-01 08:32:20.102174
1,2025-01-27 10:41:57,2025-01-27 10:52:36,N,1.0,145,145,1.0,1.5,10.0,0.0,1.5,0.0,0.0,,1.0,11.5,2.0,1.0,0.0,0.0,1,2025-11-01 08:32:20.102174
2,2025-01-27 10:48:41,2025-01-27 10:53:03,N,1.0,75,237,1.0,1.25,7.2,0.0,0.5,0.0,0.0,,1.0,11.45,2.0,1.0,2.75,0.0,1,2025-11-01 08:32:20.102174
2,2025-01-27 10:32:31,2025-01-27 10:49:51,N,1.0,134,92,1.0,3.64,21.9,0.0,0.5,0.0,0.0,,1.0,23.4,2.0,1.0,0.0,0.0,1,2025-11-01 08:32:20.102174
2,2025-01-27 11:01:47,2025-01-27 11:01:49,N,5.0,215,264,1.0,0.0,14.0,0.0,0.0,4.5,0.0,,1.0,19.5,1.0,2.0,0.0,0.0,1,2025-11-01 08:32:20.102174
2,2025-01-27 10:18:48,2025-01-27 10:34:10,N,1.0,65,181,1.0,1.02,14.2,0.0,0.5,3.14,0.0,,1.0,18.84,1.0,1.0,0.0,0.0,1,2025-11-01 08:32:20.102174
2,2025-01-27 10:56:41,2025-01-27 11:08:38,N,1.0,97,181,1.0,1.59,12.1,0.0,0.5,4.08,0.0,,1.0,17.68,1.0,1.0,0.0,0.0,1,2025-11-01 08:32:20.102174
2,2025-01-27 10:28:10,2025-01-27 11:09:25,N,2.0,74,132,1.0,17.48,70.0,0.0,0.5,0.08,6.94,,1.0,78.52,1.0,1.0,0.0,0.0,1,2025-11-01 08:32:20.102174
1,2025-01-27 10:55:56,2025-01-27 11:12:25,N,1.0,264,123,1.0,0.0,22.5,0.0,1.5,0.0,0.0,,1.0,24.0,1.0,1.0,0.0,0.0,1,2025-11-01 08:32:20.102174
2,2025-01-27 10:43:52,2025-01-27 11:02:42,N,1.0,42,262,1.0,3.38,20.5,0.0,0.5,4.95,0.0,,1.0,29.7,1.0,1.0,2.75,0.0,1,2025-11-01 08:32:20.102174
1,2025-01-27 10:05:37,2025-01-27 10:15:06,N,1.0,74,42,1.0,1.8,10.7,0.0,1.5,1.8,0.0,,1.0,14.0,1.0,1.0,0.0,0.0,1,2025-11-01 08:32:20.102174
1,2025-01-27 10:38:45,2025-01-27 10:45:06,N,1.0,74,75,1.0,1.2,7.9,0.0,1.5,0.0,0.0,,1.0,9.4,2.0,1.0,0.0,0.0,1,2025-11-01 08:32:20.102174
2,2025-01-27 10:47:15,2025-01-27 11:02:24,N,1.0,74,237,1.0,3.09,17.0,0.0,0.5,5.31,0.0,,1.0,26.56,1.0,1.0,2.75,0.0,1,2025-11-01 08:32:20.102174
2,2025-01-27 10:12:35,2025-01-27 10:24:50,N,1.0,74,236,1.0,1.79,12.8,0.0,0.5,2.86,0.0,,1.0,17.16,1.0,1.0,0.0,0.0,1,2025-11-01 08:32:20.102174
2,2025-01-27 10:07:01,2025-01-27 10:13:19,N,1.0,74,41,1.0,0.84,7.9,0.0,0.5,1.88,0.0,,1.0,11.28,1.0,1.0,0.0,0.0,1,2025-11-01 08:32:20.102174
2,2025-01-27 10:28:10,2025-01-27 10:38:36,N,1.0,74,41,1.0,1.53,11.4,0.0,0.5,3.87,0.0,,1.0,16.77,1.0,1.0,0.0,0.0,1,2025-11-01 08:32:20.102174
2,2025-01-27 10:34:42,2025-01-27 10:40:18,N,1.0,75,236,1.0,1.0,7.9,0.0,0.5,2.43,0.0,,1.0,14.58,1.0,1.0,2.75,0.0,1,2025-11-01 08:32:20.102174
1,2025-01-27 10:22:34,2025-01-27 10:33:38,N,1.0,75,239,1.0,2.2,13.5,2.75,1.5,2.0,0.0,,1.0,19.75,1.0,1.0,2.75,0.0,1,2025-11-01 08:32:20.102174
1,2025-01-27 10:08:10,2025-01-27 10:18:04,N,1.0,166,239,1.0,2.0,12.1,2.75,1.5,4.05,0.0,,1.0,20.4,1.0,1.0,2.75,0.0,1,2025-11-01 08:32:20.102174
2,2025-01-27 10:25:39,2025-01-27 11:06:36,N,1.0,41,97,1.0,11.91,56.2,0.0,0.5,0.0,0.0,,1.0,60.45,2.0,1.0,2.75,0.0,1,2025-11-01 08:32:20.102174
2,2025-01-27 10:28:07,2025-01-27 10:45:19,N,1.0,74,69,2.0,2.59,17.7,0.0,0.5,0.0,0.0,,1.0,19.2,2.0,1.0,0.0,0.0,1,2025-11-01 08:32:20.102174
1,2025-01-27 10:31:23,2025-01-27 10:39:08,N,1.0,219,218,1.0,0.0,15.5,0.0,1.5,0.0,0.0,,1.0,17.0,1.0,1.0,0.0,0.0,1,2025-11-01 08:32:20.102174
2,2025-01-27 10:13:07,2025-01-27 10:18:26,N,1.0,236,236,1.0,0.83,7.2,0.0,0.5,2.29,0.0,,1.0,13.74,1.0,1.0,2.75,0.0,1,2025-11-01 08:32:20.102174
2,2025-01-27 10:57:15,2025-01-27 11:13:53,N,1.0,75,162,1.0,2.37,17.0,0.0,0.5,1.5,0.0,,1.0,23.5,1.0,1.0,2.75,0.75,1,2025-11-01 08:32:20.102174
2,2025-01-27 07:08:26,2025-01-28 06:20:51,N,1.0,74,151,1.0,2.32,13.5,0.0,0.5,3.0,0.0,,1.0,18.0,1.0,1.0,0.0,0.0,1,2025-11-01 08:32:20.102174
2,2025-01-27 10:15:56,2025-01-27 10:27:23,N,1.0,166,142,5.0,2.97,14.9,0.0,0.5,0.0,0.0,,1.0,19.15,2.0,1.0,2.75,0.0,1,2025-11-01 08:32:20.102174
2,2025-01-27 10:05:40,2025-01-27 10:18:02,N,1.0,82,138,1.0,2.63,15.6,5.0,0.5,0.0,0.0,,1.0,22.1,2.0,1.0,0.0,0.0,1,2025-11-01 08:32:20.102174
2,2025-01-27 10:35:53,2025-01-27 10:42:06,N,1.0,82,129,1.0,0.95,7.9,0.0,0.5,2.35,0.0,,1.0,11.75,1.0,1.0,0.0,0.0,1,2025-11-01 08:32:20.102174
2,2025-01-27 10:19:48,2025-01-27 10:26:47,N,1.0,95,95,1.0,1.4,9.3,0.0,0.5,0.0,0.0,,1.0,10.8,2.0,1.0,0.0,0.0,1,2025-11-01 08:32:20.102174
2,2025-01-27 10:49:00,2025-01-27 11:00:11,N,1.0,95,160,1.0,2.32,13.5,0.0,0.5,0.0,0.0,,1.0,15.0,2.0,1.0,0.0,0.0,1,2025-11-01 08:32:20.102174
1,2025-01-27 10:14:11,2025-01-27 10:33:06,Y,1.0,248,42,1.0,0.0,26.5,0.0,1.5,0.0,0.0,,1.0,28.0,1.0,1.0,0.0,0.0,1,2025-11-01 08:32:20.102174
1,2025-01-27 10:51:31,2025-01-27 11:19:50,N,1.0,42,107,1.0,0.0,29.5,0.0,1.5,0.0,0.0,,1.0,31.0,1.0,1.0,0.0,0.0,1,2025-11-01 08:32:20.102174
2,2025-01-27 10:07:48,2025-01-27 10:30:14,N,1.0,74,142,1.0,3.9,22.6,0.0,0.5,6.71,0.0,,1.0,33.56,1.0,1.0,2.75,0.0,1,2025-11-01 08:32:20.102174
2,2025-01-27 10:24:55,2025-01-27 10:33:01,N,1.0,82,129,1.0,2.03,12.1,0.0,0.5,3.4,0.0,,1.0,17.0,1.0,1.0,0.0,0.0,1,2025-11-01 08:32:20.102174
2,2025-01-27 10:39:57,2025-01-27 11:01:14,N,1.0,244,142,1.0,5.81,29.6,0.0,0.5,8.46,0.0,,1.0,42.31,1.0,1.0,2.75,0.0,1,2025-11-01 08:32:20.102174
1,2025-01-27 10:03:52,2025-01-27 10:11:59,N,1.0,74,43,1.0,1.4,8.6,0.0,1.5,2.0,0.0,,1.0,12.1,1.0,1.0,0.0,0.0,1,2025-11-01 08:32:20.102174
1,2025-01-27 10:20:30,2025-01-27 10:25:37,N,1.0,75,74,1.0,1.0,7.2,0.0,1.5,0.0,0.0,,1.0,8.7,2.0,1.0,0.0,0.0,1,2025-11-01 08:32:20.102174
2,2025-01-27 10:31:14,2025-01-27 10:41:19,N,1.0,74,236,1.0,2.08,12.1,0.0,0.5,1.64,0.0,,1.0,17.99,1.0,1.0,2.75,0.0,1,2025-11-01 08:32:20.102174
2,2025-01-27 10:26:04,2025-01-27 10:41:28,N,1.0,95,135,1.0,2.03,15.6,0.0,0.5,0.0,0.0,,1.0,17.1,2.0,1.0,0.0,0.0,1,2025-11-01 08:32:20.102174
2,2025-01-27 10:25:08,2025-01-27 10:37:06,N,1.0,129,129,2.0,1.4,12.1,0.0,0.5,0.0,0.0,,1.0,13.6,2.0,1.0,0.0,0.0,1,2025-11-01 08:32:20.102174
2,2025-01-27 10:43:20,2025-01-27 10:52:56,N,1.0,129,129,1.0,1.33,10.7,0.0,0.5,0.0,0.0,,1.0,12.2,2.0,1.0,0.0,0.0,1,2025-11-01 08:32:20.102174
2,2025-01-27 09:59:26,2025-01-27 10:14:29,N,1.0,74,166,1.0,1.78,14.2,0.0,0.5,0.78,0.0,,1.0,16.48,1.0,1.0,0.0,0.0,1,2025-11-01 08:32:20.102174
2,2025-01-27 10:11:25,2025-01-27 11:12:59,N,1.0,244,17,1.0,16.66,78.6,0.0,0.5,0.0,0.0,,1.0,83.6,2.0,1.0,2.75,0.75,1,2025-11-01 08:32:20.102174
2,2025-01-27 10:54:59,2025-01-27 10:59:27,N,1.0,74,75,1.0,0.93,7.2,0.0,0.5,1.74,0.0,,1.0,10.44,1.0,1.0,0.0,0.0,1,2025-11-01 08:32:20.102174
2,2025-01-27 10:38:00,2025-01-27 10:58:24,N,1.0,75,140,1.0,2.21,18.4,0.0,0.5,4.53,0.0,,1.0,27.18,1.0,1.0,2.75,0.0,1,2025-11-01 08:32:20.102174
2,2025-01-27 10:13:37,2025-01-27 10:33:10,N,1.0,244,239,2.0,5.58,27.5,0.0,0.5,6.35,0.0,,1.0,38.1,1.0,1.0,2.75,0.0,1,2025-11-01 08:32:20.102174
2,2025-01-27 10:42:54,2025-01-27 10:52:20,N,1.0,95,28,1.0,1.63,11.4,0.0,0.5,3.87,0.0,,1.0,16.77,1.0,1.0,0.0,0.0,1,2025-11-01 08:32:20.102174
2,2025-01-27 10:19:39,2025-01-27 10:35:32,N,1.0,74,233,1.0,5.11,24.0,0.0,0.5,5.8,0.0,,1.0,34.8,1.0,1.0,2.75,0.75,1,2025-11-01 08:32:20.102174
1,2025-01-27 10:11:28,2025-01-27 10:40:11,N,1.0,101,258,1.0,0.0,36.5,0.0,1.5,0.0,0.0,,1.0,38.0,1.0,1.0,0.0,0.0,1,2025-11-01 08:32:20.102174
2,2025-01-27 10:33:01,2025-01-27 10:35:48,N,1.0,166,152,1.0,0.14,4.4,0.0,0.5,0.0,0.0,,1.0,5.9,2.0,1.0,0.0,0.0,1,2025-11-01 08:32:20.102174
2,2025-01-27 10:07:07,2025-01-27 10:15:24,N,1.0,74,43,1.0,1.51,10.0,0.0,0.5,2.3,0.0,,1.0,13.8,1.0,1.0,0.0,0.0,1,2025-11-01 08:32:20.102174
2,2025-01-27 10:11:22,2025-01-27 10:16:17,N,1.0,75,75,1.0,0.48,6.5,0.0,0.5,0.0,0.0,,1.0,8.0,2.0,1.0,0.0,0.0,1,2025-11-01 08:32:20.102174
2,2025-01-27 10:15:13,2025-01-27 10:31:52,N,1.0,43,141,6.0,2.04,16.3,0.0,0.5,4.11,0.0,,1.0,24.66,1.0,1.0,2.75,0.0,1,2025-11-01 08:32:20.102174
2,2025-01-27 10:29:02,2025-01-27 10:35:23,N,1.0,74,236,1.0,1.93,10.0,0.0,0.5,0.0,0.0,,1.0,14.25,2.0,1.0,2.75,0.0,1,2025-11-01 08:32:20.102174
2,2025-01-27 10:32:33,2025-01-27 10:39:09,N,1.0,130,215,1.0,0.75,6.5,0.0,0.5,0.0,0.0,,1.0,8.0,2.0,1.0,0.0,0.0,1,2025-11-01 08:32:20.102174
2,2025-01-27 10:02:24,2025-01-27 10:13:32,N,1.0,74,166,1.0,1.6,12.1,0.0,0.5,2.72,0.0,,1.0,16.32,1.0,1.0,0.0,0.0,1,2025-11-01 08:32:20.102174
2,2025-01-27 10:29:48,2025-01-27 10:43:38,N,1.0,74,237,1.0,2.67,15.6,0.0,0.5,3.97,0.0,,1.0,23.82,1.0,1.0,2.75,0.0,1,2025-11-01 08:32:20.102174
1,2025-01-27 10:49:24,2025-01-27 11:34:22,N,1.0,55,28,1.0,0.0,49.5,0.0,1.5,0.0,0.0,,1.0,51.0,1.0,1.0,0.0,0.0,1,2025-11-01 08:32:20.102174
2,2025-01-27 11:07:23,2025-01-27 11:17:16,N,1.0,14,22,1.0,1.93,12.1,0.0,0.5,0.0,0.0,,1.0,13.6,2.0,1.0,0.0,0.0,1,2025-11-01 08:32:20.102174
2,2025-01-27 10:04:52,2025-01-27 10:17:55,N,1.0,74,238,1.0,2.68,14.9,0.0,0.5,3.83,0.0,,1.0,22.98,1.0,1.0,2.75,0.0,1,2025-11-01 08:32:20.102174
2,2025-01-27 10:38:52,2025-01-27 10:50:01,N,1.0,75,166,1.0,2.14,12.8,0.0,0.5,0.0,0.0,,1.0,14.3,2.0,1.0,0.0,0.0,1,2025-11-01 08:32:20.102174
2,2025-01-27 10:14:42,2025-01-27 10:30:46,N,1.0,65,181,1.0,2.35,16.3,0.0,0.5,4.45,0.0,,1.0,22.25,1.0,1.0,0.0,0.0,1,2025-11-01 08:32:20.102174
1,2025-01-27 10:55:17,2025-01-27 11:05:07,N,1.0,129,138,1.0,3.8,17.0,5.0,1.5,0.0,0.0,,1.0,23.5,1.0,1.0,0.0,0.0,1,2025-11-01 08:32:20.102174
1,2025-01-27 10:41:08,2025-01-27 10:47:58,N,1.0,210,210,1.0,0.0,15.5,0.0,1.5,0.0,0.0,,1.0,17.0,1.0,1.0,0.0,0.0,1,2025-11-01 08:32:20.102174
1,2025-01-27 10:07:31,2025-01-27 10:23:42,N,1.0,74,238,1.0,2.9,18.4,2.75,1.5,0.0,0.0,,1.0,22.65,2.0,1.0,2.75,0.0,1,2025-11-01 08:32:20.102174
2,2025-01-27 10:01:48,2025-01-27 10:20:08,N,1.0,121,121,2.0,5.17,24.7,0.0,0.5,0.0,0.0,,1.0,26.2,2.0,1.0,0.0,0.0,1,2025-11-01 08:32:20.102174
2,2025-01-27 10:28:21,2025-01-27 11:36:34,N,1.0,95,132,1.0,9.86,62.5,0.0,0.5,0.0,0.0,,1.0,64.0,2.0,1.0,0.0,0.0,1,2025-11-01 08:32:20.102174
2,2025-01-27 10:02:13,2025-01-27 10:05:35,N,1.0,74,75,1.0,0.81,6.5,0.0,0.5,1.0,0.0,,1.0,9.0,1.0,1.0,0.0,0.0,1,2025-11-01 08:32:20.102174
2,2025-01-27 10:33:19,2025-01-27 10:54:35,N,5.0,65,138,1.0,10.55,50.0,5.0,0.0,11.2,0.0,,1.0,67.2,1.0,2.0,0.0,0.0,1,2025-11-01 08:32:20.102174
1,2025-01-27 10:09:54,2025-01-27 10:26:32,N,1.0,218,19,1.0,0.0,29.5,0.0,1.5,0.0,0.0,,1.0,31.0,1.0,1.0,0.0,0.0,1,2025-11-01 08:32:20.102174
2,2025-01-27 10:01:53,2025-01-27 10:12:53,N,1.0,43,74,5.0,1.46,12.1,0.0,0.5,2.72,0.0,,1.0,16.32,1.0,1.0,0.0,0.0,1,2025-11-01 08:32:20.102174
2,2025-01-27 10:16:59,2025-01-27 10:33:17,N,1.0,75,236,5.0,1.3,14.9,0.0,0.5,88.0,0.0,,1.0,107.15,1.0,1.0,2.75,0.0,1,2025-11-01 08:32:20.102174
2,2025-01-27 10:47:36,2025-01-27 11:04:03,N,1.0,43,143,5.0,2.7,17.0,0.0,0.5,4.25,0.0,,1.0,25.5,1.0,1.0,2.75,0.0,1,2025-11-01 08:32:20.102174
2,2025-01-27 10:32:38,2025-01-27 10:43:09,N,1.0,74,166,1.0,1.34,11.4,0.0,0.5,0.0,0.0,,1.0,12.9,2.0,1.0,0.0,0.0,1,2025-11-01 08:32:20.102174
2,2025-01-27 10:33:45,2025-01-27 10:43:12,N,1.0,74,43,1.0,1.41,10.7,0.0,0.5,0.0,0.0,,1.0,12.2,1.0,1.0,0.0,0.0,1,2025-11-01 08:32:20.102174
2,2025-01-27 10:44:27,2025-01-27 11:04:56,N,1.0,43,161,1.0,2.66,19.8,0.0,0.5,4.96,0.0,,1.0,29.76,1.0,1.0,2.75,0.75,1,2025-11-01 08:32:20.102174
2,2025-01-27 10:15:47,2025-01-27 10:22:21,N,1.0,74,75,1.0,1.39,8.6,0.0,0.5,2.52,0.0,,1.0,12.62,1.0,1.0,0.0,0.0,1,2025-11-01 08:32:20.102174
2,2025-01-27 10:30:29,2025-01-27 10:40:00,N,1.0,43,142,1.0,2.12,12.1,0.0,0.5,3.27,0.0,,1.0,19.62,1.0,1.0,2.75,0.0,1,2025-11-01 08:32:20.102174
2,2025-01-27 10:41:43,2025-01-27 10:53:45,N,1.0,95,138,3.0,5.3,22.6,5.0,0.5,0.0,0.0,,1.0,29.1,2.0,1.0,0.0,0.0,1,2025-11-01 08:32:20.102174
2,2025-01-27 08:32:11,2025-01-27 08:41:52,N,1.0,74,236,1.0,1.92,12.1,0.0,0.5,3.27,0.0,,1.0,19.62,1.0,1.0,2.75,0.0,1,2025-11-01 08:32:20.102174
2,2025-01-27 10:25:41,2025-01-27 10:33:38,N,1.0,74,236,1.0,1.77,10.0,0.0,0.5,2.85,0.0,,1.0,17.1,1.0,1.0,2.75,0.0,1,2025-11-01 08:32:20.102174
2,2025-01-27 10:51:51,2025-01-27 11:06:51,N,1.0,75,116,1.0,2.51,15.6,0.0,0.5,3.42,0.0,,1.0,20.52,1.0,1.0,0.0,0.0,1,2025-11-01 08:32:20.102174
2,2025-01-27 10:24:10,2025-01-27 10:32:58,N,1.0,42,74,1.0,1.36,10.7,0.0,0.5,2.44,0.0,,1.0,14.64,1.0,1.0,0.0,0.0,1,2025-11-01 08:32:20.102174
2,2025-01-27 09:57:00,2025-01-27 10:07:27,N,1.0,129,7,1.0,2.57,14.2,0.0,0.5,0.0,0.0,,1.0,15.7,1.0,1.0,0.0,0.0,1,2025-11-01 08:32:20.102174
2,2025-01-27 10:46:25,2025-01-27 11:15:28,N,1.0,74,237,1.0,3.43,25.4,0.0,0.5,6.08,0.0,,1.0,36.48,1.0,1.0,2.75,0.75,1,2025-11-01 08:32:20.102174
2,2025-01-27 10:11:42,2025-01-27 10:16:59,N,1.0,41,152,1.0,0.7,7.2,0.0,0.5,0.0,0.0,,1.0,8.7,2.0,1.0,0.0,0.0,1,2025-11-01 08:32:20.102174
2,2025-01-27 10:48:15,2025-01-27 11:01:53,N,1.0,74,236,1.0,1.98,14.2,0.0,0.5,4.61,0.0,,1.0,23.06,1.0,1.0,2.75,0.0,1,2025-11-01 08:32:20.102174
2,2025-01-27 10:47:56,2025-01-27 11:02:43,N,1.0,74,138,1.0,6.83,28.2,5.0,0.5,8.33,6.94,,1.0,49.97,1.0,1.0,0.0,0.0,1,2025-11-01 08:32:20.102174
2,2025-01-27 10:27:07,2025-01-27 10:37:26,N,1.0,74,152,1.0,1.4,11.4,0.0,0.5,2.58,0.0,,1.0,15.48,1.0,1.0,0.0,0.0,1,2025-11-01 08:32:20.102174
2,2025-01-27 10:54:34,2025-01-27 11:11:29,N,1.0,166,42,1.0,2.36,17.7,0.0,0.5,3.84,0.0,,1.0,23.04,1.0,1.0,0.0,0.0,1,2025-11-01 08:32:20.102174
1,2025-01-27 10:13:32,2025-01-27 10:19:37,N,1.0,74,75,0.0,1.4,8.6,0.0,1.5,2.0,0.0,,1.0,12.1,1.0,1.0,0.0,0.0,1,2025-11-01 08:32:20.102174
2,2025-01-27 10:14:44,2025-01-27 10:25:00,N,1.0,244,42,1.0,1.97,12.8,0.0,0.5,0.0,0.0,,1.0,14.3,2.0,1.0,0.0,0.0,1,2025-11-01 08:32:20.102174
2,2025-01-27 10:30:10,2025-01-27 10:35:27,N,1.0,74,74,2.0,0.82,7.2,0.0,0.5,1.74,0.0,,1.0,10.44,1.0,1.0,0.0,0.0,1,2025-11-01 08:32:20.102174
2,2025-01-27 10:47:43,2025-01-27 11:04:48,N,1.0,74,262,2.0,2.78,17.7,0.0,0.5,4.39,0.0,,1.0,26.34,1.0,1.0,2.75,0.0,1,2025-11-01 08:32:20.102174
2,2025-01-27 10:06:10,2025-01-27 11:00:44,N,1.0,82,215,1.0,7.53,54.8,0.0,0.5,0.0,0.0,,1.0,56.3,2.0,1.0,0.0,0.0,1,2025-11-01 08:32:20.102174
2,2025-01-27 10:24:12,2025-01-27 10:36:12,N,1.0,95,135,1.0,1.97,13.5,0.0,0.5,0.0,0.0,,1.0,15.0,2.0,1.0,0.0,0.0,1,2025-11-01 08:32:20.102174
2,2025-01-27 10:23:30,2025-01-27 10:29:13,N,1.0,74,75,1.0,0.77,7.2,0.0,0.5,1.74,0.0,,1.0,10.44,1.0,1.0,0.0,0.0,1,2025-11-01 08:32:20.102174
2,2025-01-27 10:26:11,2025-01-27 10:39:01,N,1.0,74,238,1.0,2.53,14.9,0.0,0.5,4.72,0.0,,1.0,23.62,1.0,1.0,2.5,0.0,1,2025-11-01 08:32:20.102174
2,2025-01-27 10:03:59,2025-01-27 10:12:52,N,1.0,74,75,1.0,1.53,10.0,0.0,0.5,2.3,0.0,,1.0,13.8,1.0,1.0,0.0,0.0,1,2025-11-01 08:32:20.102174
2,2025-01-27 10:32:24,2025-01-27 10:45:40,N,1.0,74,236,1.0,2.57,14.9,0.0,0.5,0.0,0.0,,1.0,19.15,1.0,1.0,2.75,0.0,1,2025-11-01 08:32:20.102174
2,2025-01-27 10:01:24,2025-01-27 10:27:25,N,1.0,95,226,5.0,6.47,33.8,0.0,0.5,0.0,0.0,,1.0,35.3,2.0,1.0,0.0,0.0,1,2025-11-01 08:32:20.102174
2,2025-01-27 09:11:20,2025-01-27 09:30:10,N,1.0,129,7,1.0,3.51,19.8,0.0,0.5,1.0,0.0,,1.0,22.3,1.0,1.0,0.0,0.0,1,2025-11-01 08:32:20.102174
1,2025-01-27 11:23:06,2025-01-27 11:23:15,N,1.0,145,145,1.0,0.0,3.0,0.0,1.5,0.0,0.0,,1.0,4.5,2.0,1.0,0.0,0.0,1,2025-11-01 08:32:20.102174
2,2025-01-27 11:11:28,2025-01-27 11:21:20,N,1.0,75,236,1.0,0.88,10.0,0.0,0.5,4.28,0.0,,1.0,18.53,1.0,1.0,2.75,0.0,1,2025-11-01 08:32:20.102174
2,2025-01-27 11:41:58,2025-01-27 11:49:42,N,1.0,75,75,1.0,0.87,9.3,0.0,0.5,2.16,0.0,,1.0,12.96,1.0,1.0,0.0,0.0,1,2025-11-01 08:32:20.102174
2,2025-01-27 11:34:41,2025-01-27 12:47:46,N,1.0,83,265,1.0,21.51,99.6,0.0,0.5,0.0,0.0,,1.0,101.1,2.0,1.0,0.0,0.0,1,2025-11-01 08:32:20.102174
2,2025-01-27 11:42:31,2025-01-27 11:52:53,N,1.0,130,215,1.0,1.83,12.1,0.0,0.5,2.72,0.0,,1.0,16.32,1.0,1.0,0.0,0.0,1,2025-11-01 08:32:20.102174
2,2025-01-27 11:20:49,2025-01-27 11:27:23,N,1.0,75,166,1.0,1.19,8.6,0.0,0.5,2.02,0.0,,1.0,12.12,1.0,1.0,0.0,0.0,1,2025-11-01 08:32:20.102174
2,2025-01-27 11:25:00,2025-01-27 11:43:19,N,1.0,74,238,1.0,3.02,19.1,0.0,0.5,7.0,0.0,,1.0,30.35,1.0,1.0,2.75,0.0,1,2025-11-01 08:32:20.102174
2,2025-01-27 11:14:32,2025-01-27 11:37:58,N,1.0,244,142,1.0,5.88,30.3,0.0,0.5,8.64,0.0,,1.0,43.19,1.0,1.0,2.75,0.0,1,2025-11-01 08:32:20.102174
2,2025-01-27 11:49:12,2025-01-27 12:03:32,N,1.0,166,236,1.0,2.69,16.3,0.0,0.5,4.11,0.0,,1.0,24.66,1.0,1.0,2.75,0.0,1,2025-11-01 08:32:20.102174
2,2025-01-27 11:25:17,2025-01-27 12:04:19,N,1.0,75,80,1.0,7.87,41.5,0.0,0.5,10.69,6.94,,1.0,64.13,1.0,1.0,2.75,0.75,1,2025-11-01 08:32:20.102174
1,2025-01-27 11:06:23,2025-01-27 11:17:26,N,1.0,75,166,1.0,1.7,12.1,0.0,1.5,0.0,0.0,,1.0,13.6,2.0,1.0,0.0,0.0,1,2025-11-01 08:32:20.102174
2,2025-01-27 11:45:10,2025-01-27 11:51:16,N,1.0,75,151,1.0,1.28,8.6,0.0,0.5,0.0,0.0,,1.0,10.1,1.0,1.0,0.0,0.0,1,2025-11-01 08:32:20.102174
2,2025-01-27 06:44:18,2025-01-27 06:58:40,N,1.0,74,238,1.0,2.86,16.3,0.0,0.5,0.0,0.0,,1.0,20.55,2.0,1.0,2.75,0.0,1,2025-11-01 08:32:20.102174
2,2025-01-27 11:06:26,2025-01-27 11:26:12,N,1.0,65,89,2.0,4.02,22.6,0.0,0.5,0.0,0.0,,1.0,24.1,2.0,1.0,0.0,0.0,1,2025-11-01 08:32:20.102174
2,2025-01-27 11:41:59,2025-01-27 12:00:07,N,1.0,129,255,2.0,5.16,24.7,0.0,0.5,0.0,0.0,,1.0,26.2,2.0,1.0,0.0,0.0,1,2025-11-01 08:32:20.102174
2,2025-01-27 11:42:25,2025-01-27 12:05:03,N,1.0,74,239,1.0,3.43,22.6,0.0,0.5,2.5,0.0,,1.0,29.35,1.0,1.0,2.75,0.0,1,2025-11-01 08:32:20.102174
2,2025-01-27 11:17:02,2025-01-27 11:29:53,N,1.0,244,24,1.0,3.01,16.3,0.0,0.5,0.0,0.0,,1.0,17.8,2.0,1.0,0.0,0.0,1,2025-11-01 08:32:20.102174
2,2025-01-27 11:15:42,2025-01-27 11:43:14,N,1.0,134,132,1.0,6.14,30.3,0.0,0.5,6.36,0.0,,1.0,38.16,1.0,1.0,0.0,0.0,1,2025-11-01 08:32:20.102174
2,2025-01-27 11:43:08,2025-01-27 12:01:30,N,1.0,74,236,1.0,1.93,17.0,0.0,0.5,4.25,0.0,,1.0,25.5,1.0,1.0,2.75,0.0,1,2025-11-01 08:32:20.102174
2,2025-01-27 11:46:22,2025-01-27 12:08:24,N,1.0,244,263,1.0,7.28,33.1,0.0,0.5,5.6,0.0,,1.0,42.95,1.0,1.0,2.75,0.0,1,2025-11-01 08:32:20.102174
2,2025-01-27 11:46:53,2025-01-27 11:47:17,N,1.0,129,129,1.0,0.0,3.0,0.0,0.5,0.9,0.0,,1.0,5.4,1.0,1.0,0.0,0.0,1,2025-11-01 08:32:20.102174
2,2025-01-27 10:43:34,2025-01-27 10:49:45,N,1.0,43,43,1.0,1.12,8.6,0.0,0.5,2.08,0.0,,1.0,14.93,1.0,1.0,2.75,0.0,1,2025-11-01 08:32:20.102174
2,2025-01-27 11:09:56,2025-01-27 11:21:51,N,1.0,43,237,1.0,1.34,12.1,0.0,0.5,3.27,0.0,,1.0,19.62,1.0,1.0,2.75,0.0,1,2025-11-01 08:32:20.102174
2,2025-01-27 11:08:10,2025-01-27 11:22:12,N,1.0,244,152,1.0,2.53,16.3,0.0,0.5,3.56,0.0,,1.0,21.36,1.0,1.0,0.0,0.0,1,2025-11-01 08:32:20.102174
2,2025-01-27 11:58:19,2025-01-27 12:13:30,N,1.0,244,239,1.0,5.13,24.7,0.0,0.5,5.79,0.0,,1.0,34.74,1.0,1.0,2.75,0.0,1,2025-11-01 08:32:20.102174
2,2025-01-27 11:25:27,2025-01-27 11:44:31,N,1.0,43,162,1.0,2.68,19.1,0.0,0.5,2.41,0.0,,1.0,26.51,1.0,1.0,2.75,0.75,1,2025-11-01 08:32:20.102174
2,2025-01-27 11:34:49,2025-01-27 11:56:22,N,1.0,95,135,1.0,2.97,21.2,0.0,0.5,3.0,0.0,,1.0,25.7,1.0,1.0,0.0,0.0,1,2025-11-01 08:32:20.102174
1,2025-01-27 11:28:03,2025-01-27 12:01:37,N,1.0,63,170,1.0,0.0,38.5,0.0,1.5,0.0,6.94,,1.0,46.94,1.0,1.0,0.0,0.0,1,2025-11-01 08:32:20.102174
2,2025-01-27 11:39:35,2025-01-27 11:48:29,N,1.0,95,95,1.0,1.25,9.3,0.0,0.5,0.0,0.0,,1.0,10.8,2.0,1.0,0.0,0.0,1,2025-11-01 08:32:20.102174
2,2025-01-27 11:01:32,2025-01-27 11:09:56,N,1.0,226,260,2.0,0.87,9.3,0.0,0.5,0.0,0.0,,1.0,10.8,2.0,1.0,0.0,0.0,1,2025-11-01 08:32:20.102174
2,2025-01-27 11:50:37,2025-01-27 12:01:53,N,1.0,82,138,1.0,2.51,14.9,5.0,0.5,5.35,0.0,,1.0,26.75,1.0,1.0,0.0,0.0,1,2025-11-01 08:32:20.102174
2,2025-01-27 11:35:45,2025-01-27 11:41:51,N,1.0,74,75,1.0,1.35,8.6,0.0,0.5,0.85,0.0,,1.0,10.95,1.0,1.0,0.0,0.0,1,2025-11-01 08:32:20.102174
2,2025-01-27 11:11:25,2025-01-27 12:14:48,N,1.0,75,72,6.0,15.83,74.4,0.0,0.5,0.0,0.0,,1.0,78.65,2.0,1.0,2.75,0.0,1,2025-11-01 08:32:20.102174
2,2025-01-27 11:15:18,2025-01-27 11:32:09,N,1.0,75,140,1.0,2.04,17.0,0.0,0.5,4.25,0.0,,1.0,25.5,1.0,1.0,2.75,0.0,1,2025-11-01 08:32:20.102174
2,2025-01-27 10:57:37,2025-01-27 11:27:39,N,1.0,130,222,1.0,7.72,37.3,0.0,0.5,0.0,0.0,,1.0,38.8,1.0,1.0,0.0,0.0,1,2025-11-01 08:32:20.102174
1,2025-01-27 11:12:13,2025-01-27 11:29:05,N,1.0,74,262,1.0,2.3,16.3,2.75,1.5,1.11,0.0,,1.0,21.66,1.0,1.0,2.75,0.0,1,2025-11-01 08:32:20.102174
2,2025-01-27 11:40:28,2025-01-27 11:54:04,N,1.0,74,263,1.0,1.76,14.2,0.0,0.5,3.69,0.0,,1.0,22.14,1.0,1.0,2.75,0.0,1,2025-11-01 08:32:20.102174
2,2025-01-27 11:36:13,2025-01-27 11:50:14,N,1.0,97,34,1.0,1.76,13.5,0.0,0.5,0.0,0.0,,1.0,15.0,2.0,1.0,0.0,0.0,1,2025-11-01 08:32:20.102174
1,2025-01-27 11:45:08,2025-01-27 11:55:46,N,1.0,82,196,1.0,1.0,8.6,0.0,1.5,0.0,0.0,,1.0,10.1,2.0,1.0,0.0,0.0,1,2025-11-01 08:32:20.102174
1,2025-01-27 11:59:04,2025-01-27 12:28:32,N,1.0,71,181,1.0,0.0,22.5,0.0,1.5,0.0,0.0,,1.0,24.0,1.0,1.0,0.0,0.0,1,2025-11-01 08:32:20.102174
2,2025-01-27 11:46:55,2025-01-27 11:52:38,N,1.0,43,238,1.0,1.29,8.6,0.0,0.5,2.57,0.0,,1.0,15.42,1.0,1.0,2.75,0.0,1,2025-11-01 08:32:20.102174
2,2025-01-27 11:36:05,2025-01-27 11:41:55,N,1.0,74,75,1.0,1.35,8.6,0.0,0.5,2.02,0.0,,1.0,12.12,1.0,1.0,0.0,0.0,1,2025-11-01 08:32:20.102174
2,2025-01-27 11:08:59,2025-01-27 11:17:02,N,1.0,82,138,1.0,3.68,16.3,5.0,0.5,4.56,0.0,,1.0,27.36,1.0,1.0,0.0,0.0,1,2025-11-01 08:32:20.102174
1,2025-01-27 11:36:47,2025-01-27 11:48:12,N,1.0,74,236,1.0,2.2,13.5,2.75,1.5,3.0,0.0,,1.0,20.75,1.0,1.0,2.75,0.0,1,2025-11-01 08:32:20.102174
2,2025-01-27 11:22:32,2025-01-27 11:43:09,N,1.0,191,121,2.0,5.66,27.5,0.0,0.5,0.0,0.0,,1.0,29.0,2.0,1.0,0.0,0.0,1,2025-11-01 08:32:20.102174
2,2025-01-27 11:48:04,2025-01-27 12:01:52,N,1.0,97,97,1.0,4.48,20.5,0.0,0.5,0.0,0.0,,1.0,22.0,1.0,1.0,0.0,0.0,1,2025-11-01 08:32:20.102174
1,2025-01-27 11:46:15,2025-01-27 12:01:50,N,1.0,135,160,1.0,0.0,22.5,0.0,1.5,0.0,0.0,,1.0,24.0,1.0,1.0,0.0,0.0,1,2025-11-01 08:32:20.102174
2,2025-01-27 11:31:37,2025-01-27 11:47:37,N,1.0,75,142,5.0,2.57,17.0,0.0,0.5,4.25,0.0,,1.0,25.5,1.0,1.0,2.75,0.0,1,2025-11-01 08:32:20.102174
2,2025-01-27 11:51:27,2025-01-27 12:07:21,N,1.0,74,236,1.0,1.83,14.9,0.0,0.5,0.0,0.0,,1.0,19.15,2.0,1.0,2.75,0.0,1,2025-11-01 08:32:20.102174
2,2025-01-27 11:11:21,2025-01-27 11:21:11,N,1.0,75,74,1.0,1.41,11.4,0.0,0.5,2.58,0.0,,1.0,15.48,1.0,1.0,0.0,0.0,1,2025-11-01 08:32:20.102174
2,2025-01-27 11:56:42,2025-01-27 12:13:12,N,1.0,75,163,1.0,2.43,17.0,0.0,0.5,2.0,0.0,,1.0,23.25,1.0,1.0,2.75,0.0,1,2025-11-01 08:32:20.102174
2,2025-01-27 11:34:18,2025-01-27 11:42:14,N,1.0,75,75,1.0,0.5,8.6,0.0,0.5,0.0,0.0,,1.0,10.1,2.0,1.0,0.0,0.0,1,2025-11-01 08:32:20.102174
2,2025-01-27 11:39:51,2025-01-27 11:52:36,N,1.0,74,236,1.0,1.77,13.5,0.0,0.5,3.0,0.0,,1.0,20.75,1.0,1.0,2.75,0.0,1,2025-11-01 08:32:20.102174
2,2025-01-27 11:00:54,2025-01-27 11:11:29,N,1.0,7,7,1.0,0.98,10.7,0.0,0.5,0.0,0.0,,1.0,12.2,2.0,1.0,0.0,0.0,1,2025-11-01 08:32:20.102174
2,2025-01-27 11:29:16,2025-01-27 11:43:16,N,1.0,75,262,2.0,1.67,14.2,0.0,0.5,4.61,0.0,,1.0,23.06,1.0,1.0,2.75,0.0,1,2025-11-01 08:32:20.102174
2,2025-01-27 11:29:28,2025-01-27 11:40:32,N,1.0,95,28,3.0,2.38,14.2,0.0,0.5,0.0,0.0,,1.0,15.7,2.0,1.0,0.0,0.0,1,2025-11-01 08:32:20.102174
2,2025-01-27 07:52:22,2025-01-27 08:09:00,N,1.0,74,236,1.0,2.13,16.3,0.0,0.5,5.14,0.0,,1.0,25.69,1.0,1.0,2.75,0.0,1,2025-11-01 08:32:20.102174
2,2025-01-27 11:19:22,2025-01-27 11:35:44,N,1.0,75,142,1.0,2.59,17.0,0.0,0.5,3.19,0.0,,1.0,24.44,1.0,1.0,2.75,0.0,1,2025-11-01 08:32:20.102174
2,2025-01-27 10:47:29,2025-01-27 11:02:32,N,1.0,74,166,1.0,1.59,14.2,0.0,0.5,3.14,0.0,,1.0,18.84,1.0,1.0,0.0,0.0,1,2025-11-01 08:32:20.102174
2,2025-01-27 11:51:28,2025-01-27 12:22:39,N,1.0,82,216,1.0,6.53,34.5,0.0,0.5,0.0,0.0,,1.0,36.0,2.0,1.0,0.0,0.0,1,2025-11-01 08:32:20.102174
2,2025-01-27 11:42:15,2025-01-27 12:05:08,N,1.0,129,130,1.0,9.85,41.5,0.0,0.5,0.0,0.0,,1.0,43.0,2.0,1.0,0.0,0.0,1,2025-11-01 08:32:20.102174
2,2025-01-27 11:40:01,2025-01-27 11:53:14,N,1.0,74,166,1.0,1.75,13.5,0.0,0.5,0.0,0.0,,1.0,15.0,1.0,1.0,0.0,0.0,1,2025-11-01 08:32:20.102174
2,2025-01-27 11:14:46,2025-01-27 11:43:02,N,1.0,75,161,1.0,2.92,24.7,0.0,0.5,4.46,0.0,,1.0,34.16,1.0,1.0,2.75,0.75,1,2025-11-01 08:32:20.102174
2,2025-01-27 11:01:35,2025-01-27 11:13:39,N,1.0,75,143,1.0,2.48,14.9,0.0,0.5,3.83,0.0,,1.0,22.98,1.0,1.0,2.75,0.0,1,2025-11-01 08:32:20.102174
2,2025-01-27 11:45:04,2025-01-27 11:51:02,N,1.0,43,236,1.0,0.73,7.2,0.0,0.5,2.29,0.0,,1.0,13.74,1.0,1.0,2.75,0.0,1,2025-11-01 08:32:20.102174
1,2025-01-27 11:57:34,2025-01-27 12:02:16,N,1.0,41,42,3.0,0.8,7.2,0.0,1.5,0.0,0.0,,1.0,8.7,2.0,1.0,0.0,0.0,1,2025-11-01 08:32:20.102174
2,2025-01-27 11:55:33,2025-01-27 12:22:14,N,1.0,244,236,1.0,6.09,31.7,0.0,0.5,0.0,0.0,,1.0,35.95,2.0,1.0,2.75,0.0,1,2025-11-01 08:32:20.102174
2,2025-01-27 11:49:59,2025-01-27 12:09:21,N,1.0,75,237,1.0,2.03,18.4,0.0,0.5,4.53,0.0,,1.0,27.18,1.0,1.0,2.75,0.0,1,2025-11-01 08:32:20.102174
2,2025-01-27 11:07:58,2025-01-27 11:17:45,N,1.0,152,244,1.0,1.82,12.1,0.0,0.5,2.22,0.0,,1.0,15.82,1.0,1.0,0.0,0.0,1,2025-11-01 08:32:20.102174
2,2025-01-27 11:35:02,2025-01-27 11:54:58,N,1.0,244,141,1.0,8.29,33.8,0.0,0.5,9.51,0.0,,1.0,47.56,1.0,1.0,2.75,0.0,1,2025-11-01 08:32:20.102174
2,2025-01-27 11:25:45,2025-01-27 11:30:38,N,1.0,75,74,1.0,0.95,7.2,0.0,0.5,0.0,0.0,,1.0,8.7,1.0,1.0,0.0,0.0,1,2025-11-01 08:32:20.102174
2,2025-01-27 11:22:09,2025-01-27 11:35:02,N,1.0,74,263,1.0,2.26,14.2,0.0,0.5,4.61,0.0,,1.0,23.06,1.0,1.0,2.75,0.0,1,2025-11-01 08:32:20.102174
2,2025-01-27 11:41:10,2025-01-27 11:48:30,N,1.0,75,75,1.0,0.84,8.6,0.0,0.5,0.0,0.0,,1.0,10.1,1.0,1.0,0.0,0.0,1,2025-11-01 08:32:20.102174
2,2025-01-27 11:27:42,2025-01-27 11:33:37,N,1.0,152,166,1.0,0.93,7.9,0.0,0.5,1.88,0.0,,1.0,11.28,1.0,1.0,0.0,0.0,1,2025-11-01 08:32:20.102174
2,2025-01-27 12:11:40,2025-01-27 12:26:30,N,1.0,43,239,1.0,1.82,14.9,0.0,0.5,2.87,0.0,,1.0,22.02,1.0,1.0,2.75,0.0,1,2025-11-01 08:32:20.102174
2,2025-01-27 12:18:09,2025-01-27 14:37:09,N,5.0,134,134,1.0,23.42,55.0,0.0,0.0,5.0,0.0,,1.0,61.0,1.0,1.0,0.0,0.0,1,2025-11-01 08:32:20.102174
2,2025-01-27 12:04:38,2025-01-27 12:34:47,N,1.0,255,138,1.0,8.05,38.0,0.0,0.5,0.0,0.0,,1.0,39.5,2.0,1.0,0.0,0.0,1,2025-11-01 08:32:20.102174
2,2025-01-27 12:26:31,2025-01-27 12:34:14,N,1.0,42,116,1.0,1.34,9.3,0.0,0.5,2.16,0.0,,1.0,12.96,1.0,1.0,0.0,0.0,1,2025-11-01 08:32:20.102174
2,2025-01-27 12:04:51,2025-01-27 12:18:57,N,1.0,97,62,1.0,2.14,14.9,0.0,0.5,0.0,0.0,,1.0,16.4,2.0,1.0,0.0,0.0,1,2025-11-01 08:32:20.102174
2,2025-01-27 12:53:16,2025-01-27 12:56:54,N,1.0,74,75,1.0,0.74,5.8,0.0,0.5,0.0,0.0,,1.0,7.3,2.0,1.0,0.0,0.0,1,2025-11-01 08:32:20.102174
2,2025-01-27 12:45:15,2025-01-27 12:55:51,N,1.0,74,42,1.0,1.6,11.4,0.0,0.5,2.58,0.0,,1.0,15.48,1.0,1.0,0.0,0.0,1,2025-11-01 08:32:20.102174
2,2025-01-27 12:20:29,2025-01-27 12:34:46,N,1.0,74,238,1.0,2.67,16.3,0.0,0.5,4.11,0.0,,1.0,24.66,1.0,1.0,2.75,0.0,1,2025-11-01 08:32:20.102174
2,2025-01-27 12:43:40,2025-01-27 12:57:31,N,1.0,166,239,1.0,1.65,14.9,0.0,0.5,1.9,0.0,,1.0,21.05,1.0,1.0,2.75,0.0,1,2025-11-01 08:32:20.102174
2,2025-01-27 12:40:25,2025-01-27 12:53:17,N,1.0,74,236,2.0,2.08,14.2,0.0,0.5,2.77,0.0,,1.0,21.22,1.0,1.0,2.75,0.0,1,2025-11-01 08:32:20.102174
2,2025-01-27 12:00:44,2025-01-27 12:05:30,N,1.0,236,236,1.0,0.48,6.5,0.0,0.5,3.22,0.0,,1.0,13.97,1.0,1.0,2.75,0.0,1,2025-11-01 08:32:20.102174
2,2025-01-27 12:43:17,2025-01-27 12:53:50,N,1.0,166,238,5.0,1.63,12.1,0.0,0.5,4.9,0.0,,1.0,21.25,1.0,1.0,2.75,0.0,1,2025-11-01 08:32:20.102174
2,2025-01-27 12:03:19,2025-01-27 12:19:46,N,1.0,130,121,1.0,3.44,18.4,0.0,0.5,0.0,0.0,,1.0,19.9,1.0,1.0,0.0,0.0,1,2025-11-01 08:32:20.102174
2,2025-01-27 12:43:03,2025-01-27 12:58:59,N,1.0,130,70,1.0,8.39,33.8,0.0,0.5,2.5,0.0,,1.0,37.8,1.0,1.0,0.0,0.0,1,2025-11-01 08:32:20.102174
2,2025-01-27 05:13:20,2025-01-28 04:43:59,N,1.0,75,68,1.0,6.07,35.2,0.0,0.5,7.34,0.0,,1.0,44.04,1.0,1.0,0.0,0.0,1,2025-11-01 08:32:20.102174
2,2025-01-27 12:40:32,2025-01-27 12:56:16,N,1.0,97,189,2.0,2.23,14.9,0.0,0.5,0.0,0.0,,1.0,16.4,2.0,1.0,0.0,0.0,1,2025-11-01 08:32:20.102174
2,2025-01-27 12:07:44,2025-01-27 12:24:14,N,1.0,97,181,1.0,2.11,16.3,0.0,0.5,3.56,0.0,,1.0,21.36,1.0,1.0,0.0,0.0,1,2025-11-01 08:32:20.102174
1,2025-01-27 12:28:30,2025-01-27 12:46:48,N,1.0,107,74,1.0,0.0,24.5,0.0,1.5,0.0,0.0,,1.0,26.0,1.0,1.0,0.0,0.0,1,2025-11-01 08:32:20.102174
1,2025-01-27 12:49:52,2025-01-27 12:58:46,N,1.0,75,75,2.0,0.5,9.3,0.0,1.5,0.0,0.0,,1.0,10.8,2.0,1.0,0.0,0.0,1,2025-11-01 08:32:20.102174
2,2025-01-27 12:33:04,2025-01-27 12:50:06,N,1.0,42,74,1.0,0.0,14.9,0.0,0.5,0.0,0.0,,1.0,16.4,2.0,1.0,0.0,0.0,1,2025-11-01 08:32:20.102174
2,2025-01-27 12:04:08,2025-01-27 12:17:34,N,1.0,166,239,1.0,2.01,14.2,0.0,0.5,0.0,0.0,,1.0,18.45,2.0,1.0,2.75,0.0,1,2025-11-01 08:32:20.102174
2,2025-01-27 12:22:05,2025-01-27 12:41:52,N,1.0,244,262,1.0,5.73,27.5,0.0,0.5,0.0,0.0,,1.0,31.75,2.0,1.0,2.75,0.0,1,2025-11-01 08:32:20.102174
2,2025-01-27 12:39:01,2025-01-27 13:08:30,N,5.0,244,43,1.0,8.83,9.0,0.0,0.0,0.0,0.0,,1.0,12.75,2.0,2.0,2.75,0.0,1,2025-11-01 08:32:20.102174
2,2025-01-27 12:45:13,2025-01-27 12:54:20,N,1.0,95,196,1.0,1.48,11.4,0.0,0.5,2.58,0.0,,1.0,15.48,1.0,1.0,0.0,0.0,1,2025-11-01 08:32:20.102174
2,2025-01-27 12:29:36,2025-01-27 12:39:04,N,1.0,95,135,1.0,1.75,11.4,0.0,0.5,0.0,0.0,,1.0,12.9,2.0,1.0,0.0,0.0,1,2025-11-01 08:32:20.102174
2,2025-01-27 11:38:55,2025-01-27 12:14:17,N,1.0,65,138,1.0,10.49,47.1,5.0,0.5,10.72,0.0,,1.0,64.32,1.0,1.0,0.0,0.0,1,2025-11-01 08:32:20.102174
2,2025-01-27 12:28:24,2025-01-27 12:57:58,N,1.0,41,242,1.0,8.56,35.9,0.0,0.5,0.0,0.0,,1.0,37.4,2.0,1.0,0.0,0.0,1,2025-11-01 08:32:20.102174
2,2025-01-27 11:44:35,2025-01-27 11:53:04,N,1.0,43,151,1.0,1.29,10.0,0.0,0.5,2.88,0.0,,1.0,14.38,1.0,1.0,0.0,0.0,1,2025-11-01 08:32:20.102174
2,2025-01-27 12:12:52,2025-01-27 12:30:55,N,1.0,43,163,1.0,2.35,17.7,0.0,0.5,3.4,0.0,,1.0,26.1,1.0,1.0,2.75,0.75,1,2025-11-01 08:32:20.102174
2,2025-01-27 12:36:25,2025-01-27 12:57:59,N,1.0,244,68,1.0,8.0,35.9,0.0,0.5,10.0,0.0,,1.0,50.9,1.0,1.0,2.75,0.75,1,2025-11-01 08:32:20.102174
2,2025-01-27 12:47:34,2025-01-27 12:58:49,N,1.0,166,236,1.0,2.13,12.8,0.0,0.5,2.0,0.0,,1.0,19.05,1.0,1.0,2.75,0.0,1,2025-11-01 08:32:20.102174
2,2025-01-27 12:16:48,2025-01-27 12:29:22,N,1.0,43,43,1.0,1.57,12.8,0.0,0.5,3.41,0.0,,1.0,20.46,1.0,1.0,2.75,0.0,1,2025-11-01 08:32:20.102174
2,2025-01-27 12:47:49,2025-01-27 12:55:04,N,1.0,75,41,1.0,1.2,9.3,0.0,0.5,0.0,0.0,,1.0,10.8,2.0,1.0,0.0,0.0,1,2025-11-01 08:32:20.102174
2,2025-01-27 12:48:09,2025-01-27 13:15:13,N,1.0,43,4,1.0,6.1,32.4,0.0,0.5,7.48,0.0,,1.0,44.88,1.0,1.0,2.75,0.75,1,2025-11-01 08:32:20.102174
1,2025-01-27 12:38:18,2025-01-27 12:45:49,N,1.0,74,166,1.0,1.4,9.3,0.0,1.5,1.2,0.0,,1.0,12.0,1.0,1.0,0.0,0.0,1,2025-11-01 08:32:20.102174
2,2025-01-27 12:57:58,2025-01-27 13:06:22,N,1.0,152,42,2.0,1.31,10.0,0.0,0.5,0.0,0.0,,1.0,11.5,2.0,1.0,0.0,0.0,1,2025-11-01 08:32:20.102174
2,2025-01-27 12:20:19,2025-01-27 12:36:02,N,1.0,43,237,1.0,1.98,15.6,0.0,0.5,3.97,0.0,,1.0,23.82,1.0,1.0,2.75,0.0,1,2025-11-01 08:32:20.102174
1,2025-01-27 12:02:57,2025-01-27 12:14:42,N,1.0,75,141,1.0,2.3,12.8,2.75,1.5,1.0,0.0,,1.0,18.05,1.0,1.0,2.75,0.0,1,2025-11-01 08:32:20.102174
1,2025-01-27 12:30:44,2025-01-27 12:41:06,N,1.0,74,166,1.0,1.7,10.7,0.0,1.5,0.0,0.0,,1.0,12.2,2.0,1.0,0.0,0.0,1,2025-11-01 08:32:20.102174
1,2025-01-27 12:48:39,2025-01-27 12:59:37,N,1.0,41,42,1.0,2.1,12.1,0.0,1.5,0.0,0.0,,1.0,13.6,2.0,1.0,0.0,0.0,1,2025-11-01 08:32:20.102174
1,2025-01-27 12:43:40,2025-01-27 12:49:18,N,1.0,75,236,1.0,0.8,7.2,2.75,1.5,0.0,0.0,,1.0,11.45,2.0,1.0,2.75,0.0,1,2025-11-01 08:32:20.102174
1,2025-01-27 12:03:36,2025-01-27 12:28:22,N,1.0,244,161,1.0,7.5,33.1,3.5,1.5,8.0,0.0,,1.0,46.1,1.0,1.0,2.75,0.75,1,2025-11-01 08:32:20.102174
1,2025-01-27 12:59:03,2025-01-27 13:06:37,N,1.0,75,41,1.0,1.5,9.3,0.0,1.5,1.0,0.0,,1.0,11.8,1.0,1.0,0.0,0.0,1,2025-11-01 08:32:20.102174
1,2025-01-27 12:31:55,2025-01-27 12:36:53,N,1.0,74,41,1.0,0.9,7.2,0.0,1.5,0.0,0.0,,1.0,8.7,2.0,1.0,0.0,0.0,1,2025-11-01 08:32:20.102174
2,2025-01-27 12:39:01,2025-01-27 12:48:36,N,1.0,75,263,2.0,0.99,10.0,0.0,0.5,0.0,0.0,,1.0,14.25,2.0,1.0,2.75,0.0,1,2025-11-01 08:32:20.102174
2,2025-01-27 12:19:05,2025-01-27 12:33:53,N,1.0,43,140,1.0,2.92,17.7,0.0,0.5,0.0,0.0,,1.0,21.95,2.0,1.0,2.75,0.0,1,2025-11-01 08:32:20.102174
1,2025-01-27 12:39:01,2025-01-27 12:45:23,N,1.0,74,75,1.0,1.2,8.6,0.0,1.5,4.0,0.0,,1.0,14.1,1.0,1.0,0.0,0.0,1,2025-11-01 08:32:20.102174
2,2025-01-27 12:43:31,2025-01-27 12:52:43,N,1.0,97,97,1.0,0.69,9.3,0.0,0.5,2.7,0.0,,1.0,13.5,1.0,1.0,0.0,0.0,1,2025-11-01 08:32:20.102174
2,2025-01-27 12:56:58,2025-01-27 12:59:53,N,1.0,97,97,1.0,0.18,4.4,0.0,0.5,0.0,0.0,,1.0,5.9,2.0,1.0,0.0,0.0,1,2025-11-01 08:32:20.102174
1,2025-01-27 12:18:16,2025-01-27 12:24:35,N,1.0,29,55,1.0,0.0,15.5,0.0,1.5,0.0,0.0,,1.0,17.0,1.0,1.0,0.0,0.0,1,2025-11-01 08:32:20.102174
2,2025-01-27 12:49:39,2025-01-27 12:58:26,N,1.0,74,263,1.0,1.82,10.7,0.0,0.5,2.44,0.0,,1.0,14.64,1.0,1.0,0.0,0.0,1,2025-11-01 08:32:20.102174
2,2025-01-27 12:01:21,2025-01-27 12:14:05,N,1.0,75,141,1.0,1.58,12.8,0.0,0.5,3.41,0.0,,1.0,20.46,1.0,1.0,2.75,0.0,1,2025-11-01 08:32:20.102174
2,2025-01-27 12:42:36,2025-01-27 12:57:54,N,1.0,74,237,1.0,2.72,16.3,0.0,0.5,5.14,0.0,,1.0,25.69,1.0,1.0,2.75,0.0,1,2025-11-01 08:32:20.102174
2,2025-01-27 12:46:10,2025-01-27 12:57:10,N,1.0,97,25,1.0,0.89,10.7,0.0,0.5,3.05,0.0,,1.0,15.25,1.0,1.0,0.0,0.0,1,2025-11-01 08:32:20.102174
1,2025-01-27 12:39:19,2025-01-27 13:15:38,N,1.0,181,37,1.0,0.0,24.5,0.0,1.5,0.0,0.0,,1.0,26.0,1.0,1.0,0.0,0.0,1,2025-11-01 08:32:20.102174
2,2025-01-27 12:22:56,2025-01-27 12:42:54,N,1.0,43,163,1.0,2.38,18.4,0.0,0.5,4.68,0.0,,1.0,28.08,1.0,1.0,2.75,0.75,1,2025-11-01 08:32:20.102174
1,2025-01-27 12:12:02,2025-01-27 12:25:36,N,1.0,75,116,1.0,3.0,16.3,0.0,1.5,3.55,0.0,,1.0,21.35,1.0,1.0,0.0,0.0,1,2025-11-01 08:32:20.102174
2,2025-01-27 12:41:27,2025-01-27 12:56:00,N,1.0,74,140,1.0,3.14,17.0,0.0,0.5,0.0,0.0,,1.0,21.25,2.0,1.0,2.75,0.0,1,2025-11-01 08:32:20.102174
1,2025-01-27 12:41:45,2025-01-27 13:22:58,N,1.0,112,77,1.0,0.0,25.5,0.0,1.5,0.0,0.0,,1.0,27.0,1.0,1.0,0.0,0.0,1,2025-11-01 08:32:20.102174
2,2025-01-27 12:53:34,2025-01-27 13:02:18,N,1.0,75,238,5.0,1.42,10.7,0.0,0.5,3.74,0.0,,1.0,18.69,1.0,1.0,2.75,0.0,1,2025-11-01 08:32:20.102174
2,2025-01-27 12:57:28,2025-01-27 13:35:27,N,1.0,74,265,1.0,21.22,81.4,0.0,0.5,16.58,0.0,,1.0,99.48,1.0,1.0,0.0,0.0,1,2025-11-01 08:32:20.102174
2,2025-01-27 12:44:59,2025-01-27 12:56:55,N,1.0,74,263,1.0,2.11,13.5,0.0,0.5,0.0,0.0,,1.0,17.75,2.0,1.0,2.75,0.0,1,2025-11-01 08:32:20.102174
2,2025-01-27 12:50:05,2025-01-27 13:06:14,N,1.0,7,140,1.0,3.43,19.1,0.0,0.5,4.82,0.0,,1.0,28.92,1.0,1.0,2.75,0.75,1,2025-11-01 08:32:20.102174
2,2025-01-27 12:23:15,2025-01-27 12:34:02,N,1.0,75,239,1.0,2.05,12.8,0.0,0.5,0.0,0.0,,1.0,17.05,2.0,1.0,2.75,0.0,1,2025-11-01 08:32:20.102174
2,2025-01-27 12:46:16,2025-01-27 13:01:03,N,1.0,75,140,1.0,2.0,14.9,0.0,0.5,5.75,0.0,,1.0,24.9,1.0,1.0,2.75,0.0,1,2025-11-01 08:32:20.102174
2,2025-01-27 12:57:31,2025-01-27 13:08:57,N,1.0,95,95,3.0,1.28,12.1,0.0,0.5,0.0,0.0,,1.0,13.6,2.0,1.0,0.0,0.0,1,2025-11-01 08:32:20.102174
2,2025-01-27 08:16:14,2025-01-27 08:40:15,N,1.0,75,75,1.0,5.71,30.3,0.0,0.5,7.95,0.0,,1.0,39.75,1.0,1.0,0.0,0.0,1,2025-11-01 08:32:20.102174
2,2025-01-27 12:01:40,2025-01-27 12:16:08,N,1.0,75,239,1.0,2.2,14.9,0.0,0.5,1.0,0.0,,1.0,20.15,1.0,1.0,2.75,0.0,1,2025-11-01 08:32:20.102174
2,2025-01-27 12:05:13,2025-01-27 12:05:36,N,1.0,193,193,1.0,0.0,3.0,0.0,0.5,0.0,0.0,,1.0,4.5,1.0,1.0,0.0,0.0,1,2025-11-01 08:32:20.102174
1,2025-01-27 12:47:55,2025-01-27 12:59:03,N,1.0,129,7,1.0,0.0,18.5,0.0,1.5,0.0,0.0,,1.0,20.0,1.0,1.0,0.0,0.0,1,2025-11-01 08:32:20.102174
2,2025-01-27 12:09:20,2025-01-27 12:27:30,N,1.0,43,50,1.0,4.04,23.3,0.0,0.5,5.66,0.0,,1.0,33.96,1.0,1.0,2.75,0.75,1,2025-11-01 08:32:20.102174
2,2025-01-27 12:49:32,2025-01-27 12:59:32,N,1.0,43,238,1.0,1.65,11.4,0.0,0.5,2.35,0.0,,1.0,18.0,1.0,1.0,2.75,0.0,1,2025-11-01 08:32:20.102174
2,2025-01-27 12:31:09,2025-01-27 12:39:20,N,1.0,129,129,1.0,0.0,8.6,0.0,0.5,2.02,0.0,,1.0,12.12,1.0,1.0,0.0,0.0,1,2025-11-01 08:32:20.102174
2,2025-01-27 12:31:11,2025-01-27 12:31:22,N,3.0,74,74,2.0,0.0,23.0,0.0,0.0,0.0,0.0,,1.0,24.0,2.0,1.0,0.0,0.0,1,2025-11-01 08:32:20.102174
2,2025-01-27 12:32:09,2025-01-27 12:49:11,N,1.0,74,24,1.0,2.23,17.0,0.0,0.5,0.0,0.0,,1.0,18.5,2.0,1.0,0.0,0.0,1,2025-11-01 08:32:20.102174
2,2025-01-27 12:29:41,2025-01-27 12:47:59,N,1.0,43,237,1.0,1.82,17.0,0.0,0.5,4.25,0.0,,1.0,25.5,1.0,1.0,2.75,0.0,1,2025-11-01 08:32:20.102174
2,2025-01-27 11:58:09,2025-01-27 12:19:31,N,1.0,129,193,1.0,2.91,20.5,0.0,0.5,0.0,0.0,,1.0,22.0,2.0,1.0,0.0,0.0,1,2025-11-01 08:32:20.102174
2,2025-01-27 12:46:41,2025-01-27 12:54:33,N,1.0,74,236,1.0,1.85,10.7,0.0,0.5,2.99,0.0,,1.0,17.94,1.0,1.0,2.75,0.0,1,2025-11-01 08:32:20.102174
2,2025-01-27 12:23:25,2025-01-27 13:09:22,N,1.0,75,123,1.0,17.27,72.3,0.0,0.5,3.0,0.0,,1.0,79.55,1.0,1.0,2.75,0.0,1,2025-11-01 08:32:20.102174
2,2025-01-27 12:31:52,2025-01-27 12:53:03,N,1.0,41,237,1.0,3.43,21.2,0.0,0.5,5.09,0.0,,1.0,30.54,1.0,1.0,2.75,0.0,1,2025-11-01 08:32:20.102174
2,2025-01-27 12:38:11,2025-01-27 12:52:33,N,1.0,41,239,1.0,2.52,15.6,0.0,0.5,3.97,0.0,,1.0,23.82,1.0,1.0,2.75,0.0,1,2025-11-01 08:32:20.102174
2,2025-01-27 12:52:21,2025-01-27 13:17:39,N,1.0,134,243,1.0,16.13,60.4,0.0,0.5,13.77,6.94,,1.0,82.61,1.0,1.0,0.0,0.0,1,2025-11-01 08:32:20.102174
2,2025-01-27 12:10:17,2025-01-27 12:22:44,N,1.0,95,135,1.0,2.16,14.2,0.0,0.5,3.14,0.0,,1.0,18.84,1.0,1.0,0.0,0.0,1,2025-11-01 08:32:20.102174
2,2025-01-27 12:08:58,2025-01-27 12:19:55,N,1.0,74,166,1.0,1.5,11.4,0.0,0.5,0.0,0.0,,1.0,12.9,2.0,1.0,0.0,0.0,1,2025-11-01 08:32:20.102174
2,2025-01-27 12:45:19,2025-01-27 13:06:29,N,1.0,74,140,1.0,3.6,23.3,0.0,0.5,8.19,0.0,,1.0,35.49,1.0,1.0,2.5,0.0,1,2025-11-01 08:32:20.102174
2,2025-01-27 12:15:20,2025-01-27 12:44:49,N,1.0,95,237,1.0,10.23,44.3,0.0,0.5,0.0,0.0,,1.0,48.55,2.0,1.0,2.75,0.0,1,2025-11-01 08:32:20.102174
2,2025-01-27 12:05:20,2025-01-27 12:11:24,N,1.0,43,236,1.0,0.96,7.9,0.0,0.5,2.43,0.0,,1.0,14.58,1.0,1.0,2.75,0.0,1,2025-11-01 08:32:20.102174
2,2025-01-27 12:42:41,2025-01-27 12:53:33,N,1.0,74,236,1.0,1.96,12.1,0.0,0.5,4.09,0.0,,1.0,20.44,1.0,1.0,2.75,0.0,1,2025-11-01 08:32:20.102174
2,2025-01-27 12:52:31,2025-01-27 13:21:00,N,1.0,166,242,1.0,8.73,38.0,0.0,0.5,0.0,0.0,,1.0,39.5,1.0,1.0,0.0,0.0,1,2025-11-01 08:32:20.102174
2,2025-01-27 12:44:27,2025-01-27 12:56:30,N,1.0,166,74,6.0,2.13,13.5,0.0,0.5,3.0,0.0,,1.0,18.0,1.0,1.0,0.0,0.0,1,2025-11-01 08:32:20.102174
2,2025-01-27 12:19:52,2025-01-27 12:32:51,N,1.0,130,130,1.0,2.02,13.5,0.0,0.5,3.0,0.0,,1.0,18.0,1.0,1.0,0.0,0.0,1,2025-11-01 08:32:20.102174
2,2025-01-27 12:41:49,2025-01-27 12:54:22,N,1.0,74,236,1.0,2.24,14.2,0.0,0.5,2.77,0.0,,1.0,21.22,1.0,1.0,2.75,0.0,1,2025-11-01 08:32:20.102174
2,2025-01-27 13:23:14,2025-01-27 13:33:32,N,1.0,75,151,1.0,1.69,12.1,0.0,0.5,3.4,0.0,,1.0,17.0,1.0,1.0,0.0,0.0,1,2025-11-01 08:32:20.102174
2,2025-01-27 13:42:32,2025-01-27 13:49:02,N,1.0,166,152,1.0,1.69,10.0,0.0,0.5,2.3,0.0,,1.0,13.8,1.0,1.0,0.0,0.0,1,2025-11-01 08:32:20.102174
2,2025-01-27 13:40:11,2025-01-27 13:49:04,N,1.0,41,75,1.0,1.25,10.0,0.0,0.5,2.0,0.0,,1.0,13.5,1.0,1.0,0.0,0.0,1,2025-11-01 08:32:20.102174
2,2025-01-27 14:02:18,2025-01-27 14:05:53,N,1.0,41,41,1.0,0.73,5.8,0.0,0.5,0.01,0.0,,1.0,7.31,1.0,1.0,0.0,0.0,1,2025-11-01 08:32:20.102174
2,2025-01-27 13:13:41,2025-01-27 13:30:34,N,1.0,65,189,1.0,1.99,16.3,0.0,0.5,3.56,0.0,,1.0,21.36,1.0,1.0,0.0,0.0,1,2025-11-01 08:32:20.102174
2,2025-01-27 13:30:15,2025-01-27 14:06:19,N,1.0,260,132,2.0,14.27,58.3,0.0,0.5,11.96,0.0,,1.0,71.76,1.0,1.0,0.0,0.0,1,2025-11-01 08:32:20.102174
2,2025-01-27 13:35:47,2025-01-27 13:56:53,N,1.0,97,61,2.0,3.85,22.6,0.0,0.5,4.82,0.0,,1.0,28.92,1.0,1.0,0.0,0.0,1,2025-11-01 08:32:20.102174
1,2025-01-27 13:39:06,2025-01-27 13:58:33,N,1.0,33,114,0.0,3.2,19.8,3.5,1.5,6.2,0.0,,1.0,31.0,1.0,1.0,2.75,0.75,1,2025-11-01 08:32:20.102174
2,2025-01-27 13:40:10,2025-01-27 13:47:57,N,1.0,247,69,1.0,0.39,8.6,0.0,0.5,0.0,0.0,,1.0,10.1,2.0,1.0,0.0,0.0,1,2025-11-01 08:32:20.102174
1,2025-01-27 13:01:52,2025-01-27 13:08:36,N,1.0,42,41,1.0,1.2,8.6,0.0,1.5,0.0,0.0,,1.0,10.1,1.0,1.0,0.0,0.0,1,2025-11-01 08:32:20.102174
1,2025-01-27 13:40:36,2025-01-27 13:45:51,N,1.0,74,42,1.0,0.8,6.5,0.0,1.5,2.35,0.0,,1.0,10.35,1.0,1.0,0.0,0.0,1,2025-11-01 08:32:20.102174
2,2025-01-27 13:06:51,2025-01-27 13:24:34,N,1.0,74,264,1.0,2.73,16.3,0.0,0.5,0.0,0.0,,1.0,17.8,2.0,1.0,0.0,0.0,1,2025-11-01 08:32:20.102174
2,2025-01-27 13:01:22,2025-01-27 13:35:59,N,1.0,244,237,1.0,7.44,40.1,0.0,0.5,11.09,0.0,,1.0,55.44,1.0,1.0,2.75,0.0,1,2025-11-01 08:32:20.102174
2,2025-01-27 13:12:06,2025-01-27 13:36:05,N,1.0,65,61,1.0,3.1,21.9,0.0,0.5,4.68,0.0,,1.0,28.08,1.0,1.0,0.0,0.0,1,2025-11-01 08:32:20.102174
1,2025-01-27 13:03:53,2025-01-27 13:27:54,N,1.0,74,143,1.0,4.1,25.4,2.75,1.5,1.48,0.0,,1.0,31.13,1.0,1.0,2.75,0.0,1,2025-11-01 08:32:20.102174
1,2025-01-27 13:50:46,2025-01-27 14:03:55,N,1.0,75,262,2.0,2.0,13.5,2.75,1.5,0.0,0.0,,1.0,17.75,2.0,1.0,2.75,0.0,1,2025-11-01 08:32:20.102174
2,2025-01-27 13:20:11,2025-01-27 13:44:19,N,1.0,75,237,1.0,2.48,21.2,0.0,0.5,0.0,0.0,,1.0,26.2,2.0,1.0,2.75,0.75,1,2025-11-01 08:32:20.102174
2,2025-01-27 07:09:10,2025-01-28 06:20:06,N,1.0,74,236,1.0,1.68,12.1,0.0,0.5,2.72,0.0,,1.0,16.32,1.0,1.0,0.0,0.0,1,2025-11-01 08:32:20.102174
2,2025-01-27 13:29:01,2025-01-27 13:35:21,N,1.0,75,74,1.0,1.26,8.6,0.0,0.5,2.02,0.0,,1.0,12.12,1.0,1.0,0.0,0.0,1,2025-11-01 08:32:20.102174
2,2025-01-27 13:12:33,2025-01-27 13:18:03,N,1.0,83,83,1.0,1.21,7.2,0.0,0.5,0.0,0.0,,1.0,8.7,1.0,1.0,0.0,0.0,1,2025-11-01 08:32:20.102174
2,2025-01-27 13:15:08,2025-01-27 13:23:05,N,1.0,74,41,1.0,0.8,7.9,0.0,0.5,0.0,0.0,,1.0,9.4,2.0,1.0,0.0,0.0,1,2025-11-01 08:32:20.102174
2,2025-01-27 13:22:37,2025-01-27 13:35:21,N,1.0,65,189,1.0,1.23,12.1,0.0,0.5,3.4,0.0,,1.0,17.0,1.0,1.0,0.0,0.0,1,2025-11-01 08:32:20.102174
1,2025-01-27 13:20:36,2025-01-27 13:28:07,N,1.0,43,238,1.0,1.5,10.0,2.75,1.5,4.25,0.0,,1.0,18.5,1.0,1.0,2.75,0.0,1,2025-11-01 08:32:20.102174
1,2025-01-27 13:48:48,2025-01-27 13:58:46,N,1.0,75,142,1.0,2.1,12.8,2.75,1.5,4.25,0.0,,1.0,21.3,1.0,1.0,2.75,0.0,1,2025-11-01 08:32:20.102174
2,2025-01-27 13:05:11,2025-01-27 13:21:33,N,1.0,244,151,2.0,3.61,19.8,0.0,0.5,0.0,0.0,,1.0,21.3,2.0,1.0,0.0,0.0,1,2025-11-01 08:32:20.102174
2,2025-01-27 13:47:23,2025-01-27 14:04:11,N,1.0,43,142,1.0,2.71,17.7,0.0,0.5,4.39,0.0,,1.0,26.34,1.0,1.0,2.75,0.0,1,2025-11-01 08:32:20.102174
2,2025-01-27 13:08:21,2025-01-27 13:33:04,N,1.0,74,48,1.0,4.26,24.7,0.0,0.5,5.94,0.0,,1.0,35.64,1.0,1.0,2.75,0.75,1,2025-11-01 08:32:20.102174
2,2025-01-27 11:55:25,2025-01-27 12:28:20,N,1.0,65,236,1.0,8.47,40.1,0.0,0.5,9.02,0.0,,1.0,54.12,1.0,1.0,2.75,0.75,1,2025-11-01 08:32:20.102174
2,2025-01-27 13:33:53,2025-01-27 13:48:52,N,1.0,244,238,1.0,4.92,23.3,0.0,0.5,5.0,0.0,,1.0,32.55,1.0,1.0,2.75,0.0,1,2025-11-01 08:32:20.102174
2,2025-01-27 13:48:54,2025-01-27 13:58:23,N,1.0,7,260,1.0,3.1,15.6,0.0,0.5,0.0,0.0,,1.0,17.1,1.0,1.0,0.0,0.0,1,2025-11-01 08:32:20.102174
2,2025-01-27 13:02:47,2025-01-27 13:17:26,N,1.0,43,262,1.0,1.78,14.2,0.0,0.5,1.84,0.0,,1.0,20.29,1.0,1.0,2.75,0.0,1,2025-11-01 08:32:20.102174
2,2025-01-27 13:20:54,2025-01-27 13:30:14,N,1.0,74,41,1.0,1.76,11.4,0.0,0.5,2.0,0.0,,1.0,17.65,1.0,1.0,2.75,0.0,1,2025-11-01 08:32:20.102174
2,2025-01-27 13:52:48,2025-01-27 14:10:19,N,1.0,75,140,1.0,2.5,17.0,0.0,0.5,4.25,0.0,,1.0,25.5,1.0,1.0,2.75,0.0,1,2025-11-01 08:32:20.102174
2,2025-01-27 13:29:26,2025-01-27 13:34:35,N,1.0,7,7,1.0,0.7,6.5,0.0,0.5,0.0,0.0,,1.0,8.0,2.0,1.0,0.0,0.0,1,2025-11-01 08:32:20.102174
2,2025-01-27 13:19:43,2025-01-27 13:29:41,N,1.0,95,196,1.0,1.32,10.7,0.0,0.5,0.0,0.0,,1.0,12.2,2.0,1.0,0.0,0.0,1,2025-11-01 08:32:20.102174
1,2025-01-27 13:51:42,2025-01-27 14:00:49,N,1.0,74,41,1.0,0.8,9.3,0.0,1.5,0.0,0.0,,1.0,10.8,2.0,1.0,0.0,0.0,1,2025-11-01 08:32:20.102174
2,2025-01-27 13:32:19,2025-01-27 13:53:37,N,1.0,65,114,2.0,3.43,21.9,0.0,0.5,1.0,0.0,,1.0,27.9,1.0,1.0,2.75,0.75,1,2025-11-01 08:32:20.102174
2,2025-01-27 13:06:15,2025-01-27 13:26:00,N,1.0,75,163,1.0,2.93,20.5,0.0,0.5,5.1,0.0,,1.0,30.6,1.0,1.0,2.75,0.75,1,2025-11-01 08:32:20.102174
2,2025-01-27 13:41:49,2025-01-27 13:58:40,N,1.0,74,238,1.0,3.23,17.7,0.0,0.5,6.58,0.0,,1.0,28.53,1.0,1.0,2.75,0.0,1,2025-11-01 08:32:20.102174
2,2025-01-27 13:04:15,2025-01-27 13:10:05,N,1.0,95,95,1.0,1.15,7.9,0.0,0.5,0.0,0.0,,1.0,9.4,2.0,1.0,0.0,0.0,1,2025-11-01 08:32:20.102174
1,2025-01-27 13:31:04,2025-01-27 13:39:36,N,1.0,75,74,1.0,1.9,10.0,0.0,1.5,0.0,0.0,,1.0,11.5,2.0,1.0,0.0,0.0,1,2025-11-01 08:32:20.102174
2,2025-01-27 13:32:08,2025-01-27 14:01:42,N,1.0,166,141,1.0,4.22,28.2,0.0,0.5,6.49,0.0,,1.0,38.94,1.0,1.0,2.75,0.0,1,2025-11-01 08:32:20.102174
1,2025-01-27 13:25:34,2025-01-27 13:41:06,N,1.0,75,262,1.0,1.6,15.6,2.75,1.5,0.0,0.0,,1.0,19.85,2.0,1.0,2.75,0.0,1,2025-11-01 08:32:20.102174
1,2025-01-27 13:59:01,2025-01-27 14:21:49,N,1.0,43,161,1.0,2.5,21.2,3.5,1.5,5.2,0.0,,1.0,31.4,1.0,1.0,2.75,0.75,1,2025-11-01 08:32:20.102174
2,2025-01-27 13:08:57,2025-01-27 13:15:27,N,1.0,41,42,1.0,1.15,9.3,0.0,0.5,0.0,0.0,,1.0,10.8,2.0,1.0,0.0,0.0,1,2025-11-01 08:32:20.102174
2,2025-01-27 13:45:20,2025-01-27 13:52:24,N,1.0,41,43,1.0,1.42,9.3,0.0,0.5,0.0,0.0,,1.0,10.8,2.0,1.0,0.0,0.0,1,2025-11-01 08:32:20.102174
2,2025-01-27 13:10:48,2025-01-27 13:45:01,N,1.0,75,164,1.0,4.89,32.4,0.0,0.5,7.48,0.0,,1.0,44.88,1.0,1.0,2.75,0.75,1,2025-11-01 08:32:20.102174
2,2025-01-27 13:36:46,2025-01-27 13:59:44,N,1.0,74,163,1.0,3.45,22.6,0.0,0.5,0.0,0.0,,1.0,27.6,2.0,1.0,2.75,0.75,1,2025-11-01 08:32:20.102174
2,2025-01-27 13:17:29,2025-01-27 13:59:56,N,1.0,244,264,1.0,9.5,42.2,0.0,0.5,0.0,0.0,,1.0,47.2,2.0,1.0,2.75,0.75,1,2025-11-01 08:32:20.102174
2,2025-01-27 13:06:43,2025-01-27 13:27:35,N,1.0,166,237,1.0,3.37,21.9,0.0,0.5,5.23,0.0,,1.0,31.38,1.0,1.0,2.75,0.0,1,2025-11-01 08:32:20.102174
2,2025-01-27 13:55:29,2025-01-27 14:19:23,N,1.0,244,163,1.0,7.23,33.8,0.0,0.5,7.0,0.0,,1.0,45.8,1.0,1.0,2.75,0.75,1,2025-11-01 08:32:20.102174
2,2025-01-27 13:41:11,2025-01-27 14:00:52,N,1.0,75,243,1.0,4.59,24.0,0.0,0.5,5.1,0.0,,1.0,30.6,1.0,1.0,0.0,0.0,1,2025-11-01 08:32:20.102174
2,2025-01-27 13:13:22,2025-01-27 13:31:41,N,1.0,75,142,1.0,2.66,19.1,0.0,0.5,1.0,0.0,,1.0,24.35,1.0,1.0,2.75,0.0,1,2025-11-01 08:32:20.102174
2,2025-01-27 13:50:44,2025-01-27 14:07:49,N,1.0,97,188,1.0,3.06,18.4,0.0,0.5,4.98,0.0,,1.0,24.88,1.0,1.0,0.0,0.0,1,2025-11-01 08:32:20.102174
1,2025-01-27 13:37:59,2025-01-27 13:49:54,N,1.0,108,29,1.0,0.0,18.5,0.0,1.5,0.0,0.0,,1.0,20.0,1.0,1.0,0.0,0.0,1,2025-11-01 08:32:20.102174
1,2025-01-27 13:12:32,2025-01-27 13:57:08,N,1.0,82,28,2.0,9.7,44.3,0.0,1.5,0.0,0.0,,1.0,45.8,2.0,1.0,0.0,0.0,1,2025-11-01 08:32:20.102174
2,2025-01-27 13:28:29,2025-01-27 13:33:36,N,1.0,49,49,1.0,0.82,7.2,0.0,0.5,0.0,0.0,,1.0,8.7,2.0,1.0,0.0,0.0,1,2025-11-01 08:32:20.102174
2,2025-01-27 13:43:58,2025-01-27 13:53:37,N,1.0,74,236,1.0,1.76,11.4,0.0,0.5,3.91,0.0,,1.0,19.56,1.0,1.0,2.75,0.0,1,2025-11-01 08:32:20.102174
1,2025-01-27 13:52:32,2025-01-27 14:30:05,N,1.0,76,188,1.0,0.0,24.5,0.0,1.5,0.0,0.0,,1.0,26.0,1.0,1.0,0.0,0.0,1,2025-11-01 08:32:20.102174
2,2025-01-27 13:12:42,2025-01-27 13:37:41,N,1.0,43,164,1.0,2.98,22.6,0.0,0.5,4.14,0.0,,1.0,31.74,1.0,1.0,2.75,0.75,1,2025-11-01 08:32:20.102174
2,2025-01-27 13:23:20,2025-01-27 13:33:05,N,1.0,75,262,1.0,1.41,10.7,0.0,0.5,2.99,0.0,,1.0,17.94,1.0,1.0,2.75,0.0,1,2025-11-01 08:32:20.102174
2,2025-01-27 13:00:25,2025-01-27 13:34:05,N,1.0,226,95,1.0,5.6,34.5,0.0,0.5,0.0,0.0,,1.0,36.0,2.0,1.0,0.0,0.0,1,2025-11-01 08:32:20.102174
2,2025-01-27 13:16:39,2025-01-27 13:20:48,N,1.0,41,166,1.0,0.86,6.5,0.0,0.5,0.0,0.0,,1.0,8.0,2.0,1.0,0.0,0.0,1,2025-11-01 08:32:20.102174
2,2025-01-27 13:24:02,2025-01-27 13:32:31,N,1.0,166,42,1.0,1.19,10.0,0.0,0.5,1.0,0.0,,1.0,12.5,1.0,1.0,0.0,0.0,1,2025-11-01 08:32:20.102174
1,2025-01-27 13:33:23,2025-01-27 13:37:39,N,1.0,76,76,1.0,0.0,15.5,0.0,1.5,0.0,0.0,,1.0,17.0,1.0,1.0,0.0,0.0,1,2025-11-01 08:32:20.102174
2,2025-01-27 13:09:32,2025-01-27 13:15:34,N,1.0,74,75,1.0,1.26,8.6,0.0,0.5,0.0,0.0,,1.0,10.1,2.0,1.0,0.0,0.0,1,2025-11-01 08:32:20.102174
2,2025-01-27 13:44:47,2025-01-27 13:56:27,N,1.0,74,151,1.0,2.22,13.5,0.0,0.5,0.0,0.0,,1.0,15.0,2.0,1.0,0.0,0.0,1,2025-11-01 08:32:20.102174
1,2025-01-27 13:23:23,2025-01-27 13:46:00,N,1.0,49,181,1.0,0.0,18.5,0.0,1.5,0.0,0.0,,1.0,20.0,1.0,1.0,0.0,0.0,1,2025-11-01 08:32:20.102174
2,2025-01-27 13:11:27,2025-01-27 13:32:08,N,1.0,74,141,1.0,4.1,22.6,0.0,0.5,8.06,0.0,,1.0,34.91,1.0,1.0,2.75,0.0,1,2025-11-01 08:32:20.102174
2,2025-01-27 13:25:06,2025-01-27 13:44:40,N,1.0,75,140,1.0,1.85,18.4,0.0,0.5,4.53,0.0,,1.0,27.18,1.0,1.0,2.75,0.0,1,2025-11-01 08:32:20.102174
2,2025-01-27 08:28:46,2025-01-27 08:37:28,N,1.0,75,74,1.0,1.42,10.7,0.0,0.5,1.22,0.0,,1.0,13.42,1.0,1.0,0.0,0.0,1,2025-11-01 08:32:20.102174
2,2025-01-27 13:11:28,2025-01-27 13:28:56,N,1.0,7,162,1.0,3.35,19.8,0.0,0.5,4.96,0.0,,1.0,29.76,1.0,1.0,2.75,0.75,1,2025-11-01 08:32:20.102174
2,2025-01-27 13:09:05,2025-01-27 13:23:30,N,1.0,260,7,2.0,1.98,14.2,0.0,0.5,3.14,0.0,,1.0,18.84,1.0,1.0,0.0,0.0,1,2025-11-01 08:32:20.102174
1,2025-01-27 13:14:30,2025-01-27 13:52:03,N,1.0,220,232,1.0,0.0,46.5,0.0,1.5,0.0,6.94,,1.0,54.94,1.0,1.0,0.0,0.0,1,2025-11-01 08:32:20.102174
2,2025-01-27 13:16:20,2025-01-27 13:51:23,N,1.0,75,186,1.0,4.72,32.4,0.0,0.5,11.22,0.0,,1.0,48.62,1.0,1.0,2.75,0.75,1,2025-11-01 08:32:20.102174
2,2025-01-27 13:47:38,2025-01-27 13:59:11,N,1.0,130,10,1.0,2.84,14.9,0.0,0.5,3.28,0.0,,1.0,19.68,1.0,1.0,0.0,0.0,1,2025-11-01 08:32:20.102174
2,2025-01-27 13:25:05,2025-01-27 13:29:23,N,1.0,75,74,1.0,0.81,6.5,0.0,0.5,1.6,0.0,,1.0,9.6,1.0,1.0,0.0,0.0,1,2025-11-01 08:32:20.102174
2,2025-01-27 13:56:31,2025-01-27 14:05:09,N,1.0,75,74,1.0,1.33,10.0,0.0,0.5,2.3,0.0,,1.0,13.8,1.0,1.0,0.0,0.0,1,2025-11-01 08:32:20.102174
2,2025-01-27 13:06:14,2025-01-27 13:12:40,N,1.0,43,75,1.0,0.77,7.9,0.0,0.5,0.0,0.0,,1.0,9.4,2.0,1.0,0.0,0.0,1,2025-11-01 08:32:20.102174
2,2025-01-27 13:29:25,2025-01-27 13:39:14,N,1.0,43,166,1.0,1.85,12.1,0.0,0.5,2.72,0.0,,1.0,16.32,1.0,1.0,0.0,0.0,1,2025-11-01 08:32:20.102174
2,2025-01-27 13:25:51,2025-01-27 13:58:36,N,1.0,75,223,1.0,6.45,31.7,0.0,0.5,0.0,6.94,,1.0,40.14,2.0,1.0,0.0,0.0,1,2025-11-01 08:32:20.102174
1,2025-01-27 13:42:57,2025-01-27 13:45:31,N,1.0,166,24,2.0,0.4,4.4,0.0,1.5,0.0,0.0,,1.0,5.9,2.0,1.0,0.0,0.0,1,2025-11-01 08:32:20.102174
2,2025-01-27 13:36:00,2025-01-27 13:55:30,N,1.0,244,142,1.0,5.86,28.2,0.0,0.5,3.24,0.0,,1.0,35.69,1.0,1.0,2.75,0.0,1,2025-11-01 08:32:20.102174
2,2025-01-27 13:43:22,2025-01-27 13:59:30,N,1.0,41,236,1.0,1.9,15.6,0.0,0.5,3.0,0.0,,1.0,22.85,1.0,1.0,2.75,0.0,1,2025-11-01 08:32:20.102174
2,2025-01-27 13:06:34,2025-01-27 13:20:19,N,1.0,244,42,1.0,2.06,14.9,0.0,0.5,0.0,0.0,,1.0,16.4,2.0,1.0,0.0,0.0,1,2025-11-01 08:32:20.102174
2,2025-01-27 13:36:37,2025-01-27 13:44:35,N,1.0,244,243,1.0,0.94,9.3,0.0,0.5,0.0,0.0,,1.0,10.8,1.0,1.0,0.0,0.0,1,2025-11-01 08:32:20.102174
2,2025-01-27 13:07:43,2025-01-27 13:31:15,N,1.0,97,249,1.0,4.65,25.4,0.0,0.5,0.0,0.0,,1.0,30.4,1.0,1.0,2.75,0.75,1,2025-11-01 08:32:20.102174
2,2025-01-27 13:11:48,2025-01-27 13:29:05,N,1.0,41,263,1.0,2.2,16.3,0.0,0.5,0.0,0.0,,1.0,17.8,1.0,1.0,0.0,0.0,1,2025-11-01 08:32:20.102174
2,2025-01-27 13:38:20,2025-01-27 13:59:15,N,1.0,75,223,2.0,5.26,26.1,0.0,0.5,0.0,6.94,,1.0,34.54,2.0,1.0,0.0,0.0,1,2025-11-01 08:32:20.102174
2,2025-01-27 13:40:34,2025-01-27 14:07:03,N,1.0,43,230,1.0,3.55,25.4,0.0,0.5,0.0,0.0,,1.0,30.4,1.0,1.0,2.75,0.75,1,2025-11-01 08:32:20.102174
2,2025-01-27 13:25:03,2025-01-27 13:36:49,N,1.0,95,160,1.0,2.3,13.5,0.0,0.5,0.0,0.0,,1.0,15.0,1.0,1.0,0.0,0.0,1,2025-11-01 08:32:20.102174
2,2025-01-27 13:40:01,2025-01-27 13:52:14,N,1.0,95,28,1.0,2.99,15.6,0.0,0.5,2.0,0.0,,1.0,19.1,1.0,1.0,0.0,0.0,1,2025-11-01 08:32:20.102174
2,2025-01-27 13:31:47,2025-01-27 13:44:52,N,1.0,74,41,1.0,1.8,13.5,0.0,0.5,0.0,0.0,,1.0,15.0,2.0,1.0,0.0,0.0,1,2025-11-01 08:32:20.102174
2,2025-01-27 12:29:31,2025-01-27 12:34:28,N,1.0,43,43,1.0,0.7,6.5,0.0,0.5,1.0,0.0,,1.0,11.75,1.0,1.0,2.75,0.0,1,2025-11-01 08:32:20.102174
2,2025-01-27 13:01:26,2025-01-27 13:14:50,N,1.0,43,141,1.0,1.76,14.2,0.0,0.5,3.69,0.0,,1.0,22.14,1.0,1.0,2.75,0.0,1,2025-11-01 08:32:20.102174
2,2025-01-27 14:26:08,2025-01-27 14:58:18,N,1.0,75,247,1.0,4.53,30.3,0.0,0.5,0.0,0.0,,1.0,31.8,2.0,1.0,0.0,0.0,1,2025-11-01 08:32:20.102174
2,2025-01-27 14:31:39,2025-01-27 15:15:55,N,1.0,252,173,1.0,4.95,39.4,0.0,0.5,0.0,0.0,,1.0,40.9,2.0,1.0,0.0,0.0,1,2025-11-01 08:32:20.102174
2,2025-01-27 14:08:24,2025-01-27 15:13:33,N,1.0,95,82,1.0,3.52,51.3,0.0,0.5,0.0,0.0,,1.0,52.8,2.0,1.0,0.0,0.0,1,2025-11-01 08:32:20.102174
2,2025-01-27 14:18:50,2025-01-27 14:25:04,N,1.0,41,41,1.0,0.77,7.9,0.0,0.5,0.0,0.0,,1.0,9.4,2.0,1.0,0.0,0.0,1,2025-11-01 08:32:20.102174
2,2025-01-27 14:53:18,2025-01-27 14:57:23,N,1.0,42,42,1.0,0.92,6.5,0.0,0.5,0.0,0.0,,1.0,8.0,2.0,1.0,0.0,0.0,1,2025-11-01 08:32:20.102174
2,2025-01-27 15:00:11,2025-01-27 15:09:13,N,1.0,42,42,1.0,1.54,10.7,0.0,0.5,0.0,0.0,,1.0,12.2,2.0,1.0,0.0,0.0,1,2025-11-01 08:32:20.102174
2,2025-01-27 14:42:10,2025-01-27 14:59:14,N,1.0,65,217,1.0,2.44,18.4,0.0,0.5,1.0,0.0,,1.0,20.9,1.0,1.0,0.0,0.0,1,2025-11-01 08:32:20.102174
2,2025-01-27 14:37:41,2025-01-27 15:07:52,N,1.0,75,170,1.0,4.25,28.9,0.0,0.5,0.0,0.0,,1.0,33.9,2.0,1.0,2.75,0.75,1,2025-11-01 08:32:20.102174
1,2025-01-27 14:38:01,2025-01-27 14:55:50,N,1.0,66,256,0.0,3.6,21.2,0.0,1.5,4.5,0.0,,1.0,27.2,1.0,1.0,0.0,0.0,1,2025-11-01 08:32:20.102174
1,2025-01-27 14:22:24,2025-01-27 14:27:43,N,1.0,74,41,1.0,1.0,7.2,0.0,1.5,1.7,0.0,,1.0,10.4,1.0,1.0,0.0,0.0,1,2025-11-01 08:32:20.102174
1,2025-01-27 14:32:12,2025-01-27 14:38:07,N,1.0,74,74,1.0,1.0,7.2,0.0,1.5,2.15,0.0,,1.0,10.85,1.0,1.0,0.0,0.0,1,2025-11-01 08:32:20.102174
2,2025-01-27 14:16:29,2025-01-27 14:29:10,N,1.0,74,236,1.0,1.64,12.8,0.0,0.5,1.7,0.0,,1.0,18.75,1.0,1.0,2.75,0.0,1,2025-11-01 08:32:20.102174
2,2025-01-27 14:40:45,2025-01-27 14:54:51,N,1.0,41,74,1.0,1.17,10.0,0.0,0.5,0.0,0.0,,1.0,11.5,2.0,1.0,0.0,0.0,1,2025-11-01 08:32:20.102174
2,2025-01-27 14:54:52,2025-01-27 15:06:40,N,1.0,97,181,1.0,1.27,12.1,0.0,0.5,3.4,0.0,,1.0,17.0,1.0,1.0,0.0,0.0,1,2025-11-01 08:32:20.102174
2,2025-01-27 14:28:31,2025-01-27 14:35:06,N,1.0,152,41,1.0,0.84,7.9,0.0,0.5,0.0,0.0,,1.0,9.4,2.0,1.0,0.0,0.0,1,2025-11-01 08:32:20.102174
2,2025-01-27 14:41:57,2025-01-27 15:01:57,N,1.0,41,138,1.0,7.54,32.4,5.0,0.5,10.0,6.94,,1.0,55.84,1.0,1.0,0.0,0.0,1,2025-11-01 08:32:20.102174
2,2025-01-27 14:06:15,2025-01-27 14:24:31,N,1.0,74,151,1.0,2.43,17.7,0.0,0.5,4.8,0.0,,1.0,24.0,1.0,1.0,0.0,0.0,1,2025-11-01 08:32:20.102174
2,2025-01-27 06:43:43,2025-01-27 06:51:03,N,1.0,74,75,1.0,1.34,9.3,0.0,0.5,2.16,0.0,,1.0,12.96,1.0,1.0,0.0,0.0,1,2025-11-01 08:32:20.102174
2,2025-01-27 14:13:08,2025-01-27 14:21:34,N,1.0,166,41,1.0,0.94,9.3,0.0,0.5,2.16,0.0,,1.0,12.96,1.0,1.0,0.0,0.0,1,2025-11-01 08:32:20.102174
2,2025-01-27 14:04:30,2025-01-27 14:10:29,N,1.0,65,97,2.0,0.71,7.2,0.0,0.5,2.18,0.0,,1.0,10.88,1.0,1.0,0.0,0.0,1,2025-11-01 08:32:20.102174
2,2025-01-27 14:28:23,2025-01-27 14:48:14,N,1.0,74,43,1.0,2.26,19.1,0.0,0.5,4.67,0.0,,1.0,28.02,1.0,1.0,2.75,0.0,1,2025-11-01 08:32:20.102174
2,2025-01-27 14:36:08,2025-01-27 14:44:30,N,1.0,65,189,1.0,1.16,10.0,0.0,0.5,3.45,0.0,,1.0,14.95,1.0,1.0,0.0,0.0,1,2025-11-01 08:32:20.102174
1,2025-01-27 14:21:10,2025-01-27 14:30:27,N,1.0,75,239,1.0,1.5,10.7,2.75,1.5,3.7,0.0,,1.0,18.65,1.0,1.0,2.75,0.0,1,2025-11-01 08:32:20.102174
2,2025-01-27 14:23:25,2025-01-27 14:30:00,N,1.0,75,238,1.0,1.34,9.3,0.0,0.5,2.7,0.0,,1.0,13.5,1.0,1.0,0.0,0.0,1,2025-11-01 08:32:20.102174
2,2025-01-27 14:02:06,2025-01-27 14:17:20,N,1.0,82,223,1.0,3.71,18.4,0.0,0.5,4.98,0.0,,1.0,24.88,1.0,1.0,0.0,0.0,1,2025-11-01 08:32:20.102174
2,2025-01-27 14:01:53,2025-01-27 14:12:52,N,1.0,134,258,1.0,2.07,12.8,0.0,0.5,2.0,0.0,,1.0,16.3,1.0,1.0,0.0,0.0,1,2025-11-01 08:32:20.102174
2,2025-01-27 14:00:01,2025-01-27 14:16:07,N,1.0,43,142,1.0,2.62,17.0,0.0,0.5,0.0,0.0,,1.0,21.25,1.0,1.0,2.75,0.0,1,2025-11-01 08:32:20.102174
2,2025-01-27 14:48:25,2025-01-27 14:58:23,N,1.0,74,238,1.0,1.57,11.4,0.0,0.5,3.0,0.0,,1.0,18.65,1.0,1.0,2.75,0.0,1,2025-11-01 08:32:20.102174
2,2025-01-27 14:36:41,2025-01-27 14:57:01,N,1.0,75,129,1.0,6.74,29.6,0.0,0.5,0.0,6.94,,1.0,38.04,1.0,1.0,0.0,0.0,1,2025-11-01 08:32:20.102174
1,2025-01-27 14:26:14,2025-01-27 14:43:57,N,1.0,244,238,1.0,5.0,22.6,2.75,1.5,6.7,0.0,,1.0,33.55,1.0,1.0,2.75,0.0,1,2025-11-01 08:32:20.102174
2,2025-01-27 14:18:09,2025-01-27 14:18:36,N,1.0,75,43,1.0,0.02,3.0,0.0,0.5,0.0,0.0,,1.0,4.5,2.0,1.0,0.0,0.0,1,2025-11-01 08:32:20.102174
2,2025-01-27 14:22:15,2025-01-27 14:31:57,N,1.0,75,74,1.0,1.28,10.7,0.0,0.5,0.0,0.0,,1.0,12.2,2.0,1.0,0.0,0.0,1,2025-11-01 08:32:20.102174
2,2025-01-27 14:08:54,2025-01-27 14:26:31,N,1.0,260,92,2.0,6.41,28.9,0.0,0.5,0.0,0.0,,1.0,30.4,2.0,1.0,0.0,0.0,1,2025-11-01 08:32:20.102174
2,2025-01-27 14:46:57,2025-01-27 14:55:34,N,1.0,203,86,1.0,2.37,12.8,0.0,0.5,0.0,0.0,,1.0,14.3,2.0,1.0,0.0,0.0,1,2025-11-01 08:32:20.102174
2,2025-01-27 14:15:37,2025-01-27 14:54:49,N,1.0,65,195,2.0,5.23,35.9,0.0,0.5,7.0,0.0,,1.0,44.4,1.0,1.0,0.0,0.0,1,2025-11-01 08:32:20.102174
2,2025-01-27 14:55:11,2025-01-27 15:34:01,N,1.0,43,249,1.0,4.7,34.5,0.0,0.5,7.9,0.0,,1.0,47.4,1.0,1.0,2.75,0.75,1,2025-11-01 08:32:20.102174
2,2025-01-27 14:47:33,2025-01-27 14:55:05,N,1.0,95,95,1.0,1.1,8.6,0.0,0.5,0.0,0.0,,1.0,10.1,2.0,1.0,0.0,0.0,1,2025-11-01 08:32:20.102174
2,2025-01-27 14:00:14,2025-01-27 14:14:47,N,1.0,74,166,1.0,1.87,14.2,0.0,0.5,0.0,0.0,,1.0,15.7,2.0,1.0,0.0,0.0,1,2025-11-01 08:32:20.102174
1,2025-01-27 14:08:56,2025-01-27 14:14:47,N,1.0,41,74,1.0,1.0,7.2,0.0,1.5,0.0,0.0,,1.0,8.7,2.0,1.0,0.0,0.0,1,2025-11-01 08:32:20.102174
1,2025-01-27 14:59:04,2025-01-27 15:18:29,N,1.0,42,265,1.0,8.9,34.5,0.0,1.5,0.0,0.0,,1.0,36.0,2.0,1.0,0.0,0.0,1,2025-11-01 08:32:20.102174
2,2025-01-27 14:14:02,2025-01-27 14:30:41,N,1.0,75,263,1.0,1.48,14.9,0.0,0.5,2.0,0.0,,1.0,21.15,1.0,1.0,2.75,0.0,1,2025-11-01 08:32:20.102174
1,2025-01-27 14:59:25,2025-01-27 15:09:20,N,1.0,75,236,1.0,1.3,10.7,2.75,1.5,2.24,0.0,,1.0,17.19,1.0,1.0,2.75,0.0,1,2025-11-01 08:32:20.102174
2,2025-01-27 14:47:44,2025-01-27 14:55:27,N,1.0,43,238,1.0,1.14,9.3,0.0,0.5,3.24,0.0,,1.0,14.04,1.0,1.0,0.0,0.0,1,2025-11-01 08:32:20.102174
2,2025-01-27 16:17:50,2025-01-27 16:30:49,N,1.0,75,236,1.0,1.23,12.1,0.0,0.5,3.27,0.0,,1.0,19.62,1.0,1.0,2.75,0.0,1,2025-11-01 08:32:20.102174
2,2025-01-27 14:50:21,2025-01-27 14:58:30,N,1.0,129,138,1.0,3.77,16.3,5.0,0.5,6.84,0.0,,1.0,29.64,1.0,1.0,0.0,0.0,1,2025-11-01 08:32:20.102174
2,2025-01-27 14:34:42,2025-01-27 14:45:25,N,1.0,223,223,1.0,1.21,11.4,0.0,0.5,0.0,0.0,,1.0,12.9,1.0,1.0,0.0,0.0,1,2025-11-01 08:32:20.102174
1,2025-01-27 14:40:39,2025-01-27 14:49:42,N,1.0,75,262,2.0,1.7,10.7,2.75,1.5,2.95,0.0,,1.0,17.9,1.0,1.0,2.75,0.0,1,2025-11-01 08:32:20.102174
2,2025-01-27 14:19:13,2025-01-27 14:25:41,N,1.0,75,236,1.0,0.77,7.2,0.0,0.5,1.72,0.0,,1.0,13.17,1.0,1.0,2.75,0.0,1,2025-11-01 08:32:20.102174
2,2025-01-27 14:49:18,2025-01-27 15:07:34,N,1.0,82,173,2.0,4.23,21.9,0.0,0.5,2.0,0.0,,1.0,25.4,1.0,1.0,0.0,0.0,1,2025-11-01 08:32:20.102174
2,2025-01-27 14:28:47,2025-01-27 14:46:14,N,1.0,66,13,1.0,3.87,20.5,0.0,0.5,5.1,0.0,,1.0,30.6,1.0,1.0,2.75,0.75,1,2025-11-01 08:32:20.102174
2,2025-01-27 14:15:40,2025-01-27 14:41:16,N,1.0,116,262,1.0,4.77,27.5,0.0,0.5,0.0,0.0,,1.0,31.75,2.0,1.0,2.75,0.0,1,2025-11-01 08:32:20.102174
2,2025-01-27 14:29:59,2025-01-27 14:45:37,N,1.0,43,142,2.0,2.12,15.6,0.0,0.5,0.0,0.0,,1.0,19.85,2.0,1.0,2.75,0.0,1,2025-11-01 08:32:20.102174
2,2025-01-27 14:51:35,2025-01-27 15:00:57,N,1.0,43,238,1.0,1.34,10.7,0.0,0.5,0.0,0.0,,1.0,14.95,1.0,1.0,2.75,0.0,1,2025-11-01 08:32:20.102174
2,2025-01-27 14:39:51,2025-01-27 15:12:03,N,1.0,196,215,1.0,6.67,34.5,0.0,0.5,0.0,0.0,,1.0,36.0,2.0,1.0,0.0,0.0,1,2025-11-01 08:32:20.102174
1,2025-01-27 14:05:11,2025-01-27 14:40:40,N,1.0,55,71,1.0,0.0,41.5,0.0,1.5,0.0,0.0,,1.0,43.0,1.0,1.0,0.0,0.0,1,2025-11-01 08:32:20.102174
2,2025-01-27 14:18:11,2025-01-27 14:33:49,N,1.0,166,239,1.0,2.4,17.0,0.0,0.5,4.25,0.0,,1.0,25.5,1.0,1.0,2.75,0.0,1,2025-11-01 08:32:20.102174
2,2025-01-27 14:40:00,2025-01-27 16:33:21,N,5.0,92,219,4.0,15.26,80.0,0.0,0.0,0.0,0.0,,1.0,81.0,2.0,1.0,0.0,0.0,1,2025-11-01 08:32:20.102174
2,2025-01-27 14:22:02,2025-01-27 14:35:06,N,1.0,74,166,1.0,2.01,13.5,0.0,0.5,3.0,0.0,,1.0,18.0,1.0,1.0,0.0,0.0,1,2025-11-01 08:32:20.102174
2,2025-01-27 14:39:43,2025-01-27 14:52:44,N,1.0,166,238,1.0,1.74,13.5,0.0,0.5,1.0,0.0,,1.0,18.75,1.0,1.0,2.75,0.0,1,2025-11-01 08:32:20.102174
2,2025-01-27 14:17:17,2025-01-27 14:36:37,N,1.0,97,225,1.0,2.91,19.1,0.0,0.5,0.0,0.0,,1.0,20.6,2.0,1.0,0.0,0.0,1,2025-11-01 08:32:20.102174
2,2025-01-27 14:35:07,2025-01-27 15:03:27,N,1.0,75,50,1.0,3.82,26.8,0.0,0.5,0.0,0.0,,1.0,31.8,2.0,1.0,2.75,0.75,1,2025-11-01 08:32:20.102174
2,2025-01-27 14:46:02,2025-01-27 14:53:46,N,1.0,41,41,1.0,1.06,9.3,0.0,0.5,2.16,0.0,,1.0,12.96,1.0,1.0,0.0,0.0,1,2025-11-01 08:32:20.102174
2,2025-01-27 15:00:57,2025-01-27 15:06:17,N,1.0,42,42,1.0,0.99,7.2,0.0,0.5,0.0,0.0,,1.0,8.7,2.0,1.0,0.0,0.0,1,2025-11-01 08:32:20.102174
2,2025-01-27 14:29:38,2025-01-27 14:37:25,N,1.0,7,179,1.0,1.28,9.3,0.0,0.5,3.24,0.0,,1.0,14.04,1.0,1.0,0.0,0.0,1,2025-11-01 08:32:20.102174
1,2025-01-27 14:56:51,2025-01-27 15:25:31,N,1.0,43,137,2.0,5.1,28.9,3.5,1.5,0.0,0.0,,1.0,33.9,2.0,1.0,2.75,0.75,1,2025-11-01 08:32:20.102174
2,2025-01-27 14:49:56,2025-01-27 15:02:00,N,1.0,196,95,2.0,1.85,13.5,0.0,0.5,0.0,0.0,,1.0,15.0,2.0,1.0,0.0,0.0,1,2025-11-01 08:32:20.102174
2,2025-01-27 14:21:21,2025-01-27 14:37:17,N,1.0,74,166,1.0,2.4,16.3,0.0,0.5,3.56,0.0,,1.0,21.36,1.0,1.0,0.0,0.0,1,2025-11-01 08:32:20.102174
1,2025-01-27 14:59:54,2025-01-27 15:10:16,N,1.0,65,49,0.0,1.2,10.0,0.0,1.5,0.0,0.0,,1.0,11.5,2.0,1.0,0.0,0.0,1,2025-11-01 08:32:20.102174
2,2025-01-27 14:26:50,2025-01-27 14:32:33,N,1.0,166,151,1.0,0.77,7.2,0.0,0.5,0.0,0.0,,1.0,8.7,2.0,1.0,0.0,0.0,1,2025-11-01 08:32:20.102174
2,2025-01-27 14:47:03,2025-01-27 15:06:19,N,1.0,166,163,1.0,3.71,20.5,0.0,0.5,5.1,0.0,,1.0,30.6,1.0,1.0,2.75,0.75,1,2025-11-01 08:32:20.102174
1,2025-01-27 14:05:29,2025-01-27 14:12:07,N,1.0,10,218,1.0,0.0,16.5,0.0,1.5,0.0,0.0,,1.0,18.0,1.0,1.0,0.0,0.0,1,2025-11-01 08:32:20.102174
2,2025-01-27 14:28:42,2025-01-27 14:43:51,N,1.0,74,166,1.0,1.9,14.9,0.0,0.5,0.0,0.0,,1.0,16.4,2.0,1.0,0.0,0.0,1,2025-11-01 08:32:20.102174
2,2025-01-27 14:28:38,2025-01-28 14:01:18,N,1.0,74,263,1.0,2.28,26.8,0.0,0.5,7.76,0.0,,1.0,38.81,1.0,1.0,2.75,0.0,1,2025-11-01 08:32:20.102174
2,2025-01-27 14:52:03,2025-01-27 14:57:16,N,1.0,7,7,1.0,0.77,7.2,0.0,0.5,0.0,0.0,,1.0,8.7,2.0,1.0,0.0,0.0,1,2025-11-01 08:32:20.102174
2,2025-01-27 14:08:30,2025-01-27 14:15:55,N,1.0,74,75,1.0,0.99,8.6,0.0,0.5,0.0,0.0,,1.0,10.1,2.0,1.0,0.0,0.0,1,2025-11-01 08:32:20.102174
1,2025-01-27 14:13:55,2025-01-27 14:46:55,N,1.0,82,131,1.0,0.0,37.5,0.0,1.5,0.0,0.0,,1.0,39.0,1.0,1.0,0.0,0.0,1,2025-11-01 08:32:20.102174
2,2025-01-27 14:54:43,2025-01-27 15:32:56,N,1.0,130,217,1.0,11.96,52.7,0.0,0.5,13.55,0.0,,1.0,67.75,1.0,1.0,0.0,0.0,1,2025-11-01 08:32:20.102174
2,2025-01-27 14:02:38,2025-01-27 14:27:28,N,1.0,74,41,1.0,3.53,24.0,0.0,0.5,5.1,0.0,,1.0,30.6,1.0,1.0,0.0,0.0,1,2025-11-01 08:32:20.102174
2,2025-01-27 14:50:42,2025-01-27 14:57:59,N,1.0,75,74,1.0,1.37,9.3,0.0,0.5,3.24,0.0,,1.0,14.04,1.0,1.0,0.0,0.0,1,2025-11-01 08:32:20.102174
2,2025-01-27 14:20:38,2025-01-27 14:36:25,N,1.0,74,138,1.0,6.86,28.9,5.0,0.5,8.47,6.94,,1.0,50.81,1.0,1.0,0.0,0.0,1,2025-11-01 08:32:20.102174
2,2025-01-27 14:06:54,2025-01-27 14:25:09,N,1.0,74,238,1.0,2.49,18.4,0.0,0.5,4.53,0.0,,1.0,27.18,1.0,1.0,2.75,0.0,1,2025-11-01 08:32:20.102174
2,2025-01-27 14:48:00,2025-01-27 15:10:48,N,1.0,75,140,1.0,3.13,21.9,0.0,0.5,0.0,0.0,,1.0,26.9,2.0,1.0,2.75,0.75,1,2025-11-01 08:32:20.102174
2,2025-01-27 14:00:34,2025-01-27 14:25:49,N,1.0,75,48,1.0,4.78,28.9,0.0,0.5,6.78,0.0,,1.0,40.68,1.0,1.0,2.75,0.75,1,2025-11-01 08:32:20.102174
2,2025-01-27 14:55:37,2025-01-27 16:15:31,N,1.0,75,61,1.0,13.35,73.7,0.0,0.5,0.0,0.0,,1.0,77.95,2.0,1.0,2.75,0.0,1,2025-11-01 08:32:20.102174
2,2025-01-27 14:27:25,2025-01-27 14:52:07,N,1.0,74,237,1.0,2.83,22.6,0.0,0.5,5.37,0.0,,1.0,32.22,1.0,1.0,2.75,0.0,1,2025-11-01 08:32:20.102174
1,2025-01-27 14:20:28,2025-01-27 14:27:51,N,1.0,151,239,1.0,0.0,16.5,0.0,1.5,0.0,0.0,,1.0,18.0,1.0,1.0,0.0,0.0,1,2025-11-01 08:32:20.102174
1,2025-01-27 14:44:28,2025-01-27 14:49:12,N,1.0,166,151,2.0,0.8,6.5,0.0,1.5,0.0,0.0,,1.0,8.0,2.0,1.0,0.0,0.0,1,2025-11-01 08:32:20.102174
2,2025-01-27 14:11:33,2025-01-27 14:39:58,N,1.0,244,236,1.0,5.77,33.8,0.0,0.5,7.61,0.0,,1.0,45.66,1.0,1.0,2.75,0.0,1,2025-11-01 08:32:20.102174
2,2025-01-27 14:22:25,2025-01-27 14:48:11,N,1.0,75,95,1.0,11.27,45.7,0.0,0.5,0.0,6.94,,1.0,54.14,2.0,1.0,0.0,0.0,1,2025-11-01 08:32:20.102174
2,2025-01-27 14:29:17,2025-01-27 14:39:18,N,1.0,43,238,2.0,1.35,11.4,0.0,0.5,4.7,0.0,,1.0,20.35,1.0,1.0,2.75,0.0,1,2025-11-01 08:32:20.102174
2,2025-01-27 14:57:45,2025-01-27 15:05:57,N,1.0,75,74,2.0,1.35,10.0,0.0,0.5,2.3,0.0,,1.0,13.8,1.0,1.0,0.0,0.0,1,2025-11-01 08:32:20.102174
1,2025-01-27 14:33:55,2025-01-27 14:39:57,N,1.0,74,168,2.0,1.3,8.6,1.0,1.5,0.0,0.0,,1.0,11.1,2.0,1.0,0.0,0.0,1,2025-11-01 08:32:20.102174
1,2025-01-27 14:47:25,2025-01-27 14:55:10,N,1.0,42,41,2.0,1.1,9.3,1.0,1.5,0.0,0.0,,1.0,11.8,2.0,1.0,0.0,0.0,1,2025-11-01 08:32:20.102174
2,2025-01-27 14:42:24,2025-01-27 14:49:23,N,1.0,75,74,1.0,1.31,8.6,0.0,0.5,2.02,0.0,,1.0,12.12,1.0,1.0,0.0,0.0,1,2025-11-01 08:32:20.102174
2,2025-01-27 14:06:58,2025-01-27 14:18:22,N,1.0,74,151,1.0,1.74,12.8,0.0,0.5,0.0,0.0,,1.0,14.3,2.0,1.0,0.0,0.0,1,2025-11-01 08:32:20.102174
2,2025-01-27 14:02:23,2025-01-27 14:25:20,N,1.0,74,243,1.0,3.96,22.6,0.0,0.5,0.0,0.0,,1.0,24.1,2.0,1.0,0.0,0.0,1,2025-11-01 08:32:20.102174
2,2025-01-27 14:42:26,2025-01-27 14:50:41,N,1.0,74,75,1.0,1.4,10.0,0.0,0.5,1.15,0.0,,1.0,12.65,1.0,1.0,0.0,0.0,1,2025-11-01 08:32:20.102174
2,2025-01-27 14:41:13,2025-01-27 14:54:35,N,1.0,166,143,6.0,2.09,14.9,0.0,0.5,2.0,0.0,,1.0,21.15,1.0,1.0,2.75,0.0,1,2025-11-01 08:32:20.102174
2,2025-01-27 14:27:20,2025-01-27 14:40:11,N,1.0,74,166,1.0,1.67,13.5,0.0,0.5,3.0,0.0,,1.0,18.0,1.0,1.0,0.0,0.0,1,2025-11-01 08:32:20.102174
2,2025-01-27 14:08:01,2025-01-27 14:22:09,N,1.0,244,238,1.0,4.56,21.9,0.0,0.5,3.92,0.0,,1.0,30.07,1.0,1.0,2.75,0.0,1,2025-11-01 08:32:20.102174
2,2025-01-27 13:28:05,2025-01-27 13:32:10,N,1.0,75,151,1.0,0.84,6.5,0.0,0.5,1.6,0.0,,1.0,9.6,1.0,1.0,0.0,0.0,1,2025-11-01 08:32:20.102174
2,2025-01-27 13:41:44,2025-01-27 14:02:39,N,1.0,75,237,1.0,2.24,19.1,0.0,0.5,0.0,0.0,,1.0,23.35,2.0,1.0,2.75,0.0,1,2025-11-01 08:32:20.102174
2,2025-01-27 15:28:38,2025-01-27 15:29:38,N,1.0,75,75,1.0,0.26,3.7,0.0,0.5,0.0,0.0,,1.0,5.2,1.0,1.0,0.0,0.0,1,2025-11-01 08:32:20.102174
2,2025-01-27 15:51:53,2025-01-27 16:18:31,N,1.0,75,244,1.0,5.21,28.9,0.0,0.5,6.08,0.0,,1.0,36.48,1.0,1.0,0.0,0.0,1,2025-11-01 08:32:20.102174
2,2025-01-27 15:25:38,2025-01-27 15:30:51,N,1.0,7,7,1.0,0.54,6.5,0.0,0.5,1.6,0.0,,1.0,9.6,1.0,1.0,0.0,0.0,1,2025-11-01 08:32:20.102174
2,2025-01-27 15:08:26,2025-01-27 15:20:50,N,1.0,43,239,1.0,1.6,13.5,0.0,0.5,4.44,0.0,,1.0,22.19,1.0,1.0,2.75,0.0,1,2025-11-01 08:32:20.102174
2,2025-01-27 15:45:14,2025-01-27 15:55:18,N,1.0,75,43,1.0,1.75,12.1,0.0,0.5,3.27,0.0,,1.0,19.62,1.0,1.0,2.75,0.0,1,2025-11-01 08:32:20.102174
2,2025-01-27 15:37:45,2025-01-27 16:10:51,N,1.0,97,112,1.0,5.56,33.1,0.0,0.5,6.92,0.0,,1.0,41.52,1.0,1.0,0.0,0.0,1,2025-11-01 08:32:20.102174
2,2025-01-27 15:56:40,2025-01-27 16:23:16,N,1.0,260,92,2.0,6.15,33.1,0.0,0.5,10.38,0.0,,1.0,44.98,1.0,1.0,0.0,0.0,1,2025-11-01 08:32:20.102174
2,2025-01-27 15:51:19,2025-01-27 16:12:30,N,1.0,75,179,1.0,4.73,26.1,0.0,0.5,0.0,6.94,,1.0,34.54,2.0,1.0,0.0,0.0,1,2025-11-01 08:32:20.102174
1,2025-01-27 15:48:07,2025-01-27 16:01:02,N,1.0,65,181,1.0,2.0,13.5,0.0,1.5,1.0,0.0,,1.0,16.0,1.0,1.0,0.0,0.0,1,2025-11-01 08:32:20.102174
2,2025-01-27 15:11:38,2025-01-27 15:22:00,N,1.0,244,243,1.0,1.2,10.7,0.0,0.5,2.44,0.0,,1.0,14.64,1.0,1.0,0.0,0.0,1,2025-11-01 08:32:20.102174
2,2025-01-27 15:39:16,2025-01-27 15:56:32,N,1.0,244,238,1.0,4.64,23.3,0.0,0.5,0.0,0.0,,1.0,27.55,2.0,1.0,2.75,0.0,1,2025-11-01 08:32:20.102174
2,2025-01-27 15:24:20,2025-01-27 15:37:19,N,1.0,65,97,1.0,1.27,12.8,0.0,0.5,0.0,0.0,,1.0,14.3,2.0,1.0,0.0,0.0,1,2025-11-01 08:32:20.102174
1,2025-01-27 15:07:43,2025-01-27 15:23:58,N,1.0,75,237,1.0,1.7,14.9,2.75,1.5,3.0,0.0,,1.0,22.15,1.0,1.0,2.75,0.0,1,2025-11-01 08:32:20.102174
2,2025-01-27 15:37:17,2025-01-27 15:55:15,N,1.0,74,263,1.0,2.3,17.0,0.0,0.5,4.25,0.0,,1.0,25.5,1.0,1.0,2.75,0.0,1,2025-11-01 08:32:20.102174
2,2025-01-27 15:48:35,2025-01-27 15:57:25,N,1.0,75,236,1.0,1.18,10.0,0.0,0.5,2.14,0.0,,1.0,16.39,1.0,1.0,2.75,0.0,1,2025-11-01 08:32:20.102174
2,2025-01-27 06:37:55,2025-01-27 06:56:44,N,1.0,74,142,1.0,3.89,20.5,0.0,0.5,4.95,0.0,,1.0,29.7,1.0,1.0,2.75,0.0,1,2025-11-01 08:32:20.102174
2,2025-01-27 15:39:57,2025-01-27 15:51:30,N,1.0,41,24,1.0,1.26,12.1,0.0,0.5,0.0,0.0,,1.0,13.6,2.0,1.0,0.0,0.0,1,2025-11-01 08:32:20.102174
2,2025-01-27 15:36:54,2025-01-27 15:52:17,N,1.0,24,236,5.0,2.29,16.3,0.0,0.5,3.08,0.0,,1.0,23.63,1.0,1.0,2.75,0.0,1,2025-11-01 08:32:20.102174
2,2025-01-27 15:04:43,2025-01-27 15:14:59,N,1.0,130,10,1.0,1.82,12.1,0.0,0.5,0.0,0.0,,1.0,13.6,1.0,1.0,0.0,0.0,1,2025-11-01 08:32:20.102174
1,2025-01-27 15:28:17,2025-01-27 15:48:42,N,1.0,244,262,1.0,6.8,30.3,2.75,1.5,6.9,0.0,,1.0,41.45,1.0,1.0,2.75,0.0,1,2025-11-01 08:32:20.102174
2,2025-01-27 15:17:36,2025-01-27 15:26:44,N,1.0,95,95,1.0,0.98,10.0,0.0,0.5,3.45,0.0,,1.0,14.95,1.0,1.0,0.0,0.0,1,2025-11-01 08:32:20.102174
2,2025-01-27 15:19:41,2025-01-27 15:43:13,N,1.0,97,61,2.0,2.98,21.9,0.0,0.5,4.68,0.0,,1.0,28.08,1.0,1.0,0.0,0.0,1,2025-11-01 08:32:20.102174
2,2025-01-27 15:04:18,2025-01-27 15:11:32,N,1.0,75,236,1.0,0.68,7.9,0.0,0.5,0.0,0.0,,1.0,12.15,1.0,1.0,2.75,0.0,1,2025-11-01 08:32:20.102174
2,2025-01-27 15:30:58,2025-01-27 15:42:08,N,1.0,74,74,1.0,0.85,10.7,0.0,0.5,0.0,0.0,,1.0,12.2,2.0,1.0,0.0,0.0,1,2025-11-01 08:32:20.102174
2,2025-01-27 15:58:49,2025-01-27 16:10:08,N,1.0,41,42,1.0,0.0,10.7,0.0,0.5,0.0,0.0,,1.0,12.2,2.0,1.0,0.0,0.0,1,2025-11-01 08:32:20.102174
1,2025-01-27 15:21:07,2025-01-27 15:39:29,N,1.0,97,17,1.0,2.2,17.0,0.0,1.5,3.7,0.0,,1.0,22.2,1.0,1.0,0.0,0.0,1,2025-11-01 08:32:20.102174
2,2025-01-27 15:56:52,2025-01-27 16:29:14,N,1.0,74,226,1.0,7.45,37.3,0.0,0.5,0.0,6.94,,1.0,45.74,2.0,1.0,0.0,0.0,1,2025-11-01 08:32:20.102174
2,2025-01-27 15:27:06,2025-01-27 15:44:12,N,1.0,75,142,1.0,2.39,16.3,0.0,0.5,4.11,0.0,,1.0,24.66,1.0,1.0,2.75,0.0,1,2025-11-01 08:32:20.102174
1,2025-01-27 15:51:21,2025-01-27 16:07:16,N,1.0,75,143,1.0,4.2,19.8,3.5,1.5,6.2,0.0,,1.0,31.0,1.0,1.0,2.75,0.75,1,2025-11-01 08:32:20.102174
2,2025-01-27 15:07:40,2025-01-27 15:27:44,N,1.0,74,236,1.0,2.43,19.1,0.0,0.5,2.0,0.0,,1.0,25.35,1.0,1.0,2.75,0.0,1,2025-11-01 08:32:20.102174
2,2025-01-27 15:27:31,2025-01-27 15:47:35,N,1.0,41,263,1.0,2.76,19.8,0.0,0.5,4.81,0.0,,1.0,28.86,1.0,1.0,2.75,0.0,1,2025-11-01 08:32:20.102174
2,2025-01-27 14:57:56,2025-01-27 15:09:06,N,1.0,43,238,1.0,1.19,11.4,0.0,0.5,3.13,0.0,,1.0,18.78,1.0,1.0,2.75,0.0,1,2025-11-01 08:32:20.102174
2,2025-01-27 15:26:53,2025-01-27 15:45:32,N,1.0,75,237,1.0,1.65,17.0,0.0,0.5,1.7,0.0,,1.0,22.95,1.0,1.0,2.75,0.0,1,2025-11-01 08:32:20.102174
1,2025-01-27 15:24:35,2025-01-27 15:46:24,N,1.0,244,239,2.0,5.5,28.9,2.75,1.5,3.75,0.0,,1.0,36.9,1.0,1.0,2.75,0.0,1,2025-11-01 08:32:20.102174
2,2025-01-27 15:11:18,2025-01-27 15:14:54,N,1.0,166,24,2.0,0.58,5.8,0.0,0.5,1.46,0.0,,1.0,8.76,1.0,1.0,0.0,0.0,1,2025-11-01 08:32:20.102174
2,2025-01-27 15:26:02,2025-01-27 15:26:22,N,1.0,24,24,1.0,0.01,-3.0,0.0,-0.5,0.0,0.0,,-1.0,-4.5,4.0,1.0,0.0,0.0,1,2025-11-01 08:32:20.102174
2,2025-01-27 15:26:02,2025-01-27 15:26:22,N,1.0,24,24,1.0,0.01,3.0,0.0,0.5,0.0,0.0,,1.0,4.5,4.0,1.0,0.0,0.0,1,2025-11-01 08:32:20.102174
2,2025-01-27 15:41:02,2025-01-27 15:52:48,N,1.0,41,151,1.0,2.14,13.5,0.0,0.5,2.0,0.0,,1.0,17.0,1.0,1.0,0.0,0.0,1,2025-11-01 08:32:20.102174
2,2025-01-27 15:50:05,2025-01-27 15:58:44,N,1.0,24,74,1.0,1.66,10.7,0.0,0.5,0.0,0.0,,1.0,12.2,2.0,1.0,0.0,0.0,1,2025-11-01 08:32:20.102174
2,2025-01-27 15:25:27,2025-01-27 15:36:42,N,1.0,166,41,1.0,1.57,12.1,0.0,0.5,2.72,0.0,,1.0,16.32,1.0,1.0,0.0,0.0,1,2025-11-01 08:32:20.102174
2,2025-01-27 15:49:47,2025-01-27 16:45:46,N,2.0,41,132,1.0,18.9,70.0,0.0,0.5,16.0,6.94,,1.0,94.44,1.0,1.0,0.0,0.0,1,2025-11-01 08:32:20.102174
2,2025-01-27 15:44:40,2025-01-27 16:14:59,N,1.0,65,52,2.0,3.13,26.1,0.0,0.5,2.0,0.0,,1.0,29.6,1.0,1.0,0.0,0.0,1,2025-11-01 08:32:20.102174
2,2025-01-27 15:18:19,2025-01-27 15:26:39,N,1.0,74,75,1.0,1.2,8.6,0.0,0.5,0.0,0.0,,1.0,10.1,2.0,1.0,0.0,0.0,1,2025-11-01 08:32:20.102174
2,2025-01-27 15:29:20,2025-01-27 15:44:08,N,1.0,75,238,1.0,1.72,14.9,0.0,0.5,4.79,0.0,,1.0,23.94,1.0,1.0,2.75,0.0,1,2025-11-01 08:32:20.102174
2,2025-01-27 16:02:35,2025-01-27 16:25:54,N,1.0,95,129,1.0,5.01,27.5,0.0,0.5,7.25,0.0,,1.0,36.25,1.0,1.0,0.0,0.0,1,2025-11-01 08:32:20.102174
2,2025-01-27 15:17:49,2025-01-27 15:23:46,N,1.0,41,42,1.0,1.43,8.6,0.0,0.5,0.0,0.0,,1.0,10.1,2.0,1.0,0.0,0.0,1,2025-11-01 08:32:20.102174
1,2025-01-27 15:42:04,2025-01-27 15:54:32,N,1.0,42,159,1.0,2.1,12.8,0.0,1.5,0.0,0.0,,1.0,14.3,2.0,1.0,0.0,0.0,1,2025-11-01 08:32:20.102174
1,2025-01-27 15:59:48,2025-01-27 16:02:34,N,1.0,159,168,1.0,0.6,5.1,2.5,1.5,0.0,0.0,,1.0,9.1,2.0,1.0,0.0,0.0,1,2025-11-01 08:32:20.102174
2,2025-01-27 15:15:40,2025-01-27 15:28:20,N,1.0,7,138,1.0,3.8,19.1,5.0,0.5,5.12,0.0,,1.0,30.72,1.0,1.0,0.0,0.0,1,2025-11-01 08:32:20.102174
2,2025-01-27 15:00:44,2025-01-27 15:08:09,N,1.0,75,74,1.0,1.33,9.3,0.0,0.5,2.16,0.0,,1.0,12.96,1.0,1.0,0.0,0.0,1,2025-11-01 08:32:20.102174
2,2025-01-27 15:30:14,2025-01-27 15:35:25,N,1.0,75,75,1.0,0.66,6.5,0.0,0.5,0.0,0.0,,1.0,8.0,2.0,1.0,0.0,0.0,1,2025-11-01 08:32:20.102174
2,2025-01-27 15:45:23,2025-01-27 15:51:37,N,1.0,75,74,1.0,1.28,8.6,0.0,0.5,0.0,0.0,,1.0,10.1,2.0,1.0,0.0,0.0,1,2025-11-01 08:32:20.102174
1,2025-01-27 15:28:06,2025-01-27 15:41:46,N,1.0,75,239,1.0,2.0,14.2,2.75,1.5,4.5,0.0,,1.0,22.95,1.0,1.0,2.75,0.0,1,2025-11-01 08:32:20.102174
2,2025-01-27 15:11:07,2025-01-27 15:33:23,N,1.0,43,161,1.0,2.18,20.5,0.0,0.5,0.0,0.0,,1.0,25.5,2.0,1.0,2.75,0.75,1,2025-11-01 08:32:20.102174
2,2025-01-27 15:58:14,2025-01-27 16:07:10,N,1.0,260,83,1.0,1.08,9.3,0.0,0.5,3.24,0.0,,1.0,14.04,1.0,1.0,0.0,0.0,1,2025-11-01 08:32:20.102174
2,2025-01-27 15:31:13,2025-01-27 15:50:28,N,1.0,116,43,1.0,3.3,19.8,0.0,0.5,0.0,0.0,,1.0,21.3,2.0,1.0,0.0,0.0,1,2025-11-01 08:32:20.102174
2,2025-01-27 15:10:51,2025-01-27 15:26:31,N,1.0,75,151,1.0,1.57,14.9,0.0,0.5,3.28,0.0,,1.0,19.68,1.0,1.0,0.0,0.0,1,2025-11-01 08:32:20.102174
2,2025-01-27 15:41:22,2025-01-27 15:50:58,N,5.0,75,194,4.0,1.66,44.0,0.0,0.0,5.0,0.0,,1.0,50.0,1.0,1.0,0.0,0.0,1,2025-11-01 08:32:20.102174
2,2025-01-27 15:17:53,2025-01-27 15:33:09,N,1.0,75,166,1.0,2.17,14.9,0.0,0.5,0.0,0.0,,1.0,16.4,2.0,1.0,0.0,0.0,1,2025-11-01 08:32:20.102174
2,2025-01-27 15:07:35,2025-01-27 15:23:05,N,1.0,75,42,2.0,2.19,14.9,0.0,0.5,0.0,0.0,,1.0,16.4,2.0,1.0,0.0,0.0,1,2025-11-01 08:32:20.102174
2,2025-01-27 15:23:41,2025-01-27 15:27:48,N,1.0,42,42,2.0,0.71,5.8,0.0,0.5,0.0,0.0,,1.0,7.3,2.0,1.0,0.0,0.0,1,2025-11-01 08:32:20.102174
2,2025-01-27 15:34:24,2025-01-27 16:04:54,N,1.0,41,170,2.0,4.61,28.9,0.0,0.5,7.5,0.0,,1.0,41.4,1.0,1.0,2.75,0.75,1,2025-11-01 08:32:20.102174
2,2025-01-27 15:42:42,2025-01-27 15:51:30,N,1.0,75,238,1.0,1.48,10.7,0.0,0.5,1.05,0.0,,1.0,16.0,1.0,1.0,2.75,0.0,1,2025-11-01 08:32:20.102174
2,2025-01-27 15:18:52,2025-01-27 15:43:04,N,1.0,65,225,1.0,2.91,21.9,0.0,0.5,4.68,0.0,,1.0,28.08,1.0,1.0,0.0,0.0,1,2025-11-01 08:32:20.102174
2,2025-01-27 15:00:44,2025-01-27 15:19:38,N,1.0,166,143,1.0,2.23,17.7,0.0,0.5,2.0,0.0,,1.0,23.95,1.0,1.0,2.75,0.0,1,2025-11-01 08:32:20.102174
2,2025-01-27 15:13:12,2025-01-27 15:16:53,N,1.0,41,74,1.0,0.38,5.1,0.0,0.5,0.0,0.0,,1.0,6.6,2.0,1.0,0.0,0.0,1,2025-11-01 08:32:20.102174
2,2025-01-27 15:36:26,2025-01-27 15:55:46,N,1.0,74,244,1.0,2.57,17.7,0.0,0.5,0.0,0.0,,1.0,19.2,2.0,1.0,0.0,0.0,1,2025-11-01 08:32:20.102174
2,2025-01-27 15:13:52,2025-01-27 15:34:53,N,1.0,97,189,1.0,1.34,17.7,0.0,0.5,3.84,0.0,,1.0,23.04,1.0,1.0,0.0,0.0,1,2025-11-01 08:32:20.102174
2,2025-01-27 15:24:14,2025-01-27 15:49:14,N,1.0,97,89,1.0,3.72,24.0,0.0,0.5,5.1,0.0,,1.0,30.6,1.0,1.0,0.0,0.0,1,2025-11-01 08:32:20.102174
2,2025-01-27 15:18:30,2025-01-27 16:01:51,N,1.0,130,79,1.0,13.1,59.0,0.0,0.5,14.19,6.94,,1.0,85.13,1.0,1.0,2.75,0.75,1,2025-11-01 08:32:20.102174
1,2025-01-27 15:47:04,2025-01-27 15:58:30,N,1.0,97,49,0.0,1.7,12.1,0.0,1.5,2.18,0.0,,1.0,15.78,1.0,1.0,0.0,0.0,1,2025-11-01 08:32:20.102174
2,2025-01-27 15:56:34,2025-01-27 16:14:55,N,1.0,74,140,1.0,4.53,23.3,0.0,0.5,5.51,0.0,,1.0,33.06,1.0,1.0,2.75,0.0,1,2025-11-01 08:32:20.102174
1,2025-01-27 15:39:25,2025-01-27 16:05:23,N,1.0,65,234,0.0,4.4,26.8,3.5,1.5,3.0,0.0,,1.0,34.8,1.0,1.0,2.75,0.75,1,2025-11-01 08:32:20.102174
2,2025-01-27 15:41:35,2025-01-27 15:49:01,N,1.0,75,238,1.0,1.42,9.3,0.0,0.5,2.71,0.0,,1.0,16.26,1.0,1.0,2.75,0.0,1,2025-11-01 08:32:20.102174
2,2025-01-27 15:21:38,2025-01-27 15:28:48,N,1.0,74,43,1.0,1.34,9.3,0.0,0.5,0.0,0.0,,1.0,10.8,2.0,1.0,0.0,0.0,1,2025-11-01 08:32:20.102174
2,2025-01-27 15:16:52,2025-01-27 15:35:14,N,1.0,75,238,1.0,1.73,17.0,0.0,0.5,4.25,0.0,,1.0,25.5,1.0,1.0,2.75,0.0,1,2025-11-01 08:32:20.102174
2,2025-01-27 15:52:58,2025-01-27 16:08:19,N,1.0,75,140,1.0,2.18,15.6,0.0,0.5,3.97,0.0,,1.0,23.82,1.0,1.0,2.75,0.0,1,2025-11-01 08:32:20.102174
2,2025-01-27 15:01:19,2025-01-27 15:15:45,N,1.0,74,138,1.0,6.71,28.2,5.0,0.5,8.33,6.94,,1.0,49.97,1.0,1.0,0.0,0.0,1,2025-11-01 08:32:20.102174
2,2025-01-27 15:34:52,2025-01-27 16:01:26,N,1.0,75,231,1.0,7.22,35.2,0.0,0.5,2.0,0.0,,1.0,41.45,1.0,1.0,2.75,0.0,1,2025-11-01 08:32:20.102174
2,2025-01-27 15:03:12,2025-01-27 15:23:32,N,1.0,97,225,1.0,2.73,19.1,0.0,0.5,0.0,0.0,,1.0,20.6,2.0,1.0,0.0,0.0,1,2025-11-01 08:32:20.102174
2,2025-01-27 15:04:33,2025-01-27 15:26:36,N,1.0,75,138,1.0,8.07,35.2,5.0,0.5,9.73,6.94,,1.0,58.37,1.0,1.0,0.0,0.0,1,2025-11-01 08:32:20.102174
2,2025-01-27 15:36:17,2025-01-27 15:40:49,N,1.0,75,74,1.0,1.19,7.9,0.0,0.5,0.0,0.0,,1.0,9.4,2.0,1.0,0.0,0.0,1,2025-11-01 08:32:20.102174
2,2025-01-27 15:45:31,2025-01-27 15:48:30,N,1.0,75,75,1.0,0.41,5.1,0.0,0.5,0.0,0.0,,1.0,6.6,2.0,1.0,0.0,0.0,1,2025-11-01 08:32:20.102174
2,2025-01-27 15:52:31,2025-01-27 15:56:46,N,1.0,74,75,1.0,1.06,7.2,0.0,0.5,0.0,0.0,,1.0,8.7,1.0,1.0,0.0,0.0,1,2025-11-01 08:32:20.102174
2,2025-01-27 15:51:22,2025-01-27 16:01:17,N,1.0,82,138,1.0,3.82,17.7,5.0,0.5,0.0,0.0,,1.0,24.2,2.0,1.0,0.0,0.0,1,2025-11-01 08:32:20.102174
2,2025-01-27 15:21:21,2025-01-27 15:45:45,N,1.0,43,141,1.0,2.31,21.2,0.0,0.5,2.54,0.0,,1.0,27.99,1.0,1.0,2.75,0.0,1,2025-11-01 08:32:20.102174
2,2025-01-27 15:01:10,2025-01-27 15:14:44,N,1.0,74,42,1.0,1.39,12.1,0.0,0.5,0.0,0.0,,1.0,13.6,2.0,1.0,0.0,0.0,1,2025-11-01 08:32:20.102174
2,2025-01-27 15:58:05,2025-01-27 16:19:08,N,1.0,75,230,1.0,3.58,21.2,0.0,0.5,5.24,0.0,,1.0,31.44,1.0,1.0,2.75,0.75,1,2025-11-01 08:32:20.102174
2,2025-01-27 15:01:18,2025-01-27 15:50:29,N,1.0,129,132,1.0,14.34,63.9,0.0,0.5,0.0,0.0,,1.0,65.4,2.0,1.0,0.0,0.0,1,2025-11-01 08:32:20.102174
1,2025-01-27 15:09:49,2025-01-27 15:22:42,N,1.0,166,239,2.0,2.1,14.9,2.75,1.5,3.8,0.0,,1.0,22.95,1.0,1.0,2.75,0.0,1,2025-11-01 08:32:20.102174
2,2025-01-27 15:28:44,2025-01-27 16:15:40,N,4.0,75,265,2.0,11.14,73.7,0.0,0.0,17.9,14.06,,1.0,107.41,1.0,1.0,0.0,0.75,1,2025-11-01 08:32:20.102174
2,2025-01-27 15:22:03,2025-01-27 15:35:51,N,1.0,41,238,1.0,2.38,15.6,0.0,0.5,3.97,0.0,,1.0,23.82,1.0,1.0,2.75,0.0,1,2025-11-01 08:32:20.102174
1,2025-01-27 15:19:39,2025-01-27 15:29:01,N,1.0,166,239,1.0,1.4,10.7,3.75,1.5,3.15,0.0,,1.0,19.1,1.0,1.0,2.75,0.0,1,2025-11-01 08:32:20.102174
1,2025-01-27 15:47:07,2025-01-27 15:52:01,N,1.0,166,166,1.0,0.8,6.5,1.0,1.5,1.8,0.0,,1.0,10.8,1.0,1.0,0.0,0.0,1,2025-11-01 08:32:20.102174
2,2025-01-27 15:52:04,2025-01-27 15:59:54,N,1.0,134,95,1.0,0.94,9.3,0.0,0.5,0.0,0.0,,1.0,10.8,1.0,1.0,0.0,0.0,1,2025-11-01 08:32:20.102174
2,2025-01-27 15:21:08,2025-01-27 15:27:43,N,1.0,74,75,1.0,1.17,8.6,0.0,0.5,2.02,0.0,,1.0,12.12,1.0,1.0,0.0,0.0,1,2025-11-01 08:32:20.102174
2,2025-01-27 15:22:43,2025-01-27 15:43:29,N,1.0,74,238,1.0,2.41,19.1,0.0,0.5,4.12,0.0,,1.0,24.72,1.0,1.0,0.0,0.0,1,2025-11-01 08:32:20.102174
2,2025-01-27 15:30:15,2025-01-27 15:45:35,N,1.0,74,151,1.0,2.15,15.6,0.0,0.5,0.0,0.0,,1.0,17.1,2.0,1.0,0.0,0.0,1,2025-11-01 08:32:20.102174
2,2025-01-27 15:24:19,2025-01-27 15:33:08,N,1.0,41,74,1.0,0.87,9.3,0.0,0.5,1.0,0.0,,1.0,11.8,1.0,1.0,0.0,0.0,1,2025-11-01 08:32:20.102174
2,2025-01-27 15:01:49,2025-01-27 15:42:41,N,1.0,75,28,1.0,13.38,57.6,0.0,0.5,13.21,6.94,,1.0,79.25,1.0,1.0,0.0,0.0,1,2025-11-01 08:32:20.102174
2,2025-01-27 15:16:28,2025-01-27 15:24:46,N,1.0,75,74,1.0,1.47,10.0,0.0,0.5,2.22,0.0,,1.0,13.72,1.0,1.0,0.0,0.0,1,2025-11-01 08:32:20.102174
2,2025-01-27 15:53:50,2025-01-27 16:03:49,N,1.0,236,239,1.0,1.81,12.1,0.0,0.5,0.0,0.0,,1.0,16.35,1.0,1.0,2.75,0.0,1,2025-11-01 08:32:20.102174
2,2025-01-27 15:09:47,2025-01-27 15:20:00,N,1.0,95,95,5.0,0.76,10.0,0.0,0.5,2.3,0.0,,1.0,13.8,1.0,1.0,0.0,0.0,1,2025-11-01 08:32:20.102174
2,2025-01-27 15:11:43,2025-01-27 15:20:08,N,1.0,75,41,1.0,1.01,9.3,0.0,0.5,0.0,0.0,,1.0,10.8,2.0,1.0,0.0,0.0,1,2025-11-01 08:32:20.102174
2,2025-01-27 15:24:25,2025-01-27 15:29:00,N,1.0,130,130,1.0,0.67,6.5,0.0,0.5,0.0,0.0,,1.0,8.0,1.0,1.0,0.0,0.0,1,2025-11-01 08:32:20.102174
2,2025-01-27 15:32:31,2025-01-27 15:53:47,N,1.0,74,262,1.0,2.19,19.1,0.0,0.5,0.0,0.0,,1.0,23.35,2.0,1.0,2.75,0.0,1,2025-11-01 08:32:20.102174
2,2025-01-27 15:18:30,2025-01-27 15:29:17,N,1.0,74,42,1.0,1.68,11.4,0.0,0.5,0.0,0.0,,1.0,12.9,2.0,1.0,0.0,0.0,1,2025-11-01 08:32:20.102174
2,2025-01-27 14:48:53,2025-01-27 15:00:53,N,1.0,75,263,1.0,1.74,12.8,0.0,0.5,3.41,0.0,,1.0,20.46,1.0,1.0,2.75,0.0,1,2025-11-01 08:32:20.102174
2,2025-01-27 16:52:56,2025-01-27 17:02:27,N,1.0,43,238,1.0,1.28,10.7,2.5,0.5,3.49,0.0,,1.0,20.94,1.0,1.0,2.75,0.0,1,2025-11-01 08:32:20.102174
2,2025-01-27 16:20:44,2025-01-27 16:25:48,N,1.0,75,74,1.0,1.19,7.9,2.5,0.5,2.38,0.0,,1.0,14.28,1.0,1.0,0.0,0.0,1,2025-11-01 08:32:20.102174
2,2025-01-27 16:14:47,2025-01-27 16:23:51,N,1.0,41,166,1.0,0.74,9.3,2.5,0.5,0.0,0.0,,1.0,13.3,2.0,1.0,0.0,0.0,1,2025-11-01 08:32:20.102174
2,2025-01-27 16:28:03,2025-01-27 16:37:53,N,1.0,74,75,1.0,1.36,10.7,2.5,0.5,0.0,0.0,,1.0,14.7,2.0,1.0,0.0,0.0,1,2025-11-01 08:32:20.102174
2,2025-01-27 16:44:52,2025-01-27 16:49:17,N,1.0,75,74,1.0,1.04,7.2,2.5,0.5,0.0,0.0,,1.0,11.2,2.0,1.0,0.0,0.0,1,2025-11-01 08:32:20.102174
2,2025-01-27 16:36:12,2025-01-27 17:09:29,N,1.0,260,234,1.0,6.14,33.1,2.5,0.5,10.15,0.0,,1.0,50.75,1.0,1.0,2.75,0.75,1,2025-11-01 08:32:20.102174
1,2025-01-27 16:46:03,2025-01-27 17:13:29,N,1.0,65,75,1.0,0.0,33.5,0.0,1.5,0.0,0.0,,1.0,35.0,1.0,1.0,0.0,0.0,1,2025-11-01 08:32:20.102174
2,2025-01-27 16:51:40,2025-01-27 16:57:13,N,1.0,75,74,1.0,1.3,7.9,2.5,0.5,1.78,0.0,,1.0,13.68,1.0,1.0,0.0,0.0,1,2025-11-01 08:32:20.102174
1,2025-01-27 16:51:18,2025-01-27 17:13:58,N,1.0,25,256,1.0,3.5,23.3,2.5,1.5,1.0,0.0,,1.0,28.3,1.0,1.0,0.0,0.0,1,2025-11-01 08:32:20.102174
1,2025-01-27 16:18:23,2025-01-27 16:31:41,N,1.0,74,24,1.0,2.0,12.8,2.5,1.5,0.0,0.0,,1.0,16.8,1.0,1.0,0.0,0.0,1,2025-11-01 08:32:20.102174
2,2025-01-27 16:33:53,2025-01-27 17:01:07,N,1.0,193,135,1.0,9.4,40.8,2.5,0.5,3.0,0.0,,1.0,47.8,1.0,1.0,0.0,0.0,1,2025-11-01 08:32:20.102174
2,2025-01-27 15:56:07,2025-01-27 16:03:16,N,1.0,74,42,1.0,1.13,8.6,2.5,0.5,0.0,0.0,,1.0,12.6,2.0,1.0,0.0,0.0,1,2025-11-01 08:32:20.102174
2,2025-01-27 16:36:30,2025-01-27 16:40:56,N,1.0,95,95,3.0,0.93,7.2,2.5,0.5,0.0,0.0,,1.0,11.2,2.0,1.0,0.0,0.0,1,2025-11-01 08:32:20.102174
2,2025-01-27 15:58:28,2025-01-27 16:06:10,N,1.0,97,49,1.0,1.07,8.6,2.5,0.5,3.15,0.0,,1.0,15.75,1.0,1.0,0.0,0.0,1,2025-11-01 08:32:20.102174
2,2025-01-27 16:34:36,2025-01-27 16:50:49,N,1.0,97,17,1.0,1.94,15.6,2.5,0.5,3.0,0.0,,1.0,22.6,1.0,1.0,0.0,0.0,1,2025-11-01 08:32:20.102174
2,2025-01-27 16:05:56,2025-01-27 16:24:48,N,1.0,74,238,1.0,2.48,18.4,2.5,0.5,5.03,0.0,,1.0,30.18,1.0,1.0,2.75,0.0,1,2025-11-01 08:32:20.102174
1,2025-01-27 16:01:25,2025-01-27 16:18:24,N,1.0,75,142,1.0,2.6,17.7,5.25,1.5,4.85,0.0,,1.0,29.3,1.0,1.0,2.75,0.0,1,2025-11-01 08:32:20.102174
1,2025-01-27 16:33:12,2025-01-27 16:49:26,N,1.0,75,142,1.0,2.6,17.0,5.25,1.5,4.75,0.0,,1.0,28.5,1.0,1.0,2.75,0.0,1,2025-11-01 08:32:20.102174
2,2025-01-27 16:18:05,2025-01-27 16:38:57,N,1.0,75,143,1.0,3.01,19.8,2.5,0.5,5.31,0.0,,1.0,31.86,1.0,1.0,2.75,0.0,1,2025-11-01 08:32:20.102174
2,2025-01-27 16:02:49,2025-01-27 16:19:31,N,1.0,166,74,1.0,1.64,15.6,2.5,0.5,1.0,0.0,,1.0,20.6,1.0,1.0,0.0,0.0,1,2025-11-01 08:32:20.102174
2,2025-01-27 16:09:48,2025-01-27 16:30:25,N,1.0,74,141,2.0,3.08,20.5,2.5,0.5,3.5,0.0,,1.0,30.75,1.0,1.0,2.75,0.0,1,2025-11-01 08:32:20.102174
2,2025-01-27 16:07:14,2025-01-27 16:16:49,N,1.0,75,236,1.0,0.9,10.0,2.5,0.5,0.0,0.0,,1.0,16.75,2.0,1.0,2.75,0.0,1,2025-11-01 08:32:20.102174
2,2025-01-27 16:55:41,2025-01-27 17:08:08,N,1.0,43,141,1.0,2.27,14.2,2.5,0.5,4.19,0.0,,1.0,25.14,1.0,1.0,2.75,0.0,1,2025-11-01 08:32:20.102174
2,2025-01-27 07:12:28,2025-01-28 06:22:03,N,1.0,75,262,1.0,1.1,10.0,2.5,0.5,1.5,0.0,,1.0,15.5,1.0,1.0,0.0,0.0,1,2025-11-01 08:32:20.102174
2,2025-01-27 16:10:22,2025-01-27 16:19:15,N,1.0,41,42,1.0,1.51,10.0,2.5,0.5,0.0,0.0,,1.0,14.0,1.0,1.0,0.0,0.0,1,2025-11-01 08:32:20.102174
2,2025-01-27 16:51:20,2025-01-27 16:55:40,N,1.0,75,236,2.0,1.02,7.2,2.5,0.5,2.0,0.0,,1.0,15.95,1.0,1.0,2.75,0.0,1,2025-11-01 08:32:20.102174
2,2025-01-27 16:47:47,2025-01-27 16:58:56,N,1.0,166,239,5.0,1.83,12.8,2.5,0.5,3.91,0.0,,1.0,23.46,1.0,1.0,2.75,0.0,1,2025-11-01 08:32:20.102174
2,2025-01-27 16:48:29,2025-01-27 17:02:56,N,1.0,130,135,1.0,3.64,19.1,2.5,0.5,0.0,0.0,,1.0,23.1,2.0,1.0,0.0,0.0,1,2025-11-01 08:32:20.102174
1,2025-01-27 16:05:24,2025-01-27 16:11:45,N,1.0,75,238,2.0,0.9,7.9,5.25,1.5,2.9,0.0,,1.0,17.55,1.0,1.0,2.75,0.0,1,2025-11-01 08:32:20.102174
1,2025-01-27 16:21:05,2025-01-27 16:27:24,N,1.0,75,41,1.0,1.0,7.9,2.5,1.5,0.0,0.0,,1.0,11.9,2.0,1.0,0.0,0.0,1,2025-11-01 08:32:20.102174
1,2025-01-27 16:43:25,2025-01-27 16:50:58,N,1.0,75,263,2.0,1.0,9.3,5.25,1.5,3.2,0.0,,1.0,19.25,1.0,1.0,2.75,0.0,1,2025-11-01 08:32:20.102174
2,2025-01-27 16:22:39,2025-01-27 16:36:52,N,1.0,97,188,2.0,2.79,16.3,2.5,0.5,4.06,0.0,,1.0,24.36,1.0,1.0,0.0,0.0,1,2025-11-01 08:32:20.102174
2,2025-01-27 16:52:15,2025-01-27 17:01:11,N,1.0,129,138,2.0,3.68,17.0,7.5,0.5,5.2,0.0,,1.0,31.2,1.0,1.0,0.0,0.0,1,2025-11-01 08:32:20.102174
2,2025-01-27 16:34:27,2025-01-27 16:49:30,N,1.0,74,238,1.0,2.29,15.6,2.5,0.5,3.92,0.0,,1.0,23.52,1.0,1.0,0.0,0.0,1,2025-11-01 08:32:20.102174
2,2025-01-27 16:25:18,2025-01-27 16:30:43,N,1.0,97,97,1.0,1.19,7.9,2.5,0.5,2.38,0.0,,1.0,14.28,1.0,1.0,0.0,0.0,1,2025-11-01 08:32:20.102174
2,2025-01-27 17:00:22,2025-01-27 17:14:28,N,1.0,97,17,1.0,2.51,14.9,2.5,0.5,3.78,0.0,,1.0,22.68,1.0,1.0,0.0,0.0,1,2025-11-01 08:32:20.102174
1,2025-01-27 16:06:34,2025-01-27 16:31:11,N,1.0,238,127,1.0,0.0,27.5,0.0,1.5,0.0,0.0,,1.0,29.0,1.0,1.0,0.0,0.0,1,2025-11-01 08:32:20.102174
1,2025-01-27 16:08:05,2025-01-27 16:22:36,N,1.0,97,181,1.0,2.1,14.9,2.5,1.5,0.0,0.0,,1.0,18.9,2.0,1.0,0.0,0.0,1,2025-11-01 08:32:20.102174
2,2025-01-27 16:26:01,2025-01-27 16:33:45,N,1.0,82,223,1.0,2.06,12.1,2.5,0.5,2.0,0.0,,1.0,18.1,1.0,1.0,0.0,0.0,1,2025-11-01 08:32:20.102174
2,2025-01-27 15:54:06,2025-01-27 16:03:39,N,1.0,82,138,1.0,3.73,17.7,7.5,0.5,5.34,0.0,,1.0,32.04,1.0,1.0,0.0,0.0,1,2025-11-01 08:32:20.102174
2,2025-01-27 16:58:45,2025-01-27 17:15:55,N,1.0,74,141,1.0,2.66,17.7,2.5,0.5,4.89,0.0,,1.0,29.34,1.0,1.0,2.75,0.0,1,2025-11-01 08:32:20.102174
2,2025-01-27 16:34:07,2025-01-27 16:45:19,N,1.0,43,239,1.0,1.82,12.1,2.5,0.5,3.77,0.0,,1.0,22.62,1.0,1.0,2.75,0.0,1,2025-11-01 08:32:20.102174
1,2025-01-27 16:48:56,2025-01-27 16:53:53,N,1.0,41,41,1.0,0.7,6.5,2.5,1.5,0.0,0.0,,1.0,10.5,1.0,1.0,0.0,0.0,1,2025-11-01 08:32:20.102174
2,2025-01-27 16:32:44,2025-01-27 17:01:42,N,1.0,74,169,1.0,4.09,25.4,2.5,0.5,0.0,0.0,,1.0,29.4,2.0,1.0,0.0,0.0,1,2025-11-01 08:32:20.102174
2,2025-01-27 12:33:54,2025-01-28 11:54:30,N,1.0,66,255,1.0,4.13,23.3,2.5,0.5,0.0,0.0,,1.0,27.3,2.0,1.0,0.0,0.0,1,2025-11-01 08:32:20.102174
2,2025-01-27 16:22:47,2025-01-27 16:44:17,N,1.0,244,236,1.0,6.64,31.7,2.5,0.5,11.54,0.0,,1.0,49.99,1.0,1.0,2.75,0.0,1,2025-11-01 08:32:20.102174
2,2025-01-27 16:02:12,2025-01-27 16:13:23,N,1.0,75,166,1.0,1.87,12.1,2.5,0.5,2.0,0.0,,1.0,18.1,1.0,1.0,0.0,0.0,1,2025-11-01 08:32:20.102174
2,2025-01-27 16:13:56,2025-01-27 16:37:33,N,1.0,244,138,1.0,11.35,44.3,7.5,0.5,12.05,6.94,,1.0,72.29,1.0,1.0,0.0,0.0,1,2025-11-01 08:32:20.102174
2,2025-01-27 17:01:42,2025-01-27 17:20:28,N,1.0,74,141,1.0,4.08,21.9,2.5,0.5,4.3,0.0,,1.0,32.95,1.0,1.0,2.75,0.0,1,2025-11-01 08:32:20.102174
2,2025-01-27 16:11:12,2025-01-27 16:16:06,N,1.0,75,75,1.0,0.79,6.5,2.5,0.5,0.0,0.0,,1.0,10.5,2.0,1.0,0.0,0.0,1,2025-11-01 08:32:20.102174
2,2025-01-27 16:23:07,2025-01-27 16:34:54,N,1.0,75,237,1.0,1.91,13.5,2.5,0.5,4.05,0.0,,1.0,24.3,1.0,1.0,2.75,0.0,1,2025-11-01 08:32:20.102174
2,2025-01-27 16:46:37,2025-01-27 16:51:28,N,1.0,75,74,1.0,1.39,8.6,2.5,0.5,1.0,0.0,,1.0,13.6,1.0,1.0,0.0,0.0,1,2025-11-01 08:32:20.102174
2,2025-01-27 16:16:58,2025-01-27 16:30:06,N,1.0,7,202,1.0,2.12,13.5,2.5,0.5,3.5,0.0,,1.0,21.0,1.0,1.0,0.0,0.0,1,2025-11-01 08:32:20.102174
2,2025-01-27 16:17:34,2025-01-27 16:25:26,N,1.0,75,239,1.0,1.67,10.0,2.5,0.5,4.19,0.0,,1.0,20.94,1.0,1.0,2.75,0.0,1,2025-11-01 08:32:20.102174
2,2025-01-27 16:34:03,2025-01-27 16:40:00,N,1.0,236,239,1.0,1.17,7.9,2.5,0.5,3.66,0.0,,1.0,18.31,1.0,1.0,2.75,0.0,1,2025-11-01 08:32:20.102174
2,2025-01-27 16:50:26,2025-01-27 16:54:44,N,1.0,75,236,1.0,0.64,6.5,2.5,0.5,2.65,0.0,,1.0,15.9,1.0,1.0,2.75,0.0,1,2025-11-01 08:32:20.102174
1,2025-01-27 16:59:59,2025-01-27 17:18:12,N,1.0,244,239,2.0,5.4,24.0,5.25,1.5,7.0,0.0,,1.0,37.75,1.0,1.0,2.75,0.0,1,2025-11-01 08:32:20.102174
2,2025-01-27 16:39:24,2025-01-27 16:49:56,N,1.0,75,237,1.0,1.6,12.1,2.5,0.5,0.0,0.0,,1.0,18.85,1.0,1.0,2.75,0.0,1,2025-11-01 08:32:20.102174
2,2025-01-27 16:45:40,2025-01-27 17:04:58,N,1.0,244,263,1.0,7.25,30.3,2.5,0.5,7.41,0.0,,1.0,44.46,1.0,1.0,2.75,0.0,1,2025-11-01 08:32:20.102174
2,2025-01-27 16:44:34,2025-01-27 16:56:19,N,1.0,43,142,1.0,2.33,13.5,2.5,0.5,3.0,0.0,,1.0,23.25,1.0,1.0,2.75,0.0,1,2025-11-01 08:32:20.102174
2,2025-01-27 16:41:46,2025-01-27 16:53:33,N,1.0,95,95,1.0,1.44,12.1,2.5,0.5,0.0,0.0,,1.0,16.1,2.0,1.0,0.0,0.0,1,2025-11-01 08:32:20.102174
2,2025-01-27 16:32:22,2025-01-27 16:51:50,N,1.0,223,202,1.0,3.02,18.4,2.5,0.5,5.6,0.0,,1.0,28.0,1.0,1.0,0.0,0.0,1,2025-11-01 08:32:20.102174
2,2025-01-27 16:36:31,2025-01-27 16:47:53,N,1.0,75,263,1.0,1.28,11.4,2.5,0.5,1.5,0.0,,1.0,19.65,1.0,1.0,2.75,0.0,1,2025-11-01 08:32:20.102174
2,2025-01-27 16:03:06,2025-01-27 16:30:12,N,1.0,75,68,1.0,6.08,32.4,2.5,0.5,0.0,0.0,,1.0,39.9,2.0,1.0,2.75,0.75,1,2025-11-01 08:32:20.102174
2,2025-01-27 16:51:50,2025-01-27 17:08:38,N,1.0,82,134,1.0,2.98,19.1,2.5,0.5,0.0,0.0,,1.0,23.1,2.0,1.0,0.0,0.0,1,2025-11-01 08:32:20.102174
1,2025-01-27 16:33:18,2025-01-27 16:41:34,N,1.0,43,239,1.0,1.6,9.3,5.25,1.5,0.0,0.0,,1.0,16.05,2.0,1.0,2.75,0.0,1,2025-11-01 08:32:20.102174
2,2025-01-27 16:43:02,2025-01-27 17:08:51,N,1.0,7,162,1.0,4.37,26.1,2.5,0.5,6.72,0.0,,1.0,40.32,1.0,1.0,2.75,0.75,1,2025-11-01 08:32:20.102174
2,2025-01-27 16:23:43,2025-01-27 16:29:32,N,1.0,130,28,1.0,0.91,7.2,2.5,0.5,2.0,0.0,,1.0,13.2,1.0,1.0,0.0,0.0,1,2025-11-01 08:32:20.102174
2,2025-01-27 15:59:47,2025-01-27 16:07:47,N,1.0,74,75,1.0,1.15,8.6,2.5,0.5,2.52,0.0,,1.0,15.12,1.0,1.0,0.0,0.0,1,2025-11-01 08:32:20.102174
2,2025-01-27 16:16:06,2025-01-27 16:23:12,N,1.0,75,74,1.0,1.29,8.6,2.5,0.5,1.0,0.0,,1.0,13.6,1.0,1.0,0.0,0.0,1,2025-11-01 08:32:20.102174
1,2025-01-27 16:41:28,2025-01-27 16:46:35,N,1.0,75,236,1.0,0.7,6.5,5.25,1.5,2.65,0.0,,1.0,15.9,1.0,1.0,2.75,0.0,1,2025-11-01 08:32:20.102174
2,2025-01-27 16:48:37,2025-01-27 16:59:07,N,1.0,75,237,1.0,1.82,12.1,2.5,0.5,3.0,0.0,,1.0,21.85,1.0,1.0,2.75,0.0,1,2025-11-01 08:32:20.102174
2,2025-01-27 16:20:13,2025-01-27 16:30:03,N,1.0,43,263,1.0,1.17,10.0,2.5,0.5,3.35,0.0,,1.0,20.1,1.0,1.0,2.75,0.0,1,2025-11-01 08:32:20.102174
2,2025-01-27 16:36:37,2025-01-27 16:43:07,N,1.0,75,75,1.0,0.8,7.9,2.5,0.5,3.0,0.0,,1.0,14.9,1.0,1.0,0.0,0.0,1,2025-11-01 08:32:20.102174
2,2025-01-27 17:00:08,2025-01-27 17:27:13,N,1.0,260,179,1.0,3.78,25.4,2.5,0.5,0.0,0.0,,1.0,29.4,2.0,1.0,0.0,0.0,1,2025-11-01 08:32:20.102174
2,2025-01-27 16:03:26,2025-01-27 16:54:44,N,1.0,25,76,2.0,8.07,47.1,2.5,0.5,10.22,0.0,,1.0,61.32,1.0,1.0,0.0,0.0,1,2025-11-01 08:32:20.102174
2,2025-01-27 16:58:18,2025-01-27 17:04:36,N,1.0,75,74,1.0,1.43,8.6,2.5,0.5,2.52,0.0,,1.0,15.12,1.0,1.0,0.0,0.0,1,2025-11-01 08:32:20.102174
2,2025-01-27 14:20:26,2025-01-27 14:30:46,N,1.0,260,7,1.0,1.13,9.3,2.5,0.5,2.66,0.0,,1.0,15.96,1.0,1.0,0.0,0.0,1,2025-11-01 08:32:20.102174
1,2025-01-27 16:38:22,2025-01-27 16:46:17,N,1.0,95,134,1.0,1.0,8.6,2.5,1.5,0.0,0.0,,1.0,12.6,2.0,1.0,0.0,0.0,1,2025-11-01 08:32:20.102174
2,2025-01-27 16:12:33,2025-01-27 16:28:07,N,1.0,82,223,1.0,2.46,17.0,2.5,0.5,0.0,0.0,,1.0,21.0,2.0,1.0,0.0,0.0,1,2025-11-01 08:32:20.102174
2,2025-01-27 16:02:27,2025-01-27 17:06:32,N,1.0,75,132,1.0,18.32,77.9,2.5,0.5,18.57,6.94,,1.0,111.41,1.0,1.0,2.75,0.0,1,2025-11-01 08:32:20.102174
2,2025-01-27 16:47:08,2025-01-27 17:06:32,N,1.0,75,237,2.0,1.73,17.0,2.5,0.5,4.75,0.0,,1.0,28.5,1.0,1.0,2.75,0.0,1,2025-11-01 08:32:20.102174
2,2025-01-27 16:33:02,2025-01-27 16:36:31,N,1.0,75,238,1.0,0.92,6.5,2.5,0.5,0.0,0.0,,1.0,13.25,1.0,1.0,2.75,0.0,1,2025-11-01 08:32:20.102174
2,2025-01-27 16:43:29,2025-01-27 16:48:09,N,1.0,75,74,1.0,1.29,7.9,2.5,0.5,2.38,0.0,,1.0,14.28,1.0,1.0,0.0,0.0,1,2025-11-01 08:32:20.102174
2,2025-01-27 16:51:28,2025-01-27 17:23:59,N,1.0,95,177,1.0,6.4,35.2,2.5,0.5,0.0,0.0,,1.0,39.2,2.0,1.0,0.0,0.0,1,2025-11-01 08:32:20.102174
2,2025-01-27 16:09:57,2025-01-27 16:20:48,N,1.0,75,237,1.0,1.35,11.4,2.5,0.5,3.63,0.0,,1.0,21.78,1.0,1.0,2.75,0.0,1,2025-11-01 08:32:20.102174
2,2025-01-27 16:20:18,2025-01-27 16:28:30,N,1.0,74,75,1.0,1.72,10.7,2.5,0.5,0.0,0.0,,1.0,14.7,2.0,1.0,0.0,0.0,1,2025-11-01 08:32:20.102174
2,2025-01-27 16:13:17,2025-01-27 16:25:49,N,1.0,260,7,1.0,2.14,13.5,2.5,0.5,2.0,0.0,,1.0,19.5,1.0,1.0,0.0,0.0,1,2025-11-01 08:32:20.102174
2,2025-01-27 16:01:17,2025-01-27 16:18:14,N,1.0,97,225,1.0,2.73,17.0,2.5,0.5,30.0,0.0,,1.0,51.0,1.0,1.0,0.0,0.0,1,2025-11-01 08:32:20.102174
2,2025-01-27 16:35:30,2025-01-27 16:45:25,N,1.0,97,49,1.0,1.01,10.7,2.5,0.5,2.94,0.0,,1.0,17.64,1.0,1.0,0.0,0.0,1,2025-11-01 08:32:20.102174
2,2025-01-27 16:19:00,2025-01-27 16:36:36,N,1.0,181,217,1.0,2.75,19.1,2.5,0.5,0.0,0.0,,1.0,23.1,2.0,1.0,0.0,0.0,1,2025-11-01 08:32:20.102174
2,2025-01-27 16:18:52,2025-01-27 16:30:17,N,1.0,74,166,1.0,1.93,12.8,2.5,0.5,0.0,0.0,,1.0,16.8,2.0,1.0,0.0,0.0,1,2025-11-01 08:32:20.102174
1,2025-01-27 16:24:14,2025-01-27 17:09:09,N,1.0,65,100,0.0,7.3,45.0,3.5,1.5,0.0,0.0,,1.0,50.0,2.0,1.0,2.75,0.75,1,2025-11-01 08:32:20.102174
2,2025-01-27 16:24:11,2025-01-27 16:46:48,N,1.0,42,237,1.0,3.6,23.3,2.5,0.5,6.01,0.0,,1.0,36.06,1.0,1.0,2.75,0.0,1,2025-11-01 08:32:20.102174
2,2025-01-27 16:09:44,2025-01-27 16:15:20,N,1.0,75,75,1.0,0.77,6.5,2.5,0.5,0.0,0.0,,1.0,10.5,2.0,1.0,0.0,0.0,1,2025-11-01 08:32:20.102174
2,2025-01-27 16:38:21,2025-01-27 16:53:54,N,1.0,75,141,1.0,2.16,15.6,2.5,0.5,4.47,0.0,,1.0,26.82,1.0,1.0,2.75,0.0,1,2025-11-01 08:32:20.102174
2,2025-01-27 16:19:58,2025-01-27 16:34:46,N,1.0,74,42,1.0,2.31,14.9,2.5,0.5,0.0,0.0,,1.0,18.9,2.0,1.0,0.0,0.0,1,2025-11-01 08:32:20.102174
2,2025-01-27 16:14:51,2025-01-27 16:25:44,N,1.0,7,146,1.0,1.42,11.4,2.5,0.5,4.62,0.0,,1.0,20.02,1.0,1.0,0.0,0.0,1,2025-11-01 08:32:20.102174
2,2025-01-27 17:00:44,2025-01-27 17:08:34,N,1.0,7,179,1.0,1.04,8.6,2.5,0.5,0.0,0.0,,1.0,12.6,2.0,1.0,0.0,0.0,1,2025-11-01 08:32:20.102174
1,2025-01-27 16:23:34,2025-01-27 16:27:57,N,1.0,75,151,1.0,0.8,7.2,2.5,1.5,0.0,0.0,,1.0,11.2,1.0,1.0,0.0,0.0,1,2025-11-01 08:32:20.102174
1,2025-01-27 16:42:27,2025-01-27 16:49:27,N,1.0,75,74,2.0,1.5,10.0,2.5,1.5,0.0,0.0,,1.0,14.0,2.0,1.0,0.0,0.0,1,2025-11-01 08:32:20.102174
2,2025-01-27 16:37:38,2025-01-27 17:36:17,N,3.0,74,264,1.0,4.5,67.8,2.5,0.0,0.0,0.0,,1.0,71.3,2.0,2.0,0.0,0.0,1,2025-11-01 08:32:20.102174
2,2025-01-27 16:30:18,2025-01-27 16:42:40,N,1.0,97,190,1.0,1.99,13.5,2.5,0.5,3.5,0.0,,1.0,21.0,1.0,1.0,0.0,0.0,1,2025-11-01 08:32:20.102174
2,2025-01-27 16:43:26,2025-01-27 16:56:58,N,1.0,97,61,1.0,7.61,29.6,2.5,0.5,6.72,0.0,,1.0,40.32,1.0,1.0,0.0,0.0,1,2025-11-01 08:32:20.102174
1,2025-01-27 16:45:37,2025-01-27 16:55:07,N,1.0,65,189,0.0,1.3,10.0,2.5,1.5,4.2,0.0,,1.0,18.2,1.0,1.0,0.0,0.0,1,2025-11-01 08:32:20.102174
2,2025-01-27 16:11:23,2025-01-27 16:18:49,N,1.0,166,238,1.0,1.23,9.3,2.5,0.5,3.21,0.0,,1.0,19.26,1.0,1.0,2.75,0.0,1,2025-11-01 08:32:20.102174
2,2025-01-27 16:32:08,2025-01-27 16:45:48,N,1.0,74,263,1.0,1.97,14.2,2.5,0.5,0.0,0.0,,1.0,20.95,2.0,1.0,2.75,0.0,1,2025-11-01 08:32:20.102174
2,2025-01-27 16:19:42,2025-01-27 16:24:13,N,1.0,75,236,1.0,0.68,6.5,2.5,0.5,1.0,0.0,,1.0,14.25,1.0,1.0,2.75,0.0,1,2025-11-01 08:32:20.102174
2,2025-01-27 16:32:18,2025-01-27 16:48:59,N,1.0,75,50,1.0,4.32,21.9,2.5,0.5,5.88,0.0,,1.0,35.28,1.0,1.0,2.75,0.75,1,2025-11-01 08:32:20.102174
2,2025-01-27 16:32:59,2025-01-27 16:49:53,N,1.0,74,237,1.0,2.52,17.7,2.5,0.5,4.89,0.0,,1.0,29.34,1.0,1.0,2.75,0.0,1,2025-11-01 08:32:20.102174
2,2025-01-27 16:20:11,2025-01-27 16:32:12,N,1.0,74,236,1.0,2.17,14.2,2.5,0.5,0.0,0.0,,1.0,20.95,1.0,1.0,2.75,0.0,1,2025-11-01 08:32:20.102174
2,2025-01-27 16:48:24,2025-01-27 16:57:55,N,1.0,75,74,1.0,1.54,10.7,2.5,0.5,0.0,0.0,,1.0,14.7,2.0,1.0,0.0,0.0,1,2025-11-01 08:32:20.102174
1,2025-01-27 16:26:48,2025-01-27 16:59:26,N,1.0,71,76,1.0,0.0,23.5,0.0,1.5,0.0,0.0,,1.0,25.0,1.0,1.0,0.0,0.0,1,2025-11-01 08:32:20.102174
2,2025-01-27 16:07:37,2025-01-27 16:18:30,N,1.0,95,28,3.0,1.9,12.8,2.5,0.5,0.0,0.0,,1.0,16.8,2.0,1.0,0.0,0.0,1,2025-11-01 08:32:20.102174
2,2025-01-27 15:09:24,2025-01-27 15:17:05,N,1.0,74,75,1.0,1.56,10.0,2.5,0.5,0.0,0.0,,1.0,14.0,1.0,1.0,0.0,0.0,1,2025-11-01 08:32:20.102174
2,2025-01-27 15:22:46,2025-01-27 15:33:09,N,1.0,75,41,1.0,1.67,11.4,2.5,0.5,3.85,0.0,,1.0,19.25,1.0,1.0,0.0,0.0,1,2025-11-01 08:32:20.102174
2,2025-01-27 16:43:38,2025-01-27 16:50:20,N,1.0,260,83,1.0,0.8,7.2,2.5,0.5,0.0,0.0,,1.0,11.2,2.0,1.0,0.0,0.0,1,2025-11-01 08:32:20.102174
1,2025-01-27 16:26:49,2025-01-27 16:45:11,N,1.0,161,193,1.0,0.0,20.5,0.0,1.5,0.0,0.0,,1.0,22.0,1.0,1.0,0.0,0.0,1,2025-11-01 08:32:20.102174
2,2025-01-27 16:38:30,2025-01-27 16:49:19,N,1.0,82,138,1.0,3.79,18.4,7.5,0.5,1.37,0.0,,1.0,28.77,1.0,1.0,0.0,0.0,1,2025-11-01 08:32:20.102174
2,2025-01-27 16:35:32,2025-01-27 16:42:40,N,1.0,195,40,1.0,1.28,8.6,2.5,0.5,2.52,0.0,,1.0,15.12,1.0,1.0,0.0,0.0,1,2025-11-01 08:32:20.102174
2,2025-01-27 16:23:41,2025-01-27 16:40:57,N,1.0,43,142,1.0,2.77,17.7,2.5,0.5,5.0,0.0,,1.0,29.45,1.0,1.0,2.75,0.0,1,2025-11-01 08:32:20.102174
2,2025-01-27 16:03:30,2025-01-27 16:03:32,N,5.0,130,264,9.0,0.0,9.0,0.0,0.0,2.0,0.0,,1.0,12.0,1.0,2.0,0.0,0.0,1,2025-11-01 08:32:20.102174
2,2025-01-27 16:05:26,2025-01-27 16:16:48,N,1.0,74,236,1.0,1.6,12.1,2.5,0.5,3.77,0.0,,1.0,22.62,1.0,1.0,2.75,0.0,1,2025-11-01 08:32:20.102174
2,2025-01-27 16:40:46,2025-01-27 16:49:54,N,1.0,75,74,1.0,1.69,10.7,2.5,0.5,2.94,0.0,,1.0,17.64,1.0,1.0,0.0,0.0,1,2025-11-01 08:32:20.102174
2,2025-01-27 16:25:54,2025-01-27 16:42:56,N,1.0,74,238,1.0,2.92,17.7,2.5,0.5,4.89,0.0,,1.0,29.34,1.0,1.0,2.75,0.0,1,2025-11-01 08:32:20.102174
2,2025-01-27 16:21:10,2025-01-27 16:47:40,N,1.0,244,163,1.0,7.34,36.6,2.5,0.5,8.82,0.0,,1.0,52.92,1.0,1.0,2.75,0.75,1,2025-11-01 08:32:20.102174
2,2025-01-27 16:10:13,2025-01-27 16:23:48,N,1.0,42,74,1.0,2.05,14.9,2.5,0.5,0.0,0.0,,1.0,18.9,2.0,1.0,0.0,0.0,1,2025-11-01 08:32:20.102174
2,2025-01-27 16:45:38,2025-01-27 16:54:36,N,1.0,75,238,1.0,1.14,10.0,2.5,0.5,3.35,0.0,,1.0,20.1,1.0,1.0,2.75,0.0,1,2025-11-01 08:32:20.102174
2,2025-01-27 16:56:26,2025-01-27 17:09:41,N,1.0,244,220,1.0,4.56,20.5,2.5,0.5,0.0,3.18,,1.0,27.68,2.0,1.0,0.0,0.0,1,2025-11-01 08:32:20.102174
2,2025-01-27 16:08:41,2025-01-27 16:09:43,N,1.0,95,95,1.0,0.29,3.7,2.5,0.5,0.0,0.0,,1.0,7.7,2.0,1.0,0.0,0.0,1,2025-11-01 08:32:20.102174
2,2025-01-27 16:58:20,2025-01-27 17:25:38,N,1.0,95,215,1.0,4.35,25.4,2.5,0.5,0.0,0.0,,1.0,29.4,2.0,1.0,0.0,0.0,1,2025-11-01 08:32:20.102174
1,2025-01-27 16:00:04,2025-01-27 16:08:24,N,1.0,75,263,1.0,0.0,8.6,5.25,1.5,3.05,0.0,,1.0,18.4,1.0,1.0,2.75,0.0,1,2025-11-01 08:32:20.102174
1,2025-01-27 16:36:12,2025-01-27 16:51:18,N,1.0,236,142,2.0,0.0,13.5,5.25,1.5,4.0,0.0,,1.0,24.25,1.0,1.0,2.75,0.0,1,2025-11-01 08:32:20.102174
2,2025-01-27 17:00:37,2025-01-27 17:14:23,N,1.0,95,160,1.0,2.39,14.9,2.5,0.5,0.0,0.0,,1.0,18.9,2.0,1.0,0.0,0.0,1,2025-11-01 08:32:20.102174
2,2025-01-27 16:29:48,2025-01-27 16:41:19,N,1.0,74,166,1.0,1.77,12.8,2.5,0.5,3.36,0.0,,1.0,20.16,1.0,1.0,0.0,0.0,1,2025-11-01 08:32:20.102174
2,2025-01-27 16:51:33,2025-01-27 16:57:28,N,1.0,41,42,1.0,1.2,8.6,2.5,0.5,2.52,0.0,,1.0,15.12,1.0,1.0,0.0,0.0,1,2025-11-01 08:32:20.102174
2,2025-01-27 16:03:45,2025-01-27 16:29:01,N,1.0,41,143,1.0,4.0,25.4,2.5,0.5,6.43,0.0,,1.0,38.58,1.0,1.0,2.75,0.0,1,2025-11-01 08:32:20.102174
2,2025-01-27 16:33:55,2025-01-27 16:53:54,N,1.0,74,166,1.0,1.73,17.0,2.5,0.5,0.0,0.0,,1.0,21.0,1.0,1.0,0.0,0.0,1,2025-11-01 08:32:20.102174
2,2025-01-27 16:38:37,2025-01-27 16:49:26,N,1.0,41,74,1.0,1.1,11.4,2.5,0.5,0.0,0.0,,1.0,15.4,2.0,1.0,0.0,0.0,1,2025-11-01 08:32:20.102174
2,2025-01-27 16:54:51,2025-01-27 17:03:25,N,1.0,74,41,1.0,1.16,9.3,2.5,0.5,2.66,0.0,,1.0,15.96,1.0,1.0,0.0,0.0,1,2025-11-01 08:32:20.102174
2,2025-01-27 16:16:46,2025-01-27 16:26:48,N,1.0,75,236,1.0,1.32,11.4,2.5,0.5,3.63,0.0,,1.0,21.78,1.0,1.0,2.75,0.0,1,2025-11-01 08:32:20.102174
2,2025-01-27 16:41:15,2025-01-27 16:57:38,N,1.0,75,229,1.0,3.54,19.8,2.5,0.5,4.1,0.0,,1.0,31.4,1.0,1.0,2.75,0.75,1,2025-11-01 08:32:20.102174
2,2025-01-27 16:18:24,2025-01-27 16:25:52,N,1.0,75,43,6.0,0.87,8.6,2.5,0.5,0.0,0.0,,1.0,15.35,2.0,1.0,2.75,0.0,1,2025-11-01 08:32:20.102174
2,2025-01-27 16:35:15,2025-01-27 16:42:46,N,1.0,75,74,1.0,1.37,9.3,2.5,0.5,2.66,0.0,,1.0,15.96,1.0,1.0,0.0,0.0,1,2025-11-01 08:32:20.102174
2,2025-01-27 16:49:49,2025-01-27 16:56:39,N,1.0,74,262,1.0,1.51,9.3,2.5,0.5,2.0,0.0,,1.0,18.05,1.0,1.0,2.75,0.0,1,2025-11-01 08:32:20.102174
2,2025-01-27 16:13:20,2025-01-27 16:23:42,N,1.0,75,151,1.0,1.52,11.4,2.5,0.5,4.62,0.0,,1.0,20.02,1.0,1.0,0.0,0.0,1,2025-11-01 08:32:20.102174
2,2025-01-27 16:58:32,2025-01-27 17:15:39,N,1.0,74,263,1.0,2.54,17.0,2.5,0.5,4.75,0.0,,1.0,28.5,1.0,1.0,2.75,0.0,1,2025-11-01 08:32:20.102174
2,2025-01-27 15:13:58,2025-01-27 15:37:25,N,1.0,75,229,1.0,3.77,22.6,2.5,0.5,6.02,0.0,,1.0,36.12,1.0,1.0,2.75,0.75,1,2025-11-01 08:32:20.102174
2,2025-01-27 17:20:58,2025-01-27 17:26:30,N,1.0,263,262,1.0,0.98,7.9,2.5,0.5,2.0,0.0,,1.0,16.65,1.0,1.0,2.75,0.0,1,2025-11-01 08:32:20.102174
2,2025-01-27 17:36:11,2025-01-27 17:43:18,N,1.0,75,236,1.0,1.55,9.3,2.5,0.5,3.21,0.0,,1.0,19.26,1.0,1.0,2.75,0.0,1,2025-11-01 08:32:20.102174
2,2025-01-27 17:37:32,2025-01-27 17:54:45,N,1.0,97,188,1.0,2.66,17.7,2.5,0.5,2.0,0.0,,1.0,23.7,1.0,1.0,0.0,0.0,1,2025-11-01 08:32:20.102174
2,2025-01-27 17:06:45,2025-01-27 17:10:10,N,1.0,43,238,1.0,0.83,5.8,2.5,0.5,1.96,0.0,,1.0,11.76,1.0,1.0,0.0,0.0,1,2025-11-01 08:32:20.102174
2,2025-01-27 17:21:13,2025-01-27 17:31:32,N,1.0,75,140,1.0,2.28,12.8,2.5,0.5,1.0,0.0,,1.0,20.55,1.0,1.0,2.75,0.0,1,2025-11-01 08:32:20.102174
1,2025-01-27 17:27:35,2025-01-27 17:49:57,N,1.0,97,217,0.0,2.7,21.9,2.5,1.5,5.15,0.0,,1.0,31.05,1.0,1.0,0.0,0.0,1,2025-11-01 08:32:20.102174
2,2025-01-27 17:18:22,2025-01-27 17:30:41,N,1.0,166,238,1.0,1.74,13.5,2.5,0.5,4.05,0.0,,1.0,24.3,1.0,1.0,2.75,0.0,1,2025-11-01 08:32:20.102174
2,2025-01-27 17:41:31,2025-01-27 17:47:29,N,1.0,75,41,1.0,0.85,7.2,2.5,0.5,2.24,0.0,,1.0,13.44,1.0,1.0,0.0,0.0,1,2025-11-01 08:32:20.102174
1,2025-01-27 17:55:13,2025-01-27 17:58:54,N,1.0,256,256,1.0,0.6,5.8,2.5,1.5,1.0,0.0,,1.0,10.8,1.0,1.0,0.0,0.0,1,2025-11-01 08:32:20.102174
2,2025-01-27 17:30:34,2025-01-27 17:55:47,N,1.0,131,179,1.0,10.92,42.9,2.5,0.5,0.0,0.0,,1.0,46.9,2.0,1.0,0.0,0.0,1,2025-11-01 08:32:20.102174
2,2025-01-27 17:01:02,2025-01-27 17:23:46,N,1.0,244,236,1.0,6.3,30.3,2.5,0.5,5.55,0.0,,1.0,42.6,1.0,1.0,2.75,0.0,1,2025-11-01 08:32:20.102174
2,2025-01-27 17:29:38,2025-01-27 17:35:10,N,1.0,75,74,1.0,1.49,8.6,2.5,0.5,2.52,0.0,,1.0,15.12,1.0,1.0,0.0,0.0,1,2025-11-01 08:32:20.102174
2,2025-01-27 17:50:53,2025-01-27 18:07:58,N,1.0,74,262,1.0,2.62,17.7,2.5,0.5,2.44,0.0,,1.0,26.89,1.0,1.0,2.75,0.0,1,2025-11-01 08:32:20.102174
2,2025-01-27 17:27:10,2025-01-27 18:12:11,N,1.0,65,155,1.0,7.03,40.1,2.5,0.5,5.5,0.0,,1.0,49.6,1.0,1.0,0.0,0.0,1,2025-11-01 08:32:20.102174
1,2025-01-27 17:07:50,2025-01-27 17:20:42,N,1.0,75,166,1.0,2.4,14.2,2.5,1.5,3.6,0.0,,1.0,21.8,1.0,1.0,0.0,0.0,1,2025-11-01 08:32:20.102174
1,2025-01-27 17:50:42,2025-01-27 18:08:08,N,1.0,74,142,1.0,3.5,19.8,5.25,1.5,5.3,0.0,,1.0,31.85,1.0,1.0,2.75,0.0,1,2025-11-01 08:32:20.102174
1,2025-01-27 17:28:57,2025-01-27 17:38:44,N,1.0,82,56,2.0,1.1,10.7,2.5,1.5,0.0,0.0,,1.0,14.7,2.0,1.0,0.0,0.0,1,2025-11-01 08:32:20.102174
2,2025-01-27 17:06:26,2025-01-27 17:18:55,N,1.0,75,236,1.0,1.35,11.4,2.5,0.5,5.44,0.0,,1.0,23.59,1.0,1.0,2.75,0.0,1,2025-11-01 08:32:20.102174
2,2025-01-27 17:21:21,2025-01-27 17:39:06,N,1.0,74,141,2.0,2.97,19.1,2.5,0.5,5.17,0.0,,1.0,31.02,1.0,1.0,2.75,0.0,1,2025-11-01 08:32:20.102174
2,2025-01-27 17:48:15,2025-01-27 18:05:40,N,1.0,43,137,1.0,4.64,24.7,2.5,0.5,6.29,0.0,,1.0,37.74,1.0,1.0,2.75,0.0,1,2025-11-01 08:32:20.102174
2,2025-01-27 06:22:32,2025-01-27 06:39:05,N,1.0,41,236,1.0,2.37,16.3,2.5,0.5,3.0,0.0,,1.0,26.05,1.0,1.0,2.75,0.0,1,2025-11-01 08:32:20.102174
2,2025-01-27 06:43:20,2025-01-27 06:49:36,N,1.0,75,74,1.0,1.25,7.9,2.5,0.5,2.38,0.0,,1.0,14.28,1.0,1.0,0.0,0.0,1,2025-11-01 08:32:20.102174
2,2025-01-27 07:06:00,2025-01-28 06:14:58,N,1.0,74,41,1.0,1.2,10.0,2.5,0.5,0.0,0.0,,1.0,14.0,2.0,1.0,0.0,0.0,1,2025-11-01 08:32:20.102174
1,2025-01-27 17:17:36,2025-01-27 17:32:05,N,1.0,75,69,1.0,2.7,15.6,2.5,1.5,2.0,0.0,,1.0,21.6,1.0,1.0,0.0,0.0,1,2025-11-01 08:32:20.102174
2,2025-01-27 17:28:54,2025-01-27 17:41:29,N,1.0,33,97,1.0,1.69,13.5,2.5,0.5,4.38,0.0,,1.0,21.88,1.0,1.0,0.0,0.0,1,2025-11-01 08:32:20.102174
2,2025-01-27 17:30:56,2025-01-27 17:39:21,N,1.0,74,41,1.0,1.13,9.3,2.5,0.5,1.0,0.0,,1.0,14.3,1.0,1.0,0.0,0.0,1,2025-11-01 08:32:20.102174
1,2025-01-27 17:16:29,2025-01-27 18:00:33,N,1.0,87,31,1.0,0.0,47.5,0.0,1.5,0.0,0.0,,1.0,49.0,1.0,1.0,0.0,0.0,1,2025-11-01 08:32:20.102174
1,2025-01-27 17:55:42,2025-01-27 18:05:03,N,1.0,97,97,3.0,1.0,10.0,2.5,1.5,0.0,0.0,,1.0,14.0,1.0,1.0,0.0,0.0,1,2025-11-01 08:32:20.102174
2,2025-01-27 17:43:45,2025-01-27 17:49:00,N,1.0,75,74,1.0,1.41,7.9,2.5,0.5,1.5,0.0,,1.0,13.4,1.0,1.0,0.0,0.0,1,2025-11-01 08:32:20.102174
2,2025-01-27 17:28:07,2025-01-27 17:40:08,N,1.0,43,262,1.0,1.84,12.8,2.5,0.5,3.91,0.0,,1.0,23.46,1.0,1.0,2.75,0.0,1,2025-11-01 08:32:20.102174
2,2025-01-27 17:18:51,2025-01-27 17:32:10,N,1.0,43,262,1.0,2.04,13.5,2.5,0.5,1.5,0.0,,1.0,21.75,1.0,1.0,2.75,0.0,1,2025-11-01 08:32:20.102174
2,2025-01-27 17:59:17,2025-01-27 18:19:21,N,1.0,43,229,1.0,2.85,19.8,2.5,0.5,5.46,0.0,,1.0,32.76,1.0,1.0,2.75,0.75,1,2025-11-01 08:32:20.102174
1,2025-01-27 17:07:44,2025-01-27 17:13:29,N,1.0,75,74,1.0,1.4,7.9,2.5,1.5,2.35,0.0,,1.0,14.25,1.0,1.0,0.0,0.0,1,2025-11-01 08:32:20.102174
1,2025-01-27 17:34:49,2025-01-27 17:57:26,N,1.0,75,138,1.0,8.1,32.4,7.5,1.5,14.5,6.94,,1.0,62.84,1.0,1.0,0.0,0.0,1,2025-11-01 08:32:20.102174
2,2025-01-27 17:57:53,2025-01-27 18:06:23,N,1.0,74,75,1.0,1.42,10.0,2.5,0.5,91.25,0.0,,1.0,105.25,1.0,1.0,0.0,0.0,1,2025-11-01 08:32:20.102174
2,2025-01-27 17:09:12,2025-01-27 17:16:20,N,1.0,134,121,1.0,1.98,10.7,2.5,0.5,4.41,0.0,,1.0,19.11,1.0,1.0,0.0,0.0,1,2025-11-01 08:32:20.102174
2,2025-01-27 17:31:43,2025-01-27 17:37:46,N,1.0,134,134,1.0,0.93,7.9,2.5,0.5,1.0,0.0,,1.0,12.9,1.0,1.0,0.0,0.0,1,2025-11-01 08:32:20.102174
2,2025-01-27 17:33:54,2025-01-27 18:05:21,N,1.0,75,129,1.0,7.16,35.2,2.5,0.5,9.23,6.94,,1.0,55.37,1.0,1.0,0.0,0.0,1,2025-11-01 08:32:20.102174
2,2025-01-27 17:33:43,2025-01-27 17:40:07,N,1.0,223,223,1.0,0.8,7.9,2.5,0.5,2.08,0.0,,1.0,13.98,1.0,1.0,0.0,0.0,1,2025-11-01 08:32:20.102174
1,2025-01-27 17:37:13,2025-01-27 17:44:03,N,1.0,195,40,1.0,1.0,7.9,2.5,1.5,2.95,0.0,,1.0,14.85,1.0,1.0,0.0,0.0,1,2025-11-01 08:32:20.102174
2,2025-01-27 17:09:18,2025-01-27 17:14:19,N,1.0,75,238,1.0,0.85,7.2,2.5,0.5,2.24,0.0,,1.0,13.44,1.0,1.0,0.0,0.0,1,2025-11-01 08:32:20.102174
2,2025-01-27 17:30:19,2025-01-27 17:35:26,N,1.0,75,74,1.0,1.34,7.9,2.5,0.5,2.98,0.0,,1.0,14.88,1.0,1.0,0.0,0.0,1,2025-11-01 08:32:20.102174
2,2025-01-27 17:47:13,2025-01-27 17:53:15,N,1.0,75,236,1.0,0.7,7.9,2.5,0.5,2.35,0.0,,1.0,17.0,1.0,1.0,2.75,0.0,1,2025-11-01 08:32:20.102174
2,2025-01-27 17:21:42,2025-01-27 17:29:07,N,1.0,75,236,1.0,0.6,8.6,2.5,0.5,2.52,0.0,,1.0,15.12,1.0,1.0,0.0,0.0,1,2025-11-01 08:32:20.102174
2,2025-01-27 17:39:38,2025-01-27 17:44:14,N,1.0,75,74,1.0,1.21,7.2,2.5,0.5,1.68,0.0,,1.0,12.88,1.0,1.0,0.0,0.0,1,2025-11-01 08:32:20.102174
1,2025-01-27 17:43:25,2025-01-27 18:05:17,N,1.0,244,239,2.0,5.8,26.8,5.25,1.5,2.0,0.0,,1.0,35.55,1.0,1.0,2.75,0.0,1,2025-11-01 08:32:20.102174
2,2025-01-27 17:08:46,2025-01-27 17:22:21,N,1.0,95,28,1.0,1.69,13.5,2.5,0.5,1.5,0.0,,1.0,19.0,1.0,1.0,0.0,0.0,1,2025-11-01 08:32:20.102174
2,2025-01-27 17:12:33,2025-01-27 17:31:47,N,1.0,43,143,1.0,2.89,19.1,2.5,0.5,0.0,0.0,,1.0,25.85,2.0,1.0,2.75,0.0,1,2025-11-01 08:32:20.102174
2,2025-01-27 17:18:08,2025-01-27 17:51:34,N,1.0,75,113,1.0,6.3,34.5,2.5,0.5,7.5,0.0,,1.0,49.5,1.0,1.0,2.75,0.75,1,2025-11-01 08:32:20.102174
2,2025-01-27 17:22:25,2025-01-27 17:30:34,N,1.0,95,95,1.0,0.9,9.3,2.5,0.5,0.0,0.0,,1.0,13.3,2.0,1.0,0.0,0.0,1,2025-11-01 08:32:20.102174
2,2025-01-27 17:24:21,2025-01-27 17:24:24,N,5.0,195,195,1.0,0.14,85.0,0.0,0.0,21.5,0.0,,1.0,107.5,1.0,2.0,0.0,0.0,1,2025-11-01 08:32:20.102174
2,2025-01-27 17:44:41,2025-01-27 17:54:49,N,1.0,65,97,2.0,1.0,10.7,2.5,0.5,0.0,0.0,,1.0,14.7,2.0,1.0,0.0,0.0,1,2025-11-01 08:32:20.102174
2,2025-01-27 17:11:00,2025-01-27 17:21:03,N,1.0,75,74,1.0,1.3,10.7,2.5,0.5,2.0,0.0,,1.0,16.7,1.0,1.0,0.0,0.0,1,2025-11-01 08:32:20.102174
2,2025-01-27 17:34:43,2025-01-27 17:42:44,N,1.0,75,238,1.0,1.22,9.3,2.5,0.5,2.66,0.0,,1.0,15.96,1.0,1.0,0.0,0.0,1,2025-11-01 08:32:20.102174
2,2025-01-27 17:44:02,2025-01-27 17:52:49,N,1.0,95,135,1.0,2.36,12.1,2.5,0.5,0.0,0.0,,1.0,16.1,2.0,1.0,0.0,0.0,1,2025-11-01 08:32:20.102174
2,2025-01-27 17:23:55,2025-01-27 17:34:05,N,1.0,147,159,1.0,1.44,10.7,2.5,0.5,0.0,0.0,,1.0,14.7,2.0,1.0,0.0,0.0,1,2025-11-01 08:32:20.102174
1,2025-01-27 17:45:04,2025-01-27 17:56:47,N,1.0,75,237,1.0,2.3,12.8,5.25,1.5,2.0,0.0,,1.0,21.55,1.0,1.0,2.75,0.0,1,2025-11-01 08:32:20.102174
2,2025-01-27 17:00:43,2025-01-27 17:07:11,N,1.0,166,24,1.0,0.84,7.9,2.5,0.5,2.38,0.0,,1.0,14.28,1.0,1.0,0.0,0.0,1,2025-11-01 08:32:20.102174
2,2025-01-27 17:23:09,2025-01-27 17:54:46,N,1.0,166,170,1.0,4.96,29.6,2.5,0.5,7.42,0.0,,1.0,44.52,1.0,1.0,2.75,0.75,1,2025-11-01 08:32:20.102174
2,2025-01-27 17:44:17,2025-01-27 17:57:09,N,1.0,130,132,1.0,5.42,23.3,2.5,0.5,0.03,0.0,,1.0,27.33,1.0,1.0,0.0,0.0,1,2025-11-01 08:32:20.102174
2,2025-01-27 17:04:22,2025-01-27 17:13:46,N,1.0,75,263,1.0,1.6,11.4,2.5,0.5,3.63,0.0,,1.0,21.78,1.0,1.0,2.75,0.0,1,2025-11-01 08:32:20.102174
2,2025-01-27 17:37:17,2025-01-27 17:57:23,N,1.0,75,244,1.0,4.16,21.2,2.5,0.5,0.0,0.0,,1.0,25.2,2.0,1.0,0.0,0.0,1,2025-11-01 08:32:20.102174
1,2025-01-27 17:16:08,2025-01-27 17:42:47,N,1.0,75,202,1.0,0.0,27.5,0.0,1.5,0.0,0.0,,1.0,29.0,1.0,1.0,0.0,0.0,1,2025-11-01 08:32:20.102174
2,2025-01-27 17:15:16,2025-01-27 17:19:25,N,1.0,75,236,1.0,0.75,6.5,2.5,0.5,0.0,0.0,,1.0,13.25,2.0,1.0,2.75,0.0,1,2025-11-01 08:32:20.102174
2,2025-01-27 17:36:38,2025-01-27 17:49:27,N,1.0,43,141,1.0,1.99,13.5,2.5,0.5,4.05,0.0,,1.0,24.3,1.0,1.0,2.75,0.0,1,2025-11-01 08:32:20.102174
2,2025-01-27 17:23:00,2025-01-27 17:29:41,N,1.0,75,74,1.0,1.25,8.6,2.5,0.5,2.52,0.0,,1.0,15.12,1.0,1.0,0.0,0.0,1,2025-11-01 08:32:20.102174
2,2025-01-27 17:45:20,2025-01-27 17:54:29,N,1.0,75,263,1.0,1.41,10.7,2.5,0.5,3.49,0.0,,1.0,20.94,1.0,1.0,2.75,0.0,1,2025-11-01 08:32:20.102174
2,2025-01-27 17:30:22,2025-01-27 17:51:04,N,1.0,74,74,1.0,2.92,20.5,2.5,0.5,4.41,0.0,,1.0,28.91,1.0,1.0,0.0,0.0,1,2025-11-01 08:32:20.102174
2,2025-01-27 17:04:32,2025-01-27 17:24:29,N,5.0,244,75,1.0,6.69,24.0,0.0,0.0,0.0,0.0,,1.0,25.0,2.0,2.0,0.0,0.0,1,2025-11-01 08:32:20.102174
2,2025-01-27 17:27:21,2025-01-27 17:37:13,N,5.0,75,262,1.0,1.23,10.0,0.0,0.0,2.75,0.0,,1.0,16.5,1.0,2.0,2.75,0.0,1,2025-11-01 08:32:20.102174
1,2025-01-27 17:36:39,2025-01-27 17:48:29,N,1.0,74,141,2.0,2.8,14.2,5.25,1.5,4.15,0.0,,1.0,25.1,1.0,1.0,2.75,0.0,1,2025-11-01 08:32:20.102174
1,2025-01-27 17:58:36,2025-01-27 18:10:38,N,1.0,75,239,2.0,2.2,13.5,5.25,1.5,4.0,0.0,,1.0,24.25,1.0,1.0,2.75,0.0,1,2025-11-01 08:32:20.102174
2,2025-01-27 17:36:11,2025-01-27 17:54:57,N,1.0,74,238,1.0,2.43,18.4,2.5,0.5,5.03,0.0,,1.0,30.18,1.0,1.0,2.75,0.0,1,2025-11-01 08:32:20.102174
2,2025-01-27 17:41:35,2025-01-27 17:47:09,N,1.0,97,49,2.0,0.85,7.2,2.5,0.5,0.0,0.0,,1.0,11.2,1.0,1.0,0.0,0.0,1,2025-11-01 08:32:20.102174
2,2025-01-27 17:19:27,2025-01-27 17:35:27,N,1.0,43,142,1.0,2.99,17.7,2.5,0.5,0.0,0.0,,1.0,25.2,2.0,1.0,2.75,0.75,1,2025-11-01 08:32:20.102174
1,2025-01-27 17:12:13,2025-01-27 17:27:19,N,1.0,95,121,1.0,3.1,17.7,2.5,1.5,4.3,0.0,,1.0,26.0,1.0,1.0,0.0,0.0,1,2025-11-01 08:32:20.102174
2,2025-01-27 17:59:21,2025-01-27 18:04:30,N,1.0,7,179,1.0,0.67,6.5,2.5,0.5,0.0,0.0,,1.0,10.5,2.0,1.0,0.0,0.0,1,2025-11-01 08:32:20.102174
2,2025-01-27 17:32:12,2025-01-27 17:45:01,N,1.0,75,42,1.0,2.18,13.5,2.5,0.5,4.38,0.0,,1.0,21.88,1.0,1.0,0.0,0.0,1,2025-11-01 08:32:20.102174
2,2025-01-27 17:55:17,2025-01-27 18:04:38,N,1.0,41,237,1.0,2.22,12.1,2.5,0.5,3.77,0.0,,1.0,22.62,1.0,1.0,2.75,0.0,1,2025-11-01 08:32:20.102174
2,2025-01-27 17:18:43,2025-01-27 17:21:59,N,1.0,75,75,2.0,0.64,5.8,2.5,0.5,0.0,0.0,,1.0,9.8,2.0,1.0,0.0,0.0,1,2025-11-01 08:32:20.102174
2,2025-01-27 17:31:17,2025-01-27 17:44:21,N,1.0,75,237,2.0,1.67,13.5,2.5,0.5,1.0,0.0,,1.0,21.25,1.0,1.0,2.75,0.0,1,2025-11-01 08:32:20.102174
2,2025-01-27 17:13:54,2025-01-27 17:19:18,N,1.0,74,75,1.0,1.06,7.9,2.5,0.5,2.38,0.0,,1.0,14.28,1.0,1.0,0.0,0.0,1,2025-11-01 08:32:20.102174
2,2025-01-27 17:57:17,2025-01-27 18:06:39,N,1.0,260,129,1.0,1.19,10.0,2.5,0.5,2.8,0.0,,1.0,16.8,1.0,1.0,0.0,0.0,1,2025-11-01 08:32:20.102174
2,2025-01-27 17:24:42,2025-01-27 17:36:19,N,1.0,97,97,1.0,1.49,12.1,2.5,0.5,3.22,0.0,,1.0,19.32,1.0,1.0,0.0,0.0,1,2025-11-01 08:32:20.102174
2,2025-01-27 17:39:14,2025-01-27 17:52:14,N,1.0,74,238,1.0,2.3,14.2,2.5,0.5,4.55,0.0,,1.0,22.75,1.0,1.0,0.0,0.0,1,2025-11-01 08:32:20.102174
2,2025-01-27 17:47:33,2025-01-27 18:00:58,N,1.0,75,143,1.0,2.68,14.9,2.5,0.5,4.33,0.0,,1.0,25.98,1.0,1.0,2.75,0.0,1,2025-11-01 08:32:20.102174
2,2025-01-27 17:28:45,2025-01-27 17:37:32,N,1.0,74,236,1.0,1.65,10.7,2.5,0.5,2.62,0.0,,1.0,20.07,1.0,1.0,2.75,0.0,1,2025-11-01 08:32:20.102174
2,2025-01-27 17:43:04,2025-01-27 17:47:58,N,1.0,75,74,1.0,1.22,7.9,2.5,0.5,2.38,0.0,,1.0,14.28,1.0,1.0,0.0,0.0,1,2025-11-01 08:32:20.102174
2,2025-01-27 17:39:10,2025-01-27 17:50:14,N,1.0,74,166,5.0,1.64,12.1,2.5,0.5,3.22,0.0,,1.0,19.32,1.0,1.0,0.0,0.0,1,2025-11-01 08:32:20.102174
2,2025-01-27 17:55:39,2025-01-27 18:11:53,N,1.0,166,48,5.0,3.28,19.1,2.5,0.5,5.32,0.0,,1.0,31.92,1.0,1.0,2.75,0.75,1,2025-11-01 08:32:20.102174
1,2025-01-27 17:31:01,2025-01-27 17:47:33,N,1.0,74,116,1.0,2.6,17.0,2.5,1.5,1.0,0.0,,1.0,22.0,1.0,1.0,0.0,0.0,1,2025-11-01 08:32:20.102174
2,2025-01-27 17:57:53,2025-01-27 18:03:23,N,1.0,196,95,2.0,0.61,6.5,2.5,0.5,2.62,0.0,,1.0,13.12,1.0,1.0,0.0,0.0,1,2025-11-01 08:32:20.102174
1,2025-01-27 17:14:00,2025-01-27 18:05:15,N,1.0,97,197,2.0,8.5,47.1,2.5,0.5,23.55,0.0,,0.0,73.65,1.0,1.0,0.0,0.0,1,2025-11-01 08:32:20.102174
2,2025-01-27 16:58:54,2025-01-27 17:18:26,N,1.0,75,143,1.0,2.93,19.8,2.5,0.5,5.31,0.0,,1.0,31.86,1.0,1.0,2.75,0.0,1,2025-11-01 08:32:20.102174
2,2025-01-27 17:36:23,2025-01-27 17:45:14,N,1.0,24,75,1.0,1.5,10.7,2.5,0.5,2.94,0.0,,1.0,17.64,1.0,1.0,0.0,0.0,1,2025-11-01 08:32:20.102174
2,2025-01-27 17:50:52,2025-01-27 17:59:19,N,1.0,75,263,1.0,1.38,10.0,2.5,0.5,3.35,0.0,,1.0,20.1,1.0,1.0,2.75,0.0,1,2025-11-01 08:32:20.102174
2,2025-01-27 17:50:35,2025-01-27 17:59:49,N,1.0,74,236,1.0,1.85,11.4,2.5,0.5,3.63,0.0,,1.0,21.78,1.0,1.0,2.75,0.0,1,2025-11-01 08:32:20.102174
2,2025-01-27 17:36:59,2025-01-27 17:42:40,N,1.0,74,42,1.0,0.86,7.2,2.5,0.5,2.0,0.0,,1.0,13.2,1.0,1.0,0.0,0.0,1,2025-11-01 08:32:20.102174
2,2025-01-27 16:58:46,2025-01-27 17:04:38,N,1.0,75,74,1.0,1.33,8.6,2.5,0.5,2.52,0.0,,1.0,15.12,1.0,1.0,0.0,0.0,1,2025-11-01 08:32:20.102174
2,2025-01-27 17:33:34,2025-01-27 17:44:51,N,1.0,74,42,1.0,1.93,12.1,2.5,0.5,1.61,0.0,,1.0,17.71,1.0,1.0,0.0,0.0,1,2025-11-01 08:32:20.102174
2,2025-01-27 17:20:22,2025-01-27 17:28:11,N,1.0,75,74,1.0,1.27,9.3,2.5,0.5,1.5,0.0,,1.0,14.8,1.0,1.0,0.0,0.0,1,2025-11-01 08:32:20.102174
2,2025-01-27 17:42:01,2025-01-27 17:55:14,N,1.0,74,166,1.0,1.75,13.5,2.5,0.5,0.0,0.0,,1.0,17.5,1.0,1.0,0.0,0.0,1,2025-11-01 08:32:20.102174
2,2025-01-27 17:10:35,2025-01-27 17:19:11,N,1.0,75,262,1.0,1.75,10.7,2.5,0.5,0.0,0.0,,1.0,17.45,2.0,1.0,2.75,0.0,1,2025-11-01 08:32:20.102174
2,2025-01-27 17:39:23,2025-01-27 17:51:24,N,1.0,75,237,1.0,1.75,12.8,2.5,0.5,4.89,0.0,,1.0,24.44,1.0,1.0,2.75,0.0,1,2025-11-01 08:32:20.102174
2,2025-01-27 15:40:04,2025-01-27 15:56:44,N,1.0,74,239,1.0,3.21,18.4,2.5,0.5,1.0,0.0,,1.0,26.15,1.0,1.0,2.75,0.0,1,2025-11-01 08:32:20.102174
2,2025-01-27 15:57:02,2025-01-28 15:07:20,N,1.0,74,24,1.0,1.54,11.4,2.5,0.5,3.08,0.0,,1.0,18.48,1.0,1.0,0.0,0.0,1,2025-11-01 08:32:20.102174
2,2025-01-27 16:41:52,2025-01-27 16:46:19,N,1.0,75,74,1.0,1.34,7.9,2.5,0.5,1.78,0.0,,1.0,13.68,1.0,1.0,0.0,0.0,1,2025-11-01 08:32:20.102174
2,2025-01-27 17:23:01,2025-01-27 17:47:34,N,1.0,75,186,1.0,4.52,25.4,2.5,0.5,6.58,0.0,,1.0,39.48,1.0,1.0,2.75,0.75,1,2025-11-01 08:32:20.102174
1,2025-01-27 17:53:06,2025-01-27 18:25:57,N,1.0,65,89,1.0,0.0,21.5,0.0,1.5,0.0,0.0,,1.0,23.0,1.0,1.0,0.0,0.0,1,2025-11-01 08:32:20.102174
2,2025-01-27 17:07:11,2025-01-27 17:22:54,N,1.0,75,237,2.0,2.37,16.3,2.5,0.5,4.61,0.0,,1.0,27.66,1.0,1.0,2.75,0.0,1,2025-11-01 08:32:20.102174
2,2025-01-27 17:39:29,2025-01-27 17:48:36,N,1.0,75,236,2.0,1.17,10.0,2.5,0.5,0.0,0.0,,1.0,16.75,2.0,1.0,2.75,0.0,1,2025-11-01 08:32:20.102174
2,2025-01-27 17:21:12,2025-01-27 17:31:47,N,1.0,7,202,5.0,2.06,12.8,2.5,0.5,0.0,0.0,,1.0,16.8,2.0,1.0,0.0,0.0,1,2025-11-01 08:32:20.102174
2,2025-01-27 17:10:10,2025-01-27 17:19:21,N,1.0,82,138,1.0,3.7,17.0,7.5,0.5,5.2,0.0,,1.0,31.2,1.0,1.0,0.0,0.0,1,2025-11-01 08:32:20.102174
2,2025-01-27 17:49:24,2025-01-27 17:58:21,N,1.0,82,83,6.0,1.36,10.7,2.5,0.5,0.0,0.0,,1.0,14.7,2.0,1.0,0.0,0.0,1,2025-11-01 08:32:20.102174
2,2025-01-27 17:16:03,2025-01-27 17:25:04,N,1.0,83,129,1.0,1.24,9.3,2.5,0.5,3.99,0.0,,1.0,17.29,1.0,1.0,0.0,0.0,1,2025-11-01 08:32:20.102174
2,2025-01-27 17:02:31,2025-01-27 17:13:36,N,1.0,75,141,1.0,1.6,12.1,2.5,0.5,3.77,0.0,,1.0,22.62,1.0,1.0,2.75,0.0,1,2025-11-01 08:32:20.102174
2,2025-01-27 17:22:51,2025-01-27 17:37:42,N,1.0,75,140,1.0,2.33,15.6,2.5,0.5,4.47,0.0,,1.0,26.82,1.0,1.0,2.75,0.0,1,2025-11-01 08:32:20.102174
2,2025-01-27 18:00:54,2025-01-27 18:12:18,N,1.0,43,237,1.0,1.61,12.1,2.5,0.5,3.77,0.0,,1.0,22.62,1.0,1.0,2.75,0.0,1,2025-11-01 08:32:20.102174
2,2025-01-27 17:50:20,2025-01-27 18:04:06,N,1.0,74,262,1.0,2.57,14.9,2.5,0.5,4.33,0.0,,1.0,25.98,1.0,1.0,2.75,0.0,1,2025-11-01 08:32:20.102174
2,2025-01-27 17:22:13,2025-01-27 17:31:48,N,1.0,74,75,1.0,1.5,10.7,2.5,0.5,1.0,0.0,,1.0,15.7,1.0,1.0,0.0,0.0,1,2025-11-01 08:32:20.102174
2,2025-01-27 17:38:02,2025-01-27 17:46:17,N,1.0,75,151,1.0,1.61,10.0,2.5,0.5,2.8,0.0,,1.0,16.8,1.0,1.0,0.0,0.0,1,2025-11-01 08:32:20.102174
2,2025-01-27 17:14:31,2025-01-27 17:34:51,N,1.0,75,230,1.0,3.47,20.5,2.5,0.5,7.0,0.0,,1.0,35.0,1.0,1.0,2.75,0.75,1,2025-11-01 08:32:20.102174
2,2025-01-27 17:38:42,2025-01-27 17:51:34,N,1.0,74,236,1.0,1.91,14.2,2.5,0.5,4.19,0.0,,1.0,25.14,1.0,1.0,2.75,0.0,1,2025-11-01 08:32:20.102174
2,2025-01-27 17:42:15,2025-01-27 18:04:49,N,1.0,74,143,1.0,3.84,22.6,2.5,0.5,8.8,0.0,,1.0,38.15,1.0,1.0,2.75,0.0,1,2025-11-01 08:32:20.102174
2,2025-01-27 17:06:37,2025-01-27 17:17:23,N,1.0,130,216,1.0,1.75,11.4,2.5,0.5,0.0,0.0,,1.0,15.4,1.0,1.0,0.0,0.0,1,2025-11-01 08:32:20.102174
1,2025-01-27 17:33:19,2025-01-27 18:06:19,N,1.0,41,47,1.0,0.0,28.5,0.0,1.5,0.0,0.0,,1.0,30.0,1.0,1.0,0.0,0.0,1,2025-11-01 08:32:20.102174
2,2025-01-27 17:29:12,2025-01-27 17:57:07,N,1.0,244,237,1.0,6.69,33.8,2.5,0.5,0.0,0.0,,1.0,40.55,2.0,1.0,2.75,0.0,1,2025-11-01 08:32:20.102174
2,2025-01-27 17:40:36,2025-01-27 17:40:39,N,5.0,61,264,1.0,0.0,15.0,0.0,0.0,4.8,0.0,,1.0,20.8,1.0,2.0,0.0,0.0,1,2025-11-01 08:32:20.102174
2,2025-01-27 17:14:24,2025-01-27 17:23:02,N,1.0,166,238,1.0,1.51,10.7,2.5,0.5,0.0,0.0,,1.0,17.45,1.0,1.0,2.75,0.0,1,2025-11-01 08:32:20.102174
1,2025-01-27 17:54:37,2025-01-27 18:07:29,N,1.0,43,264,2.0,0.0,11.4,5.25,1.5,0.0,0.0,,1.0,18.15,2.0,1.0,2.75,0.0,1,2025-11-01 08:32:20.102174
2,2025-01-27 17:40:07,2025-01-27 17:52:58,N,1.0,33,195,1.0,2.04,13.5,2.5,0.5,3.5,0.0,,1.0,21.0,1.0,1.0,0.0,0.0,1,2025-11-01 08:32:20.102174
2,2025-01-27 17:02:25,2025-01-27 17:11:13,N,1.0,95,95,1.0,0.92,8.6,2.5,0.5,0.0,0.0,,1.0,12.6,2.0,1.0,0.0,0.0,1,2025-11-01 08:32:20.102174
1,2025-01-27 17:42:26,2025-01-27 17:55:00,N,1.0,65,195,1.0,2.3,13.5,2.5,1.5,4.35,0.0,,1.0,21.85,1.0,1.0,0.0,0.0,1,2025-11-01 08:32:20.102174
2,2025-01-27 17:55:12,2025-01-27 18:12:48,N,1.0,74,262,1.0,2.32,17.0,2.5,0.5,3.0,0.0,,1.0,26.75,1.0,1.0,2.75,0.0,1,2025-11-01 08:32:20.102174
2,2025-01-27 17:37:16,2025-01-27 18:00:32,N,1.0,95,173,1.0,4.54,26.8,2.5,0.5,0.0,0.0,,1.0,30.8,2.0,1.0,0.0,0.0,1,2025-11-01 08:32:20.102174
2,2025-01-27 17:26:05,2025-01-27 17:33:04,N,1.0,43,238,1.0,1.32,9.3,2.5,0.5,3.21,0.0,,1.0,19.26,1.0,1.0,2.75,0.0,1,2025-11-01 08:32:20.102174
2,2025-01-27 17:49:48,2025-01-27 18:02:46,N,1.0,75,141,1.0,1.66,13.5,2.5,0.5,2.02,0.0,,1.0,22.27,1.0,1.0,2.75,0.0,1,2025-11-01 08:32:20.102174
2,2025-01-27 17:00:20,2025-01-27 17:11:36,N,1.0,75,237,1.0,1.96,13.5,2.5,0.5,4.05,0.0,,1.0,24.3,1.0,1.0,2.75,0.0,1,2025-11-01 08:32:20.102174
2,2025-01-27 17:25:58,2025-01-27 17:38:32,N,1.0,43,238,1.0,2.01,13.5,2.5,0.5,0.0,0.0,,1.0,20.25,2.0,1.0,2.75,0.0,1,2025-11-01 08:32:20.102174
2,2025-01-27 17:53:45,2025-01-27 17:59:15,N,1.0,75,238,1.0,1.01,7.9,2.5,0.5,2.38,0.0,,1.0,14.28,1.0,1.0,0.0,0.0,1,2025-11-01 08:32:20.102174
2,2025-01-27 17:20:00,2025-01-27 17:24:35,N,1.0,95,95,5.0,0.66,6.5,2.5,0.5,0.0,0.0,,1.0,10.5,2.0,1.0,0.0,0.0,1,2025-11-01 08:32:20.102174
2,2025-01-27 17:43:17,2025-01-27 17:54:48,N,1.0,260,7,1.0,1.75,12.1,2.5,0.5,3.22,0.0,,1.0,19.32,1.0,1.0,0.0,0.0,1,2025-11-01 08:32:20.102174
2,2025-01-27 17:27:29,2025-01-27 17:41:53,N,1.0,92,73,1.0,2.51,15.6,2.5,0.5,1.96,0.0,,1.0,21.56,1.0,1.0,0.0,0.0,1,2025-11-01 08:32:20.102174
2,2025-01-27 16:09:10,2025-01-27 16:17:02,N,1.0,43,238,1.0,1.49,9.3,2.5,0.5,2.41,0.0,,1.0,18.46,1.0,1.0,2.75,0.0,1,2025-11-01 08:32:20.102174
2,2025-01-27 16:43:20,2025-01-27 16:57:36,N,1.0,43,48,1.0,3.39,17.7,2.5,0.5,7.56,0.0,,1.0,32.76,1.0,1.0,2.75,0.75,1,2025-11-01 08:32:20.102174
2,2025-01-27 18:06:51,2025-01-27 18:12:56,N,1.0,75,238,1.0,1.46,8.6,2.5,0.5,3.07,0.0,,1.0,18.42,1.0,1.0,2.75,0.0,1,2025-11-01 08:32:20.102174
2,2025-01-27 18:38:12,2025-01-27 18:50:12,N,1.0,43,238,1.0,2.77,14.2,2.5,0.5,3.14,0.0,,1.0,24.09,1.0,1.0,2.75,0.0,1,2025-11-01 08:32:20.102174
2,2025-01-27 18:41:47,2025-01-27 18:57:10,N,1.0,130,132,1.0,5.35,25.4,2.5,0.5,2.0,0.0,,1.0,31.4,1.0,1.0,0.0,0.0,1,2025-11-01 08:32:20.102174
2,2025-01-27 18:02:37,2025-01-27 18:12:10,N,1.0,43,239,1.0,2.16,12.1,2.5,0.5,3.77,0.0,,1.0,22.62,1.0,1.0,2.75,0.0,1,2025-11-01 08:32:20.102174
2,2025-01-27 18:37:52,2025-01-27 18:48:09,N,1.0,75,166,1.0,2.17,12.8,2.5,0.5,0.0,0.0,,1.0,16.8,2.0,1.0,0.0,0.0,1,2025-11-01 08:32:20.102174
2,2025-01-27 18:10:54,2025-01-27 19:49:04,N,4.0,92,265,2.0,26.96,192.0,2.5,0.5,0.0,0.0,,1.0,196.0,2.0,1.0,0.0,0.0,1,2025-11-01 08:32:20.102174
2,2025-01-27 18:02:23,2025-01-27 18:10:50,N,1.0,65,49,2.0,1.04,9.3,2.5,0.5,2.66,0.0,,1.0,15.96,1.0,1.0,0.0,0.0,1,2025-11-01 08:32:20.102174
2,2025-01-27 18:18:01,2025-01-27 18:30:49,N,1.0,41,166,1.0,1.27,12.8,2.5,0.5,0.0,0.0,,1.0,16.8,1.0,1.0,0.0,0.0,1,2025-11-01 08:32:20.102174
2,2025-01-27 18:27:17,2025-01-27 18:31:46,N,1.0,223,223,1.0,0.78,6.5,2.5,0.5,3.15,0.0,,1.0,13.65,1.0,1.0,0.0,0.0,1,2025-11-01 08:32:20.102174
2,2025-01-27 18:39:45,2025-01-27 18:55:29,N,1.0,74,237,1.0,2.61,16.3,2.5,0.5,4.61,0.0,,1.0,27.66,1.0,1.0,2.75,0.0,1,2025-11-01 08:32:20.102174
2,2025-01-27 18:33:03,2025-01-27 18:42:33,N,1.0,166,239,1.0,1.72,12.1,2.5,0.5,4.71,0.0,,1.0,23.56,1.0,1.0,2.75,0.0,1,2025-11-01 08:32:20.102174
1,2025-01-27 18:25:29,2025-01-27 18:28:51,N,1.0,43,238,1.0,0.7,5.8,2.5,1.5,3.0,0.0,,1.0,12.8,1.0,1.0,0.0,0.0,1,2025-11-01 08:32:20.102174
2,2025-01-27 18:12:07,2025-01-27 18:30:24,N,1.0,74,244,2.0,3.06,19.1,2.5,0.5,0.0,0.0,,1.0,23.1,2.0,1.0,0.0,0.0,1,2025-11-01 08:32:20.102174
2,2025-01-27 18:49:50,2025-01-27 19:05:20,N,1.0,74,263,2.0,2.63,16.3,2.5,0.5,4.61,0.0,,1.0,27.66,1.0,1.0,2.75,0.0,1,2025-11-01 08:32:20.102174
1,2025-01-27 18:29:48,2025-01-27 19:12:53,N,1.0,235,173,1.0,0.0,40.5,0.0,1.5,0.0,0.0,,1.0,42.0,1.0,1.0,0.0,0.0,1,2025-11-01 08:32:20.102174
2,2025-01-27 18:38:40,2025-01-27 19:01:11,N,1.0,43,249,1.0,6.86,30.3,2.5,0.5,7.56,0.0,,1.0,45.36,1.0,1.0,2.75,0.75,1,2025-11-01 08:32:20.102174
2,2025-01-27 07:06:19,2025-01-28 06:33:35,N,1.0,74,244,1.0,4.32,26.1,2.5,0.5,4.0,0.0,,1.0,34.1,1.0,1.0,0.0,0.0,1,2025-11-01 08:32:20.102174
1,2025-01-27 18:07:21,2025-01-27 18:21:27,N,1.0,74,262,1.0,2.9,16.3,5.25,1.5,3.0,0.0,,1.0,26.05,1.0,1.0,2.75,0.0,1,2025-11-01 08:32:20.102174
1,2025-01-27 18:50:47,2025-01-27 19:02:00,N,1.0,75,142,2.0,2.3,13.5,5.25,1.5,2.0,0.0,,1.0,22.25,1.0,1.0,2.75,0.0,1,2025-11-01 08:32:20.102174
2,2025-01-27 18:13:32,2025-01-27 18:28:02,N,1.0,65,49,2.0,1.28,13.5,2.5,0.5,0.0,0.0,,1.0,17.5,2.0,1.0,0.0,0.0,1,2025-11-01 08:32:20.102174
2,2025-01-27 18:35:22,2025-01-27 18:44:27,N,1.0,97,33,2.0,1.12,9.3,2.5,0.5,3.99,0.0,,1.0,17.29,1.0,1.0,0.0,0.0,1,2025-11-01 08:32:20.102174
2,2025-01-27 18:16:22,2025-01-27 18:23:31,N,1.0,74,75,1.0,0.92,7.9,2.5,0.5,1.78,0.0,,1.0,13.68,1.0,1.0,0.0,0.0,1,2025-11-01 08:32:20.102174
2,2025-01-27 18:39:35,2025-01-27 18:54:40,N,1.0,74,166,1.0,2.07,15.6,2.5,0.5,2.94,0.0,,1.0,22.54,1.0,1.0,0.0,0.0,1,2025-11-01 08:32:20.102174
1,2025-01-27 18:17:38,2025-01-27 18:46:37,N,1.0,174,74,1.0,0.0,31.5,0.0,1.5,0.0,0.0,,1.0,33.0,1.0,1.0,0.0,0.0,1,2025-11-01 08:32:20.102174
1,2025-01-27 18:52:29,2025-01-27 19:04:35,N,1.0,74,229,1.0,2.6,14.2,6.0,1.5,0.0,0.0,,1.0,21.7,2.0,1.0,2.75,0.75,1,2025-11-01 08:32:20.102174
2,2025-01-27 18:08:52,2025-01-27 18:15:42,N,1.0,43,24,1.0,1.33,9.3,2.5,0.5,3.99,0.0,,1.0,17.29,1.0,1.0,0.0,0.0,1,2025-11-01 08:32:20.102174
2,2025-01-27 18:42:27,2025-01-27 19:27:22,N,1.0,75,181,1.0,11.52,53.4,2.5,0.5,18.04,0.0,,1.0,78.19,1.0,1.0,2.75,0.0,1,2025-11-01 08:32:20.102174
2,2025-01-27 18:07:46,2025-01-27 18:15:42,N,1.0,74,75,1.0,1.38,9.3,2.5,0.5,0.0,0.0,,1.0,13.3,2.0,1.0,0.0,0.0,1,2025-11-01 08:32:20.102174
2,2025-01-27 18:21:07,2025-01-27 18:36:35,N,1.0,129,7,1.0,1.79,14.9,2.5,0.5,0.0,0.0,,1.0,18.9,2.0,1.0,0.0,0.0,1,2025-11-01 08:32:20.102174
2,2025-01-27 18:22:44,2025-01-27 18:42:35,N,1.0,74,239,1.0,3.19,20.5,2.5,0.5,5.45,0.0,,1.0,32.7,1.0,1.0,2.75,0.0,1,2025-11-01 08:32:20.102174
2,2025-01-27 18:20:43,2025-01-27 18:26:27,N,1.0,134,28,1.0,1.05,7.9,2.5,0.5,2.38,0.0,,1.0,14.28,1.0,1.0,0.0,0.0,1,2025-11-01 08:32:20.102174
2,2025-01-27 18:14:21,2025-01-28 00:00:00,N,1.0,134,28,1.0,0.94,6.5,2.5,0.5,2.62,0.0,,1.0,13.12,1.0,1.0,0.0,0.0,1,2025-11-01 08:32:20.102174
2,2025-01-27 18:14:19,2025-01-27 18:27:25,N,1.0,134,197,1.0,2.04,13.5,2.5,0.5,5.0,0.0,,1.0,22.5,1.0,1.0,0.0,0.0,1,2025-11-01 08:32:20.102174
2,2025-01-27 18:48:06,2025-01-27 19:17:36,N,5.0,130,97,1.0,13.01,65.0,0.0,0.0,13.2,0.0,,1.0,79.2,1.0,2.0,0.0,0.0,1,2025-11-01 08:32:20.102174
1,2025-01-27 18:15:24,2025-01-27 18:25:40,N,1.0,129,129,1.0,1.5,10.0,2.5,1.5,1.0,0.0,,1.0,15.0,1.0,1.0,0.0,0.0,1,2025-11-01 08:32:20.102174
1,2025-01-27 18:43:45,2025-01-27 18:48:53,N,1.0,195,40,1.0,1.0,7.2,2.5,1.5,0.0,0.0,,1.0,11.2,1.0,1.0,0.0,0.0,1,2025-11-01 08:32:20.102174
2,2025-01-27 18:21:35,2025-01-27 18:27:07,N,1.0,75,239,1.0,1.5,8.6,2.5,0.5,3.07,0.0,,1.0,18.42,1.0,1.0,2.75,0.0,1,2025-11-01 08:32:20.102174
2,2025-01-27 18:59:22,2025-01-27 19:04:06,N,1.0,75,74,1.0,1.29,7.9,2.5,0.5,2.38,0.0,,1.0,14.28,1.0,1.0,0.0,0.0,1,2025-11-01 08:32:20.102174
2,2025-01-27 18:28:42,2025-01-27 18:36:21,N,1.0,95,196,1.0,0.84,8.6,2.5,0.5,2.52,0.0,,1.0,15.12,1.0,1.0,0.0,0.0,1,2025-11-01 08:32:20.102174
2,2025-01-27 18:08:04,2025-01-27 18:20:07,N,1.0,244,238,1.0,4.53,20.5,2.5,0.5,6.81,0.0,,1.0,34.06,1.0,1.0,2.75,0.0,1,2025-11-01 08:32:20.102174
2,2025-01-27 18:24:04,2025-01-27 18:30:00,N,1.0,95,95,1.0,1.05,7.9,2.5,0.5,2.38,0.0,,1.0,14.28,1.0,1.0,0.0,0.0,1,2025-11-01 08:32:20.102174
2,2025-01-27 18:58:35,2025-01-27 19:08:23,N,1.0,95,131,1.0,3.58,16.3,2.5,0.5,0.0,0.0,,1.0,20.3,2.0,1.0,0.0,0.0,1,2025-11-01 08:32:20.102174
2,2025-01-27 18:01:47,2025-01-27 18:08:44,N,1.0,41,74,1.0,0.94,8.6,2.5,0.5,2.52,0.0,,1.0,15.12,1.0,1.0,0.0,0.0,1,2025-11-01 08:32:20.102174
2,2025-01-27 18:34:39,2025-01-27 18:47:54,N,1.0,74,151,1.0,2.6,14.9,2.5,0.5,3.78,0.0,,1.0,22.68,1.0,1.0,0.0,0.0,1,2025-11-01 08:32:20.102174
2,2025-01-27 18:15:09,2025-01-27 18:25:08,N,1.0,65,97,2.0,1.14,10.0,2.5,0.5,2.8,0.0,,1.0,16.8,1.0,1.0,0.0,0.0,1,2025-11-01 08:32:20.102174
2,2025-01-27 18:33:20,2025-01-27 18:41:02,N,1.0,223,179,1.0,0.93,8.6,2.5,0.5,0.0,0.0,,1.0,12.6,2.0,1.0,0.0,0.0,1,2025-11-01 08:32:20.102174
2,2025-01-27 18:22:15,2025-01-27 18:46:59,N,1.0,74,244,1.0,3.72,24.0,2.5,0.5,7.0,0.0,,1.0,35.0,1.0,1.0,0.0,0.0,1,2025-11-01 08:32:20.102174
2,2025-01-27 18:21:20,2025-01-27 18:29:24,N,1.0,74,75,1.0,1.44,10.0,2.5,0.5,2.8,0.0,,1.0,16.8,1.0,1.0,0.0,0.0,1,2025-11-01 08:32:20.102174
2,2025-01-27 18:43:22,2025-01-27 18:46:34,N,1.0,75,74,1.0,0.71,5.8,2.5,0.5,0.0,0.0,,1.0,9.8,2.0,1.0,0.0,0.0,1,2025-11-01 08:32:20.102174
2,2025-01-27 18:05:10,2025-01-27 18:11:19,N,1.0,95,95,1.0,1.02,7.9,2.5,0.5,0.0,0.0,,1.0,11.9,2.0,1.0,0.0,0.0,1,2025-11-01 08:32:20.102174
2,2025-01-27 18:44:57,2025-01-27 18:50:31,N,1.0,95,95,1.0,0.81,7.2,2.5,0.5,0.0,0.0,,1.0,11.2,2.0,1.0,0.0,0.0,1,2025-11-01 08:32:20.102174
1,2025-01-27 18:53:31,2025-01-27 19:04:18,N,1.0,41,151,1.0,2.5,12.8,2.5,1.5,2.0,0.0,,1.0,18.8,1.0,1.0,0.0,0.0,1,2025-11-01 08:32:20.102174
2,2025-01-27 18:19:08,2025-01-27 18:26:07,N,1.0,43,236,1.0,1.19,8.6,2.5,0.5,3.07,0.0,,1.0,18.42,1.0,1.0,2.75,0.0,1,2025-11-01 08:32:20.102174
2,2025-01-27 18:47:37,2025-01-27 19:06:43,N,1.0,166,237,1.0,3.49,20.5,2.5,0.5,5.45,0.0,,1.0,32.7,1.0,1.0,2.75,0.0,1,2025-11-01 08:32:20.102174
2,2025-01-27 18:12:45,2025-01-27 18:17:42,N,1.0,166,166,1.0,0.79,6.5,2.5,0.5,2.0,0.0,,1.0,12.5,1.0,1.0,0.0,0.0,1,2025-11-01 08:32:20.102174
2,2025-01-27 18:22:59,2025-01-27 18:32:10,N,1.0,166,238,1.0,1.47,10.7,2.5,0.5,4.36,0.0,,1.0,21.81,1.0,1.0,2.75,0.0,1,2025-11-01 08:32:20.102174
2,2025-01-27 18:23:39,2025-01-27 18:33:21,N,1.0,223,179,5.0,1.91,11.4,2.5,0.5,0.0,0.0,,1.0,15.4,1.0,1.0,0.0,0.0,1,2025-11-01 08:32:20.102174
2,2025-01-27 18:06:00,2025-01-27 18:19:58,N,1.0,75,141,1.0,2.2,15.6,2.5,0.5,1.65,0.0,,1.0,24.0,1.0,1.0,2.75,0.0,1,2025-11-01 08:32:20.102174
2,2025-01-27 18:54:58,2025-01-27 19:08:45,N,1.0,24,264,1.0,2.3,15.6,2.5,0.5,3.5,0.0,,1.0,25.85,1.0,1.0,2.75,0.0,1,2025-11-01 08:32:20.102174
2,2025-01-27 18:09:49,2025-01-27 18:22:06,N,1.0,43,142,1.0,2.83,14.9,2.5,0.5,5.6,0.0,,1.0,28.0,1.0,1.0,2.75,0.75,1,2025-11-01 08:32:20.102174
2,2025-01-27 18:44:43,2025-01-27 18:52:44,N,1.0,75,263,1.0,1.36,9.3,2.5,0.5,3.21,0.0,,1.0,19.26,1.0,1.0,2.75,0.0,1,2025-11-01 08:32:20.102174
2,2025-01-27 18:21:53,2025-01-27 18:32:24,N,1.0,74,236,1.0,1.79,12.1,2.5,0.5,2.0,0.0,,1.0,20.85,1.0,1.0,2.75,0.0,1,2025-11-01 08:32:20.102174
2,2025-01-27 18:56:54,2025-01-27 19:07:17,N,1.0,74,236,1.0,1.74,12.1,2.5,0.5,3.77,0.0,,1.0,22.62,1.0,1.0,2.75,0.0,1,2025-11-01 08:32:20.102174
2,2025-01-27 18:05:25,2025-01-27 18:05:28,N,5.0,42,264,1.0,0.0,19.0,0.0,0.0,5.0,0.0,,1.0,25.0,1.0,2.0,0.0,0.0,1,2025-11-01 08:32:20.102174
2,2025-01-27 18:29:58,2025-01-27 18:44:51,N,1.0,75,162,1.0,2.8,17.0,2.5,0.5,0.99,0.0,,1.0,25.49,1.0,1.0,2.75,0.75,1,2025-11-01 08:32:20.102174
2,2025-01-27 18:15:19,2025-01-27 18:46:09,N,1.0,75,88,1.0,8.98,38.7,2.5,0.5,6.5,0.0,,1.0,52.7,1.0,1.0,2.75,0.75,1,2025-11-01 08:32:20.102174
1,2025-01-27 18:31:21,2025-01-27 18:48:35,N,1.0,74,140,1.0,3.3,19.1,5.25,1.5,5.15,0.0,,1.0,31.0,1.0,1.0,2.75,0.0,1,2025-11-01 08:32:20.102174
2,2025-01-27 18:00:11,2025-01-27 18:05:11,N,1.0,75,151,6.0,1.06,7.2,2.5,0.5,0.0,0.0,,1.0,11.2,2.0,1.0,0.0,0.0,1,2025-11-01 08:32:20.102174
2,2025-01-27 18:28:22,2025-01-27 18:36:50,N,1.0,7,7,1.0,0.87,8.6,2.5,0.5,2.52,0.0,,1.0,15.12,1.0,1.0,0.0,0.0,1,2025-11-01 08:32:20.102174
2,2025-01-27 18:32:24,2025-01-27 18:38:03,N,1.0,7,7,1.0,0.75,7.2,2.5,0.5,0.0,0.0,,1.0,11.2,2.0,1.0,0.0,0.0,1,2025-11-01 08:32:20.102174
2,2025-01-27 18:30:00,2025-01-27 18:37:16,N,1.0,75,239,1.0,1.69,10.0,2.5,0.5,0.0,0.0,,1.0,16.75,1.0,1.0,2.75,0.0,1,2025-11-01 08:32:20.102174
2,2025-01-27 18:58:58,2025-01-27 19:07:27,N,1.0,43,262,1.0,1.82,10.0,2.5,0.5,4.19,0.0,,1.0,20.94,1.0,1.0,2.75,0.0,1,2025-11-01 08:32:20.102174
2,2025-01-27 18:33:55,2025-01-27 18:47:42,N,1.0,74,236,1.0,2.32,14.9,2.5,0.5,4.33,0.0,,1.0,25.98,1.0,1.0,2.75,0.0,1,2025-11-01 08:32:20.102174
2,2025-01-27 18:05:57,2025-01-27 18:12:24,N,1.0,75,236,1.0,1.09,8.6,2.5,0.5,2.3,0.0,,1.0,17.65,1.0,1.0,2.75,0.0,1,2025-11-01 08:32:20.102174
2,2025-01-27 18:22:24,2025-01-27 18:27:23,N,1.0,75,263,1.0,0.97,7.2,2.5,0.5,2.79,0.0,,1.0,16.74,1.0,1.0,2.75,0.0,1,2025-11-01 08:32:20.102174
2,2025-01-27 18:29:06,2025-01-27 18:37:34,N,1.0,74,42,1.0,1.7,10.0,2.5,0.5,2.8,0.0,,1.0,16.8,1.0,1.0,0.0,0.0,1,2025-11-01 08:32:20.102174
2,2025-01-27 18:12:01,2025-01-27 18:29:11,N,1.0,65,189,1.0,1.13,14.9,2.5,0.5,3.78,0.0,,1.0,22.68,1.0,1.0,0.0,0.0,1,2025-11-01 08:32:20.102174
2,2025-01-27 19:05:54,2025-01-27 19:12:36,N,1.0,65,97,1.0,0.92,7.9,2.5,0.5,2.38,0.0,,1.0,14.28,1.0,1.0,0.0,0.0,1,2025-11-01 08:32:20.102174
2,2025-01-27 18:41:00,2025-01-27 18:54:00,N,1.0,82,129,1.0,1.52,12.8,2.5,0.5,3.36,0.0,,1.0,20.16,1.0,1.0,0.0,0.0,1,2025-11-01 08:32:20.102174
2,2025-01-27 18:20:09,2025-01-27 18:48:01,N,1.0,82,236,1.0,7.75,35.9,2.5,0.5,3.47,6.94,,1.0,53.06,1.0,1.0,2.75,0.0,1,2025-11-01 08:32:20.102174
2,2025-01-27 18:51:57,2025-01-27 19:01:39,N,1.0,65,49,1.0,1.18,10.0,2.5,0.5,1.4,0.0,,1.0,15.4,1.0,1.0,0.0,0.0,1,2025-11-01 08:32:20.102174
2,2025-01-27 18:15:32,2025-01-27 18:19:07,N,1.0,95,95,1.0,0.41,5.1,2.5,0.5,0.0,0.0,,1.0,9.1,2.0,1.0,0.0,0.0,1,2025-11-01 08:32:20.102174
2,2025-01-27 18:14:10,2025-01-27 18:34:31,N,1.0,97,188,1.0,2.53,19.1,2.5,0.5,3.0,0.0,,1.0,26.1,1.0,1.0,0.0,0.0,1,2025-11-01 08:32:20.102174
2,2025-01-27 18:53:25,2025-01-27 18:58:40,N,1.0,33,33,1.0,0.72,7.2,2.5,0.5,2.24,0.0,,1.0,13.44,1.0,1.0,0.0,0.0,1,2025-11-01 08:32:20.102174
1,2025-01-27 18:20:19,2025-01-27 18:35:18,N,1.0,25,25,1.0,0.0,16.5,0.0,1.5,0.0,0.0,,1.0,18.0,1.0,1.0,0.0,0.0,1,2025-11-01 08:32:20.102174
2,2025-01-27 18:07:24,2025-01-27 18:33:00,N,1.0,74,142,1.0,4.06,25.4,2.5,0.5,6.43,0.0,,1.0,38.58,1.0,1.0,2.75,0.0,1,2025-11-01 08:32:20.102174
2,2025-01-27 18:43:38,2025-01-27 18:48:33,N,1.0,75,74,5.0,1.33,7.9,2.5,0.5,2.38,0.0,,1.0,14.28,1.0,1.0,0.0,0.0,1,2025-11-01 08:32:20.102174
1,2025-01-27 18:30:07,2025-01-27 18:54:18,N,1.0,244,237,1.0,8.0,35.2,5.25,1.5,5.0,0.0,,1.0,46.95,1.0,1.0,2.75,0.0,1,2025-11-01 08:32:20.102174
2,2025-01-27 18:13:34,2025-01-27 18:22:11,N,1.0,75,237,1.0,1.6,10.7,2.5,0.5,0.0,0.0,,1.0,17.45,2.0,1.0,2.75,0.0,1,2025-11-01 08:32:20.102174
2,2025-01-27 18:46:20,2025-01-27 19:03:38,N,1.0,75,48,1.0,3.58,19.1,2.5,0.5,2.0,0.0,,1.0,28.6,1.0,1.0,2.75,0.75,1,2025-11-01 08:32:20.102174
2,2025-01-27 18:23:11,2025-01-27 18:40:32,N,1.0,74,238,1.0,3.01,17.0,2.5,0.5,4.75,0.0,,1.0,28.5,1.0,1.0,2.75,0.0,1,2025-11-01 08:32:20.102174
2,2025-01-27 18:23:15,2025-01-27 18:28:36,N,1.0,43,263,1.0,0.97,7.2,2.5,0.5,2.79,0.0,,1.0,16.74,1.0,1.0,2.75,0.0,1,2025-11-01 08:32:20.102174
2,2025-01-27 18:52:55,2025-01-27 18:58:50,N,1.0,43,236,1.0,1.1,7.9,2.5,0.5,2.93,0.0,,1.0,17.58,1.0,1.0,2.75,0.0,1,2025-11-01 08:32:20.102174
2,2025-01-27 18:08:32,2025-01-27 18:22:15,N,1.0,74,236,1.0,2.53,15.6,2.5,0.5,4.47,0.0,,1.0,26.82,1.0,1.0,2.75,0.0,1,2025-11-01 08:32:20.102174
2,2025-01-27 18:31:23,2025-01-27 18:36:16,N,1.0,75,74,1.0,1.42,7.9,2.5,0.5,2.38,0.0,,1.0,14.28,1.0,1.0,0.0,0.0,1,2025-11-01 08:32:20.102174
2,2025-01-27 18:37:35,2025-01-27 18:44:17,N,1.0,74,74,1.0,1.35,8.6,2.5,0.5,2.52,0.0,,1.0,15.12,1.0,1.0,0.0,0.0,1,2025-11-01 08:32:20.102174
2,2025-01-27 18:13:23,2025-01-27 18:21:58,N,1.0,75,75,1.0,1.24,10.0,2.5,0.5,2.8,0.0,,1.0,16.8,1.0,1.0,0.0,0.0,1,2025-11-01 08:32:20.102174
2,2025-01-27 18:42:54,2025-01-27 18:54:58,N,1.0,82,138,5.0,2.53,14.9,7.5,0.5,4.78,0.0,,1.0,28.68,1.0,1.0,0.0,0.0,1,2025-11-01 08:32:20.102174
2,2025-01-27 18:03:10,2025-01-27 18:13:54,N,1.0,75,262,2.0,1.45,12.1,2.5,0.5,0.0,0.0,,1.0,18.85,2.0,1.0,2.75,0.0,1,2025-11-01 08:32:20.102174
2,2025-01-27 18:39:56,2025-01-27 18:53:20,N,1.0,75,137,1.0,4.47,20.5,2.5,0.5,0.0,0.0,,1.0,28.0,1.0,1.0,2.75,0.75,1,2025-11-01 08:32:20.102174
2,2025-01-27 15:24:00,2025-01-27 15:38:56,N,1.0,74,263,1.0,2.14,15.6,2.5,0.5,3.0,0.0,,1.0,25.35,1.0,1.0,2.75,0.0,1,2025-11-01 08:32:20.102174
2,2025-01-27 18:15:19,2025-01-27 18:18:23,N,1.0,43,236,1.0,0.61,5.8,2.5,0.5,2.51,0.0,,1.0,15.06,1.0,1.0,2.75,0.0,1,2025-11-01 08:32:20.102174
2,2025-01-27 18:28:56,2025-01-27 18:43:31,N,1.0,75,237,2.0,2.25,14.9,2.5,0.5,6.5,0.0,,1.0,28.15,1.0,1.0,2.75,0.0,1,2025-11-01 08:32:20.102174
2,2025-01-27 18:18:34,2025-01-27 18:28:48,N,1.0,41,236,1.0,2.26,12.8,2.5,0.5,4.89,0.0,,1.0,24.44,1.0,1.0,2.75,0.0,1,2025-11-01 08:32:20.102174
2,2025-01-27 18:31:20,2025-01-27 18:40:13,N,1.0,7,223,5.0,0.86,10.0,2.5,0.5,2.8,0.0,,1.0,16.8,1.0,1.0,0.0,0.0,1,2025-11-01 08:32:20.102174
2,2025-01-27 18:08:43,2025-01-27 18:20:25,N,1.0,82,129,1.0,1.18,12.1,2.5,0.5,0.0,0.0,,1.0,16.1,2.0,1.0,0.0,0.0,1,2025-11-01 08:32:20.102174
2,2025-01-27 18:23:42,2025-01-27 18:34:03,N,1.0,129,129,1.0,1.12,11.4,2.5,0.5,0.0,0.0,,1.0,15.4,2.0,1.0,0.0,0.0,1,2025-11-01 08:32:20.102174
2,2025-01-27 18:20:59,2025-01-27 18:34:28,N,1.0,74,116,1.0,2.07,14.2,2.5,0.5,3.64,0.0,,1.0,21.84,1.0,1.0,0.0,0.0,1,2025-11-01 08:32:20.102174
2,2025-01-27 18:50:28,2025-01-27 18:56:35,N,1.0,41,74,1.0,0.55,6.5,2.5,0.5,0.0,0.0,,1.0,10.5,2.0,1.0,0.0,0.0,1,2025-11-01 08:32:20.102174
2,2025-01-27 18:45:20,2025-01-27 18:45:31,N,5.0,260,260,1.0,0.0,14.0,0.0,0.0,0.0,0.0,,1.0,15.0,2.0,2.0,0.0,0.0,1,2025-11-01 08:32:20.102174
2,2025-01-27 18:39:44,2025-01-27 18:48:40,N,1.0,74,236,1.0,1.83,11.4,2.5,0.5,3.63,0.0,,1.0,21.78,1.0,1.0,2.75,0.0,1,2025-11-01 08:32:20.102174
2,2025-01-27 18:06:24,2025-01-27 18:18:35,N,1.0,75,42,1.0,2.52,14.2,2.5,0.5,0.0,0.0,,1.0,18.2,2.0,1.0,0.0,0.0,1,2025-11-01 08:32:20.102174
2,2025-01-27 18:34:36,2025-01-27 18:42:58,N,1.0,74,75,1.0,1.39,10.0,2.5,0.5,2.8,0.0,,1.0,16.8,1.0,1.0,0.0,0.0,1,2025-11-01 08:32:20.102174
2,2025-01-27 18:46:11,2025-01-27 18:51:13,N,1.0,75,74,1.0,1.35,7.9,2.5,0.5,0.0,0.0,,1.0,11.9,2.0,1.0,0.0,0.0,1,2025-11-01 08:32:20.102174
2,2025-01-27 18:22:19,2025-01-27 18:31:03,N,1.0,43,239,1.0,1.77,10.7,2.5,0.5,2.5,0.0,,1.0,19.95,1.0,1.0,2.75,0.0,1,2025-11-01 08:32:20.102174
2,2025-01-27 18:55:42,2025-01-27 19:02:32,N,1.0,43,236,1.0,0.78,7.9,2.5,0.5,1.0,0.0,,1.0,15.65,1.0,1.0,2.75,0.0,1,2025-11-01 08:32:20.102174
2,2025-01-27 18:09:08,2025-01-27 18:38:48,N,1.0,43,45,1.0,7.27,36.6,2.5,0.5,0.0,0.0,,1.0,44.1,2.0,1.0,2.75,0.75,1,2025-11-01 08:32:20.102174
2,2025-01-27 18:11:16,2025-01-27 18:25:08,N,1.0,95,102,1.0,2.75,15.6,2.5,0.5,0.0,0.0,,1.0,19.6,2.0,1.0,0.0,0.0,1,2025-11-01 08:32:20.102174
2,2025-01-27 18:25:37,2025-01-27 18:33:49,N,1.0,134,134,1.0,0.98,9.3,2.5,0.5,0.0,0.0,,1.0,13.3,2.0,1.0,0.0,0.0,1,2025-11-01 08:32:20.102174
2,2025-01-27 18:38:04,2025-01-27 18:44:55,N,1.0,33,40,1.0,1.12,8.6,2.5,0.5,3.15,0.0,,1.0,15.75,1.0,1.0,0.0,0.0,1,2025-11-01 08:32:20.102174
2,2025-01-27 18:57:54,2025-01-27 19:01:49,N,1.0,33,52,1.0,0.59,5.8,2.5,0.5,1.96,0.0,,1.0,11.76,1.0,1.0,0.0,0.0,1,2025-11-01 08:32:20.102174
2,2025-01-27 17:32:00,2025-01-27 17:41:02,N,1.0,74,75,1.0,1.39,10.7,2.5,0.5,2.94,0.0,,1.0,17.64,1.0,1.0,0.0,0.0,1,2025-11-01 08:32:20.102174
2,2025-01-27 18:54:12,2025-01-27 19:06:15,N,1.0,223,83,1.0,2.41,14.9,2.5,0.5,0.0,0.0,,1.0,18.9,1.0,1.0,0.0,0.0,1,2025-11-01 08:32:20.102174
1,2025-01-27 18:27:04,2025-01-27 18:32:26,N,1.0,65,25,1.0,0.6,6.5,2.5,1.5,2.1,0.0,,1.0,12.6,1.0,1.0,0.0,0.0,1,2025-11-01 08:32:20.102174
2,2025-01-27 18:05:50,2025-01-27 18:10:54,N,1.0,166,41,1.0,0.75,7.2,2.5,0.5,1.68,0.0,,1.0,12.88,1.0,1.0,0.0,0.0,1,2025-11-01 08:32:20.102174
2,2025-01-27 18:18:46,2025-01-27 18:25:51,N,1.0,95,196,5.0,1.06,8.6,2.5,0.5,2.52,0.0,,1.0,15.12,1.0,1.0,0.0,0.0,1,2025-11-01 08:32:20.102174
2,2025-01-27 18:52:34,2025-01-27 19:05:24,N,1.0,95,95,5.0,2.07,13.5,2.5,0.5,3.5,0.0,,1.0,21.0,1.0,1.0,0.0,0.0,1,2025-11-01 08:32:20.102174
2,2025-01-27 19:59:09,2025-01-27 19:59:11,N,5.0,134,264,1.0,0.0,10.0,0.0,0.0,0.0,0.0,,1.0,11.0,1.0,2.0,0.0,0.0,1,2025-11-01 08:32:20.102174
2,2025-01-27 19:00:47,2025-01-27 19:23:04,N,1.0,166,162,1.0,5.34,26.8,2.5,0.5,6.86,0.0,,1.0,41.16,1.0,1.0,2.75,0.75,1,2025-11-01 08:32:20.102174
2,2025-01-27 19:41:25,2025-01-27 20:04:55,N,1.0,49,37,2.0,3.52,22.6,2.5,0.5,5.32,0.0,,1.0,31.92,1.0,1.0,0.0,0.0,1,2025-11-01 08:32:20.102174
2,2025-01-27 19:07:56,2025-01-27 19:20:19,N,1.0,75,237,1.0,2.22,13.5,2.5,0.5,1.0,0.0,,1.0,22.0,1.0,1.0,2.75,0.75,1,2025-11-01 08:32:20.102174
2,2025-01-27 19:52:08,2025-01-27 20:00:04,N,1.0,43,239,1.0,1.88,10.7,2.5,0.5,2.97,0.0,,1.0,20.42,1.0,1.0,2.75,0.0,1,2025-11-01 08:32:20.102174
2,2025-01-27 19:34:43,2025-01-27 19:43:15,N,5.0,179,7,1.0,1.33,25.0,0.0,0.0,2.0,0.0,,1.0,28.0,1.0,2.0,0.0,0.0,1,2025-11-01 08:32:20.102174
2,2025-01-27 19:11:55,2025-01-28 00:00:00,N,5.0,130,191,1.0,3.74,18.0,0.0,0.0,0.0,0.0,,1.0,19.0,1.0,2.0,0.0,0.0,1,2025-11-01 08:32:20.102174
1,2025-01-27 19:28:23,2025-01-27 19:32:35,N,1.0,75,238,1.0,0.9,7.2,2.5,1.5,2.2,0.0,,1.0,13.4,1.0,1.0,0.0,0.0,1,2025-11-01 08:32:20.102174
1,2025-01-27 19:45:15,2025-01-27 20:22:16,N,1.0,166,202,1.0,8.5,41.5,6.0,1.5,12.25,0.0,,1.0,61.25,1.0,1.0,2.75,0.75,1,2025-11-01 08:32:20.102174
2,2025-01-27 19:22:44,2025-01-27 19:34:52,N,1.0,129,129,2.0,1.33,12.1,2.5,0.5,3.22,0.0,,1.0,19.32,1.0,1.0,0.0,0.0,1,2025-11-01 08:32:20.102174
2,2025-01-27 19:07:52,2025-01-27 19:21:37,N,1.0,25,97,1.0,1.62,14.2,2.5,0.5,3.64,0.0,,1.0,21.84,1.0,1.0,0.0,0.0,1,2025-11-01 08:32:20.102174
2,2025-01-27 19:44:49,2025-01-27 20:06:27,N,1.0,25,61,1.0,3.45,22.6,2.5,0.5,5.32,0.0,,1.0,31.92,1.0,1.0,0.0,0.0,1,2025-11-01 08:32:20.102174
2,2025-01-27 19:09:39,2025-01-27 19:16:02,N,1.0,65,106,1.0,1.04,7.9,2.5,0.5,2.38,0.0,,1.0,14.28,1.0,1.0,0.0,0.0,1,2025-11-01 08:32:20.102174
1,2025-01-27 19:22:23,2025-01-27 19:34:51,N,1.0,97,49,1.0,1.5,12.1,2.5,1.5,3.2,0.0,,1.0,19.3,1.0,1.0,0.0,0.0,1,2025-11-01 08:32:20.102174
2,2025-01-27 19:46:08,2025-01-27 19:51:21,N,1.0,130,197,1.0,0.9,7.2,2.5,0.5,2.24,0.0,,1.0,13.44,1.0,1.0,0.0,0.0,1,2025-11-01 08:32:20.102174
2,2025-01-27 19:03:40,2025-01-27 19:10:42,N,1.0,134,134,1.0,0.91,8.6,2.5,0.5,0.08,0.0,,1.0,12.68,1.0,1.0,0.0,0.0,1,2025-11-01 08:32:20.102174
2,2025-01-27 19:18:58,2025-01-27 19:25:18,N,1.0,134,135,1.0,1.32,9.3,2.5,0.5,0.0,0.0,,1.0,13.3,2.0,1.0,0.0,0.0,1,2025-11-01 08:32:20.102174
1,2025-01-27 19:12:30,2025-01-27 19:28:20,Y,1.0,244,24,1.0,3.3,17.7,2.5,1.5,5.4,0.0,,1.0,27.1,1.0,1.0,0.0,0.0,1,2025-11-01 08:32:20.102174
2,2025-01-27 19:08:29,2025-01-27 19:15:56,N,5.0,95,134,1.0,1.25,20.0,0.0,0.0,4.2,0.0,,1.0,25.2,1.0,2.0,0.0,0.0,1,2025-11-01 08:32:20.102174
2,2025-01-27 19:02:57,2025-01-27 19:13:35,N,1.0,95,135,1.0,1.57,12.8,2.5,0.5,3.36,0.0,,1.0,20.16,1.0,1.0,0.0,0.0,1,2025-11-01 08:32:20.102174
2,2025-01-27 19:28:09,2025-01-27 19:42:04,N,1.0,95,157,1.0,5.41,24.0,2.5,0.5,5.6,0.0,,1.0,33.6,1.0,1.0,0.0,0.0,1,2025-11-01 08:32:20.102174
2,2025-01-27 19:13:24,2025-01-27 19:27:03,N,1.0,74,263,1.0,2.66,16.3,2.5,0.5,4.61,0.0,,1.0,27.66,1.0,1.0,2.75,0.0,1,2025-11-01 08:32:20.102174
2,2025-01-27 19:21:41,2025-01-27 19:27:05,N,1.0,223,223,1.0,0.96,7.2,2.5,0.5,2.24,0.0,,1.0,13.44,1.0,1.0,0.0,0.0,1,2025-11-01 08:32:20.102174
2,2025-01-27 19:13:15,2025-01-27 19:34:16,N,1.0,74,238,1.0,3.13,20.5,2.5,0.5,8.18,0.0,,1.0,35.43,1.0,1.0,2.75,0.0,1,2025-11-01 08:32:20.102174
2,2025-01-27 19:01:11,2025-01-27 19:08:32,N,1.0,74,75,1.0,1.4,9.3,2.5,0.5,1.0,0.0,,1.0,14.3,1.0,1.0,0.0,0.0,1,2025-11-01 08:32:20.102174
1,2025-01-27 19:20:26,2025-01-27 19:24:08,N,1.0,41,42,1.0,0.7,5.8,2.5,1.5,0.0,0.0,,1.0,9.8,2.0,1.0,0.0,0.0,1,2025-11-01 08:32:20.102174
1,2025-01-27 19:56:09,2025-01-27 20:04:01,N,1.0,74,41,1.0,1.7,9.3,2.5,1.5,0.0,0.0,,1.0,13.3,2.0,1.0,0.0,0.0,1,2025-11-01 08:32:20.102174
2,2025-01-27 19:15:13,2025-01-27 19:27:11,N,1.0,75,262,1.0,1.27,12.1,2.5,0.5,3.77,0.0,,1.0,22.62,1.0,1.0,2.75,0.0,1,2025-11-01 08:32:20.102174
1,2025-01-27 19:52:22,2025-01-27 19:57:50,N,1.0,7,7,1.0,1.0,7.9,2.5,1.5,0.0,0.0,,1.0,11.9,2.0,1.0,0.0,0.0,1,2025-11-01 08:32:20.102174
2,2025-01-27 19:46:51,2025-01-27 19:57:23,N,1.0,41,116,1.0,1.66,10.7,2.5,0.5,2.94,0.0,,1.0,17.64,1.0,1.0,0.0,0.0,1,2025-11-01 08:32:20.102174
2,2025-01-27 19:18:14,2025-01-27 19:25:07,N,1.0,75,42,1.0,1.83,10.0,2.5,0.5,2.8,0.0,,1.0,16.8,1.0,1.0,0.0,0.0,1,2025-11-01 08:32:20.102174
2,2025-01-27 19:23:12,2025-01-27 19:29:27,N,1.0,41,41,1.0,0.84,7.9,2.5,0.5,2.38,0.0,,1.0,14.28,1.0,1.0,0.0,0.0,1,2025-11-01 08:32:20.102174
1,2025-01-27 19:35:23,2025-01-27 19:50:34,N,1.0,74,238,1.0,3.1,17.7,5.25,1.5,4.85,0.0,,1.0,29.3,1.0,1.0,2.75,0.0,1,2025-11-01 08:32:20.102174
2,2025-01-27 19:05:07,2025-01-27 19:15:15,N,1.0,42,120,1.0,2.4,13.5,2.5,0.5,5.25,0.0,,1.0,22.75,1.0,1.0,0.0,0.0,1,2025-11-01 08:32:20.102174
2,2025-01-27 19:36:26,2025-01-27 19:46:35,N,1.0,65,49,5.0,1.79,11.4,2.5,0.5,1.54,0.0,,1.0,16.94,1.0,1.0,0.0,0.0,1,2025-11-01 08:32:20.102174
2,2025-01-27 19:28:57,2025-01-27 19:33:52,N,1.0,75,74,1.0,1.26,7.9,2.5,0.5,2.38,0.0,,1.0,14.28,1.0,1.0,0.0,0.0,1,2025-11-01 08:32:20.102174
2,2025-01-27 19:00:51,2025-01-27 19:16:51,N,1.0,43,224,1.0,5.21,22.6,2.5,0.5,4.0,0.0,,1.0,34.1,1.0,1.0,2.75,0.75,1,2025-11-01 08:32:20.102174
2,2025-01-27 19:03:28,2025-01-28 16:45:25,N,1.0,65,85,1.0,3.45,20.5,2.5,0.5,0.0,0.0,,1.0,24.5,2.0,1.0,0.0,0.0,1,2025-11-01 08:32:20.102174
2,2025-01-27 19:51:49,2025-01-27 19:56:01,N,1.0,95,95,1.0,0.5,5.8,2.5,0.5,1.96,0.0,,1.0,11.76,1.0,1.0,0.0,0.0,1,2025-11-01 08:32:20.102174
2,2025-01-27 19:07:27,2025-01-27 19:19:22,N,1.0,74,116,1.0,2.6,14.2,2.5,0.5,3.64,0.0,,1.0,21.84,1.0,1.0,0.0,0.0,1,2025-11-01 08:32:20.102174
2,2025-01-27 19:36:19,2025-01-27 19:39:28,N,1.0,159,159,2.0,0.46,5.1,2.5,0.5,0.0,0.0,,1.0,9.1,2.0,1.0,0.0,0.0,1,2025-11-01 08:32:20.102174
2,2025-01-27 19:53:47,2025-01-27 19:55:39,N,1.0,42,42,2.0,0.36,4.4,2.5,0.5,0.0,0.0,,1.0,8.4,2.0,1.0,0.0,0.0,1,2025-11-01 08:32:20.102174
2,2025-01-27 19:28:51,2025-01-27 19:32:28,N,1.0,74,75,1.0,0.74,5.8,2.5,0.5,2.45,0.0,,1.0,12.25,1.0,1.0,0.0,0.0,1,2025-11-01 08:32:20.102174
2,2025-01-27 19:23:05,2025-01-27 19:26:39,N,1.0,75,75,5.0,0.67,5.8,2.5,0.5,1.96,0.0,,1.0,11.76,1.0,1.0,0.0,0.0,1,2025-11-01 08:32:20.102174
2,2025-01-27 19:44:57,2025-01-27 20:35:00,N,1.0,75,14,5.0,15.6,70.2,2.5,0.5,15.39,0.0,,1.0,92.34,1.0,1.0,2.75,0.0,1,2025-11-01 08:32:20.102174
1,2025-01-27 19:34:31,2025-01-27 19:53:04,N,1.0,75,233,1.0,3.7,20.5,6.0,1.5,5.6,0.0,,1.0,33.6,1.0,1.0,2.75,0.75,1,2025-11-01 08:32:20.102174
2,2025-01-27 19:06:52,2025-01-27 19:23:12,N,1.0,65,225,1.0,5.99,26.1,2.5,0.5,6.02,0.0,,1.0,36.12,1.0,1.0,0.0,0.0,1,2025-11-01 08:32:20.102174
1,2025-01-27 19:06:29,2025-01-27 19:27:54,N,1.0,97,188,0.0,3.3,21.2,2.5,1.5,2.0,0.0,,1.0,27.2,1.0,1.0,0.0,0.0,1,2025-11-01 08:32:20.102174
2,2025-01-27 19:28:58,2025-01-27 19:35:42,N,1.0,43,24,1.0,1.44,9.3,2.5,0.5,3.32,0.0,,1.0,16.62,1.0,1.0,0.0,0.0,1,2025-11-01 08:32:20.102174
2,2025-01-27 19:48:21,2025-01-27 19:53:15,N,1.0,166,116,1.0,1.5,7.9,2.5,0.5,2.98,0.0,,1.0,14.88,1.0,1.0,0.0,0.0,1,2025-11-01 08:32:20.102174
2,2025-01-27 19:12:12,2025-01-27 19:24:52,N,1.0,74,236,1.0,2.4,14.9,2.5,0.5,3.25,0.0,,1.0,24.9,1.0,1.0,2.75,0.0,1,2025-11-01 08:32:20.102174
2,2025-01-27 19:07:18,2025-01-27 19:18:05,N,1.0,43,143,1.0,2.65,14.2,2.5,0.5,4.19,0.0,,1.0,25.14,1.0,1.0,2.75,0.0,1,2025-11-01 08:32:20.102174
2,2025-01-27 19:32:36,2025-01-27 19:44:52,N,1.0,75,141,1.0,2.2,14.9,2.5,0.5,0.0,0.0,,1.0,21.65,2.0,1.0,2.75,0.0,1,2025-11-01 08:32:20.102174
2,2025-01-27 19:11:38,2025-01-27 19:37:17,N,1.0,74,230,1.0,4.57,26.8,2.5,0.5,6.86,0.0,,1.0,41.16,1.0,1.0,2.75,0.75,1,2025-11-01 08:32:20.102174
2,2025-01-27 19:46:24,2025-01-27 20:01:02,N,1.0,97,17,1.0,2.22,14.2,2.5,0.5,3.64,0.0,,1.0,21.84,1.0,1.0,0.0,0.0,1,2025-11-01 08:32:20.102174
2,2025-01-27 19:35:05,2025-01-27 19:45:34,N,1.0,74,166,1.0,1.93,12.1,2.5,0.5,3.22,0.0,,1.0,19.32,1.0,1.0,0.0,0.0,1,2025-11-01 08:32:20.102174
2,2025-01-27 19:15:50,2025-01-27 19:26:37,N,1.0,82,138,5.0,3.64,17.7,7.5,0.5,5.34,0.0,,1.0,32.04,1.0,1.0,0.0,0.0,1,2025-11-01 08:32:20.102174
2,2025-01-27 19:55:04,2025-01-27 20:09:21,N,1.0,82,70,5.0,1.78,14.2,2.5,0.5,0.0,0.0,,1.0,18.2,1.0,1.0,0.0,0.0,1,2025-11-01 08:32:20.102174
2,2025-01-27 19:10:47,2025-01-27 19:17:04,N,1.0,33,33,1.0,1.01,7.9,2.5,0.5,2.14,0.0,,1.0,14.04,1.0,1.0,0.0,0.0,1,2025-11-01 08:32:20.102174
2,2025-01-27 15:12:50,2025-01-27 15:29:08,N,1.0,74,244,1.0,2.92,17.0,2.5,0.5,0.0,0.0,,1.0,21.0,2.0,1.0,0.0,0.0,1,2025-11-01 08:32:20.102174
2,2025-01-27 18:27:19,2025-01-27 18:39:50,N,1.0,43,142,1.0,2.88,15.6,2.5,0.5,3.0,0.0,,1.0,25.35,1.0,1.0,2.75,0.0,1,2025-11-01 08:32:20.102174
2,2025-01-27 19:40:27,2025-01-27 19:46:47,N,1.0,74,75,1.0,0.9,7.9,2.5,0.5,0.0,0.0,,1.0,11.9,2.0,1.0,0.0,0.0,1,2025-11-01 08:32:20.102174
2,2025-01-27 19:53:18,2025-01-27 19:57:46,N,1.0,75,75,1.0,1.17,7.2,2.5,0.5,0.0,0.0,,1.0,11.2,2.0,1.0,0.0,0.0,1,2025-11-01 08:32:20.102174
2,2025-01-27 19:05:22,2025-01-27 19:43:21,N,1.0,43,198,2.0,18.04,70.9,2.5,0.5,0.0,6.94,,1.0,81.84,2.0,1.0,0.0,0.0,1,2025-11-01 08:32:20.102174
1,2025-01-27 19:34:04,2025-01-27 19:51:16,N,1.0,16,129,1.0,0.0,31.5,0.0,1.5,0.0,0.0,,1.0,33.0,1.0,1.0,0.0,0.0,1,2025-11-01 08:32:20.102174
2,2025-01-27 19:25:18,2025-01-27 19:44:42,N,1.0,7,82,5.0,2.65,19.1,2.5,0.5,0.0,0.0,,1.0,23.1,2.0,1.0,0.0,0.0,1,2025-11-01 08:32:20.102174
2,2025-01-27 19:08:14,2025-01-27 19:17:41,N,1.0,82,129,1.0,0.85,10.0,2.5,0.5,2.8,0.0,,1.0,16.8,1.0,1.0,0.0,0.0,1,2025-11-01 08:32:20.102174
2,2025-01-27 19:47:11,2025-01-27 19:47:26,N,1.0,130,130,2.0,0.02,3.0,2.5,0.5,0.0,0.0,,1.0,7.0,2.0,1.0,0.0,0.0,1,2025-11-01 08:32:20.102174
2,2025-01-27 19:10:16,2025-01-27 19:19:31,N,1.0,74,263,1.0,1.94,11.4,2.5,0.5,3.63,0.0,,1.0,21.78,1.0,1.0,2.75,0.0,1,2025-11-01 08:32:20.102174
2,2025-01-27 19:07:26,2025-01-27 19:19:05,N,1.0,74,236,1.0,2.26,14.2,2.5,0.5,3.0,0.0,,1.0,23.95,1.0,1.0,2.75,0.0,1,2025-11-01 08:32:20.102174
2,2025-01-27 19:52:58,2025-01-27 20:01:55,N,1.0,75,262,1.0,1.37,10.0,2.5,0.5,3.35,0.0,,1.0,20.1,1.0,1.0,2.75,0.0,1,2025-11-01 08:32:20.102174
2,2025-01-27 19:31:49,2025-01-27 19:33:36,N,1.0,82,82,1.0,0.1,3.7,2.5,0.5,0.0,0.0,,1.0,7.7,2.0,1.0,0.0,0.0,1,2025-11-01 08:32:20.102174
2,2025-01-27 19:22:44,2025-01-27 19:37:48,N,1.0,75,141,1.0,2.15,16.3,2.5,0.5,4.61,0.0,,1.0,27.66,1.0,1.0,2.75,0.0,1,2025-11-01 08:32:20.102174
2,2025-01-27 19:05:00,2025-01-27 19:21:14,N,1.0,226,223,1.0,3.0,17.7,2.5,0.5,4.34,0.0,,1.0,26.04,1.0,1.0,0.0,0.0,1,2025-11-01 08:32:20.102174
2,2025-01-27 19:25:41,2025-01-27 19:45:37,N,1.0,43,143,1.0,3.44,20.5,2.5,0.5,5.6,0.0,,1.0,33.6,1.0,1.0,2.75,0.75,1,2025-11-01 08:32:20.102174
2,2025-01-27 19:03:42,2025-01-27 19:14:56,N,1.0,74,238,1.0,2.3,13.5,2.5,0.5,3.5,0.0,,1.0,21.0,1.0,1.0,0.0,0.0,1,2025-11-01 08:32:20.102174
2,2025-01-27 18:11:47,2025-01-27 18:19:57,N,1.0,74,75,1.0,1.59,10.7,2.5,0.5,2.94,0.0,,1.0,17.64,1.0,1.0,0.0,0.0,1,2025-11-01 08:32:20.102174
2,2025-01-27 19:12:26,2025-01-27 19:17:23,N,1.0,74,75,1.0,1.28,7.9,2.5,0.5,2.98,0.0,,1.0,14.88,1.0,1.0,0.0,0.0,1,2025-11-01 08:32:20.102174
2,2025-01-27 19:12:07,2025-01-27 19:12:17,N,5.0,260,260,1.0,0.0,0.05,0.0,0.0,0.0,0.0,,1.0,1.05,2.0,2.0,0.0,0.0,1,2025-11-01 08:32:20.102174
2,2025-01-27 19:13:38,2025-01-27 19:13:42,N,5.0,260,260,2.0,0.0,5.0,0.0,0.0,0.0,0.0,,1.0,6.0,1.0,2.0,0.0,0.0,1,2025-11-01 08:32:20.102174
2,2025-01-27 20:14:01,2025-01-27 20:51:40,N,1.0,9,92,1.0,3.4,32.4,1.0,0.5,0.0,0.0,,1.0,34.9,2.0,1.0,0.0,0.0,1,2025-11-01 08:32:20.102174
2,2025-01-27 20:20:35,2025-01-27 20:22:43,N,1.0,75,236,1.0,0.67,5.1,1.0,0.5,2.59,0.0,,1.0,12.94,1.0,1.0,2.75,0.0,1,2025-11-01 08:32:20.102174
2,2025-01-27 20:14:54,2025-01-27 20:29:04,N,1.0,130,218,1.0,2.93,16.3,1.0,0.5,0.0,0.0,,1.0,18.8,1.0,1.0,0.0,0.0,1,2025-11-01 08:32:20.102174
2,2025-01-27 20:05:30,2025-01-27 20:10:01,N,1.0,166,151,1.0,0.82,7.2,1.0,0.5,0.0,0.0,,1.0,9.7,2.0,1.0,0.0,0.0,1,2025-11-01 08:32:20.102174
2,2025-01-27 20:20:30,2025-01-27 20:29:27,N,1.0,166,41,1.0,1.28,10.7,1.0,0.5,3.3,0.0,,1.0,16.5,1.0,1.0,0.0,0.0,1,2025-11-01 08:32:20.102174
2,2025-01-27 20:35:18,2025-01-27 20:37:23,N,1.0,166,166,1.0,0.59,5.1,1.0,0.5,0.0,0.0,,1.0,7.6,2.0,1.0,0.0,0.0,1,2025-11-01 08:32:20.102174
2,2025-01-27 20:36:04,2025-01-27 20:43:06,N,1.0,74,236,1.0,1.6,10.0,1.0,0.5,0.0,0.0,,1.0,15.25,2.0,1.0,2.75,0.0,1,2025-11-01 08:32:20.102174
2,2025-01-27 20:20:21,2025-01-27 20:31:11,N,1.0,75,262,1.0,1.9,12.8,1.0,0.5,3.61,0.0,,1.0,21.66,1.0,1.0,2.75,0.0,1,2025-11-01 08:32:20.102174
2,2025-01-27 20:40:35,2025-01-27 20:46:11,N,1.0,75,75,1.0,0.91,7.2,1.0,0.5,1.94,0.0,,1.0,11.64,1.0,1.0,0.0,0.0,1,2025-11-01 08:32:20.102174
2,2025-01-27 20:51:22,2025-01-27 20:56:51,N,1.0,75,74,1.0,1.4,8.6,1.0,0.5,2.22,0.0,,1.0,13.32,1.0,1.0,0.0,0.0,1,2025-11-01 08:32:20.102174
2,2025-01-27 20:35:55,2025-01-27 20:42:21,N,1.0,223,223,1.0,1.31,8.6,1.0,0.5,2.78,0.0,,1.0,13.88,1.0,1.0,0.0,0.0,1,2025-11-01 08:32:20.102174
2,2025-01-27 20:34:44,2025-01-27 20:54:17,N,1.0,43,107,1.0,5.36,25.4,1.0,0.5,1.5,0.0,,1.0,32.9,1.0,1.0,2.75,0.75,1,2025-11-01 08:32:20.102174
2,2025-01-27 20:31:20,2025-01-27 20:42:08,N,5.0,130,205,1.0,2.63,14.0,0.0,0.0,0.0,0.0,,1.0,15.0,1.0,2.0,0.0,0.0,1,2025-11-01 08:32:20.102174
2,2025-01-27 19:53:49,2025-01-27 20:01:56,N,1.0,75,262,1.0,1.46,10.0,1.0,0.5,3.81,0.0,,1.0,19.06,1.0,1.0,2.75,0.0,1,2025-11-01 08:32:20.102174
2,2025-01-27 20:24:36,2025-01-27 20:29:37,N,1.0,43,238,1.0,1.14,7.9,1.0,0.5,3.94,0.0,,1.0,17.09,1.0,1.0,2.75,0.0,1,2025-11-01 08:32:20.102174
2,2025-01-27 20:09:52,2025-01-27 20:19:08,N,1.0,97,25,2.0,1.13,8.6,1.0,0.5,0.0,0.0,,1.0,11.1,2.0,1.0,0.0,0.0,1,2025-11-01 08:32:20.102174
2,2025-01-27 20:11:46,2025-01-27 20:29:15,N,1.0,97,133,1.0,4.38,21.2,1.0,0.5,4.74,0.0,,1.0,28.44,1.0,1.0,0.0,0.0,1,2025-11-01 08:32:20.102174
2,2025-01-27 20:40:14,2025-01-27 20:44:35,N,1.0,43,236,1.0,1.0,7.2,1.0,0.5,2.49,0.0,,1.0,14.94,1.0,1.0,2.75,0.0,1,2025-11-01 08:32:20.102174
2,2025-01-27 20:09:49,2025-01-27 20:14:16,N,1.0,75,74,1.0,1.23,7.9,1.0,0.5,1.87,0.0,,1.0,12.27,1.0,1.0,0.0,0.0,1,2025-11-01 08:32:20.102174
2,2025-01-27 20:14:39,2025-01-27 20:25:26,N,1.0,134,216,1.0,3.19,15.6,1.0,0.5,3.62,0.0,,1.0,21.72,1.0,1.0,0.0,0.0,1,2025-11-01 08:32:20.102174
2,2025-01-27 20:51:08,2025-01-27 21:02:44,N,1.0,134,134,1.0,2.62,14.2,1.0,0.5,1.0,0.0,,1.0,17.7,1.0,1.0,0.0,0.0,1,2025-11-01 08:32:20.102174
2,2025-01-27 20:36:03,2025-01-27 20:40:33,N,1.0,134,134,1.0,0.66,6.5,1.0,0.5,2.0,0.0,,1.0,11.0,1.0,1.0,0.0,0.0,1,2025-11-01 08:32:20.102174
2,2025-01-27 20:08:22,2025-01-27 20:17:16,N,1.0,244,220,1.0,4.05,18.4,1.0,0.5,0.0,3.18,,1.0,24.08,2.0,1.0,0.0,0.0,1,2025-11-01 08:32:20.102174
2,2025-01-27 20:02:31,2025-01-27 20:10:32,N,1.0,75,238,1.0,1.69,10.7,1.0,0.5,4.78,0.0,,1.0,20.73,1.0,1.0,2.75,0.0,1,2025-11-01 08:32:20.102174
2,2025-01-27 20:37:26,2025-01-27 20:44:03,N,1.0,75,263,1.0,1.05,8.6,1.0,0.5,2.77,0.0,,1.0,16.62,1.0,1.0,2.75,0.0,1,2025-11-01 08:32:20.102174
2,2025-01-27 19:59:04,2025-01-27 20:03:57,N,1.0,95,95,1.0,0.94,7.2,1.0,0.5,1.94,0.0,,1.0,11.64,1.0,1.0,0.0,0.0,1,2025-11-01 08:32:20.102174
2,2025-01-27 20:53:37,2025-01-27 21:17:07,N,1.0,95,260,1.0,4.89,27.5,1.0,0.5,5.0,0.0,,1.0,35.0,1.0,1.0,0.0,0.0,1,2025-11-01 08:32:20.102174
2,2025-01-27 20:46:04,2025-01-27 20:57:19,N,1.0,244,166,1.0,3.1,15.6,1.0,0.5,3.62,0.0,,1.0,21.72,1.0,1.0,0.0,0.0,1,2025-11-01 08:32:20.102174
2,2025-01-27 20:25:17,2025-01-27 20:33:41,N,1.0,65,97,2.0,0.81,9.3,1.0,0.5,2.95,0.0,,1.0,14.75,1.0,1.0,0.0,0.0,1,2025-11-01 08:32:20.102174
2,2025-01-27 20:34:49,2025-01-27 20:43:24,N,1.0,42,69,1.0,1.2,10.0,1.0,0.5,0.0,0.0,,1.0,12.5,2.0,1.0,0.0,0.0,1,2025-11-01 08:32:20.102174
2,2025-01-27 20:17:58,2025-01-27 20:25:55,N,1.0,7,179,1.0,1.17,9.3,1.0,0.5,2.36,0.0,,1.0,14.16,1.0,1.0,0.0,0.0,1,2025-11-01 08:32:20.102174
2,2025-01-27 20:20:20,2025-01-27 20:35:54,N,1.0,166,48,1.0,4.76,23.3,1.0,0.5,5.86,0.0,,1.0,35.16,1.0,1.0,2.75,0.75,1,2025-11-01 08:32:20.102174
2,2025-01-27 20:53:24,2025-01-27 21:01:01,N,1.0,166,239,1.0,1.58,10.7,1.0,0.5,3.19,0.0,,1.0,19.14,1.0,1.0,2.75,0.0,1,2025-11-01 08:32:20.102174
2,2025-01-27 20:32:25,2025-01-27 20:43:45,N,1.0,130,219,1.0,4.5,20.5,1.0,0.5,0.0,0.0,,1.0,23.0,1.0,1.0,0.0,0.0,1,2025-11-01 08:32:20.102174
2,2025-01-27 20:16:06,2025-01-27 20:23:08,N,1.0,75,236,1.0,1.11,8.6,1.0,0.5,0.0,0.0,,1.0,13.85,2.0,1.0,2.75,0.0,1,2025-11-01 08:32:20.102174
2,2025-01-27 20:26:57,2025-01-27 20:50:11,N,1.0,75,68,1.0,4.88,25.4,1.0,0.5,6.28,0.0,,1.0,37.68,1.0,1.0,2.75,0.75,1,2025-11-01 08:32:20.102174
2,2025-01-27 20:36:45,2025-01-27 20:48:58,N,1.0,166,238,1.0,1.82,13.5,1.0,0.5,4.69,0.0,,1.0,23.44,1.0,1.0,2.75,0.0,1,2025-11-01 08:32:20.102174
2,2025-01-27 20:55:13,2025-01-27 21:00:54,N,1.0,166,41,1.0,1.12,7.9,1.0,0.5,0.0,0.0,,1.0,10.4,2.0,1.0,0.0,0.0,1,2025-11-01 08:32:20.102174
2,2025-01-27 20:07:46,2025-01-27 20:36:01,N,1.0,129,135,1.0,5.88,31.0,1.0,0.5,0.0,0.0,,1.0,33.5,2.0,1.0,0.0,0.0,1,2025-11-01 08:32:20.102174
2,2025-01-27 20:42:35,2025-01-27 20:57:55,N,1.0,74,262,1.0,2.88,17.0,1.0,0.5,3.0,0.0,,1.0,25.25,1.0,1.0,2.75,0.0,1,2025-11-01 08:32:20.102174
2,2025-01-27 20:32:32,2025-01-27 20:38:44,N,1.0,7,7,5.0,0.87,7.9,1.0,0.5,3.12,0.0,,1.0,13.52,1.0,1.0,0.0,0.0,1,2025-11-01 08:32:20.102174
2,2025-01-27 20:17:26,2025-01-27 20:23:51,N,1.0,75,238,1.0,1.22,8.6,1.0,0.5,2.77,0.0,,1.0,13.87,1.0,1.0,0.0,0.0,1,2025-11-01 08:32:20.102174
2,2025-01-27 20:29:52,2025-01-27 20:35:13,N,1.0,166,152,1.0,1.1,7.9,1.0,0.5,3.12,0.0,,1.0,13.52,1.0,1.0,0.0,0.0,1,2025-11-01 08:32:20.102174
2,2025-01-27 20:15:50,2025-01-27 20:24:11,N,1.0,130,10,1.0,1.44,10.0,1.0,0.5,0.0,0.0,,1.0,12.5,1.0,1.0,0.0,0.0,1,2025-11-01 08:32:20.102174
2,2025-01-27 20:41:13,2025-01-27 20:41:16,N,5.0,210,210,1.0,0.0,9.0,0.0,0.0,2.0,0.0,,1.0,12.0,1.0,2.0,0.0,0.0,1,2025-11-01 08:32:20.102174
2,2025-01-27 20:08:33,2025-01-27 20:26:55,N,1.0,74,232,1.0,7.7,31.7,1.0,0.5,0.0,0.0,,1.0,37.7,1.0,1.0,2.75,0.75,1,2025-11-01 08:32:20.102174
2,2025-01-27 20:43:08,2025-01-27 21:01:55,N,1.0,97,133,1.0,4.5,24.0,1.0,0.5,0.0,0.0,,1.0,26.5,1.0,1.0,0.0,0.0,1,2025-11-01 08:32:20.102174
2,2025-01-27 20:49:10,2025-01-27 20:57:51,N,1.0,97,97,1.0,1.51,10.7,1.0,0.5,3.96,0.0,,1.0,17.16,1.0,1.0,0.0,0.0,1,2025-11-01 08:32:20.102174
2,2025-01-27 20:53:36,2025-01-27 20:58:42,N,1.0,95,95,1.0,0.91,6.5,1.0,0.5,0.0,0.0,,1.0,9.0,2.0,1.0,0.0,0.0,1,2025-11-01 08:32:20.102174
2,2025-01-27 20:24:03,2025-01-27 20:42:57,N,1.0,97,255,1.0,3.96,21.2,1.0,0.5,4.74,0.0,,1.0,28.44,1.0,1.0,0.0,0.0,1,2025-11-01 08:32:20.102174
2,2025-01-27 20:19:05,2025-01-27 20:24:41,N,1.0,55,55,1.0,1.18,7.9,1.0,0.5,0.0,0.0,,1.0,10.4,2.0,1.0,0.0,0.0,1,2025-11-01 08:32:20.102174
2,2025-01-27 20:42:35,2025-01-27 20:50:32,N,1.0,52,181,1.0,1.73,10.0,1.0,0.5,3.75,0.0,,1.0,16.25,1.0,1.0,0.0,0.0,1,2025-11-01 08:32:20.102174
2,2025-01-27 20:52:32,2025-01-27 20:56:23,N,1.0,181,181,1.0,0.65,6.5,1.0,0.5,0.0,0.0,,1.0,9.0,2.0,1.0,0.0,0.0,1,2025-11-01 08:32:20.102174
2,2025-01-27 20:16:21,2025-01-27 20:19:58,N,1.0,75,74,2.0,1.32,7.2,1.0,0.5,3.0,0.0,,1.0,12.7,1.0,1.0,0.0,0.0,1,2025-11-01 08:32:20.102174
2,2025-01-27 20:42:37,2025-01-27 20:50:21,N,1.0,74,41,1.0,1.34,9.3,1.0,0.5,2.36,0.0,,1.0,14.16,1.0,1.0,0.0,0.0,1,2025-11-01 08:32:20.102174
2,2025-01-27 19:59:43,2025-01-27 20:14:00,N,1.0,97,61,1.0,2.47,15.6,1.0,0.5,2.2,0.0,,1.0,20.3,1.0,1.0,0.0,0.0,1,2025-11-01 08:32:20.102174
2,2025-01-27 20:36:39,2025-01-27 20:56:19,N,1.0,97,61,1.0,3.45,20.5,1.0,0.5,2.0,0.0,,1.0,25.0,1.0,1.0,0.0,0.0,1,2025-11-01 08:32:20.102174
2,2025-01-27 20:31:48,2025-01-27 20:41:37,N,1.0,166,74,1.0,1.62,11.4,1.0,0.5,2.78,0.0,,1.0,16.68,1.0,1.0,0.0,0.0,1,2025-11-01 08:32:20.102174
2,2025-01-27 20:43:25,2025-01-27 20:54:16,N,1.0,74,116,1.0,2.22,12.8,1.0,0.5,3.06,0.0,,1.0,18.36,1.0,1.0,0.0,0.0,1,2025-11-01 08:32:20.102174
2,2025-01-27 20:43:43,2025-01-27 20:46:29,N,1.0,74,75,1.0,0.82,5.8,1.0,0.5,2.08,0.0,,1.0,10.38,1.0,1.0,0.0,0.0,1,2025-11-01 08:32:20.102174
2,2025-01-27 20:25:06,2025-01-27 20:28:15,N,1.0,75,236,1.0,0.97,6.5,1.0,0.5,2.35,0.0,,1.0,14.1,1.0,1.0,2.75,0.0,1,2025-11-01 08:32:20.102174
2,2025-01-27 20:35:30,2025-01-27 20:40:58,N,1.0,75,74,1.0,1.46,8.6,1.0,0.5,2.78,0.0,,1.0,13.88,1.0,1.0,0.0,0.0,1,2025-11-01 08:32:20.102174
2,2025-01-27 20:20:19,2025-01-27 20:38:49,N,1.0,166,68,1.0,5.32,26.1,1.0,0.5,8.02,0.0,,1.0,40.12,1.0,1.0,2.75,0.75,1,2025-11-01 08:32:20.102174
2,2025-01-27 20:44:29,2025-01-27 20:56:26,N,1.0,74,166,1.0,1.89,12.8,1.0,0.5,2.3,0.0,,1.0,17.6,1.0,1.0,0.0,0.0,1,2025-11-01 08:32:20.102174
2,2025-01-27 20:09:55,2025-01-27 20:32:24,N,5.0,196,36,1.0,5.06,39.0,0.0,0.0,8.0,0.0,,1.0,48.0,1.0,2.0,0.0,0.0,1,2025-11-01 08:32:20.102174
2,2025-01-27 20:59:30,2025-01-27 21:12:23,N,1.0,74,263,1.0,2.56,14.9,1.0,0.5,4.03,0.0,,1.0,24.18,1.0,1.0,2.75,0.0,1,2025-11-01 08:32:20.102174
2,2025-01-27 19:31:57,2025-01-27 19:41:38,N,1.0,43,262,1.0,1.57,11.4,1.0,0.5,3.33,0.0,,1.0,19.98,1.0,1.0,2.75,0.0,1,2025-11-01 08:32:20.102174
2,2025-01-27 20:32:54,2025-01-27 20:58:22,N,1.0,74,226,1.0,7.75,37.3,1.0,0.5,8.66,0.0,,1.0,51.96,1.0,1.0,2.75,0.75,1,2025-11-01 08:32:20.102174
2,2025-01-27 20:49:10,2025-01-27 21:12:22,N,1.0,42,164,1.0,5.19,26.8,1.0,0.5,8.2,0.0,,1.0,41.0,1.0,1.0,2.75,0.75,1,2025-11-01 08:32:20.102174
2,2025-01-27 20:09:06,2025-01-27 20:14:22,N,1.0,82,82,6.0,0.63,6.5,1.0,0.5,0.0,0.0,,1.0,9.0,2.0,1.0,0.0,0.0,1,2025-11-01 08:32:20.102174
2,2025-01-27 20:04:35,2025-01-27 20:09:55,N,1.0,82,129,1.0,0.57,6.5,1.0,0.5,0.0,0.0,,1.0,9.0,2.0,1.0,0.0,0.0,1,2025-11-01 08:32:20.102174
2,2025-01-27 20:29:15,2025-01-27 20:44:49,N,1.0,74,116,1.0,2.41,16.3,1.0,0.5,0.0,0.0,,1.0,18.8,1.0,1.0,0.0,0.0,1,2025-11-01 08:32:20.102174
2,2025-01-27 20:24:15,2025-01-27 20:32:48,N,1.0,75,239,1.0,2.15,12.1,1.0,0.5,3.47,0.0,,1.0,20.82,1.0,1.0,2.75,0.0,1,2025-11-01 08:32:20.102174
2,2025-01-27 20:45:16,2025-01-27 20:53:36,N,1.0,43,236,1.0,0.91,7.9,1.0,0.5,0.0,0.0,,1.0,13.15,2.0,1.0,2.75,0.0,1,2025-11-01 08:32:20.102174
2,2025-01-27 20:32:36,2025-01-27 20:32:46,N,1.0,129,129,1.0,0.0,3.0,1.0,0.5,0.0,0.0,,1.0,5.5,2.0,1.0,0.0,0.0,1,2025-11-01 08:32:20.102174
2,2025-01-27 20:18:16,2025-01-27 20:46:06,N,1.0,130,37,1.0,8.1,36.6,1.0,0.5,0.0,0.0,,1.0,39.1,2.0,1.0,0.0,0.0,1,2025-11-01 08:32:20.102174
2,2025-01-27 20:10:10,2025-01-27 20:30:38,N,1.0,244,236,1.0,6.56,28.9,1.0,0.5,6.83,0.0,,1.0,40.98,1.0,1.0,2.75,0.0,1,2025-11-01 08:32:20.102174
2,2025-01-27 20:43:31,2025-01-27 20:48:05,N,1.0,75,74,1.0,1.32,7.9,1.0,0.5,2.08,0.0,,1.0,12.48,1.0,1.0,0.0,0.0,1,2025-11-01 08:32:20.102174
2,2025-01-27 20:27:05,2025-01-27 20:38:16,N,1.0,75,237,1.0,2.05,12.8,1.0,0.5,0.0,0.0,,1.0,18.05,2.0,1.0,2.75,0.0,1,2025-11-01 08:32:20.102174
2,2025-01-27 20:57:59,2025-01-27 21:10:06,N,1.0,75,161,1.0,2.53,14.2,1.0,0.5,5.0,0.0,,1.0,25.2,1.0,1.0,2.75,0.75,1,2025-11-01 08:32:20.102174
2,2025-01-27 20:39:57,2025-01-27 20:48:39,N,1.0,95,134,1.0,1.62,11.4,1.0,0.5,3.48,0.0,,1.0,17.38,1.0,1.0,0.0,0.0,1,2025-11-01 08:32:20.102174
2,2025-01-27 20:32:07,2025-01-27 20:45:03,N,1.0,74,151,1.0,2.1,14.2,1.0,0.5,3.34,0.0,,1.0,20.04,1.0,1.0,0.0,0.0,1,2025-11-01 08:32:20.102174
2,2025-01-27 19:28:19,2025-01-27 19:32:12,N,1.0,75,74,1.0,1.4,7.9,1.0,0.5,2.08,0.0,,1.0,12.48,1.0,1.0,0.0,0.0,1,2025-11-01 08:32:20.102174
2,2025-01-27 19:40:44,2025-01-27 19:51:13,N,1.0,74,166,1.0,1.96,12.8,1.0,0.5,3.06,0.0,,1.0,18.36,1.0,1.0,0.0,0.0,1,2025-11-01 08:32:20.102174
2,2025-01-27 21:08:48,2025-01-27 21:15:55,N,1.0,166,41,1.0,1.39,10.0,1.0,0.5,3.12,0.0,,1.0,15.62,1.0,1.0,0.0,0.0,1,2025-11-01 08:32:20.102174
2,2025-01-27 21:46:43,2025-01-27 21:48:27,N,1.0,166,166,1.0,0.64,5.1,1.0,0.5,0.0,0.0,,1.0,7.6,2.0,1.0,0.0,0.0,1,2025-11-01 08:32:20.102174
2,2025-01-27 20:59:15,2025-01-27 21:04:54,N,1.0,75,236,1.0,1.16,7.9,1.0,0.5,1.0,0.0,,1.0,14.15,1.0,1.0,2.75,0.0,1,2025-11-01 08:32:20.102174
2,2025-01-27 21:13:08,2025-01-27 21:19:29,N,1.0,75,41,1.0,1.55,9.3,1.0,0.5,0.0,0.0,,1.0,11.8,2.0,1.0,0.0,0.0,1,2025-11-01 08:32:20.102174
1,2025-01-27 21:47:24,2025-01-27 21:59:48,N,1.0,65,181,0.0,1.7,13.5,1.0,1.5,0.0,0.0,,1.0,16.0,2.0,1.0,0.0,0.0,1,2025-11-01 08:32:20.102174
2,2025-01-27 21:07:49,2025-01-27 21:12:38,N,1.0,223,179,1.0,0.94,7.2,1.0,0.5,0.0,0.0,,1.0,9.7,2.0,1.0,0.0,0.0,1,2025-11-01 08:32:20.102174
1,2025-01-27 21:58:31,2025-01-27 22:23:04,N,5.0,181,265,3.0,6.8,80.0,0.75,0.0,0.0,0.0,,0.0,80.75,1.0,2.0,0.0,0.75,1,2025-11-01 08:32:20.102174
1,2025-01-27 21:31:42,2025-01-27 21:52:49,N,1.0,260,75,1.0,5.6,25.4,4.5,1.5,6.25,0.0,,1.0,37.65,1.0,1.0,2.75,0.75,1,2025-11-01 08:32:20.102174
2,2025-01-27 21:14:24,2025-01-27 21:23:41,N,1.0,130,215,1.0,1.73,10.7,1.0,0.5,6.0,0.0,,1.0,19.2,1.0,1.0,0.0,0.0,1,2025-11-01 08:32:20.102174
1,2025-01-27 21:31:37,2025-01-27 21:36:27,N,1.0,244,244,1.0,0.6,6.5,1.0,1.5,2.0,0.0,,1.0,11.0,1.0,1.0,0.0,0.0,1,2025-11-01 08:32:20.102174
2,2025-01-27 20:12:32,2025-01-27 20:20:37,N,1.0,75,74,1.0,1.54,10.0,1.0,0.5,2.5,0.0,,1.0,15.0,1.0,1.0,0.0,0.0,1,2025-11-01 08:32:20.102174
2,2025-01-27 21:48:11,2025-01-27 21:59:19,N,1.0,43,143,1.0,2.79,14.9,1.0,0.5,0.0,0.0,,1.0,20.15,2.0,1.0,2.75,0.0,1,2025-11-01 08:32:20.102174
2,2025-01-27 21:56:45,2025-01-27 22:02:45,N,1.0,134,197,1.0,1.45,8.6,1.0,0.5,2.22,0.0,,1.0,13.32,1.0,1.0,0.0,0.0,1,2025-11-01 08:32:20.102174
2,2025-01-27 21:06:41,2025-01-27 21:20:29,N,1.0,82,129,1.0,3.18,17.0,1.0,0.5,2.0,0.0,,1.0,21.5,1.0,1.0,0.0,0.0,1,2025-11-01 08:32:20.102174
2,2025-01-27 21:08:12,2025-01-27 21:23:14,N,1.0,166,239,2.0,2.7,17.7,1.0,0.5,4.59,0.0,,1.0,27.54,1.0,1.0,2.75,0.0,1,2025-11-01 08:32:20.102174
2,2025-01-27 21:04:49,2025-01-27 21:08:14,N,1.0,75,74,1.0,0.96,6.5,1.0,0.5,1.0,0.0,,1.0,10.0,1.0,1.0,0.0,0.0,1,2025-11-01 08:32:20.102174
2,2025-01-27 21:46:11,2025-01-27 21:54:42,N,1.0,75,263,1.0,1.05,9.3,1.0,0.5,2.91,0.0,,1.0,17.46,1.0,1.0,2.75,0.0,1,2025-11-01 08:32:20.102174
2,2025-01-27 21:38:38,2025-01-27 21:53:26,N,1.0,74,262,1.0,2.83,17.0,1.0,0.5,3.0,0.0,,1.0,25.25,1.0,1.0,2.75,0.0,1,2025-11-01 08:32:20.102174
2,2025-01-27 21:03:42,2025-01-27 21:05:52,N,1.0,75,75,1.0,0.48,4.4,1.0,0.5,0.0,0.0,,1.0,6.9,2.0,1.0,0.0,0.0,1,2025-11-01 08:32:20.102174
2,2025-01-27 21:41:19,2025-01-27 21:55:49,N,5.0,75,75,1.0,1.23,9.0,0.0,0.0,0.0,0.0,,1.0,10.0,1.0,2.0,0.0,0.0,1,2025-11-01 08:32:20.102174
2,2025-01-27 21:24:08,2025-01-27 21:34:14,N,1.0,74,244,1.0,3.95,18.4,1.0,0.5,1.0,0.0,,1.0,21.9,1.0,1.0,0.0,0.0,1,2025-11-01 08:32:20.102174
2,2025-01-27 21:02:35,2025-01-27 21:13:08,N,1.0,181,66,5.0,1.72,11.4,1.0,0.5,2.78,0.0,,1.0,16.68,1.0,1.0,0.0,0.0,1,2025-11-01 08:32:20.102174
2,2025-01-27 21:35:37,2025-01-27 21:55:02,N,1.0,181,14,5.0,6.45,28.9,1.0,0.5,7.85,0.0,,1.0,39.25,1.0,1.0,0.0,0.0,1,2025-11-01 08:32:20.102174
2,2025-01-27 21:33:20,2025-01-27 21:33:25,N,5.0,146,146,1.0,0.07,25.0,0.0,0.0,0.0,0.0,,1.0,26.0,1.0,2.0,0.0,0.0,1,2025-11-01 08:32:20.102174
2,2025-01-27 21:07:49,2025-01-27 21:20:37,N,1.0,95,82,1.0,1.96,14.2,1.0,0.5,5.01,0.0,,1.0,21.71,1.0,1.0,0.0,0.0,1,2025-11-01 08:32:20.102174
2,2025-01-27 21:28:15,2025-01-27 21:28:32,N,1.0,130,130,1.0,0.0,-3.0,-1.0,-0.5,0.0,0.0,,-1.0,-5.5,3.0,1.0,0.0,0.0,1,2025-11-01 08:32:20.102174
2,2025-01-27 21:28:15,2025-01-27 21:28:32,N,1.0,130,130,1.0,0.0,3.0,1.0,0.5,0.0,0.0,,1.0,5.5,3.0,1.0,0.0,0.0,1,2025-11-01 08:32:20.102174
2,2025-01-27 21:19:13,2025-01-27 21:30:49,N,1.0,82,173,1.0,4.38,18.4,1.0,0.5,0.0,0.0,,1.0,20.9,2.0,1.0,0.0,0.0,1,2025-11-01 08:32:20.102174
2,2025-01-27 21:52:24,2025-01-27 22:12:44,N,1.0,181,256,1.0,4.95,24.7,1.0,0.5,4.35,0.0,,1.0,31.55,1.0,1.0,0.0,0.0,1,2025-11-01 08:32:20.102174
2,2025-01-27 21:32:51,2025-01-27 21:56:55,N,1.0,97,37,1.0,4.01,23.3,1.0,0.5,5.16,0.0,,1.0,30.96,1.0,1.0,0.0,0.0,1,2025-11-01 08:32:20.102174
2,2025-01-27 22:04:19,2025-01-27 22:13:56,N,1.0,260,7,1.0,2.74,11.0,0.5,0.5,0.0,0.0,,0.3,12.3,2.0,1.0,0.0,0.0,1,2025-11-01 08:32:20.102174
2,2025-01-27 21:26:54,2025-01-27 21:28:48,N,1.0,95,95,1.0,0.03,-3.7,-1.0,-0.5,0.0,0.0,,-1.0,-6.2,3.0,1.0,0.0,0.0,1,2025-11-01 08:32:20.102174
2,2025-01-27 21:26:54,2025-01-27 21:28:48,N,1.0,95,95,1.0,0.03,3.7,1.0,0.5,0.0,0.0,,1.0,6.2,3.0,1.0,0.0,0.0,1,2025-11-01 08:32:20.102174
2,2025-01-27 21:54:33,2025-01-27 22:01:58,N,1.0,33,195,1.0,1.57,10.0,1.0,0.5,2.0,0.0,,1.0,14.5,1.0,1.0,0.0,0.0,1,2025-11-01 08:32:20.102174
2,2025-01-27 21:01:52,2025-01-27 21:13:21,N,1.0,74,239,2.0,2.82,14.9,1.0,0.5,0.0,0.0,,1.0,20.15,2.0,1.0,2.75,0.0,1,2025-11-01 08:32:20.102174
2,2025-01-27 21:52:10,2025-01-27 21:56:19,N,1.0,75,74,2.0,1.37,7.9,1.0,0.5,2.08,0.0,,1.0,12.48,1.0,1.0,0.0,0.0,1,2025-11-01 08:32:20.102174
2,2025-01-27 21:17:12,2025-01-27 21:23:28,N,1.0,75,239,1.0,1.82,10.0,1.0,0.5,2.29,0.0,,1.0,17.54,1.0,1.0,2.75,0.0,1,2025-11-01 08:32:20.102174
2,2025-01-27 21:44:28,2025-01-27 22:05:18,N,5.0,97,48,1.0,6.19,75.0,0.0,0.0,0.0,0.0,,1.0,79.5,1.0,2.0,2.75,0.75,1,2025-11-01 08:32:20.102174
2,2025-01-27 21:29:40,2025-01-27 21:40:58,N,1.0,74,151,1.0,2.07,13.5,1.0,0.5,0.0,0.0,,1.0,16.0,1.0,1.0,0.0,0.0,1,2025-11-01 08:32:20.102174
2,2025-01-27 21:48:44,2025-01-27 22:03:10,N,1.0,7,179,1.0,1.64,13.5,1.0,0.5,4.0,0.0,,1.0,20.0,1.0,1.0,0.0,0.0,1,2025-11-01 08:32:20.102174
2,2025-01-27 21:38:45,2025-01-27 21:45:00,N,1.0,74,166,1.0,1.23,7.9,1.0,0.5,3.12,0.0,,1.0,13.52,1.0,1.0,0.0,0.0,1,2025-11-01 08:32:20.102174
2,2025-01-27 21:51:16,2025-01-27 22:00:25,N,1.0,74,262,1.0,2.78,14.9,1.0,0.5,3.0,0.0,,1.0,23.15,1.0,1.0,2.75,0.0,1,2025-11-01 08:32:20.102174
2,2025-01-27 21:29:55,2025-01-27 21:38:28,N,1.0,260,223,1.0,3.17,15.6,1.0,0.5,0.0,0.0,,1.0,18.1,2.0,1.0,0.0,0.0,1,2025-11-01 08:32:20.102174
2,2025-01-27 21:32:30,2025-01-27 21:44:43,N,1.0,74,263,1.0,2.32,14.2,1.0,0.5,0.0,0.0,,1.0,19.45,2.0,1.0,2.75,0.0,1,2025-11-01 08:32:20.102174
2,2025-01-27 21:46:00,2025-01-27 21:50:33,N,1.0,83,83,1.0,0.83,6.5,1.0,0.5,3.0,0.0,,1.0,12.0,1.0,1.0,0.0,0.0,1,2025-11-01 08:32:20.102174
2,2025-01-27 21:27:31,2025-01-27 21:32:26,N,1.0,95,95,1.0,1.15,7.9,1.0,0.5,2.08,0.0,,1.0,12.48,1.0,1.0,0.0,0.0,1,2025-11-01 08:32:20.102174
2,2025-01-27 20:58:53,2025-01-27 21:10:39,N,1.0,74,116,1.0,2.22,13.5,1.0,0.5,3.2,0.0,,1.0,19.2,1.0,1.0,0.0,0.0,1,2025-11-01 08:32:20.102174
2,2025-01-27 21:30:25,2025-01-27 21:34:41,N,1.0,33,52,1.0,0.74,6.5,1.0,0.5,1.8,0.0,,1.0,10.8,1.0,1.0,0.0,0.0,1,2025-11-01 08:32:20.102174
2,2025-01-27 20:16:44,2025-01-27 20:22:33,N,1.0,75,43,1.0,1.52,9.3,1.0,0.5,3.64,0.0,,1.0,18.19,1.0,1.0,2.75,0.0,1,2025-11-01 08:32:20.102174
2,2025-01-27 21:06:15,2025-01-27 21:21:07,N,1.0,95,160,1.0,2.92,17.7,1.0,0.5,4.0,0.0,,1.0,24.2,1.0,1.0,0.0,0.0,1,2025-11-01 08:32:20.102174
1,2025-01-27 21:24:12,2025-01-27 21:43:47,N,1.0,25,61,2.0,3.9,20.5,1.0,1.5,0.0,0.0,,1.0,23.0,2.0,1.0,0.0,0.0,1,2025-11-01 08:32:20.102174
2,2025-01-27 22:18:59,2025-01-27 22:47:18,N,1.0,83,82,1.0,6.56,35.2,1.0,0.5,9.42,0.0,,1.0,47.12,1.0,1.0,0.0,0.0,1,2025-11-01 08:32:20.102174
2,2025-01-27 22:30:45,2025-01-27 22:37:46,N,1.0,74,43,1.0,1.41,9.3,1.0,0.5,0.0,0.0,,1.0,11.8,1.0,1.0,0.0,0.0,1,2025-11-01 08:32:20.102174
2,2025-01-27 22:13:08,2025-01-27 22:17:48,N,1.0,7,7,1.0,0.95,7.2,1.0,0.5,1.94,0.0,,1.0,11.64,1.0,1.0,0.0,0.0,1,2025-11-01 08:32:20.102174
2,2025-01-27 22:39:38,2025-01-27 22:43:23,N,5.0,179,179,1.0,0.47,10.0,0.0,0.0,2.2,0.0,,1.0,13.2,1.0,2.0,0.0,0.0,1,2025-11-01 08:32:20.102174
2,2025-01-27 20:31:28,2025-01-27 20:36:02,N,1.0,75,74,1.0,1.34,7.9,1.0,0.5,2.08,0.0,,1.0,12.48,1.0,1.0,0.0,0.0,1,2025-11-01 08:32:20.102174
2,2025-01-27 20:42:36,2025-01-27 20:55:04,N,1.0,74,263,1.0,2.4,14.9,1.0,0.5,5.04,0.0,,1.0,25.19,1.0,1.0,2.75,0.0,1,2025-11-01 08:32:20.102174
2,2025-01-27 21:07:13,2025-01-27 21:12:28,N,1.0,75,75,1.0,0.99,7.2,1.0,0.5,2.0,0.0,,1.0,11.7,1.0,1.0,0.0,0.0,1,2025-11-01 08:32:20.102174
1,2025-01-27 22:46:36,2025-01-27 22:49:35,N,1.0,244,244,1.0,0.5,5.1,1.0,1.5,3.0,0.0,,1.0,10.6,1.0,1.0,0.0,0.0,1,2025-11-01 08:32:20.102174
2,2025-01-27 22:53:20,2025-01-27 23:01:33,N,1.0,129,129,1.0,2.52,13.5,1.0,0.5,0.0,0.0,,1.0,16.0,2.0,1.0,0.0,0.0,1,2025-11-01 08:32:20.102174
2,2025-01-27 22:31:08,2025-01-27 22:36:44,N,1.0,244,243,1.0,0.82,7.2,1.0,0.5,0.0,0.0,,1.0,9.7,2.0,1.0,0.0,0.0,1,2025-11-01 08:32:20.102174
2,2025-01-27 22:20:41,2025-01-27 22:33:13,N,1.0,95,258,1.0,1.9,14.2,1.0,0.5,0.0,0.0,,1.0,16.7,2.0,1.0,0.0,0.0,1,2025-11-01 08:32:20.102174
2,2025-01-27 22:08:03,2025-01-27 22:49:01,N,1.0,166,49,1.0,13.62,58.3,1.0,0.5,12.71,0.0,,1.0,76.26,1.0,1.0,2.75,0.0,1,2025-11-01 08:32:20.102174
1,2025-01-27 22:34:21,2025-01-27 22:42:08,N,1.0,210,210,1.0,1.4,10.0,1.0,1.5,0.0,0.0,,1.0,12.5,1.0,1.0,0.0,0.0,1,2025-11-01 08:32:20.102174
2,2025-01-27 22:33:44,2025-01-27 22:46:19,N,1.0,74,244,1.0,4.21,20.5,1.0,0.5,4.6,0.0,,1.0,27.6,1.0,1.0,0.0,0.0,1,2025-11-01 08:32:20.102174
2,2025-01-27 22:29:30,2025-01-27 22:43:00,N,1.0,129,198,1.0,3.24,12.5,0.5,0.5,0.0,0.0,,0.3,13.8,2.0,1.0,0.0,0.0,1,2025-11-01 08:32:20.102174
2,2025-01-27 22:33:12,2025-01-27 22:45:55,N,1.0,97,49,1.0,2.05,14.2,1.0,0.5,0.0,0.0,,1.0,16.7,2.0,1.0,0.0,0.0,1,2025-11-01 08:32:20.102174
2,2025-01-27 22:52:12,2025-01-27 23:04:15,N,1.0,49,190,1.0,2.59,14.9,1.0,0.5,4.35,0.0,,1.0,21.75,1.0,1.0,0.0,0.0,1,2025-11-01 08:32:20.102174
2,2025-01-27 22:37:29,2025-01-27 22:42:54,N,1.0,181,189,1.0,0.83,7.9,1.0,0.5,0.0,0.0,,1.0,10.4,2.0,1.0,0.0,0.0,1,2025-11-01 08:32:20.102174
2,2025-01-27 22:45:12,2025-01-27 22:53:10,N,1.0,41,75,1.0,1.99,11.4,1.0,0.5,2.78,0.0,,1.0,16.68,1.0,1.0,0.0,0.0,1,2025-11-01 08:32:20.102174
2,2025-01-27 22:58:17,2025-01-27 23:08:53,N,1.0,41,116,1.0,2.27,13.5,1.0,0.5,3.2,0.0,,1.0,19.2,1.0,1.0,0.0,0.0,1,2025-11-01 08:32:20.102174
2,2025-01-27 22:28:35,2025-01-27 23:01:00,N,1.0,181,230,1.0,9.46,44.3,1.0,0.5,2.0,0.0,,1.0,52.3,1.0,1.0,2.75,0.75,1,2025-11-01 08:32:20.102174
2,2025-01-27 22:33:54,2025-01-27 22:46:27,N,1.0,74,116,1.0,2.17,13.5,1.0,0.5,3.2,0.0,,1.0,19.2,1.0,1.0,0.0,0.0,1,2025-11-01 08:32:20.102174
2,2025-01-27 22:08:42,2025-01-27 22:48:12,N,5.0,97,230,2.0,8.95,50.0,0.0,0.0,0.0,0.0,,1.0,54.5,1.0,2.0,2.75,0.75,1,2025-11-01 08:32:20.102174
2,2025-01-27 22:33:13,2025-01-27 22:35:22,N,1.0,43,43,1.0,0.39,4.4,1.0,0.5,0.0,0.0,,1.0,9.65,2.0,1.0,2.75,0.0,1,2025-11-01 08:32:20.102174
2,2025-01-27 22:57:38,2025-01-27 23:04:51,N,1.0,65,97,1.0,1.28,9.3,1.0,0.5,2.36,0.0,,1.0,14.16,1.0,1.0,0.0,0.0,1,2025-11-01 08:32:20.102174
2,2025-01-27 22:33:30,2025-01-27 22:41:54,N,1.0,74,263,1.0,1.81,11.4,1.0,0.5,2.78,0.0,,1.0,16.68,1.0,1.0,0.0,0.0,1,2025-11-01 08:32:20.102174
2,2025-01-27 22:56:07,2025-01-27 23:03:48,N,1.0,74,263,1.0,1.83,10.7,1.0,0.5,2.64,0.0,,1.0,15.84,1.0,1.0,0.0,0.0,1,2025-11-01 08:32:20.102174
2,2025-01-27 22:34:16,2025-01-27 22:54:13,N,1.0,130,191,1.0,4.61,24.0,1.0,0.5,0.0,0.0,,1.0,26.5,2.0,1.0,0.0,0.0,1,2025-11-01 08:32:20.102174
2,2025-01-27 22:58:54,2025-01-27 23:04:03,N,1.0,129,129,5.0,0.74,7.2,1.0,0.5,2.42,0.0,,1.0,12.12,1.0,1.0,0.0,0.0,1,2025-11-01 08:32:20.102174
2,2025-01-27 22:33:30,2025-01-27 22:44:44,N,1.0,74,239,1.0,3.43,16.3,1.0,0.5,4.31,0.0,,1.0,25.86,1.0,1.0,2.75,0.0,1,2025-11-01 08:32:20.102174
2,2025-01-27 22:28:16,2025-01-27 22:56:12,N,1.0,130,39,2.0,10.56,42.2,1.0,0.5,0.0,0.0,,1.0,44.7,2.0,1.0,0.0,0.0,1,2025-11-01 08:32:20.102174
2,2025-01-27 22:31:38,2025-01-27 22:38:07,N,1.0,74,42,1.0,1.14,8.6,1.0,0.5,0.0,0.0,,1.0,11.1,2.0,1.0,0.0,0.0,1,2025-11-01 08:32:20.102174
2,2025-01-27 22:06:05,2025-01-27 22:42:22,N,5.0,181,68,2.0,8.15,65.0,0.0,0.0,10.0,0.0,,1.0,79.5,1.0,2.0,2.75,0.75,1,2025-11-01 08:32:20.102174
2,2025-01-27 22:01:27,2025-01-27 22:06:13,N,1.0,43,238,1.0,1.1,7.9,1.0,0.5,2.0,0.0,,1.0,12.4,1.0,1.0,0.0,0.0,1,2025-11-01 08:32:20.102174
2,2025-01-27 22:42:39,2025-01-27 22:55:00,N,1.0,134,173,1.0,5.68,24.0,1.0,0.5,7.95,0.0,,1.0,34.45,1.0,1.0,0.0,0.0,1,2025-11-01 08:32:20.102174
2,2025-01-27 22:49:35,2025-01-27 22:54:52,N,1.0,210,210,1.0,0.96,7.2,1.0,0.5,2.42,0.0,,1.0,12.12,1.0,1.0,0.0,0.0,1,2025-11-01 08:32:20.102174
2,2025-01-27 22:30:23,2025-01-27 22:43:33,N,1.0,74,42,1.0,1.88,13.5,1.0,0.5,2.4,0.0,,1.0,18.4,1.0,1.0,0.0,0.0,1,2025-11-01 08:32:20.102174
1,2025-01-27 22:37:41,2025-01-27 22:44:00,N,1.0,75,75,1.0,0.0,7.2,1.0,1.5,1.9,0.0,,1.0,11.6,1.0,1.0,0.0,0.0,1,2025-11-01 08:32:20.102174
2,2025-01-27 22:14:41,2025-01-27 22:33:44,N,1.0,25,80,1.0,4.23,24.0,1.0,0.5,5.3,0.0,,1.0,31.8,1.0,1.0,0.0,0.0,1,2025-11-01 08:32:20.102174
2,2025-01-27 21:33:47,2025-01-27 21:43:26,N,1.0,74,75,1.0,1.74,11.4,1.0,0.5,1.0,0.0,,1.0,14.9,1.0,1.0,0.0,0.0,1,2025-11-01 08:32:20.102174
1,2025-01-27 22:59:59,2025-01-27 23:04:25,N,1.0,33,54,1.0,1.0,6.5,1.0,1.5,0.0,0.0,,1.0,9.0,2.0,1.0,0.0,0.0,1,2025-11-01 08:32:20.102174
2,2025-01-27 22:54:25,2025-01-27 23:04:12,N,1.0,42,41,1.0,1.8,12.1,1.0,0.5,3.65,0.0,,1.0,18.25,1.0,1.0,0.0,0.0,1,2025-11-01 08:32:20.102174
2,2025-01-27 23:37:14,2025-01-27 23:54:11,N,1.0,82,7,1.0,2.54,17.7,1.0,0.5,0.0,0.0,,1.0,20.2,2.0,1.0,0.0,0.0,1,2025-11-01 08:32:20.102174
2,2025-01-27 23:14:32,2025-01-27 23:30:40,N,1.0,166,220,1.0,6.9,29.6,1.0,0.5,10.58,3.18,,1.0,45.86,1.0,1.0,0.0,0.0,1,2025-11-01 08:32:20.102174
2,2025-01-27 23:29:21,2025-01-27 23:36:08,N,1.0,75,74,1.0,1.93,10.0,1.0,0.5,0.0,0.0,,1.0,12.5,2.0,1.0,0.0,0.0,1,2025-11-01 08:32:20.102174
2,2025-01-27 23:38:48,2025-01-27 23:39:55,N,5.0,215,215,1.0,0.0,9.0,0.0,0.0,2.0,0.0,,1.0,12.0,1.0,2.0,0.0,0.0,1,2025-11-01 08:32:20.102174
2,2025-01-27 21:22:21,2025-01-27 21:30:12,N,1.0,75,262,1.0,1.31,10.0,1.0,0.5,4.58,0.0,,1.0,19.83,1.0,1.0,2.75,0.0,1,2025-11-01 08:32:20.102174
2,2025-01-27 21:51:04,2025-01-27 21:55:50,N,1.0,75,74,1.0,1.49,8.6,1.0,0.5,1.66,0.0,,1.0,12.76,1.0,1.0,0.0,0.0,1,2025-11-01 08:32:20.102174
2,2025-01-27 23:00:18,2025-01-27 23:20:11,N,1.0,166,194,1.0,3.88,22.6,1.0,0.5,0.0,6.94,,1.0,32.04,2.0,1.0,0.0,0.0,1,2025-11-01 08:32:20.102174
2,2025-01-27 23:46:32,2025-01-27 23:50:30,N,1.0,244,116,1.0,0.8,6.5,1.0,0.5,1.8,0.0,,1.0,10.8,1.0,1.0,0.0,0.0,1,2025-11-01 08:32:20.102174
2,2025-01-27 23:31:27,2025-01-27 23:35:12,N,1.0,75,74,1.0,1.35,7.9,1.0,0.5,1.04,0.0,,1.0,11.44,1.0,1.0,0.0,0.0,1,2025-11-01 08:32:20.102174
2,2025-01-27 23:33:22,2025-01-27 23:37:37,N,5.0,97,17,1.0,0.9,20.0,0.0,0.0,4.2,0.0,,1.0,25.2,1.0,2.0,0.0,0.0,1,2025-11-01 08:32:20.102174
2,2025-01-27 14:21:56,2025-01-27 14:22:07,N,1.0,82,82,1.0,0.0,-3.0,-1.0,-0.5,0.0,0.0,,-1.0,-5.5,3.0,1.0,0.0,0.0,1,2025-11-01 08:32:20.102174
2,2025-01-27 14:21:56,2025-01-27 14:22:07,N,1.0,82,82,1.0,0.0,3.0,1.0,0.5,0.0,0.0,,1.0,5.5,3.0,1.0,0.0,0.0,1,2025-11-01 08:32:20.102174
2,2025-01-27 23:38:54,2025-01-27 23:55:12,N,5.0,130,168,1.0,12.05,80.0,0.0,0.0,0.0,6.94,,1.0,87.94,2.0,1.0,0.0,0.0,1,2025-11-01 08:32:20.102174
2,2025-01-27 23:09:38,2025-01-27 23:18:43,N,1.0,75,141,1.0,1.9,11.4,1.0,0.5,2.5,0.0,,1.0,19.15,1.0,1.0,2.75,0.0,1,2025-11-01 08:32:20.102174
2,2025-01-27 23:04:04,2025-01-27 23:13:45,N,1.0,95,135,1.0,2.49,13.5,1.0,0.5,3.2,0.0,,1.0,19.2,1.0,1.0,0.0,0.0,1,2025-11-01 08:32:20.102174
2,2025-01-27 23:31:53,2025-01-27 23:52:17,N,1.0,130,191,1.0,4.53,23.3,1.0,0.5,5.16,0.0,,1.0,30.96,1.0,1.0,0.0,0.0,1,2025-11-01 08:32:20.102174
2,2025-01-27 23:40:32,2025-01-27 23:51:14,N,1.0,129,173,1.0,1.59,12.1,1.0,0.5,2.0,0.0,,1.0,16.6,1.0,1.0,0.0,0.0,1,2025-11-01 08:32:20.102174
2,2025-01-27 23:19:43,2025-01-27 23:30:06,N,1.0,95,196,1.0,1.59,10.7,1.0,0.5,2.64,0.0,,1.0,15.84,1.0,1.0,0.0,0.0,1,2025-11-01 08:32:20.102174
2,2025-01-27 23:11:45,2025-01-27 23:16:47,N,1.0,75,74,2.0,1.68,8.6,1.0,0.5,0.0,0.0,,1.0,11.1,2.0,1.0,0.0,0.0,1,2025-11-01 08:32:20.102174
2,2025-01-27 23:15:08,2025-01-27 23:19:26,N,1.0,75,41,1.0,1.32,7.2,1.0,0.5,1.94,0.0,,1.0,11.64,1.0,1.0,0.0,0.0,1,2025-11-01 08:32:20.102174
2,2025-01-27 23:47:10,2025-01-27 23:58:56,N,1.0,97,61,1.0,2.6,14.2,1.0,0.5,0.0,0.0,,1.0,16.7,1.0,1.0,0.0,0.0,1,2025-11-01 08:32:20.102174
2,2025-01-27 23:11:44,2025-01-27 23:15:52,N,1.0,75,74,1.0,1.3,7.9,1.0,0.5,0.0,0.0,,1.0,10.4,1.0,1.0,0.0,0.0,1,2025-11-01 08:32:20.102174
2,2025-01-27 22:57:26,2025-01-27 22:57:29,N,5.0,39,264,2.0,0.0,23.0,0.0,0.0,0.0,0.0,,1.0,24.0,1.0,2.0,0.0,0.0,1,2025-11-01 08:32:20.102174
2,2025-01-27 23:49:57,2025-01-27 23:58:17,N,1.0,75,24,1.0,1.47,10.0,1.0,0.5,0.0,0.0,,1.0,12.5,2.0,1.0,0.0,0.0,1,2025-11-01 08:32:20.102174
2,2025-01-27 23:34:09,2025-01-27 23:44:29,N,1.0,134,135,1.0,4.43,19.8,1.0,0.5,0.0,0.0,,1.0,22.3,2.0,1.0,0.0,0.0,1,2025-11-01 08:32:20.102174
2,2025-01-27 23:27:29,2025-01-27 23:42:05,N,1.0,74,140,1.0,3.09,17.0,1.0,0.5,4.45,0.0,,1.0,26.7,1.0,1.0,2.75,0.0,1,2025-11-01 08:32:20.102174
2,2025-01-27 23:55:55,2025-01-28 00:07:49,N,1.0,74,142,1.0,3.56,16.3,1.0,0.5,4.31,0.0,,1.0,25.86,1.0,1.0,2.75,0.0,1,2025-11-01 08:32:20.102174
2,2025-01-27 23:28:18,2025-01-27 23:33:53,N,1.0,75,24,1.0,1.45,8.6,1.0,0.5,2.22,0.0,,1.0,13.32,1.0,1.0,0.0,0.0,1,2025-11-01 08:32:20.102174
2,2025-02-03 11:59:31,2025-02-03 12:11:33,N,1.0,112,226,1.0,1.8,12.8,1.0,0.5,0.0,0.0,,1.0,15.3,2.0,1.0,0.0,0.0,1,2025-11-01 08:32:20.102174
2,2025-02-03 15:50:54,2025-02-03 16:24:47,N,1.0,97,234,1.0,5.18,33.1,1.0,0.5,7.82,0.0,,1.0,46.92,1.0,1.0,2.75,0.75,1,2025-11-01 08:32:20.102174
2,2025-02-03 17:52:25,2025-02-03 18:12:26,N,1.0,65,231,1.0,2.81,20.5,1.0,0.5,7.95,0.0,,1.0,34.45,1.0,1.0,2.75,0.75,1,2025-11-01 08:32:20.102174
2,2025-02-03 19:26:40,2025-02-03 19:35:06,N,1.0,97,97,1.0,0.89,8.6,1.0,0.5,0.0,0.0,,1.0,11.1,1.0,1.0,0.0,0.0,1,2025-11-01 08:32:20.102174
2,2025-02-03 20:31:30,2025-02-03 20:39:30,N,1.0,97,49,1.0,1.13,9.3,1.0,0.5,2.95,0.0,,1.0,14.75,1.0,1.0,0.0,0.0,1,2025-11-01 08:32:20.102174
2,2025-02-03 21:39:46,2025-02-03 21:55:03,N,1.0,97,257,1.0,2.81,16.3,0.0,0.5,3.56,0.0,,1.0,21.36,1.0,1.0,0.0,0.0,1,2025-11-01 08:32:20.102174
2,2025-01-06 03:10:00,2025-01-06 03:16:00,,,41,166,,0.94,12.14,0.0,0.5,0.55,0.0,,1.0,14.19,,,,,1,2025-11-01 08:32:20.102174
2,2025-01-06 06:14:00,2025-01-06 06:50:00,,,61,132,,5.77,50.24,0.0,0.5,10.35,0.0,,1.0,62.09,,,,,1,2025-11-01 08:32:20.102174
2,2025-01-06 07:37:00,2025-01-06 07:51:00,,,166,43,,1.93,18.08,0.0,0.5,3.92,0.0,,1.0,23.5,,,,,1,2025-11-01 08:32:20.102174
2,2025-01-06 07:39:00,2025-01-06 08:19:00,,,225,88,,5.53,38.06,0.0,0.5,3.0,0.0,,1.0,45.31,,,,,1,2025-11-01 08:32:20.102174
1,2025-01-06 07:39:00,2025-01-06 07:50:11,,,74,75,,1.3,11.4,0.0,0.5,2.58,0.0,,1.0,15.48,,,,,1,2025-11-01 08:32:20.102174
2,2025-01-06 08:39:00,2025-01-06 08:53:00,,,71,35,,0.96,16.21,0.0,0.5,0.0,0.0,,1.0,17.71,,,,,1,2025-11-01 08:32:20.102174
2,2025-01-06 08:42:00,2025-01-06 08:49:00,,,65,261,,1.99,13.01,0.0,0.5,4.5,0.0,,1.0,22.51,,,,,1,2025-11-01 08:32:20.102174
2,2025-01-06 08:00:00,2025-01-06 08:24:00,,,244,120,,9.02,31.94,0.0,0.5,8.59,6.94,,1.0,48.97,,,,,1,2025-11-01 08:32:20.102174
2,2025-01-06 08:15:00,2025-01-06 08:28:00,,,75,42,,2.28,20.41,0.0,0.5,4.38,0.0,,1.0,26.29,,,,,1,2025-11-01 08:32:20.102174
2,2025-01-06 08:29:00,2025-01-06 08:34:00,,,7,193,,0.8,12.08,0.0,0.5,2.0,0.0,,1.0,15.58,,,,,1,2025-11-01 08:32:20.102174
2,2025-01-06 08:18:00,2025-01-06 08:22:00,,,7,193,,0.86,12.08,0.0,0.5,2.72,0.0,,1.0,16.3,,,,,1,2025-11-01 08:32:20.102174
2,2025-01-06 08:26:00,2025-01-06 08:56:00,,,244,138,,11.21,47.57,0.0,0.5,11.2,6.94,,1.0,67.21,,,,,1,2025-11-01 08:32:20.102174
2,2025-01-06 09:42:00,2025-01-06 10:34:00,,,166,132,,18.46,69.36,0.0,0.5,0.0,6.94,,1.0,77.8,,,,,1,2025-11-01 08:32:20.102174
2,2025-01-06 09:46:00,2025-01-06 10:21:00,,,41,113,,8.0,46.14,0.0,0.5,3.0,0.0,,1.0,54.14,,,,,1,2025-11-01 08:32:20.102174
2,2025-01-06 09:53:00,2025-01-06 10:11:00,,,82,95,,3.03,21.19,0.0,0.5,0.0,0.0,,1.0,22.69,,,,,1,2025-11-01 08:32:20.102174
2,2025-01-06 09:51:00,2025-01-06 09:55:00,,,66,34,,0.57,13.02,0.0,0.5,2.0,0.0,,1.0,16.52,,,,,1,2025-11-01 08:32:20.102174
2,2025-01-06 09:53:00,2025-01-06 10:15:00,,,152,142,,3.69,23.41,0.0,0.5,5.0,0.0,,1.0,32.66,,,,,1,2025-11-01 08:32:20.102174
2,2025-01-06 09:03:00,2025-01-06 09:48:00,,,130,181,,10.13,65.29,0.0,0.5,16.7,0.0,,1.0,83.49,,,,,1,2025-11-01 08:32:20.102174
1,2025-01-06 09:54:27,2025-01-06 10:34:37,,,42,132,,0.0,70.5,0.0,0.5,15.79,6.94,,1.0,96.73,,,,,1,2025-11-01 08:32:20.102174
2,2025-01-06 09:18:00,2025-01-06 09:27:00,,,41,116,,1.73,14.79,0.0,0.5,3.26,0.0,,1.0,19.55,,,,,1,2025-11-01 08:32:20.102174
2,2025-01-06 10:18:00,2025-01-06 10:32:00,,,177,71,,1.09,15.46,0.0,0.5,0.0,0.0,,1.0,16.96,,,,,1,2025-11-01 08:32:20.102174
2,2025-01-06 10:53:00,2025-01-06 10:59:00,,,188,35,,0.47,15.0,0.0,0.5,0.0,0.0,,1.0,16.5,,,,,1,2025-11-01 08:32:20.102174
2,2025-01-06 10:17:31,2025-01-06 10:25:57,,,75,151,,1.26,13.22,0.0,0.5,2.94,0.0,,1.0,17.66,,,,,1,2025-11-01 08:32:20.102174
2,2025-01-06 10:39:53,2025-01-06 10:55:09,,,244,239,,5.09,28.05,0.0,0.5,6.46,0.0,,1.0,38.76,,,,,1,2025-11-01 08:32:20.102174
2,2025-01-06 11:01:00,2025-01-06 11:25:00,,,166,138,,7.82,32.77,0.0,0.5,6.18,6.94,,1.0,47.39,,,,,1,2025-11-01 08:32:20.102174
2,2025-01-06 11:52:00,2025-01-06 12:12:00,,,33,114,,3.05,20.0,0.0,0.5,5.0,0.0,,1.0,30.0,,,,,1,2025-11-01 08:32:20.102174
2,2025-01-06 11:55:00,2025-01-06 12:29:00,,,42,237,,4.42,30.88,0.0,0.5,4.31,0.0,,1.0,40.19,,,,,1,2025-11-01 08:32:20.102174
2,2025-01-06 12:55:00,2025-01-06 13:14:00,,,71,35,,1.6,19.72,0.0,0.5,0.0,0.0,,1.0,21.22,,,,,1,2025-11-01 08:32:20.102174
2,2025-01-06 12:12:00,2025-01-06 12:44:00,,,41,230,,5.2,33.91,0.0,0.5,9.73,0.0,,1.0,48.64,,,,,1,2025-11-01 08:32:20.102174
2,2025-01-06 13:59:00,2025-01-06 14:12:00,,,136,244,,2.15,18.72,0.0,0.5,4.04,0.0,,1.0,24.26,,,,,1,2025-11-01 08:32:20.102174
2,2025-01-06 13:25:00,2025-01-06 13:50:00,,,179,163,,4.34,28.79,0.0,0.5,6.76,0.0,,1.0,40.55,,,,,1,2025-11-01 08:32:20.102174
2,2025-01-06 14:02:00,2025-01-06 14:08:00,,,7,193,,6.56,13.02,0.0,0.5,2.9,0.0,,1.0,17.42,,,,,1,2025-11-01 08:32:20.102174
2,2025-01-06 15:00:00,2025-01-06 15:22:00,,,166,230,,3.51,24.37,0.0,0.5,5.16,0.0,,1.0,34.53,,,,,1,2025-11-01 08:32:20.102174
2,2025-01-06 15:50:00,2025-01-06 16:10:00,,,65,181,,2.32,17.47,0.0,0.5,3.79,0.0,,1.0,22.76,,,,,1,2025-11-01 08:32:20.102174
2,2025-01-06 16:23:00,2025-01-06 16:30:00,,,41,41,,0.97,13.58,0.0,0.5,3.02,0.0,,1.0,18.1,,,,,1,2025-11-01 08:32:20.102174
1,2025-01-06 16:54:48,2025-01-06 16:59:33,,,74,41,,0.7,6.5,2.5,0.5,2.1,0.0,,1.0,12.6,,,,,1,2025-11-01 08:32:20.102174
2,2025-01-06 16:11:00,2025-01-06 16:21:00,,,193,145,,1.92,15.33,0.0,0.5,1.0,0.0,,1.0,17.83,,,,,1,2025-11-01 08:32:20.102174
2,2025-01-06 16:57:00,2025-01-06 17:08:00,,,193,145,,1.92,15.18,0.0,0.5,2.0,0.0,,1.0,18.68,,,,,1,2025-11-01 08:32:20.102174
2,2025-01-06 16:41:00,2025-01-06 16:47:00,,,247,69,,0.61,15.0,0.0,0.5,0.0,0.0,,1.0,16.5,,,,,1,2025-11-01 08:32:20.102174
2,2025-01-06 16:05:00,2025-01-06 16:27:00,,,244,24,,3.57,26.13,0.0,0.5,6.0,0.0,,1.0,33.63,,,,,1,2025-11-01 08:32:20.102174
2,2025-01-06 17:31:00,2025-01-06 17:43:00,,,193,145,,1.75,16.01,0.0,0.5,3.5,0.0,,1.0,21.01,,,,,1,2025-11-01 08:32:20.102174
2,2025-01-06 17:11:58,2025-01-06 17:16:02,,,193,193,,0.9,11.66,0.0,0.5,2.0,0.0,,1.0,15.16,,,,,1,2025-11-01 08:32:20.102174
2,2025-01-06 17:46:34,2025-01-06 17:53:30,,,193,145,,1.4,13.85,0.0,0.5,1.0,0.0,,1.0,16.35,,,,,1,2025-11-01 08:32:20.102174
2,2025-01-06 17:17:00,2025-01-06 17:20:00,,,193,7,,0.81,11.66,0.0,0.5,5.26,0.0,,1.0,18.42,,,,,1,2025-11-01 08:32:20.102174
2,2025-01-06 17:49:00,2025-01-06 18:01:00,,,193,141,,1.99,19.46,0.0,0.5,0.0,0.0,,1.0,24.46,,,,,1,2025-11-01 08:32:20.102174
1,2025-01-06 18:14:24,2025-01-06 18:35:22,,,75,164,,3.0,18.4,2.5,0.5,2.59,0.0,,1.0,28.49,,,,,1,2025-11-01 08:32:20.102174
2,2025-01-06 18:09:18,2025-01-06 18:13:56,,,193,193,,0.9,12.55,0.0,0.5,2.81,0.0,,1.0,16.86,,,,,1,2025-11-01 08:32:20.102174
2,2025-01-06 18:27:56,2025-01-06 18:31:56,,,193,193,,0.89,11.66,0.0,0.5,2.37,0.0,,1.0,15.53,,,,,1,2025-11-01 08:32:20.102174
2,2025-01-06 18:03:00,2025-01-06 18:18:00,,,66,233,,5.94,28.45,0.0,0.5,6.54,0.0,,1.0,39.24,,,,,1,2025-11-01 08:32:20.102174
2,2025-01-06 18:09:00,2025-01-06 18:29:00,,,193,129,,3.49,29.79,0.0,0.5,1.0,0.0,,1.0,32.29,,,,,1,2025-11-01 08:32:20.102174
2,2025-01-06 18:19:00,2025-01-06 18:28:00,,,193,145,,1.61,15.34,0.0,0.5,3.37,0.0,,1.0,20.21,,,,,1,2025-11-01 08:32:20.102174
2,2025-01-06 18:04:00,2025-01-06 18:31:00,,,52,61,,4.07,28.65,0.0,0.5,3.02,0.0,,1.0,33.17,,,,,1,2025-11-01 08:32:20.102174
2,2025-01-06 19:10:00,2025-01-06 19:18:00,,,75,43,,0.77,13.58,0.0,0.5,1.78,0.0,,1.0,19.61,,,,,1,2025-11-01 08:32:20.102174
2,2025-01-06 19:32:00,2025-01-06 19:35:00,,,42,41,,0.57,13.58,0.0,0.5,1.51,0.0,,1.0,16.59,,,,,1,2025-11-01 08:32:20.102174
2,2025-01-06 22:33:00,2025-01-06 22:48:00,,,116,169,,4.3,23.21,0.0,0.5,0.0,0.0,,1.0,24.71,,,,,1,2025-11-01 08:32:20.102174
2,2025-01-06 22:06:39,2025-01-06 22:17:31,,,116,42,,1.79,13.58,0.0,0.5,3.02,0.0,,1.0,18.1,,,,,1,2025-11-01 08:32:20.102174
2,2025-01-13 02:32:00,2025-01-13 02:45:00,,,168,41,,1.33,17.36,0.0,0.5,0.0,0.0,,1.0,18.86,,,,,1,2025-11-01 08:32:20.102174
2,2025-01-13 03:52:00,2025-01-13 04:01:00,,,41,168,,2.01,17.26,0.0,0.5,0.0,0.0,,1.0,18.76,,,,,1,2025-11-01 08:32:20.102174
1,2025-01-13 06:54:29,2025-01-13 07:11:58,,,24,140,,4.1,21.9,0.0,0.5,3.92,0.0,,1.0,30.07,,,,,1,2025-11-01 08:32:20.102174
2,2025-01-13 07:45:41,2025-01-13 08:09:49,,,135,132,,7.52,37.54,0.0,0.5,7.03,0.0,,1.0,46.07,,,,,1,2025-11-01 08:32:20.102174
2,2025-01-13 07:04:30,2025-01-13 07:56:01,,,243,132,,21.55,90.36,0.0,0.5,19.76,6.94,,1.0,118.56,,,,,1,2025-11-01 08:32:20.102174
1,2025-01-13 07:50:48,2025-01-13 07:58:20,,,74,41,,1.0,8.6,0.0,0.5,1.01,0.0,,1.0,11.11,,,,,1,2025-11-01 08:32:20.102174
2,2025-01-13 07:59:00,2025-01-13 09:00:00,,,256,132,,12.79,72.13,0.0,0.5,2.0,0.0,,1.0,75.63,,,,,1,2025-11-01 08:32:20.102174
2,2025-01-13 07:01:00,2025-01-13 07:19:00,,,74,138,,7.33,26.95,0.0,0.5,0.0,6.94,,1.0,35.39,,,,,1,2025-11-01 08:32:20.102174
2,2025-01-13 08:48:00,2025-01-13 09:01:00,,,71,35,,0.98,15.87,0.0,0.5,0.0,0.0,,1.0,17.37,,,,,1,2025-11-01 08:32:20.102174
2,2025-01-13 08:38:00,2025-01-13 08:59:00,,,49,231,,3.61,25.22,0.0,0.5,5.44,0.0,,1.0,35.66,,,,,1,2025-11-01 08:32:20.102174
2,2025-01-13 08:28:26,2025-01-13 08:32:56,,,10,10,,0.67,15.0,0.0,0.5,0.0,0.0,,1.0,16.5,,,,,1,2025-11-01 08:32:20.102174
2,2025-01-13 08:38:00,2025-01-13 08:45:00,,,7,193,,1.03,11.96,0.0,0.5,0.0,0.0,,1.0,13.46,,,,,1,2025-11-01 08:32:20.102174
2,2025-01-13 08:34:00,2025-01-13 08:40:00,,,145,193,,1.43,13.23,0.0,0.5,1.0,0.0,,1.0,15.73,,,,,1,2025-11-01 08:32:20.102174
2,2025-01-13 08:51:00,2025-01-13 08:54:00,,,193,193,,0.93,12.21,0.0,0.5,2.74,0.0,,1.0,16.45,,,,,1,2025-11-01 08:32:20.102174
2,2025-01-13 08:30:00,2025-01-13 08:34:00,,,7,193,,0.76,11.02,0.0,0.5,2.5,0.0,,1.0,15.02,,,,,1,2025-11-01 08:32:20.102174
2,2025-01-13 08:40:00,2025-01-13 09:36:00,,,225,229,,10.57,47.08,0.0,0.5,0.0,0.0,,1.0,52.08,,,,,1,2025-11-01 08:32:20.102174
2,2025-01-13 08:31:00,2025-01-13 08:37:00,,,7,193,,0.82,12.08,0.0,0.5,2.0,0.0,,1.0,15.58,,,,,1,2025-11-01 08:32:20.102174
2,2025-01-13 08:17:00,2025-01-13 08:21:00,,,7,193,,0.77,11.02,0.0,0.5,2.0,0.0,,1.0,14.52,,,,,1,2025-11-01 08:32:20.102174
2,2025-01-13 08:50:00,2025-01-13 09:18:00,,,92,132,,9.31,43.02,0.0,0.5,8.9,0.0,,1.0,53.42,,,,,1,2025-11-01 08:32:20.102174
2,2025-01-13 08:25:00,2025-01-13 08:46:00,,,41,159,,2.35,18.88,0.0,0.5,0.0,0.0,,1.0,20.38,,,,,1,2025-11-01 08:32:20.102174
2,2025-01-13 08:55:00,2025-01-13 09:07:00,,,71,91,,1.85,14.86,0.0,0.5,0.0,0.0,,1.0,16.36,,,,,1,2025-11-01 08:32:20.102174
2,2025-01-13 08:39:00,2025-01-13 08:39:00,,,39,39,,0.08,22.32,0.0,0.5,0.0,0.0,,1.0,23.82,,,,,1,2025-11-01 08:32:20.102174
2,2025-01-13 08:13:00,2025-01-13 08:37:00,,,18,244,,5.24,34.28,0.0,0.5,0.0,0.0,,1.0,35.78,,,,,1,2025-11-01 08:32:20.102174
2,2025-01-13 09:15:00,2025-01-13 09:33:00,,,152,142,,3.58,23.54,0.0,0.5,5.0,0.0,,1.0,32.79,,,,,1,2025-11-01 08:32:20.102174
2,2025-01-13 09:27:00,2025-01-13 10:18:00,,,75,102,,11.15,65.37,0.0,0.5,0.0,6.94,,1.0,77.31,,,,,1,2025-11-01 08:32:20.102174
2,2025-01-13 09:50:00,2025-01-13 10:13:00,,,49,138,,9.62,40.18,0.0,0.5,6.25,0.0,,1.0,47.93,,,,,1,2025-11-01 08:32:20.102174
2,2025-01-13 09:04:00,2025-01-13 09:28:00,,,235,242,,5.77,32.95,0.0,0.5,0.0,0.0,,1.0,34.45,,,,,1,2025-11-01 08:32:20.102174
2,2025-01-13 09:33:00,2025-01-13 09:37:00,,,7,193,,0.72,11.66,0.0,0.5,5.26,0.0,,1.0,18.42,,,,,1,2025-11-01 08:32:20.102174
2,2025-01-13 09:44:00,2025-01-13 09:53:00,,,166,238,,1.91,14.26,0.0,0.5,3.7,0.0,,1.0,22.21,,,,,1,2025-11-01 08:32:20.102174
2,2025-01-13 10:21:00,2025-01-13 10:36:00,,,41,263,,2.59,18.69,0.0,0.5,4.59,0.0,,1.0,27.53,,,,,1,2025-11-01 08:32:20.102174
2,2025-01-13 10:06:39,2025-01-13 10:27:33,,,243,138,,11.01,38.95,0.0,0.5,9.48,6.94,,1.0,56.87,,,,,1,2025-11-01 08:32:20.102174
2,2025-01-13 10:13:00,2025-01-13 10:28:00,,,244,239,,5.21,26.07,0.0,0.5,6.06,0.0,,1.0,36.38,,,,,1,2025-11-01 08:32:20.102174
2,2025-01-13 10:21:00,2025-01-13 10:39:00,,,116,138,,8.6,37.95,0.0,0.5,0.0,0.0,,1.0,39.45,,,,,1,2025-11-01 08:32:20.102174
2,2025-01-13 10:29:00,2025-01-13 10:47:00,,,129,223,,3.76,17.75,0.0,0.5,3.85,0.0,,1.0,23.1,,,,,1,2025-11-01 08:32:20.102174
2,2025-01-13 10:02:00,2025-01-13 10:33:00,,,61,138,,12.26,43.17,0.0,0.5,6.7,0.0,,1.0,51.37,,,,,1,2025-11-01 08:32:20.102174
2,2025-01-13 10:23:00,2025-01-13 10:57:00,,,226,101,,18.21,55.34,0.0,0.5,0.0,0.0,,1.0,56.84,,,,,1,2025-11-01 08:32:20.102174
2,2025-01-13 10:31:00,2025-01-13 10:53:00,,,244,18,,4.92,33.12,0.0,0.5,0.0,0.0,,1.0,34.62,,,,,1,2025-11-01 08:32:20.102174
2,2025-01-13 11:24:00,2025-01-13 11:46:00,,,244,170,,8.68,37.4,0.0,0.5,12.72,0.0,,1.0,55.12,,,,,1,2025-11-01 08:32:20.102174
2,2025-01-13 11:06:00,2025-01-13 11:31:00,,,35,89,,1.64,21.57,0.0,0.5,0.0,0.0,,1.0,23.07,,,,,1,2025-11-01 08:32:20.102174
2,2025-01-13 11:58:00,2025-01-13 12:14:00,,,32,242,,3.12,18.82,0.0,0.5,0.0,0.0,,1.0,20.32,,,,,1,2025-11-01 08:32:20.102174
2,2025-01-13 11:58:00,2025-01-13 12:16:00,,,244,163,,7.44,32.24,0.0,0.5,7.45,0.0,,1.0,44.69,,,,,1,2025-11-01 08:32:20.102174
2,2025-01-13 11:29:00,2025-01-13 11:43:00,,,97,114,,2.83,15.46,0.0,0.5,3.07,0.0,,1.0,23.53,,,,,1,2025-11-01 08:32:20.102174
2,2025-01-13 11:29:00,2025-01-13 11:35:00,,,69,69,,1.07,15.0,0.0,0.5,0.0,0.0,,1.0,16.5,,,,,1,2025-11-01 08:32:20.102174
2,2025-01-13 11:00:00,2025-01-13 11:10:00,,,91,71,,1.64,15.0,0.0,0.5,0.0,0.0,,1.0,16.5,,,,,1,2025-11-01 08:32:20.102174
2,2025-01-13 11:23:00,2025-01-13 11:30:00,,,7,179,,1.01,13.02,0.0,0.5,1.45,0.0,,1.0,15.97,,,,,1,2025-11-01 08:32:20.102174
2,2025-01-13 12:24:00,2025-01-13 12:33:00,,,179,7,,1.35,13.02,0.0,0.5,1.45,0.0,,1.0,15.97,,,,,1,2025-11-01 08:32:20.102174
2,2025-01-13 12:12:00,2025-01-13 12:27:00,,,196,129,,5.05,23.93,0.0,0.5,0.0,0.0,,1.0,25.43,,,,,1,2025-11-01 08:32:20.102174
2,2025-01-13 12:51:00,2025-01-13 13:05:00,,,244,143,,5.34,26.55,0.0,0.5,6.16,0.0,,1.0,36.96,,,,,1,2025-11-01 08:32:20.102174
2,2025-01-13 12:39:00,2025-01-13 13:13:00,,,195,100,,7.3,40.27,0.0,0.5,7.83,6.94,,1.0,60.04,,,,,1,2025-11-01 08:32:20.102174
2,2025-01-13 12:02:00,2025-01-13 12:21:00,,,91,85,,2.97,17.98,0.0,0.5,0.0,0.0,,1.0,19.48,,,,,1,2025-11-01 08:32:20.102174
2,2025-01-13 13:03:00,2025-01-13 13:20:00,,,97,87,,3.35,19.47,0.0,0.5,4.89,0.0,,1.0,29.36,,,,,1,2025-11-01 08:32:20.102174
2,2025-01-13 13:20:00,2025-01-13 13:41:00,,,193,129,,4.03,28.16,0.0,0.5,1.0,0.0,,1.0,30.66,,,,,1,2025-11-01 08:32:20.102174
2,2025-01-13 13:22:00,2025-01-13 13:37:00,,,42,74,,1.78,15.0,0.0,0.5,0.0,0.0,,1.0,16.5,,,,,1,2025-11-01 08:32:20.102174
2,2025-01-13 14:13:00,2025-01-13 14:20:00,,,95,95,,0.67,17.36,0.0,0.5,0.94,0.0,,1.0,19.8,,,,,1,2025-11-01 08:32:20.102174
2,2025-01-13 14:58:00,2025-01-13 15:14:00,,,35,225,,0.96,16.32,0.0,0.5,0.0,0.0,,1.0,17.82,,,,,1,2025-11-01 08:32:20.102174
2,2025-01-13 14:59:26,2025-01-13 15:22:03,,,243,138,,10.27,38.0,0.0,0.5,13.93,6.94,,1.0,60.37,,,,,1,2025-11-01 08:32:20.102174
2,2025-01-13 14:15:11,2025-01-13 14:34:32,,,42,142,,3.23,26.08,0.0,0.5,6.07,0.0,,1.0,36.4,,,,,1,2025-11-01 08:32:20.102174
2,2025-01-13 14:20:00,2025-01-13 14:40:00,,,41,50,,5.71,28.45,0.0,0.5,0.0,0.0,,1.0,33.45,,,,,1,2025-11-01 08:32:20.102174
2,2025-01-13 14:28:00,2025-01-13 14:50:00,,,244,138,,9.39,38.59,0.0,0.5,9.41,6.94,,1.0,56.44,,,,,1,2025-11-01 08:32:20.102174
2,2025-01-13 15:08:00,2025-01-13 15:21:00,,,244,239,,4.77,24.62,0.0,0.5,5.77,0.0,,1.0,34.64,,,,,1,2025-11-01 08:32:20.102174
2,2025-01-13 15:33:00,2025-01-13 16:13:00,,,225,132,,5.01,43.11,0.0,0.5,8.92,0.0,,1.0,53.53,,,,,1,2025-11-01 08:32:20.102174
2,2025-01-13 15:10:00,2025-01-13 15:38:00,,,47,51,,9.44,35.99,0.0,0.5,0.0,0.0,,1.0,37.49,,,,,1,2025-11-01 08:32:20.102174
2,2025-01-13 15:50:00,2025-01-13 16:05:00,,,65,181,,2.14,19.08,0.0,0.5,4.12,0.0,,1.0,24.7,,,,,1,2025-11-01 08:32:20.102174
2,2025-01-13 16:09:00,2025-01-13 16:16:00,,,193,145,,1.38,13.02,0.0,0.5,1.0,0.0,,1.0,15.52,,,,,1,2025-11-01 08:32:20.102174
2,2025-01-13 16:10:00,2025-01-13 17:08:00,,,49,124,,11.02,60.53,0.0,0.5,12.41,0.0,,1.0,74.44,,,,,1,2025-11-01 08:32:20.102174
2,2025-01-13 16:58:00,2025-01-13 18:12:00,,,41,132,,18.03,80.86,0.0,0.5,2.0,6.94,,1.0,91.3,,,,,1,2025-11-01 08:32:20.102174
2,2025-01-13 16:58:00,2025-01-13 17:02:00,,,193,7,,0.8,11.66,0.0,0.5,5.26,0.0,,1.0,18.42,,,,,1,2025-11-01 08:32:20.102174
2,2025-01-13 17:06:00,2025-01-13 17:20:00,,,75,262,,2.02,18.46,0.0,0.5,0.0,0.0,,1.0,22.71,,,,,1,2025-11-01 08:32:20.102174
2,2025-01-13 17:16:00,2025-01-13 17:21:00,,,193,145,,28182.37,13.79,0.0,0.5,1.0,0.0,,1.0,16.29,,,,,1,2025-11-01 08:32:20.102174
2,2025-01-13 17:53:13,2025-01-13 18:06:45,,,75,239,,0.0,18.21,0.0,0.5,4.49,0.0,,1.0,26.95,,,,,1,2025-11-01 08:32:20.102174
2,2025-01-13 17:00:00,2025-01-13 17:09:00,,,181,25,,1.79,3.77,0.0,0.5,2.0,0.0,,1.0,7.27,,,,,1,2025-11-01 08:32:20.102174
2,2025-01-13 17:07:00,2025-01-13 17:13:00,,,193,193,,0.87,11.66,0.0,0.5,2.0,0.0,,1.0,15.16,,,,,1,2025-11-01 08:32:20.102174
2,2025-01-13 18:50:00,2025-01-13 19:02:00,,,10,130,,1.89,17.56,0.0,0.5,0.0,0.0,,1.0,19.06,,,,,1,2025-11-01 08:32:20.102174
2,2025-01-13 18:08:00,2025-01-13 18:15:00,,,193,193,,0.88,12.64,0.0,0.5,2.83,0.0,,1.0,16.97,,,,,1,2025-11-01 08:32:20.102174
2,2025-01-13 18:05:22,2025-01-13 18:09:55,,,193,193,,0.89,11.66,0.0,0.5,0.0,0.0,,1.0,13.16,,,,,1,2025-11-01 08:32:20.102174
2,2025-01-13 18:03:00,2025-01-13 18:08:00,,,193,193,,0.94,11.66,0.0,0.5,2.63,0.0,,1.0,15.79,,,,,1,2025-11-01 08:32:20.102174
2,2025-01-13 18:07:00,2025-01-13 18:17:00,,,129,129,,1.24,17.36,0.0,0.5,4.72,0.0,,1.0,23.58,,,,,1,2025-11-01 08:32:20.102174
2,2025-01-13 18:33:00,2025-01-13 18:46:00,,,223,129,,2.52,18.2,0.0,0.5,3.94,0.0,,1.0,23.64,,,,,1,2025-11-01 08:32:20.102174
2,2025-01-13 19:38:00,2025-01-13 19:53:00,,,25,148,,3.05,20.34,0.0,0.5,5.07,0.0,,1.0,30.41,,,,,1,2025-11-01 08:32:20.102174
2,2025-01-13 19:11:00,2025-01-13 19:41:00,,,33,48,,7.86,35.54,0.0,0.5,2.0,0.0,,1.0,42.54,,,,,1,2025-11-01 08:32:20.102174
2,2025-01-13 22:04:00,2025-01-13 22:30:00,,,228,49,,7.8,39.46,0.0,0.5,7.98,6.94,,1.0,55.88,,,,,1,2025-11-01 08:32:20.102174
2,2025-01-13 22:35:00,2025-01-13 23:05:00,,,74,164,,5.84,34.49,0.0,0.5,0.0,0.0,,1.0,39.49,,,,,1,2025-11-01 08:32:20.102174
2,2025-01-20 00:33:00,2025-01-20 00:48:00,,,66,40,,2.31,16.25,0.0,0.5,3.55,0.0,,1.0,21.3,,,,,1,2025-11-01 08:32:20.102174
2,2025-01-20 00:47:00,2025-01-20 01:07:00,,,196,132,,8.48,32.72,0.0,0.5,2.0,0.0,,1.0,36.22,,,,,1,2025-11-01 08:32:20.102174
2,2025-01-20 00:48:00,2025-01-20 00:53:00,,,42,42,,1.07,13.58,0.0,0.5,0.0,0.0,,1.0,15.08,,,,,1,2025-11-01 08:32:20.102174
2,2025-01-20 06:37:00,2025-01-20 06:54:00,,,41,230,,4.64,25.48,0.0,0.5,3.05,0.0,,1.0,33.53,,,,,1,2025-11-01 08:32:20.102174
2,2025-01-20 08:31:00,2025-01-20 08:44:00,,,42,237,,3.7,27.87,0.0,0.5,6.42,0.0,,1.0,38.54,,,,,1,2025-11-01 08:32:20.102174
2,2025-01-20 08:09:00,2025-01-20 08:31:00,,,106,138,,11.63,41.45,0.0,0.5,8.59,0.0,,1.0,51.54,,,,,1,2025-11-01 08:32:20.102174
2,2025-01-20 08:56:00,2025-01-20 09:02:00,,,25,25,,0.93,12.08,0.0,0.5,2.72,0.0,,1.0,16.3,,,,,1,2025-11-01 08:32:20.102174
2,2025-01-20 08:23:00,2025-01-20 08:27:00,,,7,193,,0.77,11.02,0.0,0.5,2.0,0.0,,1.0,14.52,,,,,1,2025-11-01 08:32:20.102174
2,2025-01-20 08:45:00,2025-01-20 09:00:00,,,129,193,,0.0,25.8,0.0,0.5,0.0,0.0,,1.0,27.3,,,,,1,2025-11-01 08:32:20.102174
2,2025-01-20 09:06:00,2025-01-20 09:35:00,,,119,231,,12.62,47.45,0.0,0.5,0.0,0.0,,1.0,52.45,,,,,1,2025-11-01 08:32:20.102174
2,2025-01-20 09:50:00,2025-01-20 09:57:00,,,41,238,,1.47,13.58,0.0,0.5,2.67,0.0,,1.0,20.5,,,,,1,2025-11-01 08:32:20.102174
2,2025-01-20 09:02:00,2025-01-20 09:18:00,,,166,236,,2.74,24.9,0.0,0.5,5.83,0.0,,1.0,34.98,,,,,1,2025-11-01 08:32:20.102174
2,2025-01-20 09:29:10,2025-01-20 09:45:56,,,75,164,,3.29,21.28,0.0,0.5,5.26,0.0,,1.0,31.54,,,,,1,2025-11-01 08:32:20.102174
2,2025-01-20 09:23:00,2025-01-20 09:30:00,,,35,72,,0.83,15.0,0.0,0.5,0.0,0.0,,1.0,16.5,,,,,1,2025-11-01 08:32:20.102174
2,2025-01-20 10:00:00,2025-01-20 10:05:00,,,7,7,,0.67,13.02,0.0,0.5,2.0,0.0,,1.0,16.52,,,,,1,2025-11-01 08:32:20.102174
2,2025-01-20 10:16:00,2025-01-20 10:28:00,,,244,262,,6.09,27.87,0.0,0.5,0.0,0.0,,1.0,32.12,,,,,1,2025-11-01 08:32:20.102174
2,2025-01-20 10:11:00,2025-01-20 10:27:00,,,40,97,,2.18,16.87,0.0,0.5,3.67,0.0,,1.0,22.04,,,,,1,2025-11-01 08:32:20.102174
2,2025-01-20 10:20:00,2025-01-20 10:35:00,,,244,238,,4.58,20.54,0.0,0.5,4.96,0.0,,1.0,29.75,,,,,1,2025-11-01 08:32:20.102174
2,2025-01-20 11:54:00,2025-01-20 12:10:00,,,41,143,,2.54,17.03,0.0,0.5,1.06,0.0,,1.0,22.34,,,,,1,2025-11-01 08:32:20.102174
2,2025-01-20 11:22:00,2025-01-20 11:37:00,,,42,138,,7.92,26.63,0.0,0.5,3.51,6.94,,1.0,38.58,,,,,1,2025-11-01 08:32:20.102174
2,2025-01-20 11:57:00,2025-01-20 12:15:00,,,244,138,,10.32,35.76,0.0,0.5,8.84,6.94,,1.0,53.04,,,,,1,2025-11-01 08:32:20.102174
2,2025-01-20 12:54:00,2025-01-20 13:08:00,,,97,33,,1.83,17.0,0.0,0.5,4.62,0.0,,1.0,23.12,,,,,1,2025-11-01 08:32:20.102174
2,2025-01-20 12:00:00,2025-01-20 12:07:00,,,95,95,,0.68,15.0,0.0,0.5,0.0,0.0,,1.0,16.5,,,,,1,2025-11-01 08:32:20.102174
2,2025-01-20 12:34:00,2025-01-20 12:54:00,,,82,75,,7.54,36.42,0.0,0.5,8.97,6.94,,1.0,53.83,,,,,1,2025-11-01 08:32:20.102174
2,2025-01-20 12:29:24,2025-01-20 12:48:22,,,42,242,,9.05,37.09,0.0,0.5,0.0,0.0,,1.0,38.59,,,,,1,2025-11-01 08:32:20.102174
2,2025-01-20 13:07:00,2025-01-20 13:13:00,,,145,146,,1.06,13.02,0.0,0.5,1.45,0.0,,1.0,15.97,,,,,1,2025-11-01 08:32:20.102174
2,2025-01-20 13:56:00,2025-01-20 14:13:00,,,41,48,,6.16,31.92,0.0,0.5,7.38,0.0,,1.0,44.3,,,,,1,2025-11-01 08:32:20.102174
2,2025-01-20 13:45:00,2025-01-20 14:17:00,,,75,132,,18.31,63.59,0.0,0.5,14.41,6.94,,1.0,86.44,,,,,1,2025-11-01 08:32:20.102174
2,2025-01-20 13:06:00,2025-01-20 13:21:00,,,97,61,,2.46,16.79,0.0,0.5,0.0,0.0,,1.0,18.29,,,,,1,2025-11-01 08:32:20.102174
2,2025-01-20 14:35:00,2025-01-20 14:46:00,,,41,239,,2.37,17.81,0.0,0.5,4.41,0.0,,1.0,26.47,,,,,1,2025-11-01 08:32:20.102174
2,2025-01-20 14:15:00,2025-01-20 14:21:00,,,33,66,,0.4,15.68,0.0,0.5,3.44,0.0,,1.0,20.62,,,,,1,2025-11-01 08:32:20.102174
2,2025-01-20 14:44:00,2025-01-20 15:12:00,,,33,163,,7.0,37.64,0.0,0.5,8.53,0.0,,1.0,51.17,,,,,1,2025-11-01 08:32:20.102174
2,2025-01-20 14:22:00,2025-01-20 14:34:00,,,42,69,,2.14,17.6,0.0,0.5,2.0,0.0,,1.0,21.1,,,,,1,2025-11-01 08:32:20.102174
2,2025-01-20 15:31:00,2025-01-20 15:43:00,,,179,179,,1.11,13.02,0.0,0.5,0.0,0.0,,1.0,14.52,,,,,1,2025-11-01 08:32:20.102174
1,2025-01-20 15:31:09,2025-01-20 15:45:08,,,74,237,,2.6,16.3,0.0,0.5,1.03,0.0,,1.0,21.58,,,,,1,2025-11-01 08:32:20.102174
2,2025-01-20 15:53:00,2025-01-20 16:01:00,,,179,7,,28478.48,13.02,0.0,0.5,2.9,0.0,,1.0,17.42,,,,,1,2025-11-01 08:32:20.102174
2,2025-01-20 16:43:00,2025-01-20 16:54:00,,,33,181,,2.03,15.55,0.0,0.5,3.41,0.0,,1.0,20.46,,,,,1,2025-11-01 08:32:20.102174
2,2025-01-20 16:31:00,2025-01-20 16:49:00,,,82,130,,6.6,26.52,0.0,0.5,0.0,0.0,,1.0,28.02,,,,,1,2025-11-01 08:32:20.102174
2,2025-01-20 16:10:00,2025-01-20 16:19:00,,,52,33,,0.94,13.02,0.0,0.5,2.9,0.0,,1.0,17.42,,,,,1,2025-11-01 08:32:20.102174
2,2025-01-20 16:29:00,2025-01-20 17:10:00,,,223,218,,13.16,55.02,0.0,0.5,0.0,0.0,,1.0,56.52,,,,,1,2025-11-01 08:32:20.102174
2,2025-01-20 17:13:00,2025-01-20 17:51:00,,,65,132,,17.59,64.42,0.0,0.5,0.0,0.0,,1.0,65.92,,,,,1,2025-11-01 08:32:20.102174
2,2025-01-20 17:59:00,2025-01-20 18:23:00,,,61,52,,1.51,23.59,0.0,0.5,5.02,0.0,,1.0,30.11,,,,,1,2025-11-01 08:32:20.102174
2,2025-01-20 17:33:56,2025-01-20 17:37:49,,,193,193,,0.89,13.02,0.0,0.5,2.9,0.0,,1.0,17.42,,,,,1,2025-11-01 08:32:20.102174
2,2025-01-20 17:48:04,2025-01-20 18:03:41,,,193,129,,3.86,29.57,0.0,0.5,1.0,0.0,,1.0,32.07,,,,,1,2025-11-01 08:32:20.102174
2,2025-01-20 17:22:00,2025-01-20 17:31:00,,,193,145,,1.57,13.02,0.0,0.5,1.45,0.0,,1.0,15.97,,,,,1,2025-11-01 08:32:20.102174
2,2025-01-20 17:45:00,2025-01-20 17:58:00,,,193,146,,2.45,17.24,0.0,0.5,3.75,0.0,,1.0,22.49,,,,,1,2025-11-01 08:32:20.102174
2,2025-01-20 18:12:00,2025-01-20 18:19:00,,,193,193,,0.94,12.61,0.0,0.5,4.0,0.0,,1.0,18.11,,,,,1,2025-11-01 08:32:20.102174
2,2025-01-20 18:21:00,2025-01-20 18:28:00,,,41,151,,1.17,13.58,0.0,0.5,3.77,0.0,,1.0,18.85,,,,,1,2025-11-01 08:32:20.102174
2,2025-01-20 18:48:00,2025-01-20 19:00:00,,,74,138,,6.71,26.4,0.0,0.5,5.23,6.94,,1.0,40.07,,,,,1,2025-11-01 08:32:20.102174
2,2025-01-20 19:28:00,2025-01-20 19:39:00,,,41,116,,1.84,13.58,0.0,0.5,3.02,0.0,,1.0,18.1,,,,,1,2025-11-01 08:32:20.102174
2,2025-01-20 21:15:00,2025-01-20 21:32:00,,,195,181,,0.0,20.0,0.0,0.5,4.3,0.0,,1.0,25.8,,,,,1,2025-11-01 08:32:20.102174
2,2025-01-20 21:48:00,2025-01-20 22:04:00,,,41,48,,5.73,27.38,0.0,0.5,0.0,0.0,,1.0,32.38,,,,,1,2025-11-01 08:32:20.102174
2,2025-01-20 23:18:00,2025-01-20 23:30:00,,,65,87,,2.7,15.89,0.0,0.5,4.18,0.0,,1.0,25.07,,,,,1,2025-11-01 08:32:20.102174
2,2025-01-27 02:49:00,2025-01-27 03:22:00,,,61,141,,11.7,55.79,0.0,0.5,9.01,0.0,,1.0,69.05,,,,,1,2025-11-01 08:32:20.102174
2,2025-01-27 07:55:00,2025-01-27 08:13:00,,,41,238,,2.41,21.93,0.0,0.5,1.83,0.0,,1.0,28.01,,,,,1,2025-11-01 08:32:20.102174
2,2025-01-27 07:22:00,2025-01-27 07:33:00,,,75,239,,1.9,15.65,0.0,0.5,3.98,0.0,,1.0,23.88,,,,,1,2025-11-01 08:32:20.102174
2,2025-01-27 08:56:00,2025-01-27 09:04:00,,,166,238,,1.38,15.61,0.0,0.5,3.97,0.0,,1.0,23.83,,,,,1,2025-11-01 08:32:20.102174
1,2025-01-27 08:10:56,2025-01-27 08:18:10,,,74,41,,1.0,8.6,0.0,0.5,1.01,0.0,,1.0,11.11,,,,,1,2025-11-01 08:32:20.102174
2,2025-01-27 08:15:00,2025-01-27 08:20:00,,,7,193,,0.85,12.08,0.0,0.5,2.72,0.0,,1.0,16.3,,,,,1,2025-11-01 08:32:20.102174
2,2025-01-27 08:09:00,2025-01-27 08:33:00,,,152,194,,2.4,36.6,0.0,0.5,6.76,6.94,,1.0,51.8,,,,,1,2025-11-01 08:32:20.102174
2,2025-01-27 08:51:00,2025-01-27 08:55:00,,,146,193,,0.87,11.02,0.0,0.5,2.5,0.0,,1.0,15.02,,,,,1,2025-11-01 08:32:20.102174
2,2025-01-27 08:51:00,2025-01-27 09:21:00,,,33,237,,7.86,39.86,0.0,0.5,17.64,0.0,,1.0,61.75,,,,,1,2025-11-01 08:32:20.102174
2,2025-01-27 08:39:00,2025-01-27 08:43:00,,,7,179,,0.61,12.08,0.0,0.5,2.72,0.0,,1.0,16.3,,,,,1,2025-11-01 08:32:20.102174
2,2025-01-27 08:37:00,2025-01-27 08:42:00,,,193,193,,0.85,12.25,0.0,0.5,5.0,0.0,,1.0,18.75,,,,,1,2025-11-01 08:32:20.102174
2,2025-01-27 08:41:00,2025-01-27 08:48:00,,,145,193,,1.71,13.0,0.0,0.5,1.0,0.0,,1.0,15.5,,,,,1,2025-11-01 08:32:20.102174
2,2025-01-27 08:43:00,2025-01-27 09:04:00,,,218,197,,3.58,18.17,0.0,0.5,0.0,0.0,,1.0,19.67,,,,,1,2025-11-01 08:32:20.102174
2,2025-01-27 08:53:00,2025-01-27 09:21:00,,,61,65,,3.4,27.19,0.0,0.5,0.0,0.0,,1.0,28.69,,,,,1,2025-11-01 08:32:20.102174
2,2025-01-27 09:16:00,2025-01-27 09:27:00,,,145,193,,1.94,14.83,0.0,0.5,1.0,0.0,,1.0,17.33,,,,,1,2025-11-01 08:32:20.102174
2,2025-01-27 09:38:00,2025-01-27 09:57:00,,,41,162,,4.24,27.83,0.0,0.5,3.28,0.0,,1.0,36.11,,,,,1,2025-11-01 08:32:20.102174
2,2025-01-27 09:42:00,2025-01-27 10:01:00,,,166,143,,3.79,28.54,0.0,0.5,0.0,0.0,,1.0,32.79,,,,,1,2025-11-01 08:32:20.102174
2,2025-01-27 09:53:00,2025-01-27 10:10:00,,,33,233,,6.5,31.08,0.0,0.5,7.22,0.0,,1.0,43.3,,,,,1,2025-11-01 08:32:20.102174
2,2025-01-27 09:39:00,2025-01-27 09:53:00,,,37,35,,1.96,15.0,0.0,0.5,0.0,0.0,,1.0,16.5,,,,,1,2025-11-01 08:32:20.102174
2,2025-01-27 09:11:00,2025-01-27 09:16:00,,,7,193,,0.83,11.66,0.0,0.5,5.26,0.0,,1.0,18.42,,,,,1,2025-11-01 08:32:20.102174
2,2025-01-27 10:09:00,2025-01-27 10:15:00,,,35,35,,1.17,15.0,0.0,0.5,0.0,0.0,,1.0,16.5,,,,,1,2025-11-01 08:32:20.102174
2,2025-01-27 10:17:00,2025-01-27 10:46:00,,,24,107,,6.77,39.16,0.0,0.5,11.04,0.0,,1.0,55.2,,,,,1,2025-11-01 08:32:20.102174
2,2025-01-27 10:02:00,2025-01-27 10:07:00,,,7,193,,0.81,13.02,0.0,0.5,2.18,0.0,,1.0,16.7,,,,,1,2025-11-01 08:32:20.102174
2,2025-01-27 10:38:00,2025-01-27 10:57:00,,,197,218,,4.15,15.93,0.0,0.5,0.0,0.0,,1.0,17.43,,,,,1,2025-11-01 08:32:20.102174
2,2025-01-27 11:29:00,2025-01-27 11:45:00,,,255,80,,2.5,19.87,0.0,0.5,4.27,0.0,,1.0,25.64,,,,,1,2025-11-01 08:32:20.102174
2,2025-01-27 11:26:00,2025-01-27 11:53:00,,,167,244,,3.77,22.57,0.0,0.5,0.0,0.0,,1.0,24.07,,,,,1,2025-11-01 08:32:20.102174
2,2025-01-27 12:36:00,2025-01-27 12:46:00,,,41,142,,2.21,15.34,0.0,0.5,0.39,0.0,,1.0,19.98,,,,,1,2025-11-01 08:32:20.102174
2,2025-01-27 12:59:00,2025-01-27 13:09:00,,,74,262,,1.96,12.3,0.0,0.5,0.83,0.0,,1.0,17.38,,,,,1,2025-11-01 08:32:20.102174
2,2025-01-27 13:46:00,2025-01-27 13:56:00,,,41,74,,1.11,12.3,0.0,0.5,2.76,0.0,,1.0,16.56,,,,,1,2025-11-01 08:32:20.102174
2,2025-01-27 13:47:00,2025-01-27 14:27:00,,,75,98,,17.25,62.22,0.0,0.5,0.0,6.94,,1.0,70.66,,,,,1,2025-11-01 08:32:20.102174
2,2025-01-27 13:30:00,2025-01-27 13:59:00,,,60,17,,13.68,49.92,0.0,0.5,0.0,6.94,,1.0,58.36,,,,,1,2025-11-01 08:32:20.102174
2,2025-01-27 14:05:00,2025-01-27 14:15:00,,,129,138,,0.0,12.96,0.0,0.5,2.45,0.0,,1.0,16.91,,,,,1,2025-11-01 08:32:20.102174
2,2025-01-27 15:08:00,2025-01-27 15:35:00,,,65,48,,6.6,38.38,0.0,0.5,8.68,0.0,,1.0,52.06,,,,,1,2025-11-01 08:32:20.102174
2,2025-01-27 15:49:00,2025-01-27 16:12:00,,,244,167,,4.32,23.79,0.0,0.5,0.0,0.0,,1.0,25.29,,,,,1,2025-11-01 08:32:20.102174
1,2025-01-27 15:03:56,2025-01-27 15:25:59,,,74,244,,3.7,22.6,0.0,0.5,3.62,0.0,,1.0,27.72,,,,,1,2025-11-01 08:32:20.102174
2,2025-01-27 15:03:00,2025-01-27 15:12:00,,,7,223,,1.33,13.02,0.0,0.5,2.9,0.0,,1.0,17.42,,,,,1,2025-11-01 08:32:20.102174
2,2025-01-27 16:57:00,2025-01-27 17:07:00,,,223,7,,1.34,13.61,0.0,0.5,1.51,0.0,,1.0,16.62,,,,,1,2025-11-01 08:32:20.102174
2,2025-01-27 16:57:00,2025-01-27 17:10:00,,,75,262,,1.01,15.24,0.0,0.5,0.0,0.0,,1.0,19.49,,,,,1,2025-11-01 08:32:20.102174
2,2025-01-27 16:08:00,2025-01-27 16:14:00,,,193,145,,1.45,13.02,0.0,0.5,1.0,0.0,,1.0,15.52,,,,,1,2025-11-01 08:32:20.102174
2,2025-01-27 16:39:00,2025-01-27 17:02:00,,,244,68,,7.99,46.32,0.0,0.5,2.0,0.0,,1.0,53.32,,,,,1,2025-11-01 08:32:20.102174
2,2025-01-27 17:34:00,2025-01-27 17:40:00,,,193,145,,0.0,14.74,0.0,0.5,1.62,0.0,,1.0,17.86,,,,,1,2025-11-01 08:32:20.102174
2,2025-01-27 17:04:00,2025-01-27 17:23:00,,,33,181,,3.58,24.63,0.0,0.5,5.23,0.0,,1.0,31.36,,,,,1,2025-11-01 08:32:20.102174
2,2025-01-27 17:32:00,2025-01-27 17:43:00,,,135,95,,1.86,17.7,0.0,0.5,2.0,0.0,,1.0,21.2,,,,,1,2025-11-01 08:32:20.102174
2,2025-01-27 17:56:00,2025-01-27 17:58:00,,,7,7,,0.33,11.66,0.0,0.5,5.26,0.0,,1.0,18.42,,,,,1,2025-11-01 08:32:20.102174
2,2025-01-27 17:24:00,2025-01-27 17:36:00,,,193,226,,2.01,16.92,0.0,0.5,3.68,0.0,,1.0,22.1,,,,,1,2025-11-01 08:32:20.102174
2,2025-01-27 17:25:59,2025-01-27 17:51:05,,,193,170,,4.45,26.03,0.0,0.5,0.0,0.0,,1.0,31.03,,,,,1,2025-11-01 08:32:20.102174
2,2025-01-27 17:33:00,2025-01-27 17:54:00,,,193,129,,4.06,29.62,0.0,0.5,1.0,0.0,,1.0,32.12,,,,,1,2025-11-01 08:32:20.102174
2,2025-01-27 17:14:00,2025-01-27 17:23:00,,,193,145,,1.93,15.12,0.0,0.5,2.0,0.0,,1.0,18.62,,,,,1,2025-11-01 08:32:20.102174
2,2025-01-27 17:33:00,2025-01-27 17:42:00,,,193,145,,1.68,15.45,0.0,0.5,3.39,0.0,,1.0,20.34,,,,,1,2025-11-01 08:32:20.102174
2,2025-01-27 18:09:00,2025-01-27 18:14:00,,,193,193,,0.91,11.66,0.0,0.5,0.0,0.0,,1.0,13.16,,,,,1,2025-11-01 08:32:20.102174
2,2025-01-27 18:39:00,2025-01-27 19:00:00,,,97,112,,4.97,26.66,0.0,0.5,5.63,0.0,,1.0,33.79,,,,,1,2025-11-01 08:32:20.102174
2,2025-01-27 18:59:10,2025-01-27 19:04:11,,,41,74,,0.0,13.58,0.0,0.5,2.56,0.0,,1.0,17.64,,,,,1,2025-11-01 08:32:20.102174
2,2025-01-27 18:53:00,2025-01-27 19:02:00,,,52,181,,1.53,13.02,0.0,0.5,2.9,0.0,,1.0,17.42,,,,,1,2025-11-01 08:32:20.102174
2,2025-01-27 18:06:00,2025-01-27 18:10:00,,,193,193,,1.0,11.66,0.0,0.5,2.63,0.0,,1.0,15.79,,,,,1,2025-11-01 08:32:20.102174
2,2025-01-27 18:11:00,2025-01-27 18:18:00,,,193,145,,1.37,13.63,0.0,0.5,1.0,0.0,,1.0,16.13,,,,,1,2025-11-01 08:32:20.102174
2,2025-01-27 19:24:00,2025-01-27 19:48:00,,,166,163,,3.95,25.32,0.0,0.5,6.06,0.0,,1.0,36.38,,,,,1,2025-11-01 08:32:20.102174
1,2025-01-27 19:32:47,2025-01-27 19:37:51,,,75,238,,1.5,8.6,2.5,0.5,2.3,0.0,,1.0,17.65,,,,,1,2025-11-01 08:32:20.102174
1,2025-01-27 19:38:24,2025-01-27 19:43:06,,,43,236,,0.9,7.2,2.5,0.5,1.4,0.0,,1.0,15.35,,,,,1,2025-11-01 08:32:20.102174
1,2025-01-27 19:58:21,2025-01-27 20:12:41,,,75,143,,2.6,16.3,2.5,0.5,4.61,0.0,,1.0,27.66,,,,,1,2025-11-01 08:32:20.102174
2,2025-01-27 19:24:00,2025-01-27 19:30:00,,,75,262,,1.32,13.58,0.0,0.5,3.57,0.0,,1.0,21.4,,,,,1,2025-11-01 08:32:20.102174
2,2025-01-27 20:16:08,2025-01-27 20:21:40,,,152,152,,1.01,13.58,0.0,0.5,3.02,0.0,,1.0,18.1,,,,,1,2025-11-01 08:32:20.102174
2,2025-01-27 20:02:00,2025-01-27 20:18:00,,,152,236,,3.33,23.44,0.0,0.5,2.0,0.0,,1.0,29.69,,,,,1,2025-11-01 08:32:20.102174
2,2025-01-27 21:43:00,2025-01-27 21:57:00,,,42,136,,5.15,22.33,0.0,0.5,4.29,0.0,,1.0,28.12,,,,,1,2025-11-01 08:32:20.102174
1,2025-01-27 21:45:03,2025-01-27 21:55:03,,,41,236,,0.0,10.0,1.0,0.5,1.53,0.0,,1.0,16.78,,,,,1,2025-11-01 08:32:20.102174
