VendorID,lpep_pickup_datetime,lpep_dropoff_datetime,store_and_fwd_flag,RatecodeID,PULocationID,DOLocationID,passenger_count,trip_distance,fare_amount,extra,mta_tax,tip_amount,tolls_amount,ehail_fee,improvement_surcharge,total_amount,payment_type,trip_type,congestion_surcharge,cbd_congestion_fee,run_id,extraction_timestamp
2,2025-01-05 01:05:05,2025-01-05 01:13:14,N,1.0,74,75,1.0,1.85,11.4,1.0,0.5,4.17,0.0,,1.0,18.07,1.0,1.0,0.0,0.0,7,2025-11-01 08:33:22.284665
2,2025-01-05 01:52:47,2025-01-05 01:57:03,N,1.0,74,74,1.0,0.99,7.2,1.0,0.5,2.91,0.0,,1.0,12.61,1.0,1.0,0.0,0.0,7,2025-11-01 08:33:22.284665
2,2025-01-05 03:06:21,2025-01-05 03:25:37,N,1.0,42,229,1.0,6.2,28.9,1.0,0.5,10.24,0.0,,1.0,44.39,1.0,1.0,2.75,0.0,7,2025-11-01 08:33:22.284665
2,2024-12-29 01:23:41,2024-12-29 01:41:08,N,5.0,92,75,6.0,10.15,65.0,0.0,0.0,0.0,6.94,,1.0,72.94,2.0,2.0,0.0,0.0,7,2025-11-01 08:33:22.284665
2,2025-01-05 16:17:50,2025-01-05 16:48:21,N,1.0,95,197,1.0,3.58,26.8,0.0,0.5,0.0,0.0,,1.0,28.3,2.0,1.0,0.0,0.0,7,2025-11-01 08:33:22.284665
2,2025-01-05 00:29:10,2025-01-05 00:36:07,N,1.0,75,262,1.0,1.3,9.3,1.0,0.5,3.64,0.0,,1.0,18.19,1.0,1.0,2.75,0.0,7,2025-11-01 08:33:22.284665
2,2025-01-05 00:08:32,2025-01-05 00:15:51,N,1.0,74,42,1.0,1.08,9.3,1.0,0.5,0.0,0.0,,0.3,11.1,1.0,1.0,0.0,0.0,7,2025-11-01 08:33:22.284665
2,2025-01-05 00:10:02,2025-01-05 00:20:25,N,1.0,74,141,1.0,2.78,14.2,1.0,0.5,1.94,0.0,,1.0,21.39,1.0,1.0,2.75,0.0,7,2025-11-01 08:33:22.284665
2,2025-01-05 00:45:18,2025-01-05 01:00:44,N,1.0,82,160,1.0,3.41,17.7,1.0,0.5,4.04,0.0,,1.0,24.24,1.0,1.0,0.0,0.0,7,2025-11-01 08:33:22.284665
2,2025-01-05 00:32:02,2025-01-05 00:32:14,N,5.0,92,92,1.0,0.0,15.0,0.0,0.0,3.2,0.0,,1.0,19.2,1.0,2.0,0.0,0.0,7,2025-11-01 08:33:22.284665
2,2025-01-05 00:49:46,2025-01-05 01:01:25,N,1.0,130,205,1.0,2.53,14.9,1.0,0.5,0.0,0.0,,1.0,17.4,1.0,1.0,0.0,0.0,7,2025-11-01 08:33:22.284665
1,2025-01-05 00:01:59,2025-01-05 00:23:22,N,1.0,256,249,2.0,0.0,17.7,3.75,1.5,4.55,0.0,,1.0,27.5,1.0,1.0,2.75,0.0,7,2025-11-01 08:33:22.284665
2,2025-01-05 00:31:40,2025-01-05 00:41:58,N,1.0,74,179,2.0,3.86,17.7,1.0,0.5,5.43,6.94,,1.0,32.57,1.0,1.0,0.0,0.0,7,2025-11-01 08:33:22.284665
2,2025-01-05 00:00:12,2025-01-05 00:16:52,N,1.0,255,148,1.0,3.35,19.1,1.0,0.5,5.02,0.0,,1.0,30.12,1.0,1.0,2.75,0.75,7,2025-11-01 08:33:22.284665
2,2025-01-05 00:26:29,2025-01-05 00:32:29,N,1.0,129,129,1.0,0.91,7.9,1.0,0.5,0.0,0.0,,1.0,10.4,2.0,1.0,0.0,0.0,7,2025-11-01 08:33:22.284665
2,2025-01-05 00:49:10,2025-01-05 00:59:33,N,1.0,112,49,1.0,2.73,14.9,1.0,0.5,0.0,0.0,,1.0,17.4,1.0,1.0,0.0,0.0,7,2025-11-01 08:33:22.284665
2,2025-01-05 00:09:50,2025-01-05 00:29:13,N,1.0,74,141,1.0,3.17,19.8,1.0,0.5,3.0,0.0,,1.0,28.05,1.0,1.0,2.75,0.0,7,2025-11-01 08:33:22.284665
2,2025-01-05 00:12:04,2025-01-05 00:25:30,N,1.0,260,129,1.0,1.84,14.2,1.0,0.5,3.34,0.0,,1.0,20.04,1.0,1.0,0.0,0.0,7,2025-11-01 08:33:22.284665
2,2025-01-05 00:01:51,2025-01-05 00:07:47,N,1.0,223,223,1.0,1.16,8.6,1.0,0.5,0.0,0.0,,1.0,11.1,1.0,1.0,0.0,0.0,7,2025-11-01 08:33:22.284665
2,2025-01-05 00:26:09,2025-01-05 00:31:08,N,1.0,7,7,5.0,0.78,7.2,1.0,0.5,1.94,0.0,,1.0,11.64,1.0,1.0,0.0,0.0,7,2025-11-01 08:33:22.284665
2,2025-01-05 00:42:58,2025-01-05 00:52:55,N,1.0,260,129,1.0,3.41,17.0,1.0,0.5,0.0,0.0,,1.0,19.5,2.0,1.0,0.0,0.0,7,2025-11-01 08:33:22.284665
2,2025-01-05 01:02:06,2025-01-05 01:02:13,N,5.0,179,179,1.0,0.0,185.0,0.0,0.0,0.0,0.0,,1.0,186.0,2.0,2.0,0.0,0.0,7,2025-11-01 08:33:22.284665
2,2025-01-05 00:54:17,2025-01-05 01:01:01,N,1.0,95,96,1.0,1.29,9.3,1.0,0.5,2.0,0.0,,1.0,13.8,1.0,1.0,0.0,0.0,7,2025-11-01 08:33:22.284665
2,2025-01-05 00:18:44,2025-01-05 00:28:23,N,1.0,25,52,5.0,1.31,10.7,1.0,0.5,3.3,0.0,,1.0,16.5,1.0,1.0,0.0,0.0,7,2025-11-01 08:33:22.284665
2,2025-01-05 00:01:23,2025-01-05 00:01:27,N,5.0,255,255,2.0,0.13,34.0,0.0,0.0,0.8,0.0,,1.0,35.8,1.0,2.0,0.0,0.0,7,2025-11-01 08:33:22.284665
2,2025-01-05 00:59:29,2025-01-05 01:06:43,N,1.0,95,95,1.0,0.6,7.9,1.0,0.5,3.12,0.0,,1.0,13.52,1.0,1.0,0.0,0.0,7,2025-11-01 08:33:22.284665
2,2025-01-05 00:55:26,2025-01-05 00:57:53,N,5.0,255,255,1.0,0.45,15.0,0.0,0.0,0.0,0.0,,1.0,16.0,1.0,2.0,0.0,0.0,7,2025-11-01 08:33:22.284665
2,2025-01-05 00:04:48,2025-01-05 00:23:36,N,1.0,97,80,1.0,2.19,17.7,1.0,0.5,3.0,0.0,,1.0,23.2,1.0,1.0,0.0,0.0,7,2025-11-01 08:33:22.284665
2,2025-01-05 00:27:23,2025-01-05 00:36:24,N,1.0,82,7,1.0,1.26,10.7,1.0,0.5,2.64,0.0,,1.0,15.84,1.0,1.0,0.0,0.0,7,2025-11-01 08:33:22.284665
2,2025-01-05 00:54:25,2025-01-05 00:58:42,N,1.0,212,182,2.0,0.78,6.5,1.0,0.5,0.0,0.0,,1.0,9.0,2.0,1.0,0.0,0.0,7,2025-11-01 08:33:22.284665
2,2025-01-05 00:06:00,2025-01-05 00:24:56,N,1.0,75,48,5.0,5.3,25.4,1.0,0.5,4.0,0.0,,1.0,35.4,1.0,1.0,2.75,0.75,7,2025-11-01 08:33:22.284665
2,2025-01-05 00:07:33,2025-01-05 00:17:57,N,1.0,74,151,1.0,1.97,12.8,1.0,0.5,1.5,0.0,,1.0,16.8,1.0,1.0,0.0,0.0,7,2025-11-01 08:33:22.284665
2,2025-01-05 00:03:34,2025-01-05 00:23:29,N,1.0,66,4,1.0,6.07,27.5,1.0,0.5,6.7,0.0,,1.0,40.2,1.0,1.0,2.75,0.75,7,2025-11-01 08:33:22.284665
2,2025-01-05 00:43:19,2025-01-05 01:00:16,N,1.0,255,97,1.0,9.26,38.0,1.0,0.5,8.1,0.0,,1.0,48.6,1.0,1.0,0.0,0.0,7,2025-11-01 08:33:22.284665
2,2025-01-05 00:30:02,2025-01-05 00:36:51,N,1.0,75,42,1.0,1.71,10.0,1.0,0.5,1.88,0.0,,1.0,14.38,1.0,1.0,0.0,0.0,7,2025-11-01 08:33:22.284665
2,2025-01-05 00:37:48,2025-01-05 00:47:03,N,1.0,130,130,2.0,0.34,9.3,1.0,0.5,0.0,0.0,,1.0,11.8,2.0,1.0,0.0,0.0,7,2025-11-01 08:33:22.284665
2,2025-01-05 00:47:05,2025-01-05 00:47:25,N,5.0,82,82,1.0,0.88,15.0,0.0,0.0,3.2,0.0,,1.0,19.2,1.0,2.0,0.0,0.0,7,2025-11-01 08:33:22.284665
2,2025-01-05 00:00:24,2025-01-05 00:07:35,N,1.0,130,215,1.0,1.55,10.0,1.0,0.5,2.5,0.0,,1.0,15.0,1.0,1.0,0.0,0.0,7,2025-11-01 08:33:22.284665
2,2025-01-05 00:46:28,2025-01-05 01:03:17,N,5.0,255,224,2.0,4.24,45.0,0.0,0.0,9.9,0.0,,1.0,59.4,1.0,2.0,2.75,0.75,7,2025-11-01 08:33:22.284665
1,2025-01-05 00:46:36,2025-01-05 01:01:32,N,1.0,166,243,1.0,5.5,24.7,1.0,1.5,0.0,0.0,,1.0,27.2,2.0,1.0,0.0,0.0,7,2025-11-01 08:33:22.284665
2,2025-01-05 00:11:43,2025-01-05 00:43:34,N,1.0,134,101,1.0,7.78,39.4,1.0,0.5,8.38,0.0,,1.0,50.28,1.0,1.0,0.0,0.0,7,2025-11-01 08:33:22.284665
2,2025-01-05 01:33:20,2025-01-05 01:46:42,N,1.0,75,233,1.0,3.04,17.0,1.0,0.5,2.0,0.0,,1.0,25.0,1.0,1.0,2.75,0.75,7,2025-11-01 08:33:22.284665
2,2025-01-05 01:07:01,2025-01-05 01:26:21,N,1.0,36,114,1.0,6.03,26.8,1.0,0.5,4.0,0.0,,1.0,36.8,1.0,1.0,2.75,0.75,7,2025-11-01 08:33:22.284665
2,2025-01-05 01:40:06,2025-01-05 01:53:24,N,1.0,65,17,1.0,2.31,14.2,1.0,0.5,3.34,0.0,,1.0,20.04,1.0,1.0,0.0,0.0,7,2025-11-01 08:33:22.284665
2,2025-01-05 01:07:03,2025-01-05 01:14:17,N,1.0,74,75,1.0,1.74,10.0,1.0,0.5,5.0,0.0,,1.0,17.5,1.0,1.0,0.0,0.0,7,2025-11-01 08:33:22.284665
1,2025-01-05 01:06:26,2025-01-05 01:18:20,N,1.0,74,239,1.0,3.0,14.9,3.75,1.5,4.0,0.0,,1.0,24.15,1.0,1.0,2.75,0.0,7,2025-11-01 08:33:22.284665
2,2025-01-05 01:48:18,2025-01-05 02:04:45,N,1.0,129,79,1.0,7.32,31.7,1.0,0.5,0.0,0.0,,1.0,37.7,2.0,1.0,2.75,0.75,7,2025-11-01 08:33:22.284665
2,2025-01-05 01:27:12,2025-01-05 01:41:22,N,1.0,241,259,1.0,2.59,18.4,1.0,0.5,0.0,0.0,,1.0,20.9,2.0,1.0,0.0,0.0,7,2025-11-01 08:33:22.284665
2,2025-01-05 00:59:43,2025-01-05 01:08:51,N,1.0,95,135,1.0,1.78,11.4,1.0,0.5,0.0,0.0,,1.0,13.9,2.0,1.0,0.0,0.0,7,2025-11-01 08:33:22.284665
2,2025-01-05 01:43:57,2025-01-05 01:58:45,N,1.0,95,10,1.0,4.17,21.2,1.0,0.5,0.0,0.0,,1.0,23.7,2.0,1.0,0.0,0.0,7,2025-11-01 08:33:22.284665
2,2025-01-05 01:03:22,2025-01-05 01:14:59,N,1.0,80,37,1.0,1.19,11.4,1.0,0.5,2.78,0.0,,1.0,16.68,1.0,1.0,0.0,0.0,7,2025-11-01 08:33:22.284665
2,2025-01-05 01:40:05,2025-01-05 01:50:22,N,1.0,255,112,2.0,0.87,10.7,1.0,0.5,0.0,0.0,,1.0,13.2,2.0,1.0,0.0,0.0,7,2025-11-01 08:33:22.284665
2,2025-01-05 01:24:14,2025-01-05 01:40:51,N,1.0,112,107,1.0,5.47,24.7,1.0,0.5,3.07,0.0,,1.0,33.77,1.0,1.0,2.75,0.75,7,2025-11-01 08:33:22.284665
2,2025-01-05 01:03:38,2025-01-05 01:11:04,N,1.0,74,41,1.0,1.38,9.3,1.0,0.5,2.36,0.0,,1.0,14.16,1.0,1.0,0.0,0.0,7,2025-11-01 08:33:22.284665
2,2025-01-05 01:54:43,2025-01-05 02:01:56,N,1.0,95,196,1.0,1.54,9.3,1.0,0.5,0.0,0.0,,1.0,11.8,2.0,1.0,0.0,0.0,7,2025-11-01 08:33:22.284665
2,2025-01-05 01:41:28,2025-01-05 02:07:37,N,1.0,80,263,5.0,8.46,37.3,1.0,0.5,8.66,0.0,,1.0,51.96,1.0,1.0,2.75,0.75,7,2025-11-01 08:33:22.284665
2,2025-01-05 01:34:14,2025-01-05 01:47:54,N,1.0,95,121,1.0,0.68,12.8,1.0,0.5,3.06,0.0,,1.0,18.36,1.0,1.0,0.0,0.0,7,2025-11-01 08:33:22.284665
2,2025-01-05 01:21:48,2025-01-05 01:34:38,N,5.0,255,255,2.0,1.12,55.0,0.0,0.0,0.0,0.0,,1.0,56.0,2.0,2.0,0.0,0.0,7,2025-11-01 08:33:22.284665
2,2025-01-05 01:39:00,2025-01-05 01:46:54,N,1.0,82,56,1.0,1.38,7.5,0.5,0.5,0.0,0.0,,0.3,8.8,2.0,1.0,0.0,0.0,7,2025-11-01 08:33:22.284665
2,2025-01-05 01:51:48,2025-01-05 01:57:42,N,1.0,74,262,1.0,1.93,10.7,1.0,0.5,3.19,0.0,,1.0,19.14,1.0,1.0,2.75,0.0,7,2025-11-01 08:33:22.284665
2,2025-01-05 01:08:53,2025-01-05 01:19:55,N,1.0,255,256,1.0,1.34,11.4,1.0,0.5,2.78,0.0,,1.0,16.68,1.0,1.0,0.0,0.0,7,2025-11-01 08:33:22.284665
2,2025-01-05 01:45:19,2025-01-05 01:56:03,N,1.0,82,157,5.0,2.23,13.5,1.0,0.5,5.0,0.0,,1.0,21.0,1.0,1.0,0.0,0.0,7,2025-11-01 08:33:22.284665
1,2025-01-05 01:26:37,2025-01-05 02:01:25,N,1.0,218,188,1.0,0.0,38.5,0.0,1.5,0.0,0.0,,1.0,40.0,1.0,1.0,0.0,0.0,7,2025-11-01 08:33:22.284665
2,2025-01-05 01:11:07,2025-01-05 01:17:59,N,1.0,129,129,1.0,0.89,7.9,1.0,0.5,1.2,0.0,,1.0,11.6,1.0,1.0,0.0,0.0,7,2025-11-01 08:33:22.284665
2,2025-01-05 01:02:42,2025-01-05 01:13:28,N,5.0,130,130,5.0,0.0,55.0,0.0,0.0,0.0,0.0,,1.0,56.0,2.0,2.0,0.0,0.0,7,2025-11-01 08:33:22.284665
1,2025-01-05 01:15:30,2025-01-05 01:16:24,N,1.0,244,244,1.0,0.3,3.7,1.0,1.5,0.0,0.0,,1.0,6.2,2.0,1.0,0.0,0.0,7,2025-11-01 08:33:22.284665
2,2025-01-05 01:44:09,2025-01-05 01:44:12,N,5.0,82,264,1.0,0.0,16.3,0.0,0.0,0.0,0.0,,1.0,17.3,1.0,2.0,0.0,0.0,7,2025-11-01 08:33:22.284665
2,2025-01-05 01:06:07,2025-01-05 01:14:19,N,1.0,74,41,1.0,1.09,9.3,1.0,0.5,5.9,0.0,,1.0,17.7,1.0,1.0,0.0,0.0,7,2025-11-01 08:33:22.284665
2,2025-01-05 01:15:40,2025-01-05 01:21:34,N,1.0,95,135,1.0,1.4,8.6,1.0,0.5,0.0,0.0,,1.0,11.1,2.0,1.0,0.0,0.0,7,2025-11-01 08:33:22.284665
2,2025-01-05 02:20:41,2025-01-05 02:34:58,N,1.0,95,82,1.0,2.82,16.3,1.0,0.5,0.0,0.0,,1.0,18.8,2.0,1.0,0.0,0.0,7,2025-11-01 08:33:22.284665
2,2025-01-05 02:31:52,2025-01-05 02:56:05,N,1.0,112,48,1.0,5.92,28.9,1.0,0.5,6.98,0.0,,1.0,41.88,1.0,1.0,2.75,0.75,7,2025-11-01 08:33:22.284665
2,2025-01-05 02:54:27,2025-01-05 02:55:58,N,5.0,92,264,1.0,0.0,25.0,0.0,0.0,0.0,0.0,,1.0,26.0,2.0,2.0,0.0,0.0,7,2025-11-01 08:33:22.284665
2,2025-01-05 02:30:52,2025-01-05 02:46:42,N,1.0,130,191,1.0,7.19,29.6,1.0,0.5,5.0,0.0,,1.0,37.1,1.0,1.0,0.0,0.0,7,2025-11-01 08:33:22.284665
2,2025-01-05 02:36:01,2025-01-05 02:40:03,N,5.0,92,92,1.0,0.0,20.0,0.0,0.0,0.0,0.0,,1.0,21.0,2.0,2.0,0.0,0.0,7,2025-11-01 08:33:22.284665
2,2025-01-05 02:22:46,2025-01-05 02:42:09,N,1.0,112,114,1.0,5.2,25.4,1.0,0.5,6.28,0.0,,1.0,37.68,1.0,1.0,2.75,0.75,7,2025-11-01 08:33:22.284665
2,2025-01-05 02:02:58,2025-01-05 02:11:52,N,1.0,83,82,1.0,1.43,10.0,1.0,0.5,2.5,0.0,,1.0,15.0,1.0,1.0,0.0,0.0,7,2025-11-01 08:33:22.284665
2,2025-01-05 02:44:47,2025-01-05 02:56:07,N,5.0,80,256,2.0,2.45,30.0,0.0,0.0,6.2,0.0,,1.0,37.2,1.0,2.0,0.0,0.0,7,2025-11-01 08:33:22.284665
2,2025-01-05 02:24:38,2025-01-05 02:30:02,N,1.0,75,75,5.0,0.55,7.2,1.0,0.5,0.0,0.0,,1.0,9.7,2.0,1.0,0.0,0.0,7,2025-11-01 08:33:22.284665
2,2025-01-05 02:26:51,2025-01-05 02:26:53,N,5.0,7,264,1.0,0.0,10.0,0.0,0.0,2.2,0.0,,1.0,13.2,1.0,2.0,0.0,0.0,7,2025-11-01 08:33:22.284665
2,2025-01-05 02:10:23,2025-01-05 02:10:30,N,5.0,10,10,1.0,0.0,16.0,0.0,0.0,3.4,0.0,,1.0,20.4,1.0,2.0,0.0,0.0,7,2025-11-01 08:33:22.284665
2,2025-01-05 02:05:43,2025-01-05 02:35:53,N,1.0,82,171,1.0,5.45,31.7,1.0,0.5,6.84,0.0,,1.0,41.04,1.0,1.0,0.0,0.0,7,2025-11-01 08:33:22.284665
2,2025-01-05 02:15:46,2025-01-05 02:22:38,N,1.0,243,74,1.0,4.58,19.1,1.0,0.5,0.0,0.0,,1.0,21.6,1.0,1.0,0.0,0.0,7,2025-11-01 08:33:22.284665
2,2025-01-05 03:24:40,2025-01-05 03:31:59,N,1.0,244,116,1.0,2.09,11.4,1.0,0.5,0.0,0.0,,1.0,13.9,2.0,1.0,0.0,0.0,7,2025-11-01 08:33:22.284665
2,2025-01-05 03:23:41,2025-01-05 03:49:42,N,1.0,112,50,1.0,8.08,35.9,1.0,0.5,5.0,0.0,,1.0,46.9,1.0,1.0,2.75,0.75,7,2025-11-01 08:33:22.284665
2,2025-01-05 03:40:05,2025-01-05 03:46:42,N,1.0,129,129,1.0,1.95,8.5,0.5,0.5,0.0,0.0,,0.3,9.8,2.0,1.0,0.0,0.0,7,2025-11-01 08:33:22.284665
2,2025-01-05 03:18:20,2025-01-05 03:30:52,N,5.0,80,145,1.0,9.26,50.0,0.0,0.0,0.0,0.0,,1.0,51.0,1.0,2.0,0.0,0.0,7,2025-11-01 08:33:22.284665
1,2025-01-05 03:10:43,2025-01-05 03:15:39,N,1.0,25,25,2.0,0.7,6.5,1.0,1.5,6.0,0.0,,1.0,15.0,1.0,1.0,0.0,0.0,7,2025-11-01 08:33:22.284665
2,2025-01-05 03:52:00,2025-01-05 03:52:06,N,5.0,129,129,1.0,0.0,10.0,0.0,0.0,2.2,0.0,,1.0,13.2,1.0,2.0,0.0,0.0,7,2025-11-01 08:33:22.284665
2,2025-01-05 04:16:10,2025-01-05 04:16:21,N,5.0,129,129,2.0,0.0,81.0,0.0,0.0,0.01,0.0,,1.0,82.01,1.0,2.0,0.0,0.0,7,2025-11-01 08:33:22.284665
2,2025-01-05 04:02:18,2025-01-05 04:38:04,N,1.0,243,168,2.0,9.56,47.1,1.0,0.5,0.0,0.0,,1.0,49.6,1.0,1.0,0.0,0.0,7,2025-11-01 08:33:22.284665
2,2025-01-05 04:07:22,2025-01-05 04:14:59,N,1.0,82,138,1.0,3.87,17.0,6.0,0.5,0.0,0.0,,1.0,24.5,2.0,1.0,0.0,0.0,7,2025-11-01 08:33:22.284665
2,2025-01-05 04:26:27,2025-01-05 04:35:45,N,1.0,82,173,1.0,1.35,10.7,1.0,0.5,0.0,0.0,,1.0,13.2,2.0,1.0,0.0,0.0,7,2025-11-01 08:33:22.284665
2,2025-01-05 04:29:46,2025-01-05 04:39:21,N,1.0,260,7,1.0,1.41,10.7,1.0,0.5,4.0,0.0,,1.0,17.2,1.0,1.0,0.0,0.0,7,2025-11-01 08:33:22.284665
2,2025-01-05 04:53:10,2025-01-05 05:12:59,N,5.0,92,132,4.0,10.49,65.0,0.0,0.0,13.2,0.0,,1.0,79.2,1.0,1.0,0.0,0.0,7,2025-11-01 08:33:22.284665
2,2025-01-05 05:01:40,2025-01-05 05:12:30,N,1.0,260,82,1.0,2.51,10.5,0.5,0.5,0.0,0.0,,0.3,11.8,2.0,1.0,0.0,0.0,7,2025-11-01 08:33:22.284665
2,2025-01-05 05:46:13,2025-01-05 05:54:24,N,1.0,127,94,1.0,1.69,10.7,1.0,0.5,0.0,0.0,,1.0,13.2,2.0,1.0,0.0,0.0,7,2025-11-01 08:33:22.284665
2,2025-01-05 05:47:25,2025-01-05 05:52:34,N,1.0,75,237,1.0,2.1,10.0,1.0,0.5,2.0,0.0,,1.0,17.25,1.0,1.0,2.75,0.0,7,2025-11-01 08:33:22.284665
2,2025-01-05 05:22:51,2025-01-05 05:22:54,N,5.0,171,264,1.0,0.0,10.0,0.0,0.0,2.2,0.0,,1.0,13.2,1.0,2.0,0.0,0.0,7,2025-11-01 08:33:22.284665
2,2025-01-05 06:49:04,2025-01-05 07:31:31,N,1.0,195,265,1.0,24.0,89.1,0.0,0.5,0.0,6.94,,1.0,97.54,2.0,1.0,0.0,0.0,7,2025-11-01 08:33:22.284665
2,2025-01-05 06:33:52,2025-01-05 06:40:30,N,1.0,74,75,1.0,1.4,9.3,0.0,0.5,0.0,0.0,,1.0,10.8,1.0,1.0,0.0,0.0,7,2025-11-01 08:33:22.284665
2,2025-01-05 06:12:17,2025-01-05 06:20:25,N,1.0,43,229,1.0,2.75,13.5,0.0,0.5,2.78,0.0,,1.0,21.28,1.0,1.0,2.75,0.75,7,2025-11-01 08:33:22.284665
2,2025-01-05 06:30:19,2025-01-05 06:35:36,N,1.0,74,141,1.0,2.25,10.7,0.0,0.5,0.0,0.0,,1.0,14.95,2.0,1.0,2.75,0.0,7,2025-11-01 08:33:22.284665
2,2025-01-05 06:58:05,2025-01-05 07:00:37,N,1.0,42,42,1.0,0.7,5.8,0.0,0.5,1.0,0.0,,1.0,8.3,1.0,1.0,0.0,0.0,7,2025-11-01 08:33:22.284665
2,2025-01-05 06:04:17,2025-01-05 06:37:21,N,5.0,53,132,4.0,11.28,65.0,0.0,0.0,0.0,0.0,,1.0,66.0,2.0,1.0,0.0,0.0,7,2025-11-01 08:33:22.284665
2,2025-01-05 06:18:56,2025-01-05 06:31:27,N,1.0,92,252,1.0,3.36,17.0,0.0,0.5,3.7,0.0,,1.0,22.2,1.0,1.0,0.0,0.0,7,2025-11-01 08:33:22.284665
1,2025-01-05 06:21:49,2025-01-05 06:32:54,N,1.0,129,56,1.0,2.1,13.5,0.0,1.5,4.5,0.0,,1.0,19.5,1.0,1.0,0.0,0.0,7,2025-11-01 08:33:22.284665
2,2025-01-05 06:13:41,2025-01-05 06:28:07,N,1.0,116,140,1.0,5.92,25.4,0.0,0.5,8.9,0.0,,1.0,38.55,1.0,1.0,2.75,0.0,7,2025-11-01 08:33:22.284665
2,2025-01-05 07:36:09,2025-01-05 07:43:29,N,1.0,74,140,1.0,3.56,16.3,0.0,0.5,2.0,0.0,,1.0,22.55,1.0,1.0,2.75,0.0,7,2025-11-01 08:33:22.284665
1,2025-01-05 07:45:58,2025-01-05 07:53:30,N,1.0,74,166,1.0,1.5,10.0,0.0,1.5,1.0,0.0,,1.0,12.5,1.0,1.0,0.0,0.0,7,2025-11-01 08:33:22.284665
2,2025-01-05 07:53:21,2025-01-05 07:59:40,N,1.0,74,74,1.0,0.87,7.9,0.0,0.5,0.0,0.0,,1.0,9.4,2.0,1.0,0.0,0.0,7,2025-11-01 08:33:22.284665
2,2025-01-05 07:52:21,2025-01-05 08:22:08,N,1.0,226,87,1.0,8.52,42.2,0.0,0.5,0.0,0.0,,1.0,47.2,2.0,1.0,2.75,0.75,7,2025-11-01 08:33:22.284665
2,2025-01-05 07:14:08,2025-01-05 07:15:47,N,1.0,74,75,1.0,0.73,5.1,0.0,0.5,1.0,0.0,,1.0,7.6,1.0,1.0,0.0,0.0,7,2025-11-01 08:33:22.284665
2,2025-01-05 07:46:19,2025-01-05 08:19:37,N,5.0,195,132,1.0,21.0,130.0,0.0,0.0,26.2,0.0,,1.0,157.2,1.0,2.0,0.0,0.0,7,2025-11-01 08:33:22.284665
2,2025-01-05 07:26:50,2025-01-05 07:49:02,N,5.0,195,230,1.0,7.57,90.0,0.0,0.0,0.0,6.94,,1.0,101.44,2.0,2.0,2.75,0.75,7,2025-11-01 08:33:22.284665
2,2025-01-05 07:58:52,2025-01-05 08:03:36,N,1.0,75,42,1.0,1.53,8.6,0.0,0.5,2.02,0.0,,1.0,12.12,1.0,1.0,0.0,0.0,7,2025-11-01 08:33:22.284665
2,2025-01-05 07:04:46,2025-01-05 07:10:50,N,1.0,74,75,1.0,1.23,8.6,0.0,0.5,0.0,0.0,,1.0,10.1,1.0,1.0,0.0,0.0,7,2025-11-01 08:33:22.284665
2,2025-01-05 07:07:37,2025-01-05 07:16:44,N,1.0,244,243,1.0,1.65,10.7,0.0,0.5,0.0,0.0,,1.0,12.2,2.0,1.0,0.0,0.0,7,2025-11-01 08:33:22.284665
2,2025-01-05 07:32:24,2025-01-05 07:45:58,N,1.0,116,68,1.0,6.11,26.1,0.0,0.5,6.22,0.0,,1.0,37.32,1.0,1.0,2.75,0.75,7,2025-11-01 08:33:22.284665
2,2025-01-05 08:30:43,2025-01-05 08:40:20,N,1.0,74,236,1.0,2.34,13.5,0.0,0.5,3.55,0.0,,1.0,21.3,1.0,1.0,2.75,0.0,7,2025-11-01 08:33:22.284665
1,2025-01-05 08:27:53,2025-01-05 08:33:41,N,1.0,74,236,1.0,1.7,9.3,2.75,1.5,2.0,0.0,,1.0,15.55,1.0,1.0,2.75,0.0,7,2025-11-01 08:33:22.284665
1,2025-01-05 08:56:14,2025-01-05 09:01:33,N,1.0,37,198,1.0,0.0,15.5,0.0,1.5,0.0,0.0,,1.0,17.0,1.0,1.0,0.0,0.0,7,2025-11-01 08:33:22.284665
2,2025-01-05 08:24:04,2025-01-05 08:31:37,N,1.0,166,74,1.0,1.36,9.3,0.0,0.5,0.0,0.0,,1.0,10.8,2.0,1.0,0.0,0.0,7,2025-11-01 08:33:22.284665
2,2025-01-05 08:25:39,2025-01-05 08:38:20,N,1.0,65,226,1.0,6.22,26.8,0.0,0.5,0.0,0.0,,1.0,28.3,2.0,1.0,0.0,0.0,7,2025-11-01 08:33:22.284665
2,2025-01-05 08:12:36,2025-01-05 08:29:54,N,1.0,166,243,1.0,4.75,24.0,0.0,0.5,2.0,0.0,,1.0,27.5,1.0,1.0,0.0,0.0,7,2025-11-01 08:33:22.284665
2,2025-01-05 08:35:42,2025-01-05 08:42:20,N,1.0,166,74,2.0,1.43,9.3,0.0,0.5,0.0,0.0,,1.0,10.8,2.0,1.0,0.0,0.0,7,2025-11-01 08:33:22.284665
2,2025-01-05 08:41:08,2025-01-05 08:50:18,N,1.0,74,166,1.0,1.68,11.4,0.0,0.5,0.0,0.0,,1.0,12.9,2.0,1.0,0.0,0.0,7,2025-11-01 08:33:22.284665
2,2025-01-05 08:52:59,2025-01-05 09:02:46,N,1.0,82,129,1.0,3.48,17.0,0.0,0.5,3.7,0.0,,1.0,22.2,1.0,1.0,0.0,0.0,7,2025-11-01 08:33:22.284665
1,2025-01-05 08:40:22,2025-01-05 09:34:13,N,1.0,195,132,0.0,28.5,109.4,0.0,1.5,0.0,0.0,,1.0,110.9,2.0,1.0,0.0,0.0,7,2025-11-01 08:33:22.284665
2,2025-01-05 08:25:54,2025-01-05 08:43:09,N,1.0,65,195,1.0,3.39,21.2,0.0,0.5,0.0,0.0,,1.0,22.7,2.0,1.0,0.0,0.0,7,2025-11-01 08:33:22.284665
1,2025-01-05 08:55:32,2025-01-05 09:12:14,N,1.0,72,62,1.0,0.0,20.5,0.0,1.5,0.0,0.0,,1.0,22.0,1.0,1.0,0.0,0.0,7,2025-11-01 08:33:22.284665
1,2025-01-05 08:04:18,2025-01-05 08:12:25,N,1.0,129,70,1.0,3.2,15.6,0.0,1.5,3.4,0.0,,1.0,20.5,1.0,1.0,0.0,0.0,7,2025-11-01 08:33:22.284665
2,2025-01-05 08:25:24,2025-01-05 08:30:30,N,1.0,43,263,1.0,1.14,7.9,0.0,0.5,2.19,0.0,,1.0,14.34,1.0,1.0,2.75,0.0,7,2025-11-01 08:33:22.284665
2,2025-01-05 08:50:09,2025-01-05 09:07:47,N,1.0,95,132,5.0,7.44,31.7,0.0,0.5,6.64,0.0,,1.0,39.84,1.0,1.0,0.0,0.0,7,2025-11-01 08:33:22.284665
2,2025-01-05 08:22:46,2025-01-05 08:37:38,N,1.0,130,205,1.0,3.74,19.1,0.0,0.5,2.0,0.0,,1.0,22.6,1.0,1.0,0.0,0.0,7,2025-11-01 08:33:22.284665
2,2025-01-05 09:54:30,2025-01-05 10:01:21,N,1.0,43,236,1.0,1.38,9.3,0.0,0.5,2.71,0.0,,1.0,16.26,1.0,1.0,2.75,0.0,7,2025-11-01 08:33:22.284665
2,2025-01-05 09:34:33,2025-01-05 10:00:16,N,1.0,74,142,2.0,4.55,27.5,0.0,0.5,6.35,0.0,,1.0,38.1,1.0,1.0,2.75,0.0,7,2025-11-01 08:33:22.284665
2,2025-01-05 09:28:05,2025-01-05 09:44:00,N,1.0,116,246,1.0,6.54,27.5,0.0,0.5,6.5,0.0,,1.0,39.0,1.0,1.0,2.75,0.75,7,2025-11-01 08:33:22.284665
1,2025-01-05 09:10:49,2025-01-05 09:23:42,N,1.0,74,238,1.0,2.4,15.6,0.0,1.5,3.4,0.0,,1.0,20.5,1.0,1.0,0.0,0.0,7,2025-11-01 08:33:22.284665
1,2025-01-05 09:40:22,2025-01-05 09:50:38,N,1.0,74,236,1.0,2.2,12.8,2.75,1.5,1.0,0.0,,1.0,18.05,1.0,1.0,2.75,0.0,7,2025-11-01 08:33:22.284665
1,2025-01-05 09:57:11,2025-01-05 09:58:22,N,1.0,75,74,1.0,0.4,4.4,0.0,1.5,0.0,0.0,,1.0,5.9,2.0,1.0,0.0,0.0,7,2025-11-01 08:33:22.284665
1,2025-01-05 09:28:48,2025-01-05 09:52:55,N,1.0,264,42,1.0,0.0,35.5,0.0,1.5,0.0,0.0,,1.0,37.0,1.0,1.0,0.0,0.0,7,2025-11-01 08:33:22.284665
2,2025-01-05 09:34:20,2025-01-05 09:44:54,N,1.0,42,238,1.0,2.55,14.2,0.0,0.5,1.55,0.0,,1.0,20.0,1.0,1.0,2.75,0.0,7,2025-11-01 08:33:22.284665
2,2025-01-05 09:55:41,2025-01-05 10:04:28,N,1.0,43,263,1.0,1.34,10.0,0.0,0.5,2.85,0.0,,1.0,17.1,1.0,1.0,2.75,0.0,7,2025-11-01 08:33:22.284665
2,2025-01-05 09:30:12,2025-01-05 09:33:49,N,1.0,95,95,1.0,0.54,5.8,0.0,0.5,1.46,0.0,,1.0,8.76,1.0,1.0,0.0,0.0,7,2025-11-01 08:33:22.284665
2,2025-01-05 09:04:56,2025-01-05 09:09:01,N,1.0,75,41,1.0,0.98,7.2,0.0,0.5,0.0,0.0,,1.0,8.7,2.0,1.0,0.0,0.0,7,2025-11-01 08:33:22.284665
2,2025-01-05 09:29:52,2025-01-05 09:48:55,N,1.0,95,138,1.0,5.65,26.8,5.0,0.5,8.32,0.0,,1.0,41.62,1.0,1.0,0.0,0.0,7,2025-11-01 08:33:22.284665
2,2025-01-05 09:35:00,2025-01-05 09:38:06,N,1.0,83,260,1.0,0.6,5.8,0.0,0.5,1.46,0.0,,1.0,8.76,1.0,1.0,0.0,0.0,7,2025-11-01 08:33:22.284665
2,2025-01-05 09:36:46,2025-01-05 09:52:28,N,1.0,74,140,1.0,3.5,19.1,0.0,0.5,0.0,0.0,,1.0,23.35,2.0,1.0,2.75,0.0,7,2025-11-01 08:33:22.284665
2,2025-01-05 09:21:17,2025-01-05 09:31:40,N,1.0,92,171,1.0,1.84,11.4,0.0,0.5,0.0,0.0,,1.0,12.9,2.0,1.0,0.0,0.0,7,2025-11-01 08:33:22.284665
1,2025-01-05 09:28:27,2025-01-05 10:05:21,N,1.0,168,62,1.0,0.0,42.5,0.0,1.5,0.0,6.94,,1.0,50.94,1.0,1.0,0.0,0.0,7,2025-11-01 08:33:22.284665
1,2025-01-05 09:51:55,2025-01-05 10:06:22,N,1.0,24,263,3.0,2.7,14.9,2.75,1.5,3.8,0.0,,1.0,22.95,1.0,1.0,2.75,0.0,7,2025-11-01 08:33:22.284665
1,2025-01-05 09:27:55,2025-01-05 09:41:08,N,1.0,74,238,1.0,2.8,15.6,2.75,1.5,2.98,0.0,,1.0,22.83,1.0,1.0,2.75,0.0,7,2025-11-01 08:33:22.284665
1,2025-01-05 09:52:27,2025-01-05 10:09:49,N,1.0,136,41,1.0,0.0,24.5,0.0,1.5,0.0,0.0,,1.0,26.0,1.0,1.0,0.0,0.0,7,2025-11-01 08:33:22.284665
2,2025-01-05 08:59:59,2025-01-05 09:09:14,N,1.0,74,152,1.0,1.49,11.4,0.0,0.5,2.58,0.0,,1.0,15.48,1.0,1.0,0.0,0.0,7,2025-11-01 08:33:22.284665
2,2025-01-05 09:13:24,2025-01-05 09:30:26,N,1.0,166,163,1.0,3.79,21.2,0.0,0.5,5.24,0.0,,1.0,31.44,1.0,1.0,2.75,0.75,7,2025-11-01 08:33:22.284665
2,2025-01-05 09:49:01,2025-01-05 10:01:50,N,1.0,75,41,1.0,1.92,14.2,0.0,0.5,3.14,0.0,,1.0,18.84,1.0,1.0,0.0,0.0,7,2025-11-01 08:33:22.284665
2,2025-01-05 08:42:35,2025-01-05 09:11:04,N,1.0,195,68,2.0,7.24,34.5,0.0,0.5,0.0,0.0,,1.0,39.5,2.0,1.0,2.75,0.75,7,2025-11-01 08:33:22.284665
2,2025-01-05 09:28:01,2025-01-05 09:36:18,N,1.0,74,166,1.0,1.38,10.0,0.0,0.5,1.72,0.0,,1.0,13.22,1.0,1.0,0.0,0.0,7,2025-11-01 08:33:22.284665
2,2025-01-05 09:47:06,2025-01-05 10:07:27,N,1.0,65,237,1.0,8.02,33.1,0.0,0.5,10.65,0.0,,1.0,48.0,1.0,1.0,2.75,0.0,7,2025-11-01 08:33:22.284665
2,2025-01-05 09:38:14,2025-01-05 10:19:48,N,5.0,195,230,2.0,8.92,85.55,0.0,0.0,18.01,0.0,,1.0,108.06,1.0,2.0,2.75,0.75,7,2025-11-01 08:33:22.284665
2,2025-01-05 09:48:44,2025-01-05 10:03:55,N,1.0,75,141,1.0,3.43,19.1,0.0,0.5,4.82,0.0,,1.0,28.92,1.0,1.0,2.75,0.75,7,2025-11-01 08:33:22.284665
2,2025-01-05 09:51:02,2025-01-05 10:19:29,N,5.0,195,129,1.0,11.6,75.0,0.0,0.0,10.0,0.0,,1.0,86.0,1.0,2.0,0.0,0.0,7,2025-11-01 08:33:22.284665
1,2025-01-05 09:53:11,2025-01-05 10:14:17,N,1.0,188,25,1.0,0.0,21.5,0.0,1.5,0.0,0.0,,1.0,23.0,1.0,1.0,0.0,0.0,7,2025-11-01 08:33:22.284665
2,2025-01-05 09:36:58,2025-01-05 09:44:52,N,1.0,74,236,1.0,2.31,12.1,0.0,0.5,0.0,0.0,,1.0,16.35,2.0,1.0,2.75,0.0,7,2025-11-01 08:33:22.284665
2,2025-01-05 09:55:35,2025-01-05 09:59:32,N,1.0,74,41,1.0,0.93,6.5,0.0,0.5,0.0,0.0,,1.0,8.0,2.0,1.0,0.0,0.0,7,2025-11-01 08:33:22.284665
2,2025-01-05 09:06:44,2025-01-05 09:11:23,N,1.0,41,41,1.0,0.76,6.5,0.0,0.5,0.0,0.0,,1.0,8.0,2.0,1.0,0.0,0.0,7,2025-11-01 08:33:22.284665
2,2025-01-05 09:31:25,2025-01-05 09:42:39,N,1.0,41,239,1.0,2.4,14.2,0.0,0.5,4.61,0.0,,1.0,23.06,1.0,1.0,2.75,0.0,7,2025-11-01 08:33:22.284665
1,2025-01-05 09:30:55,2025-01-05 09:42:52,N,1.0,65,181,1.0,2.0,12.8,0.0,1.5,2.85,0.0,,1.0,17.15,1.0,1.0,0.0,0.0,7,2025-11-01 08:33:22.284665
2,2025-01-05 09:02:29,2025-01-05 09:08:57,N,1.0,74,236,1.0,2.05,10.7,0.0,0.5,3.74,0.0,,1.0,18.69,1.0,1.0,2.75,0.0,7,2025-11-01 08:33:22.284665
2,2025-01-05 09:57:25,2025-01-05 10:06:02,N,1.0,42,75,1.0,1.94,11.4,0.0,0.5,0.0,0.0,,1.0,12.9,2.0,1.0,0.0,0.0,7,2025-11-01 08:33:22.284665
2,2025-01-05 10:32:16,2025-01-05 10:44:32,N,1.0,97,61,1.0,2.56,15.6,0.0,0.5,3.42,0.0,,1.0,20.52,1.0,1.0,0.0,0.0,7,2025-11-01 08:33:22.284665
2,2025-01-05 10:08:14,2025-01-05 10:14:18,N,1.0,43,237,1.0,2.13,10.0,0.0,0.5,2.85,0.0,,1.0,17.1,1.0,1.0,2.75,0.0,7,2025-11-01 08:33:22.284665
2,2025-01-05 10:23:00,2025-01-05 10:27:44,N,1.0,43,236,1.0,0.98,7.2,0.0,0.5,2.29,0.0,,1.0,13.74,1.0,1.0,2.75,0.0,7,2025-11-01 08:33:22.284665
2,2025-01-05 10:33:32,2025-01-05 10:50:32,N,1.0,75,142,1.0,2.87,18.4,0.0,0.5,3.5,0.0,,1.0,26.15,1.0,1.0,2.75,0.0,7,2025-11-01 08:33:22.284665
2,2025-01-05 10:10:21,2025-01-05 10:25:06,N,1.0,146,163,1.0,2.49,16.3,0.0,0.5,15.0,0.0,,1.0,36.3,1.0,1.0,2.75,0.75,7,2025-11-01 08:33:22.284665
2,2025-01-05 10:45:01,2025-01-05 11:19:47,N,1.0,195,7,1.0,12.21,52.7,0.0,0.5,10.84,0.0,,1.0,65.04,1.0,1.0,0.0,0.0,7,2025-11-01 08:33:22.284665
2,2025-01-05 10:31:41,2025-01-05 10:45:04,N,1.0,74,166,1.0,2.06,14.2,0.0,0.5,0.0,0.0,,1.0,15.7,2.0,1.0,0.0,0.0,7,2025-11-01 08:33:22.284665
2,2025-01-05 10:53:53,2025-01-05 11:14:51,N,1.0,116,48,1.0,6.48,30.3,0.0,0.5,7.06,0.0,,1.0,42.36,1.0,1.0,2.75,0.75,7,2025-11-01 08:33:22.284665
2,2025-01-05 10:14:43,2025-01-05 10:19:51,N,1.0,95,95,2.0,0.76,7.2,0.0,0.5,1.74,0.0,,1.0,10.44,1.0,1.0,0.0,0.0,7,2025-11-01 08:33:22.284665
2,2025-01-05 10:40:26,2025-01-05 11:04:57,N,1.0,95,193,2.0,9.03,40.8,0.0,0.5,0.0,0.0,,1.0,42.3,2.0,1.0,0.0,0.0,7,2025-11-01 08:33:22.284665
2,2025-01-05 10:09:14,2025-01-05 10:47:07,N,1.0,195,68,1.0,9.59,46.4,0.0,0.5,12.85,0.0,,1.0,64.25,1.0,1.0,2.75,0.75,7,2025-11-01 08:33:22.284665
1,2025-01-05 10:07:35,2025-01-05 10:15:50,N,1.0,74,74,1.0,1.2,10.0,0.0,1.5,2.85,0.0,,1.0,14.35,1.0,1.0,0.0,0.0,7,2025-11-01 08:33:22.284665
1,2025-01-05 10:05:22,2025-01-05 10:13:54,N,1.0,74,152,1.0,1.7,11.4,0.0,1.5,0.0,0.0,,1.0,12.9,3.0,1.0,0.0,0.0,7,2025-11-01 08:33:22.284665
2,2025-01-05 10:16:07,2025-01-05 11:12:58,N,4.0,195,265,1.0,33.06,144.4,0.0,0.5,0.0,6.94,,1.0,152.84,2.0,1.0,0.0,0.0,7,2025-11-01 08:33:22.284665
2,2025-01-05 06:44:38,2025-01-05 06:55:41,N,1.0,74,236,1.0,2.4,14.2,0.0,0.5,2.0,0.0,,1.0,20.45,1.0,1.0,2.75,0.0,7,2025-11-01 08:33:22.284665
2,2025-01-05 07:14:26,2025-01-06 06:26:53,N,1.0,74,152,1.0,1.91,13.5,0.0,0.5,3.0,0.0,,1.0,18.0,1.0,1.0,0.0,0.0,7,2025-11-01 08:33:22.284665
2,2025-01-05 10:32:38,2025-01-05 10:34:31,N,1.0,75,74,1.0,0.53,4.4,0.0,0.5,1.18,0.0,,1.0,7.08,1.0,1.0,0.0,0.0,7,2025-11-01 08:33:22.284665
1,2025-01-05 10:14:22,2025-01-05 10:33:17,N,1.0,195,228,2.0,4.3,23.3,0.0,1.5,0.0,0.0,,1.0,24.8,2.0,1.0,0.0,0.0,7,2025-11-01 08:33:22.284665
2,2025-01-05 10:30:00,2025-01-05 10:39:34,N,1.0,116,151,1.0,2.88,14.9,0.0,0.5,3.28,0.0,,1.0,19.68,1.0,1.0,0.0,0.0,7,2025-11-01 08:33:22.284665
1,2025-01-05 10:16:53,2025-01-05 11:04:59,N,1.0,195,68,1.0,10.4,53.4,3.5,1.5,0.0,0.0,,1.0,58.4,2.0,1.0,2.75,0.0,7,2025-11-01 08:33:22.284665
2,2025-01-05 10:35:17,2025-01-05 10:41:38,N,1.0,74,75,1.0,1.37,8.6,0.0,0.5,0.0,0.0,,1.0,10.1,2.0,1.0,0.0,0.0,7,2025-11-01 08:33:22.284665
2,2025-01-05 10:30:43,2025-01-05 10:53:00,N,1.0,116,100,1.0,6.94,33.1,0.0,0.5,0.0,0.0,,1.0,38.1,1.0,1.0,2.75,0.75,7,2025-11-01 08:33:22.284665
2,2025-01-05 09:56:23,2025-01-05 10:04:59,N,1.0,74,42,1.0,1.42,9.3,0.0,0.5,0.0,0.0,,1.0,10.8,1.0,1.0,0.0,0.0,7,2025-11-01 08:33:22.284665
2,2025-01-05 10:16:53,2025-01-05 10:27:24,N,1.0,42,166,1.0,1.52,11.4,0.0,0.5,0.0,0.0,,1.0,12.9,2.0,1.0,0.0,0.0,7,2025-11-01 08:33:22.284665
2,2025-01-05 10:47:20,2025-01-05 10:54:21,N,1.0,74,236,1.0,2.24,10.7,0.0,0.5,0.0,0.0,,1.0,14.95,1.0,1.0,2.75,0.0,7,2025-11-01 08:33:22.284665
2,2025-01-05 10:06:42,2025-01-05 10:08:56,N,1.0,195,195,2.0,0.03,4.4,0.0,0.5,0.0,0.0,,1.0,5.9,2.0,1.0,0.0,0.0,7,2025-11-01 08:33:22.284665
1,2025-01-05 10:23:19,2025-01-05 10:57:05,N,1.0,26,100,1.0,0.0,40.5,0.0,1.5,0.0,0.0,,1.0,42.0,1.0,1.0,0.0,0.0,7,2025-11-01 08:33:22.284665
2,2025-01-05 10:08:08,2025-01-05 10:45:06,N,1.0,7,193,1.0,9.1,42.2,0.0,0.5,0.0,0.0,,1.0,47.2,2.0,1.0,2.75,0.75,7,2025-11-01 08:33:22.284665
1,2025-01-05 10:44:28,2025-01-05 11:02:48,Y,1.0,166,237,2.0,3.4,18.4,2.75,1.5,4.5,0.0,,1.0,27.15,1.0,1.0,2.75,0.0,7,2025-11-01 08:33:22.284665
2,2025-01-05 10:53:59,2025-01-05 11:09:25,N,1.0,244,142,1.0,5.4,25.4,0.0,0.5,4.0,0.0,,1.0,33.65,1.0,1.0,2.75,0.0,7,2025-11-01 08:33:22.284665
2,2025-01-05 10:32:56,2025-01-05 11:15:24,N,3.0,195,265,1.0,25.62,117.5,0.0,0.0,30.02,31.6,,1.0,180.12,1.0,1.0,0.0,0.0,7,2025-11-01 08:33:22.284665
1,2025-01-05 10:46:02,2025-01-05 11:07:31,N,1.0,55,89,1.0,0.0,24.5,0.0,1.5,0.0,0.0,,1.0,26.0,1.0,1.0,0.0,0.0,7,2025-11-01 08:33:22.284665
2,2025-01-05 10:09:02,2025-01-05 10:25:45,N,1.0,195,133,2.0,4.71,24.0,0.0,0.5,5.1,0.0,,1.0,30.6,1.0,1.0,0.0,0.0,7,2025-11-01 08:33:22.284665
2,2025-01-05 10:55:20,2025-01-05 11:02:55,N,1.0,97,97,2.0,1.17,8.6,0.0,0.5,3.03,0.0,,1.0,13.13,1.0,1.0,0.0,0.0,7,2025-11-01 08:33:22.284665
2,2025-01-05 10:05:38,2025-01-05 10:23:52,N,5.0,195,14,4.0,8.46,90.0,0.0,0.0,0.0,0.0,,1.0,91.0,2.0,2.0,0.0,0.0,7,2025-11-01 08:33:22.284665
2,2025-01-05 10:07:59,2025-01-05 10:21:44,N,1.0,41,237,1.0,3.07,17.0,0.0,0.5,0.0,0.0,,1.0,21.25,2.0,1.0,2.75,0.0,7,2025-11-01 08:33:22.284665
2,2025-01-05 09:50:17,2025-01-06 09:11:04,N,1.0,106,106,2.0,0.0,3.7,0.0,0.5,0.0,0.0,,1.0,5.2,1.0,1.0,0.0,0.0,7,2025-11-01 08:33:22.284665
2,2025-01-05 10:01:38,2025-01-05 10:10:37,N,1.0,74,238,1.0,3.0,14.2,0.0,0.5,4.61,0.0,,1.0,23.06,1.0,1.0,2.75,0.0,7,2025-11-01 08:33:22.284665
1,2025-01-05 10:01:47,2025-01-05 10:38:09,N,1.0,10,62,1.0,0.0,34.5,0.0,1.5,0.0,0.0,,1.0,36.0,1.0,1.0,0.0,0.0,7,2025-11-01 08:33:22.284665
2,2025-01-05 09:59:34,2025-01-05 10:09:04,N,1.0,195,195,1.0,1.11,10.0,0.0,0.5,0.0,0.0,,1.0,11.5,2.0,1.0,0.0,0.0,7,2025-11-01 08:33:22.284665
2,2025-01-05 10:46:40,2025-01-05 11:22:56,N,1.0,195,183,1.0,21.67,82.8,0.0,0.5,0.0,0.0,,1.0,84.3,2.0,1.0,0.0,0.0,7,2025-11-01 08:33:22.284665
2,2025-01-05 10:22:38,2025-01-05 10:50:41,N,1.0,195,33,1.0,4.57,27.5,0.0,0.5,0.0,0.0,,1.0,29.0,2.0,1.0,0.0,0.0,7,2025-11-01 08:33:22.284665
2,2025-01-05 10:02:59,2025-01-05 10:11:00,N,1.0,74,236,1.0,1.95,10.7,0.0,0.5,3.74,0.0,,1.0,18.69,1.0,1.0,2.75,0.0,7,2025-11-01 08:33:22.284665
2,2025-01-05 10:27:46,2025-01-05 10:32:14,N,1.0,74,42,1.0,0.82,6.5,0.0,0.5,1.6,0.0,,1.0,9.6,1.0,1.0,0.0,0.0,7,2025-11-01 08:33:22.284665
2,2025-01-05 10:29:42,2025-01-05 10:34:06,N,1.0,74,41,1.0,0.73,6.5,0.0,0.5,1.6,0.0,,1.0,9.6,1.0,1.0,0.0,0.0,7,2025-11-01 08:33:22.284665
2,2025-01-05 10:12:20,2025-01-05 10:20:32,N,1.0,74,41,1.0,0.95,9.3,0.0,0.5,0.0,0.0,,1.0,10.8,2.0,1.0,0.0,0.0,7,2025-11-01 08:33:22.284665
2,2025-01-05 10:27:07,2025-01-05 10:35:01,N,1.0,236,74,1.0,1.36,10.0,0.0,0.5,2.3,0.0,,1.0,13.8,1.0,1.0,0.0,0.0,7,2025-11-01 08:33:22.284665
2,2025-01-05 10:21:49,2025-01-05 10:30:53,N,1.0,24,239,1.0,1.78,12.1,0.0,0.5,0.0,0.0,,1.0,16.35,2.0,1.0,2.75,0.0,7,2025-11-01 08:33:22.284665
2,2025-01-05 10:54:02,2025-01-05 11:05:15,N,1.0,41,166,1.0,1.72,12.8,0.0,0.5,4.29,0.0,,1.0,18.59,1.0,1.0,0.0,0.0,7,2025-11-01 08:33:22.284665
2,2025-01-05 10:34:22,2025-01-05 10:45:55,N,1.0,74,263,1.0,2.16,13.5,0.0,0.5,3.5,0.0,,1.0,21.0,1.0,1.0,2.5,0.0,7,2025-11-01 08:33:22.284665
2,2025-01-05 10:33:39,2025-01-05 10:40:11,N,1.0,74,75,1.0,1.51,9.3,0.0,0.5,0.0,0.0,,1.0,10.8,2.0,1.0,0.0,0.0,7,2025-11-01 08:33:22.284665
2,2025-01-05 10:30:48,2025-01-05 10:41:11,N,1.0,74,236,1.0,2.11,12.8,0.0,0.5,3.41,0.0,,1.0,20.46,1.0,1.0,2.75,0.0,7,2025-11-01 08:33:22.284665
2,2025-01-05 11:20:01,2025-01-05 11:33:06,N,1.0,97,61,1.0,2.51,14.9,0.0,0.5,3.28,0.0,,1.0,19.68,1.0,1.0,0.0,0.0,7,2025-11-01 08:33:22.284665
2,2025-01-05 11:54:58,2025-01-05 12:14:28,N,1.0,97,85,1.0,4.01,23.3,0.0,0.5,3.0,0.0,,1.0,27.8,1.0,1.0,0.0,0.0,7,2025-11-01 08:33:22.284665
2,2025-01-05 11:45:29,2025-01-05 11:51:04,N,1.0,75,43,1.0,1.56,8.6,0.0,0.5,2.57,0.0,,1.0,15.42,1.0,1.0,2.75,0.0,7,2025-11-01 08:33:22.284665
2,2025-01-05 11:15:41,2025-01-05 11:27:37,N,1.0,74,74,3.0,2.2,13.5,0.0,0.5,0.0,0.0,,1.0,17.75,2.0,1.0,2.75,0.0,7,2025-11-01 08:33:22.284665
2,2025-01-05 11:07:00,2025-01-05 11:12:07,N,1.0,168,42,1.0,0.87,7.2,0.0,0.5,1.3,0.0,,1.0,10.0,1.0,1.0,0.0,0.0,7,2025-11-01 08:33:22.284665
2,2025-01-05 11:29:13,2025-01-05 11:51:25,N,1.0,166,229,1.0,4.17,23.3,0.0,0.5,5.66,0.0,,1.0,33.96,1.0,1.0,2.75,0.75,7,2025-11-01 08:33:22.284665
1,2025-01-05 11:00:01,2025-01-05 11:06:24,N,1.0,37,37,1.0,0.0,15.5,0.0,1.5,0.0,0.0,,1.0,17.0,1.0,1.0,0.0,0.0,7,2025-11-01 08:33:22.284665
1,2025-01-05 11:08:37,2025-01-05 11:24:54,N,1.0,74,262,1.0,5.4,26.1,2.75,1.5,1.5,0.0,,1.0,31.85,1.0,1.0,2.75,0.0,7,2025-11-01 08:33:22.284665
1,2025-01-05 11:37:52,2025-01-05 11:46:58,N,1.0,74,43,1.0,2.1,12.8,0.0,1.5,0.0,0.0,,1.0,14.3,2.0,1.0,0.0,0.0,7,2025-11-01 08:33:22.284665
2,2025-01-05 11:49:00,2025-01-05 11:59:06,N,1.0,41,43,1.0,2.35,13.5,0.0,0.5,2.66,0.0,,1.0,20.41,1.0,1.0,2.75,0.0,7,2025-11-01 08:33:22.284665
2,2025-01-05 11:31:51,2025-01-05 11:55:09,N,1.0,43,68,4.0,5.88,31.0,0.0,0.5,7.2,0.0,,1.0,43.2,1.0,1.0,2.75,0.75,7,2025-11-01 08:33:22.284665
2,2025-01-05 11:46:12,2025-01-05 12:00:31,N,1.0,130,216,1.0,3.44,18.4,0.0,0.5,0.0,0.0,,1.0,19.9,1.0,1.0,0.0,0.0,7,2025-11-01 08:33:22.284665
2,2025-01-05 11:37:19,2025-01-05 11:43:01,N,1.0,216,132,1.0,3.45,14.9,0.0,0.5,0.0,0.0,,1.0,16.4,2.0,1.0,0.0,0.0,7,2025-11-01 08:33:22.284665
1,2025-01-05 11:15:08,2025-01-05 11:22:17,N,1.0,97,97,2.0,0.8,8.6,0.0,1.5,2.0,0.0,,1.0,12.1,1.0,1.0,0.0,0.0,7,2025-11-01 08:33:22.284665
1,2025-01-05 11:35:47,2025-01-05 11:42:18,N,1.0,97,49,0.0,1.0,8.6,0.0,1.5,2.0,0.0,,1.0,12.1,1.0,1.0,0.0,0.0,7,2025-11-01 08:33:22.284665
2,2025-01-05 11:37:40,2025-01-05 11:50:57,N,1.0,75,24,2.0,1.75,13.5,0.0,0.5,0.0,0.0,,1.0,15.0,2.0,1.0,0.0,0.0,7,2025-11-01 08:33:22.284665
2,2025-01-05 11:56:06,2025-01-05 12:05:18,N,1.0,24,24,2.0,1.39,10.7,0.0,0.5,0.0,0.0,,1.0,12.2,2.0,1.0,0.0,0.0,7,2025-11-01 08:33:22.284665
1,2025-01-05 11:07:50,2025-01-05 11:16:17,N,1.0,166,238,1.0,1.7,10.0,0.0,1.5,0.0,0.0,,1.0,11.5,2.0,1.0,0.0,0.0,7,2025-11-01 08:33:22.284665
2,2025-01-05 11:24:04,2025-01-05 11:42:57,N,4.0,152,265,1.0,12.01,57.6,0.0,0.5,1.07,0.0,,1.0,60.17,1.0,1.0,0.0,0.0,7,2025-11-01 08:33:22.284665
2,2025-01-05 11:29:23,2025-01-05 11:40:55,N,1.0,74,244,1.0,2.78,14.9,0.0,0.5,4.92,0.0,,1.0,21.32,1.0,1.0,0.0,0.0,7,2025-11-01 08:33:22.284665
2,2025-01-05 11:04:26,2025-01-05 11:10:40,N,1.0,43,74,1.0,1.34,8.6,0.0,0.5,1.0,0.0,,1.0,11.1,1.0,1.0,0.0,0.0,7,2025-11-01 08:33:22.284665
2,2025-01-05 11:28:34,2025-01-05 11:43:50,N,1.0,92,130,1.0,5.85,26.1,0.0,0.5,0.0,0.0,,1.0,27.6,2.0,1.0,0.0,0.0,7,2025-11-01 08:33:22.284665
2,2025-01-05 11:27:17,2025-01-05 11:36:03,N,1.0,244,166,1.0,1.86,11.4,0.0,0.5,0.0,0.0,,1.0,12.9,2.0,1.0,0.0,0.0,7,2025-11-01 08:33:22.284665
2,2025-01-05 11:52:52,2025-01-05 12:02:03,N,1.0,43,263,1.0,1.56,10.7,0.0,0.5,2.99,0.0,,1.0,17.94,1.0,1.0,2.75,0.0,7,2025-11-01 08:33:22.284665
1,2025-01-05 11:30:13,2025-01-05 11:49:48,N,1.0,41,161,1.0,5.8,26.8,4.5,1.5,6.55,0.0,,1.0,39.35,1.0,1.0,2.75,0.0,7,2025-11-01 08:33:22.284665
2,2025-01-05 11:35:47,2025-01-05 11:48:45,N,1.0,74,151,6.0,2.62,14.9,0.0,0.5,3.28,0.0,,1.0,19.68,1.0,1.0,0.0,0.0,7,2025-11-01 08:33:22.284665
1,2025-01-05 11:33:01,2025-01-05 11:45:08,N,1.0,166,42,1.0,1.9,12.8,0.0,1.5,2.85,0.0,,1.0,17.15,1.0,1.0,0.0,0.0,7,2025-11-01 08:33:22.284665
2,2025-01-05 11:52:37,2025-01-05 12:03:00,N,1.0,97,25,1.0,0.83,10.0,0.0,0.5,1.0,0.0,,1.0,12.5,1.0,1.0,0.0,0.0,7,2025-11-01 08:33:22.284665
2,2025-01-05 11:55:10,2025-01-05 12:06:09,N,1.0,74,236,1.0,2.15,12.8,0.0,0.5,3.41,0.0,,1.0,20.46,1.0,1.0,2.75,0.0,7,2025-11-01 08:33:22.284665
1,2025-01-05 11:05:35,2025-01-05 11:10:29,N,1.0,74,75,1.0,1.0,7.2,0.0,1.5,1.74,0.0,,1.0,10.44,1.0,1.0,0.0,0.0,7,2025-11-01 08:33:22.284665
2,2025-01-05 11:20:47,2025-01-05 11:31:18,N,1.0,97,61,2.0,2.26,13.5,0.0,0.5,0.0,0.0,,1.0,15.0,2.0,1.0,0.0,0.0,7,2025-11-01 08:33:22.284665
2,2025-01-05 11:43:51,2025-01-05 12:04:55,N,1.0,97,54,2.0,2.76,20.5,0.0,0.5,0.0,0.0,,1.0,22.0,2.0,1.0,0.0,0.0,7,2025-11-01 08:33:22.284665
2,2025-01-05 11:53:11,2025-01-05 12:01:42,N,1.0,97,181,1.0,1.54,10.7,0.0,0.5,3.05,0.0,,1.0,15.25,1.0,1.0,0.0,0.0,7,2025-11-01 08:33:22.284665
2,2025-01-05 11:27:38,2025-01-05 11:38:09,N,1.0,65,66,1.0,1.68,12.1,0.0,0.5,2.72,0.0,,1.0,16.32,1.0,1.0,0.0,0.0,7,2025-11-01 08:33:22.284665
2,2025-01-05 11:52:37,2025-01-05 11:56:26,N,1.0,33,66,1.0,0.49,5.1,0.0,0.5,1.32,0.0,,1.0,7.92,1.0,1.0,0.0,0.0,7,2025-11-01 08:33:22.284665
2,2025-01-05 11:18:57,2025-01-05 11:26:16,N,1.0,83,138,2.0,3.69,16.3,5.0,0.5,0.0,0.0,,1.0,22.8,2.0,1.0,0.0,0.0,7,2025-11-01 08:33:22.284665
2,2025-01-05 11:43:03,2025-01-05 12:00:16,N,1.0,116,50,1.0,5.63,26.1,0.0,0.5,7.78,0.0,,1.0,38.88,1.0,1.0,2.75,0.75,7,2025-11-01 08:33:22.284665
2,2025-01-05 10:20:42,2025-01-05 10:28:46,N,1.0,97,181,2.0,1.29,10.0,0.0,0.5,1.9,0.0,,1.0,13.4,1.0,1.0,0.0,0.0,7,2025-11-01 08:33:22.284665
2,2025-01-05 10:53:02,2025-01-05 11:10:19,N,1.0,97,89,2.0,3.27,19.8,0.0,0.5,5.32,0.0,,1.0,26.62,1.0,1.0,0.0,0.0,7,2025-11-01 08:33:22.284665
1,2025-01-05 11:46:50,2025-01-05 12:00:18,N,1.0,177,61,1.0,0.0,18.5,0.0,1.5,0.0,0.0,,1.0,20.0,1.0,1.0,0.0,0.0,7,2025-11-01 08:33:22.284665
2,2025-01-05 11:55:29,2025-01-05 12:07:03,N,1.0,74,236,1.0,2.21,13.5,0.0,0.5,5.32,0.0,,1.0,23.07,1.0,1.0,2.75,0.0,7,2025-11-01 08:33:22.284665
2,2025-01-05 11:04:38,2025-01-05 11:13:27,N,1.0,74,42,1.0,1.82,12.1,0.0,0.5,2.72,0.0,,1.0,16.32,1.0,1.0,0.0,0.0,7,2025-11-01 08:33:22.284665
2,2025-01-05 11:35:58,2025-01-05 11:46:21,N,1.0,74,138,1.0,6.7,27.5,5.0,0.5,8.19,6.94,,1.0,49.13,1.0,1.0,0.0,0.0,7,2025-11-01 08:33:22.284665
1,2025-01-05 11:02:07,2025-01-05 11:16:53,N,1.0,130,258,0.0,3.2,17.0,0.0,1.5,1.0,0.0,,1.0,19.5,1.0,1.0,0.0,0.0,7,2025-11-01 08:33:22.284665
2,2025-01-05 11:08:35,2025-01-05 11:30:32,N,5.0,65,161,1.0,6.77,40.0,0.0,0.0,7.0,0.0,,1.0,51.5,1.0,2.0,2.75,0.75,7,2025-11-01 08:33:22.284665
1,2025-01-05 11:10:34,2025-01-05 11:54:26,N,1.0,35,264,1.0,0.0,35.5,0.0,1.5,0.0,5.2,,1.0,42.2,1.0,1.0,0.0,0.0,7,2025-11-01 08:33:22.284665
1,2025-01-05 11:10:57,2025-01-05 11:16:19,N,1.0,52,33,1.0,0.5,5.8,0.0,1.5,1.45,0.0,,1.0,8.75,1.0,1.0,0.0,0.0,7,2025-11-01 08:33:22.284665
1,2025-01-05 11:27:20,2025-01-05 11:40:54,N,5.0,65,233,2.0,6.3,25.0,0.75,0.0,1.0,0.0,,0.0,26.75,1.0,2.0,0.0,0.0,7,2025-11-01 08:33:22.284665
2,2025-01-05 11:53:32,2025-01-05 12:10:24,N,1.0,74,138,1.0,7.2,30.3,5.0,0.5,10.94,6.94,,1.0,54.68,1.0,1.0,0.0,0.0,7,2025-11-01 08:33:22.284665
2,2025-01-05 11:56:26,2025-01-05 12:02:38,N,1.0,195,52,1.0,1.46,8.6,0.0,0.5,2.02,0.0,,1.0,12.12,1.0,1.0,0.0,0.0,7,2025-11-01 08:33:22.284665
2,2025-01-05 11:12:23,2025-01-05 11:26:30,N,1.0,74,243,1.0,5.0,23.3,0.0,0.5,10.0,0.0,,1.0,34.8,1.0,1.0,0.0,0.0,7,2025-11-01 08:33:22.284665
2,2025-01-05 12:00:53,2025-01-05 12:06:07,N,1.0,74,75,1.0,1.2,7.9,0.0,0.5,0.0,0.0,,1.0,9.4,2.0,1.0,0.0,0.0,7,2025-11-01 08:33:22.284665
2,2025-01-05 11:11:38,2025-01-05 11:35:21,N,1.0,74,143,1.0,3.92,24.0,0.0,0.5,5.65,0.0,,1.0,33.9,1.0,1.0,2.75,0.0,7,2025-11-01 08:33:22.284665
2,2025-01-05 11:37:40,2025-01-05 11:44:13,N,1.0,74,42,1.0,0.76,7.9,0.0,0.5,0.0,0.0,,1.0,9.4,2.0,1.0,0.0,0.0,7,2025-11-01 08:33:22.284665
2,2025-01-05 11:14:32,2025-01-05 11:30:48,N,1.0,74,262,1.0,2.89,17.7,0.0,0.5,0.0,0.0,,1.0,21.95,1.0,1.0,2.75,0.0,7,2025-11-01 08:33:22.284665
2,2025-01-05 11:41:36,2025-01-05 11:44:32,N,1.0,42,41,1.0,0.61,5.8,0.0,0.5,1.0,0.0,,1.0,8.3,1.0,1.0,0.0,0.0,7,2025-11-01 08:33:22.284665
2,2025-01-05 11:10:00,2025-01-05 11:16:21,N,1.0,166,238,1.0,1.2,8.6,0.0,0.5,3.03,0.0,,1.0,13.13,1.0,1.0,0.0,0.0,7,2025-11-01 08:33:22.284665
2,2025-01-05 11:32:19,2025-01-05 11:37:48,N,1.0,166,74,1.0,1.08,7.9,0.0,0.5,2.82,0.0,,1.0,12.22,1.0,1.0,0.0,0.0,7,2025-11-01 08:33:22.284665
2,2025-01-05 11:28:33,2025-01-05 12:29:30,N,1.0,95,95,1.0,10.01,61.8,0.0,0.5,0.0,0.0,,1.0,63.3,2.0,1.0,0.0,0.0,7,2025-11-01 08:33:22.284665
2,2025-01-05 11:30:52,2025-01-05 11:45:44,N,1.0,74,151,1.0,2.76,17.0,0.0,0.5,2.2,0.0,,1.0,20.7,1.0,1.0,0.0,0.0,7,2025-11-01 08:33:22.284665
2,2025-01-05 11:55:01,2025-01-05 12:05:12,N,1.0,75,166,1.0,1.9,12.8,0.0,0.5,2.86,0.0,,1.0,17.16,1.0,1.0,0.0,0.0,7,2025-11-01 08:33:22.284665
2,2025-01-05 11:37:18,2025-01-05 12:07:03,N,1.0,193,95,5.0,9.46,44.3,0.0,0.5,0.0,0.0,,1.0,45.8,2.0,1.0,0.0,0.0,7,2025-11-01 08:33:22.284665
2,2025-01-05 11:15:06,2025-01-05 11:29:32,N,1.0,74,151,1.0,2.4,15.6,0.0,0.5,2.56,0.0,,1.0,19.66,1.0,1.0,0.0,0.0,7,2025-11-01 08:33:22.284665
2,2025-01-05 12:15:51,2025-01-05 12:20:02,N,1.0,75,42,1.0,1.51,7.9,0.0,0.5,0.0,0.0,,1.0,9.4,2.0,1.0,0.0,0.0,7,2025-11-01 08:33:22.284665
2,2025-01-05 12:40:57,2025-01-05 12:49:21,N,1.0,24,239,1.0,1.54,10.7,0.0,0.5,2.99,0.0,,1.0,17.94,1.0,1.0,2.75,0.0,7,2025-11-01 08:33:22.284665
2,2025-01-05 12:08:34,2025-01-05 12:21:05,N,1.0,74,116,1.0,1.73,13.5,0.0,0.5,3.0,0.0,,1.0,18.0,1.0,1.0,0.0,0.0,7,2025-11-01 08:33:22.284665
2,2025-01-05 12:39:48,2025-01-05 12:51:46,N,1.0,74,166,3.0,1.77,13.5,0.0,0.5,3.0,0.0,,1.0,18.0,1.0,1.0,0.0,0.0,7,2025-11-01 08:33:22.284665
2,2025-01-05 12:14:56,2025-01-05 12:43:02,N,1.0,181,114,1.0,5.09,29.6,0.0,0.5,0.0,0.0,,1.0,34.6,2.0,1.0,2.75,0.75,7,2025-11-01 08:33:22.284665
2,2025-01-05 12:04:40,2025-01-05 12:07:24,N,1.0,75,74,1.0,0.86,5.8,0.0,0.5,0.0,0.0,,1.0,7.3,1.0,1.0,0.0,0.0,7,2025-11-01 08:33:22.284665
2,2025-01-05 12:57:47,2025-01-05 13:03:41,N,1.0,75,236,1.0,0.57,7.2,0.0,0.5,2.29,0.0,,1.0,13.74,1.0,1.0,2.75,0.0,7,2025-11-01 08:33:22.284665
2,2025-01-05 12:19:17,2025-01-05 12:40:49,N,1.0,82,132,1.0,10.11,40.8,0.0,0.5,2.0,0.0,,1.0,44.3,1.0,1.0,0.0,0.0,7,2025-11-01 08:33:22.284665
2,2025-01-05 12:38:40,2025-01-05 12:44:23,N,1.0,74,75,1.0,1.32,8.6,0.0,0.5,2.02,0.0,,1.0,12.12,1.0,1.0,0.0,0.0,7,2025-11-01 08:33:22.284665
1,2025-01-05 12:04:18,2025-01-05 12:24:51,N,1.0,65,228,2.0,3.7,22.6,0.0,1.5,4.8,0.0,,1.0,28.9,1.0,1.0,0.0,0.0,7,2025-11-01 08:33:22.284665
2,2025-01-05 11:17:50,2025-01-05 11:25:57,N,1.0,116,41,2.0,1.28,10.0,0.0,0.5,0.0,0.0,,1.0,11.5,1.0,1.0,0.0,0.0,7,2025-11-01 08:33:22.284665
2,2025-01-05 11:28:39,2025-01-05 11:33:42,N,1.0,41,41,2.0,0.71,7.2,0.0,0.5,0.0,0.0,,1.0,8.7,2.0,1.0,0.0,0.0,7,2025-11-01 08:33:22.284665
2,2025-01-05 11:36:46,2025-01-05 11:44:41,N,1.0,41,74,2.0,1.28,9.3,0.0,0.5,0.01,0.0,,1.0,10.81,1.0,1.0,0.0,0.0,7,2025-11-01 08:33:22.284665
2,2025-01-05 12:14:04,2025-01-05 12:19:04,N,1.0,75,236,1.0,0.72,6.5,0.0,0.5,0.0,0.0,,1.0,10.75,2.0,1.0,2.75,0.0,7,2025-11-01 08:33:22.284665
2,2025-01-05 11:47:18,2025-01-05 12:15:49,N,5.0,65,132,1.0,17.84,75.0,0.0,0.0,10.0,0.0,,1.0,86.0,1.0,2.0,0.0,0.0,7,2025-11-01 08:33:22.284665
2,2025-01-05 12:54:27,2025-01-05 13:02:47,N,1.0,75,236,1.0,1.42,10.0,0.0,0.5,2.85,0.0,,1.0,17.1,1.0,1.0,2.75,0.0,7,2025-11-01 08:33:22.284665
2,2025-01-05 12:02:35,2025-01-05 12:13:39,N,1.0,116,41,1.0,1.72,12.8,0.0,0.5,0.0,0.0,,1.0,14.3,2.0,1.0,0.0,0.0,7,2025-11-01 08:33:22.284665
2,2025-01-05 12:08:41,2025-01-05 12:53:13,N,1.0,41,265,1.0,10.86,46.4,0.0,0.5,0.0,15.38,,1.0,63.28,1.0,1.0,0.0,0.0,7,2025-11-01 08:33:22.284665
2,2025-01-05 12:37:16,2025-01-05 12:43:31,N,1.0,74,41,1.0,1.29,8.6,0.0,0.5,2.02,0.0,,1.0,12.12,1.0,1.0,0.0,0.0,7,2025-11-01 08:33:22.284665
2,2025-01-05 12:06:03,2025-01-05 12:19:00,N,1.0,116,74,1.0,1.95,14.2,0.0,0.5,3.14,0.0,,1.0,18.84,1.0,1.0,0.0,0.0,7,2025-11-01 08:33:22.284665
2,2025-01-05 12:27:11,2025-01-05 12:34:51,N,1.0,41,239,1.0,1.92,10.7,0.0,0.5,2.0,0.0,,1.0,16.95,1.0,1.0,2.75,0.0,7,2025-11-01 08:33:22.284665
2,2025-01-05 12:26:35,2025-01-05 12:45:46,N,1.0,195,181,1.0,2.64,18.4,0.0,0.5,5.97,0.0,,1.0,25.87,1.0,1.0,0.0,0.0,7,2025-11-01 08:33:22.284665
2,2025-01-05 12:33:33,2025-01-05 12:45:36,N,1.0,82,226,1.0,2.76,15.6,0.0,0.5,2.5,0.0,,1.0,19.6,1.0,1.0,0.0,0.0,7,2025-11-01 08:33:22.284665
2,2025-01-05 12:56:47,2025-01-05 13:07:14,N,1.0,129,138,1.0,2.52,14.2,5.0,0.5,0.0,0.0,,1.0,20.7,2.0,1.0,0.0,0.0,7,2025-11-01 08:33:22.284665
1,2025-01-05 12:21:30,2025-01-05 12:32:48,N,1.0,116,168,1.0,0.0,17.5,0.0,1.5,0.0,0.0,,1.0,19.0,1.0,1.0,0.0,0.0,7,2025-11-01 08:33:22.284665
2,2025-01-05 12:51:06,2025-01-05 13:00:47,N,1.0,41,262,6.0,2.12,12.8,0.0,0.5,1.0,0.0,,1.0,18.05,1.0,1.0,2.75,0.0,7,2025-11-01 08:33:22.284665
2,2025-01-05 12:42:37,2025-01-05 12:55:01,N,1.0,82,226,1.0,0.87,11.4,0.0,0.5,0.0,0.0,,1.0,12.9,2.0,1.0,0.0,0.0,7,2025-11-01 08:33:22.284665
1,2025-01-05 12:11:19,2025-01-05 12:19:08,N,1.0,166,238,3.0,1.2,8.6,2.75,1.5,0.0,0.0,,1.0,12.85,2.0,1.0,2.75,0.0,7,2025-11-01 08:33:22.284665
2,2025-01-05 12:21:35,2025-01-05 12:31:08,N,1.0,66,231,1.0,2.01,12.1,0.0,0.5,3.42,0.0,,1.0,20.52,1.0,1.0,2.75,0.75,7,2025-11-01 08:33:22.284665
2,2025-01-05 12:51:57,2025-01-05 13:05:21,N,1.0,66,255,1.0,3.62,19.1,0.0,0.5,0.0,0.0,,1.0,20.6,1.0,1.0,0.0,0.0,7,2025-11-01 08:33:22.284665
2,2025-01-05 12:25:29,2025-01-05 12:33:41,N,1.0,97,49,1.0,1.55,10.0,0.0,0.5,2.3,0.0,,1.0,13.8,1.0,1.0,0.0,0.0,7,2025-11-01 08:33:22.284665
2,2025-01-05 12:00:37,2025-01-05 12:14:54,N,1.0,95,130,1.0,2.64,16.3,0.0,0.5,3.0,0.0,,1.0,20.8,1.0,1.0,0.0,0.0,7,2025-11-01 08:33:22.284665
1,2025-01-05 12:04:13,2025-01-05 12:19:42,N,1.0,74,237,1.0,2.6,16.3,2.75,1.5,0.0,0.0,,1.0,20.55,3.0,1.0,2.75,0.0,7,2025-11-01 08:33:22.284665
2,2025-01-05 12:45:21,2025-01-05 12:50:44,N,1.0,97,97,2.0,0.69,7.2,0.0,0.5,2.18,0.0,,1.0,10.88,1.0,1.0,0.0,0.0,7,2025-11-01 08:33:22.284665
2,2025-01-05 12:29:40,2025-01-05 12:46:14,N,1.0,97,62,1.0,3.33,19.1,0.0,0.5,4.12,0.0,,1.0,24.72,1.0,1.0,0.0,0.0,7,2025-11-01 08:33:22.284665
2,2025-01-05 12:16:48,2025-01-05 12:23:03,N,1.0,97,106,1.0,1.0,8.6,0.0,0.5,2.02,0.0,,1.0,12.12,1.0,1.0,0.0,0.0,7,2025-11-01 08:33:22.284665
2,2025-01-05 12:50:01,2025-01-05 12:58:07,N,1.0,129,129,2.0,1.12,9.3,0.0,0.5,1.0,0.0,,1.0,11.8,1.0,1.0,0.0,0.0,7,2025-11-01 08:33:22.284665
2,2025-01-05 11:38:00,2025-01-05 11:48:43,N,1.0,97,181,2.0,2.04,12.8,0.0,0.5,2.86,0.0,,1.0,17.16,1.0,1.0,0.0,0.0,7,2025-11-01 08:33:22.284665
1,2025-01-05 12:19:02,2025-01-05 12:38:55,N,1.0,89,106,1.0,0.0,20.5,0.0,1.5,0.0,0.0,,1.0,22.0,1.0,1.0,0.0,0.0,7,2025-11-01 08:33:22.284665
2,2025-01-05 12:47:00,2025-01-05 12:52:26,N,1.0,75,263,1.0,1.25,7.9,0.0,0.5,0.0,0.0,,1.0,12.15,2.0,1.0,2.75,0.0,7,2025-11-01 08:33:22.284665
2,2025-01-05 12:08:57,2025-01-05 12:19:43,N,1.0,74,263,1.0,1.74,12.1,0.0,0.5,2.72,0.0,,1.0,16.32,1.0,1.0,0.0,0.0,7,2025-11-01 08:33:22.284665
2,2025-01-05 12:37:21,2025-01-05 12:46:00,N,1.0,74,236,1.0,2.05,12.1,0.0,0.5,3.27,0.0,,1.0,19.62,1.0,1.0,2.75,0.0,7,2025-11-01 08:33:22.284665
2,2025-01-05 12:58:39,2025-01-05 13:11:52,N,1.0,74,244,1.0,2.73,15.6,0.0,0.5,0.0,0.0,,1.0,17.1,2.0,1.0,0.0,0.0,7,2025-11-01 08:33:22.284665
2,2025-01-05 12:53:51,2025-01-05 13:01:05,N,1.0,129,129,1.0,2.59,12.8,0.0,0.5,5.7,0.0,,1.0,20.0,1.0,1.0,0.0,0.0,7,2025-11-01 08:33:22.284665
2,2025-01-05 12:02:51,2025-01-05 12:09:09,N,1.0,74,42,1.0,0.0,7.2,0.0,0.5,0.0,0.0,,1.0,8.7,2.0,1.0,0.0,0.0,7,2025-11-01 08:33:22.284665
2,2025-01-05 12:33:49,2025-01-05 12:51:20,N,1.0,74,238,1.0,0.0,14.9,0.0,0.5,3.28,0.0,,1.0,19.68,1.0,1.0,0.0,0.0,7,2025-11-01 08:33:22.284665
2,2025-01-05 12:33:16,2025-01-05 12:42:38,N,1.0,74,43,1.0,1.89,11.4,0.0,0.5,0.0,0.0,,1.0,12.9,2.0,1.0,0.0,0.0,7,2025-11-01 08:33:22.284665
2,2025-01-05 12:09:24,2025-01-05 12:14:40,N,1.0,74,74,1.0,1.18,7.9,0.0,0.5,2.35,0.0,,1.0,11.75,1.0,1.0,0.0,0.0,7,2025-11-01 08:33:22.284665
2,2025-01-05 12:34:57,2025-01-05 12:48:15,N,1.0,74,24,1.0,2.09,14.2,0.0,0.5,3.92,0.0,,1.0,19.62,1.0,1.0,0.0,0.0,7,2025-11-01 08:33:22.284665
2,2025-01-05 12:12:37,2025-01-05 12:17:07,N,1.0,74,42,1.0,0.82,6.5,0.0,0.5,0.0,0.0,,1.0,8.0,2.0,1.0,0.0,0.0,7,2025-11-01 08:33:22.284665
2,2025-01-05 12:37:12,2025-01-05 12:51:09,N,1.0,74,238,1.0,2.62,15.6,0.0,0.5,4.28,0.0,,1.0,21.38,1.0,1.0,0.0,0.0,7,2025-11-01 08:33:22.284665
2,2025-01-05 12:02:13,2025-01-05 12:09:03,N,1.0,74,41,1.0,1.12,8.6,0.0,0.5,2.02,0.0,,1.0,12.12,1.0,1.0,0.0,0.0,7,2025-11-01 08:33:22.284665
2,2025-01-05 12:38:52,2025-01-05 12:54:24,N,1.0,74,141,1.0,3.13,17.7,0.0,0.5,3.0,0.0,,1.0,24.95,1.0,1.0,2.75,0.0,7,2025-11-01 08:33:22.284665
2,2025-01-05 12:37:45,2025-01-05 12:58:57,N,1.0,244,148,1.0,11.84,45.7,0.0,0.5,10.14,0.0,,1.0,60.84,1.0,1.0,2.75,0.75,7,2025-11-01 08:33:22.284665
2,2025-01-05 12:34:55,2025-01-05 12:42:11,N,1.0,41,74,1.0,0.96,8.6,0.0,0.5,2.02,0.0,,1.0,12.12,1.0,1.0,0.0,0.0,7,2025-11-01 08:33:22.284665
2,2025-01-05 12:13:24,2025-01-05 12:23:57,N,1.0,134,216,1.0,3.3,16.3,0.0,0.5,3.56,0.0,,1.0,21.36,1.0,1.0,0.0,0.0,7,2025-11-01 08:33:22.284665
2,2025-01-05 12:33:12,2025-01-05 12:39:47,N,1.0,74,75,1.0,1.42,9.3,0.0,0.5,2.16,0.0,,1.0,12.96,1.0,1.0,0.0,0.0,7,2025-11-01 08:33:22.284665
2,2025-01-05 12:04:18,2025-01-05 12:12:40,N,1.0,74,236,1.0,1.63,10.0,0.0,0.5,1.15,0.0,,1.0,12.65,1.0,1.0,0.0,0.0,7,2025-11-01 08:33:22.284665
2,2025-01-05 12:34:59,2025-01-05 12:37:04,N,1.0,166,151,1.0,0.4,4.4,0.0,0.5,1.18,0.0,,1.0,7.08,1.0,1.0,0.0,0.0,7,2025-11-01 08:33:22.284665
2,2025-01-05 12:05:20,2025-01-05 12:21:03,N,1.0,74,238,1.0,2.65,16.3,0.0,0.5,4.11,0.0,,1.0,24.66,1.0,1.0,2.75,0.0,7,2025-11-01 08:33:22.284665
2,2025-01-05 12:39:18,2025-01-05 12:53:27,N,1.0,74,151,1.0,2.41,15.6,0.0,0.5,3.42,0.0,,1.0,20.52,1.0,1.0,0.0,0.0,7,2025-11-01 08:33:22.284665
2,2025-01-05 13:12:17,2025-01-05 13:23:37,N,1.0,65,189,1.0,2.12,14.2,0.0,0.5,3.92,0.0,,1.0,19.62,1.0,1.0,0.0,0.0,7,2025-11-01 08:33:22.284665
2,2025-01-05 13:29:51,2025-01-05 13:45:03,N,1.0,189,66,1.0,2.46,16.3,0.0,0.5,3.0,0.0,,1.0,20.8,1.0,1.0,0.0,0.0,7,2025-11-01 08:33:22.284665
2,2025-01-05 13:53:21,2025-01-05 14:07:41,N,1.0,97,61,1.0,3.08,17.7,0.0,0.5,3.84,0.0,,1.0,23.04,1.0,1.0,0.0,0.0,7,2025-11-01 08:33:22.284665
2,2025-01-05 14:01:51,2025-01-05 14:02:26,N,1.0,236,75,1.0,0.06,3.0,0.0,0.5,0.0,0.0,,1.0,4.5,2.0,1.0,0.0,0.0,7,2025-11-01 08:33:22.284665
2,2025-01-05 13:51:48,2025-01-05 14:51:47,N,1.0,129,82,1.0,6.85,52.0,0.0,0.5,0.0,0.0,,1.0,53.5,2.0,1.0,0.0,0.0,7,2025-11-01 08:33:22.284665
2,2025-01-05 13:54:25,2025-01-05 14:17:59,N,1.0,130,223,1.0,9.57,40.1,0.0,0.5,0.0,0.0,,1.0,41.6,2.0,1.0,0.0,0.0,7,2025-11-01 08:33:22.284665
2,2025-01-05 13:31:48,2025-01-05 13:50:30,N,1.0,97,255,2.0,3.85,22.6,0.0,0.5,4.82,0.0,,1.0,28.92,1.0,1.0,0.0,0.0,7,2025-11-01 08:33:22.284665
2,2025-01-05 13:29:40,2025-01-05 13:37:52,N,1.0,97,49,1.0,1.05,8.6,0.0,0.5,1.01,0.0,,1.0,11.11,1.0,1.0,0.0,0.0,7,2025-11-01 08:33:22.284665
2,2025-01-05 13:50:24,2025-01-05 14:04:51,N,1.0,97,17,1.0,2.36,14.9,0.0,0.5,3.28,0.0,,1.0,19.68,1.0,1.0,0.0,0.0,7,2025-11-01 08:33:22.284665
1,2025-01-05 13:09:20,2025-01-05 13:47:36,N,1.0,49,68,1.0,0.0,31.5,0.0,1.5,0.0,0.0,,1.0,33.0,1.0,1.0,0.0,0.0,7,2025-11-01 08:33:22.284665
2,2025-01-05 13:17:29,2025-01-05 13:29:45,N,1.0,95,121,1.0,2.91,15.6,0.0,0.5,3.42,0.0,,1.0,20.52,1.0,1.0,0.0,0.0,7,2025-11-01 08:33:22.284665
2,2025-01-05 13:42:14,2025-01-05 13:52:21,N,1.0,75,239,1.0,2.44,12.8,0.0,0.5,4.26,0.0,,1.0,21.31,1.0,1.0,2.75,0.0,7,2025-11-01 08:33:22.284665
2,2025-01-05 07:16:08,2025-01-06 06:32:07,N,1.0,74,244,1.0,4.6,21.9,0.0,0.5,4.68,0.0,,1.0,28.08,1.0,1.0,0.0,0.0,7,2025-11-01 08:33:22.284665
2,2025-01-05 13:45:03,2025-01-05 13:55:30,N,1.0,41,236,1.0,2.27,12.8,0.0,0.5,5.12,0.0,,1.0,22.17,1.0,1.0,2.75,0.0,7,2025-11-01 08:33:22.284665
2,2025-01-05 13:19:50,2025-01-05 13:22:20,N,1.0,166,166,5.0,0.39,5.1,0.0,0.5,1.32,0.0,,1.0,7.92,1.0,1.0,0.0,0.0,7,2025-11-01 08:33:22.284665
2,2025-01-05 13:18:49,2025-01-05 13:28:02,N,1.0,130,216,1.0,1.88,12.1,0.0,0.5,2.72,0.0,,1.0,16.32,1.0,1.0,0.0,0.0,7,2025-11-01 08:33:22.284665
1,2025-01-05 13:24:44,2025-01-05 13:38:39,N,1.0,65,62,0.0,2.1,14.9,0.0,1.5,3.25,0.0,,1.0,19.65,1.0,1.0,0.0,0.0,7,2025-11-01 08:33:22.284665
1,2025-01-05 13:59:32,2025-01-05 14:07:45,N,1.0,65,66,0.0,1.2,9.3,0.0,1.5,0.0,0.0,,1.0,10.8,2.0,1.0,0.0,0.0,7,2025-11-01 08:33:22.284665
2,2025-01-05 10:55:34,2025-01-05 11:05:26,N,1.0,41,151,2.0,1.47,11.4,0.0,0.5,3.22,0.0,,1.0,16.12,1.0,1.0,0.0,0.0,7,2025-11-01 08:33:22.284665
2,2025-01-05 13:28:09,2025-01-05 13:30:02,N,1.0,41,42,1.0,0.44,4.4,0.0,0.5,0.0,0.0,,1.0,5.9,1.0,1.0,0.0,0.0,7,2025-11-01 08:33:22.284665
2,2025-01-05 13:46:26,2025-01-05 13:56:49,N,1.0,236,236,1.0,1.07,11.4,0.0,0.5,3.13,0.0,,1.0,18.78,1.0,1.0,2.75,0.0,7,2025-11-01 08:33:22.284665
2,2025-01-05 13:38:09,2025-01-05 13:50:14,N,1.0,74,141,6.0,2.75,14.9,0.0,0.5,2.87,0.0,,1.0,22.02,1.0,1.0,2.75,0.0,7,2025-11-01 08:33:22.284665
1,2025-01-05 13:16:21,2025-01-05 13:20:33,N,1.0,75,236,1.0,0.5,5.1,2.75,1.5,0.0,0.0,,1.0,9.35,1.0,1.0,2.75,0.0,7,2025-11-01 08:33:22.284665
1,2025-01-05 13:33:56,2025-01-05 13:38:37,N,1.0,75,74,1.0,1.3,7.9,0.0,1.5,0.0,0.0,,1.0,9.4,2.0,1.0,0.0,0.0,7,2025-11-01 08:33:22.284665
1,2025-01-05 13:49:00,2025-01-05 14:28:15,N,1.0,41,230,2.0,6.9,36.6,3.5,1.5,0.0,0.0,,1.0,41.6,1.0,1.0,2.75,0.0,7,2025-11-01 08:33:22.284665
2,2025-01-05 11:58:22,2025-01-05 12:14:28,N,1.0,49,225,1.0,3.21,18.4,0.0,0.5,0.0,0.0,,1.0,19.9,2.0,1.0,0.0,0.0,7,2025-11-01 08:33:22.284665
2,2025-01-05 12:59:04,2025-01-05 13:32:57,N,1.0,265,264,1.0,8.95,40.1,0.0,0.5,0.0,0.0,,1.0,41.6,2.0,1.0,0.0,0.0,7,2025-11-01 08:33:22.284665
2,2025-01-05 13:39:42,2025-01-05 13:51:24,N,1.0,74,24,1.0,1.81,13.5,0.0,0.5,1.0,0.0,,1.0,16.0,1.0,1.0,0.0,0.0,7,2025-11-01 08:33:22.284665
2,2025-01-05 14:01:45,2025-01-05 14:09:48,N,1.0,95,95,1.0,0.83,9.3,0.0,0.5,2.16,0.0,,1.0,12.96,1.0,1.0,0.0,0.0,7,2025-11-01 08:33:22.284665
2,2025-01-05 13:13:37,2025-01-05 13:28:04,N,1.0,74,262,1.0,3.14,17.0,0.0,0.5,3.82,0.0,,1.0,25.07,1.0,1.0,2.75,0.0,7,2025-11-01 08:33:22.284665
2,2025-01-05 13:36:45,2025-01-05 13:40:23,N,1.0,74,42,1.0,0.67,5.8,0.0,0.5,0.88,0.0,,1.0,8.18,1.0,1.0,0.0,0.0,7,2025-11-01 08:33:22.284665
2,2025-01-05 13:29:01,2025-01-05 13:34:49,N,1.0,41,42,2.0,1.15,8.6,0.0,0.5,0.0,0.0,,1.0,10.1,2.0,1.0,0.0,0.0,7,2025-11-01 08:33:22.284665
2,2025-01-05 13:59:33,2025-01-05 14:05:23,N,1.0,24,41,2.0,0.86,7.9,0.0,0.5,1.88,0.0,,1.0,11.28,1.0,1.0,0.0,0.0,7,2025-11-01 08:33:22.284665
2,2025-01-05 13:36:50,2025-01-05 13:47:30,N,1.0,74,238,1.0,2.19,13.5,0.0,0.5,3.0,0.0,,1.0,18.0,1.0,1.0,0.0,0.0,7,2025-11-01 08:33:22.284665
2,2025-01-05 13:05:44,2025-01-05 13:17:35,N,1.0,74,141,1.0,2.67,14.9,0.0,0.5,1.0,0.0,,1.0,20.15,1.0,1.0,2.75,0.0,7,2025-11-01 08:33:22.284665
2,2025-01-05 13:20:38,2025-01-05 13:25:03,N,1.0,74,75,1.0,0.62,6.5,0.0,0.5,0.0,0.0,,1.0,8.0,2.0,1.0,0.0,0.0,7,2025-11-01 08:33:22.284665
2,2025-01-05 13:28:49,2025-01-05 13:49:33,N,5.0,74,183,3.0,7.84,40.0,0.0,0.0,0.0,0.0,,1.0,41.0,2.0,2.0,0.0,0.0,7,2025-11-01 08:33:22.284665
1,2025-01-05 13:15:37,2025-01-05 13:54:16,N,1.0,41,237,1.0,11.6,50.6,4.5,1.5,11.15,0.0,,1.0,67.75,1.0,1.0,2.75,0.0,7,2025-11-01 08:33:22.284665
2,2025-01-05 13:55:10,2025-01-05 14:08:23,N,1.0,74,24,6.0,2.2,14.9,0.0,0.5,0.0,0.0,,1.0,16.4,2.0,1.0,0.0,0.0,7,2025-11-01 08:33:22.284665
2,2025-01-05 13:06:27,2025-01-05 13:24:47,N,1.0,166,142,1.0,2.76,19.1,0.0,0.5,4.67,0.0,,1.0,28.02,1.0,1.0,2.75,0.0,7,2025-11-01 08:33:22.284665
2,2025-01-05 13:44:56,2025-01-05 14:01:04,N,1.0,166,48,1.0,3.82,19.8,0.0,0.5,6.2,0.0,,1.0,31.0,1.0,1.0,2.75,0.75,7,2025-11-01 08:33:22.284665
2,2025-01-05 13:28:20,2025-01-05 13:54:52,N,1.0,7,261,1.0,9.63,40.8,0.0,0.5,9.16,0.0,,1.0,54.96,1.0,1.0,2.75,0.75,7,2025-11-01 08:33:22.284665
2,2025-01-05 13:09:20,2025-01-05 13:17:26,N,1.0,65,189,1.0,1.59,10.0,0.0,0.5,2.88,0.0,,1.0,14.38,1.0,1.0,0.0,0.0,7,2025-11-01 08:33:22.284665
2,2025-01-05 13:29:30,2025-01-05 13:42:47,N,1.0,25,181,1.0,1.55,13.5,0.0,0.5,3.75,0.0,,1.0,18.75,1.0,1.0,0.0,0.0,7,2025-11-01 08:33:22.284665
2,2025-01-05 13:09:15,2025-01-05 13:23:25,N,1.0,74,140,1.0,3.49,18.4,0.0,0.5,4.53,0.0,,1.0,27.18,1.0,1.0,2.75,0.0,7,2025-11-01 08:33:22.284665
2,2025-01-05 13:18:41,2025-01-05 13:36:40,N,1.0,95,16,1.0,7.95,33.1,0.0,0.5,8.65,0.0,,1.0,43.25,1.0,1.0,0.0,0.0,7,2025-11-01 08:33:22.284665
1,2025-01-05 13:31:07,2025-01-05 13:43:17,N,1.0,74,238,1.0,2.6,14.2,2.75,1.5,3.0,0.0,,1.0,21.45,1.0,1.0,2.75,0.0,7,2025-11-01 08:33:22.284665
2,2025-01-05 13:34:01,2025-01-05 13:41:08,N,1.0,97,49,1.0,1.19,8.6,0.0,0.5,2.02,0.0,,1.0,12.12,1.0,1.0,0.0,0.0,7,2025-11-01 08:33:22.284665
2,2025-01-05 13:27:50,2025-01-05 13:42:03,N,1.0,97,188,2.0,2.77,17.0,0.0,0.5,4.62,0.0,,1.0,23.12,1.0,1.0,0.0,0.0,7,2025-11-01 08:33:22.284665
1,2025-01-05 13:46:25,2025-01-05 13:58:52,N,1.0,83,138,3.0,3.9,18.4,5.0,1.5,0.0,0.0,,1.0,24.9,2.0,1.0,0.0,0.0,7,2025-11-01 08:33:22.284665
2,2025-01-05 13:05:47,2025-01-05 13:15:37,N,1.0,97,189,1.0,1.7,11.4,0.0,0.5,2.58,0.0,,1.0,15.48,1.0,1.0,0.0,0.0,7,2025-11-01 08:33:22.284665
2,2025-01-05 13:48:41,2025-01-05 14:04:10,N,1.0,97,225,1.0,2.78,16.3,0.0,0.5,3.56,0.0,,1.0,21.36,1.0,1.0,0.0,0.0,7,2025-11-01 08:33:22.284665
2,2025-01-05 13:28:07,2025-01-05 13:36:38,N,1.0,82,138,2.0,3.76,17.0,5.0,0.5,0.0,0.0,,1.0,23.5,2.0,1.0,0.0,0.0,7,2025-11-01 08:33:22.284665
2,2025-01-05 13:56:01,2025-01-05 14:06:22,N,1.0,97,25,1.0,1.26,10.7,0.0,0.5,3.05,0.0,,1.0,15.25,1.0,1.0,0.0,0.0,7,2025-11-01 08:33:22.284665
1,2025-01-05 13:50:02,2025-01-05 13:57:46,N,1.0,97,189,0.0,1.0,9.3,0.0,1.5,2.15,0.0,,1.0,12.95,1.0,1.0,0.0,0.0,7,2025-11-01 08:33:22.284665
2,2025-01-05 13:29:02,2025-01-05 13:38:16,N,1.0,43,43,1.0,1.39,10.7,0.0,0.5,0.0,0.0,,1.0,14.95,2.0,1.0,2.75,0.0,7,2025-11-01 08:33:22.284665
2,2025-01-05 13:08:47,2025-01-05 13:15:49,N,1.0,74,42,1.0,1.3,9.3,0.0,0.5,0.0,0.0,,1.0,10.8,2.0,1.0,0.0,0.0,7,2025-11-01 08:33:22.284665
2,2025-01-05 13:38:03,2025-01-05 13:48:29,N,1.0,74,236,1.0,2.06,12.8,0.0,0.5,3.41,0.0,,1.0,20.46,1.0,1.0,2.75,0.0,7,2025-11-01 08:33:22.284665
2,2025-01-05 13:00:06,2025-01-05 13:14:20,N,1.0,65,225,1.0,5.48,24.7,0.0,0.5,6.55,0.0,,1.0,32.75,1.0,1.0,0.0,0.0,7,2025-11-01 08:33:22.284665
2,2025-01-05 13:45:18,2025-01-05 13:59:58,N,1.0,41,239,1.0,2.62,15.6,0.0,0.5,3.97,0.0,,1.0,23.82,1.0,1.0,2.75,0.0,7,2025-11-01 08:33:22.284665
2,2025-01-05 13:14:19,2025-01-05 13:49:09,N,1.0,130,86,1.0,9.81,45.7,0.0,0.5,0.0,0.0,,1.0,47.2,2.0,1.0,0.0,0.0,7,2025-11-01 08:33:22.284665
2,2025-01-05 13:05:35,2025-01-05 13:13:05,N,1.0,74,41,1.0,0.9,8.6,0.0,0.5,0.0,0.0,,1.0,10.1,1.0,1.0,0.0,0.0,7,2025-11-01 08:33:22.284665
2,2025-01-05 13:37:15,2025-01-05 13:44:48,N,1.0,74,263,1.0,1.8,10.7,0.0,0.5,3.74,0.0,,1.0,18.69,1.0,1.0,2.75,0.0,7,2025-11-01 08:33:22.284665
2,2025-01-05 13:13:17,2025-01-05 13:26:51,N,1.0,74,263,1.0,2.38,14.9,0.0,0.5,2.0,0.0,,1.0,21.15,1.0,1.0,2.75,0.0,7,2025-11-01 08:33:22.284665
2,2025-01-05 13:38:46,2025-01-05 13:55:10,N,1.0,74,238,1.0,2.54,17.0,0.0,0.5,4.25,0.0,,1.0,25.5,1.0,1.0,2.75,0.0,7,2025-11-01 08:33:22.284665
2,2025-01-05 13:59:17,2025-01-05 14:11:24,N,1.0,74,263,1.0,2.05,13.5,0.0,0.5,5.32,0.0,,1.0,23.07,1.0,1.0,2.75,0.0,7,2025-11-01 08:33:22.284665
2,2025-01-05 13:23:17,2025-01-05 13:31:15,N,1.0,41,116,1.0,1.93,11.4,0.0,0.5,0.0,0.0,,1.0,12.9,2.0,1.0,0.0,0.0,7,2025-11-01 08:33:22.284665
2,2025-01-05 13:04:19,2025-01-05 13:11:32,N,1.0,41,152,1.0,1.34,9.3,0.0,0.5,0.0,0.0,,1.0,10.8,2.0,1.0,0.0,0.0,7,2025-11-01 08:33:22.284665
2,2025-01-05 13:27:40,2025-01-05 13:44:02,N,5.0,82,129,1.0,3.38,25.0,0.0,0.0,5.2,0.0,,1.0,31.2,1.0,2.0,0.0,0.0,7,2025-11-01 08:33:22.284665
2,2025-01-05 13:45:30,2025-01-05 14:15:22,N,1.0,129,82,1.0,5.8,35.9,0.0,0.5,0.0,0.0,,1.0,37.4,2.0,1.0,0.0,0.0,7,2025-11-01 08:33:22.284665
2,2025-01-05 13:32:32,2025-01-05 13:54:18,N,1.0,74,43,1.0,3.68,22.6,0.0,0.5,5.32,0.0,,1.0,31.92,1.0,1.0,2.5,0.0,7,2025-11-01 08:33:22.284665
2,2025-01-05 13:38:17,2025-01-05 13:53:10,N,1.0,74,166,1.0,2.04,14.2,0.0,0.5,4.71,0.0,,1.0,20.41,1.0,1.0,0.0,0.0,7,2025-11-01 08:33:22.284665
2,2025-01-05 13:33:25,2025-01-05 13:51:33,N,1.0,95,175,1.0,6.84,29.6,0.0,0.5,0.0,0.0,,1.0,31.1,2.0,1.0,0.0,0.0,7,2025-11-01 08:33:22.284665
2,2025-01-05 13:29:21,2025-01-05 13:38:00,N,1.0,43,262,1.0,1.77,11.4,0.0,0.5,3.13,0.0,,1.0,18.78,1.0,1.0,2.75,0.0,7,2025-11-01 08:33:22.284665
1,2025-01-05 14:00:44,2025-01-05 14:00:57,N,1.0,145,145,1.0,0.0,3.0,0.0,1.5,0.0,0.0,,1.0,4.5,2.0,1.0,0.0,0.0,7,2025-11-01 08:33:22.284665
2,2025-01-05 14:42:06,2025-01-05 14:47:57,N,1.0,75,74,1.0,1.3,8.6,0.0,0.5,3.03,0.0,,1.0,13.13,1.0,1.0,0.0,0.0,7,2025-11-01 08:33:22.284665
2,2025-01-05 14:53:52,2025-01-05 14:57:44,N,1.0,74,75,1.0,0.52,5.8,0.0,0.5,0.0,0.0,,1.0,7.3,2.0,1.0,0.0,0.0,7,2025-11-01 08:33:22.284665
1,2025-01-05 14:30:49,2025-01-05 14:34:40,N,1.0,75,74,0.0,1.0,6.5,0.0,1.5,0.0,0.0,,1.0,8.0,1.0,1.0,0.0,0.0,7,2025-11-01 08:33:22.284665
1,2025-01-05 14:37:34,2025-01-05 14:58:33,N,1.0,74,236,0.0,3.4,20.5,2.75,1.5,4.95,0.0,,1.0,29.7,1.0,1.0,2.75,0.0,7,2025-11-01 08:33:22.284665
2,2025-01-05 14:06:13,2025-01-05 14:14:11,N,1.0,49,65,2.0,1.63,10.0,0.0,0.5,0.0,0.0,,1.0,11.5,2.0,1.0,0.0,0.0,7,2025-11-01 08:33:22.284665
2,2025-01-05 14:24:07,2025-01-05 14:28:45,N,1.0,97,97,2.0,0.73,6.5,0.0,0.5,1.6,0.0,,1.0,9.6,1.0,1.0,0.0,0.0,7,2025-11-01 08:33:22.284665
2,2025-01-05 14:35:56,2025-01-05 14:49:57,N,1.0,97,17,2.0,2.27,14.2,0.0,0.5,4.71,0.0,,1.0,20.41,1.0,1.0,0.0,0.0,7,2025-11-01 08:33:22.284665
2,2025-01-05 14:06:41,2025-01-05 14:26:59,N,1.0,74,239,2.0,3.01,20.5,0.0,0.5,4.95,0.0,,1.0,29.7,1.0,1.0,2.75,0.0,7,2025-11-01 08:33:22.284665
2,2025-01-05 14:22:19,2025-01-05 14:41:06,N,1.0,97,89,1.0,3.16,19.8,0.0,0.5,5.32,0.0,,1.0,26.62,1.0,1.0,0.0,0.0,7,2025-11-01 08:33:22.284665
2,2025-01-05 14:34:05,2025-01-05 14:54:50,N,1.0,166,68,1.0,5.19,26.8,0.0,0.5,6.36,0.0,,1.0,38.16,1.0,1.0,2.75,0.75,7,2025-11-01 08:33:22.284665
2,2025-01-05 06:36:54,2025-01-05 06:43:18,N,1.0,74,75,1.0,1.17,8.6,0.0,0.5,2.02,0.0,,1.0,12.12,1.0,1.0,0.0,0.0,7,2025-11-01 08:33:22.284665
2,2025-01-05 14:55:38,2025-01-05 15:05:50,N,1.0,75,263,4.0,1.61,11.4,0.0,0.5,0.0,0.0,,1.0,15.65,2.0,1.0,2.75,0.0,7,2025-11-01 08:33:22.284665
2,2025-01-05 14:45:17,2025-01-05 15:08:50,N,5.0,197,61,1.0,5.73,24.0,0.0,0.0,0.0,0.0,,1.0,25.0,1.0,2.0,0.0,0.0,7,2025-11-01 08:33:22.284665
2,2025-01-05 14:38:17,2025-01-05 14:50:28,N,1.0,95,95,1.0,1.27,12.8,0.0,0.5,0.0,0.0,,1.0,14.3,1.0,1.0,0.0,0.0,7,2025-11-01 08:33:22.284665
2,2025-01-05 14:49:14,2025-01-05 15:22:50,N,1.0,33,161,1.0,8.67,43.6,0.0,0.5,9.72,0.0,,1.0,58.32,1.0,1.0,2.75,0.75,7,2025-11-01 08:33:22.284665
1,2025-01-05 14:18:31,2025-01-05 14:29:15,N,1.0,65,61,1.0,1.9,12.8,0.0,1.5,2.85,0.0,,1.0,17.15,1.0,1.0,0.0,0.0,7,2025-11-01 08:33:22.284665
2,2025-01-05 14:57:36,2025-01-05 15:04:53,N,1.0,75,141,1.0,1.33,9.3,0.0,0.5,0.0,0.0,,1.0,13.55,2.0,1.0,2.75,0.0,7,2025-11-01 08:33:22.284665
2,2025-01-05 14:31:27,2025-01-05 14:42:06,N,1.0,74,166,6.0,1.37,11.4,0.0,0.5,2.58,0.0,,1.0,15.48,1.0,1.0,0.0,0.0,7,2025-11-01 08:33:22.284665
2,2025-01-05 14:48:38,2025-01-05 15:03:23,N,1.0,166,48,6.0,5.39,24.7,0.0,0.5,7.42,0.0,,1.0,37.12,1.0,1.0,2.75,0.75,7,2025-11-01 08:33:22.284665
2,2025-01-05 11:42:59,2025-01-05 12:24:48,N,5.0,65,132,1.0,17.36,75.0,0.0,0.0,0.1,0.0,,1.0,76.1,1.0,2.0,0.0,0.0,7,2025-11-01 08:33:22.284665
2,2025-01-05 14:57:23,2025-01-05 15:17:54,N,1.0,7,163,1.0,3.96,22.6,0.0,0.5,0.0,0.0,,1.0,27.6,2.0,1.0,2.75,0.75,7,2025-11-01 08:33:22.284665
2,2025-01-05 14:15:56,2025-01-05 14:21:11,N,1.0,166,166,1.0,0.91,7.2,0.0,0.5,0.0,0.0,,1.0,8.7,2.0,1.0,0.0,0.0,7,2025-11-01 08:33:22.284665
2,2025-01-05 14:31:27,2025-01-05 14:45:53,N,1.0,74,262,1.0,2.56,15.6,0.0,0.5,0.0,0.0,,1.0,19.85,2.0,1.0,2.75,0.0,7,2025-11-01 08:33:22.284665
2,2025-01-05 14:32:21,2025-01-05 14:37:49,N,5.0,95,95,2.0,1.03,15.0,0.0,0.0,0.0,0.0,,1.0,16.0,1.0,2.0,0.0,0.0,7,2025-11-01 08:33:22.284665
2,2025-01-05 14:44:16,2025-01-05 14:53:13,N,1.0,74,41,1.0,1.3,10.0,0.0,0.5,2.3,0.0,,1.0,13.8,1.0,1.0,0.0,0.0,7,2025-11-01 08:33:22.284665
2,2025-01-05 14:51:52,2025-01-05 15:05:48,N,1.0,95,135,1.0,2.85,16.3,0.0,0.5,0.0,0.0,,1.0,17.8,2.0,1.0,0.0,0.0,7,2025-11-01 08:33:22.284665
2,2025-01-05 14:42:21,2025-01-05 14:53:33,N,1.0,74,166,1.0,1.83,12.1,0.0,0.5,2.72,0.0,,1.0,16.32,1.0,1.0,0.0,0.0,7,2025-11-01 08:33:22.284665
2,2025-01-05 14:03:51,2025-01-05 14:09:22,N,1.0,74,75,1.0,1.46,8.6,0.0,0.5,3.03,0.0,,1.0,13.13,1.0,1.0,0.0,0.0,7,2025-11-01 08:33:22.284665
2,2025-01-05 14:14:51,2025-01-05 14:21:16,N,1.0,75,74,1.0,1.31,9.3,0.0,0.5,0.0,0.0,,1.0,10.8,2.0,1.0,0.0,0.0,7,2025-11-01 08:33:22.284665
2,2025-01-05 14:54:06,2025-01-05 15:09:27,N,1.0,74,239,1.0,3.39,18.4,0.0,0.5,0.0,0.0,,1.0,22.65,2.0,1.0,2.75,0.0,7,2025-11-01 08:33:22.284665
2,2025-01-05 14:02:12,2025-01-05 14:09:44,N,1.0,41,42,1.0,0.73,8.6,0.0,0.5,1.52,0.0,,1.0,11.62,1.0,1.0,0.0,0.0,7,2025-11-01 08:33:22.284665
2,2025-01-05 14:02:09,2025-01-05 14:13:53,N,1.0,130,134,1.0,2.07,13.5,0.0,0.5,0.0,0.0,,1.0,15.0,2.0,1.0,0.0,0.0,7,2025-11-01 08:33:22.284665
2,2025-01-05 13:49:59,2025-01-05 14:13:30,N,1.0,82,258,1.0,4.76,26.8,0.0,0.5,5.66,0.0,,1.0,33.96,1.0,1.0,0.0,0.0,7,2025-11-01 08:33:22.284665
2,2025-01-05 14:35:13,2025-01-05 14:56:50,N,1.0,74,239,1.0,3.26,21.9,0.0,0.5,5.23,0.0,,1.0,31.38,1.0,1.0,2.75,0.0,7,2025-11-01 08:33:22.284665
2,2025-01-05 14:48:32,2025-01-05 15:01:01,N,1.0,256,114,1.0,2.26,14.9,0.0,0.5,0.0,0.0,,1.0,19.9,2.0,1.0,2.75,0.75,7,2025-11-01 08:33:22.284665
1,2025-01-05 14:15:23,2025-01-05 14:33:19,N,1.0,41,169,1.0,0.0,23.5,0.0,1.5,0.0,0.0,,1.0,25.0,1.0,1.0,0.0,0.0,7,2025-11-01 08:33:22.284665
1,2025-01-05 14:33:11,2025-01-05 14:41:06,N,1.0,74,236,1.0,1.8,10.7,2.75,1.5,1.0,0.0,,1.0,15.95,1.0,1.0,2.75,0.0,7,2025-11-01 08:33:22.284665
2,2025-01-05 14:38:16,2025-01-05 14:43:45,N,1.0,82,196,1.0,0.86,7.9,0.0,0.5,0.0,0.0,,1.0,9.4,2.0,1.0,0.0,0.0,7,2025-11-01 08:33:22.284665
2,2025-01-05 14:14:50,2025-01-05 14:20:49,N,1.0,41,166,6.0,0.95,7.9,0.0,0.5,0.0,0.0,,1.0,9.4,2.0,1.0,0.0,0.0,7,2025-11-01 08:33:22.284665
2,2025-01-05 14:24:21,2025-01-05 14:49:01,N,1.0,166,230,6.0,4.44,25.4,0.0,0.5,3.04,0.0,,1.0,33.44,1.0,1.0,2.75,0.75,7,2025-11-01 08:33:22.284665
2,2025-01-05 14:03:29,2025-01-05 14:11:42,N,1.0,82,70,1.0,2.93,14.9,0.0,0.5,0.0,0.0,,1.0,16.4,2.0,1.0,0.0,0.0,7,2025-11-01 08:33:22.284665
2,2025-01-05 14:30:35,2025-01-05 14:51:08,N,1.0,66,233,1.0,6.18,30.3,0.0,0.5,2.0,0.0,,1.0,37.3,1.0,1.0,2.75,0.75,7,2025-11-01 08:33:22.284665
2,2025-01-05 14:30:53,2025-01-05 14:46:29,N,1.0,74,141,1.0,3.44,17.7,0.0,0.5,5.49,0.0,,1.0,27.44,1.0,1.0,2.75,0.0,7,2025-11-01 08:33:22.284665
2,2025-01-05 14:05:22,2025-01-05 14:10:49,N,1.0,74,42,1.0,0.68,7.2,0.0,0.5,2.18,0.0,,1.0,10.88,1.0,1.0,0.0,0.0,7,2025-11-01 08:33:22.284665
2,2025-01-05 14:34:06,2025-01-05 14:48:22,N,1.0,74,166,1.0,1.9,14.2,0.0,0.5,0.0,0.0,,1.0,15.7,2.0,1.0,0.0,0.0,7,2025-11-01 08:33:22.284665
2,2025-01-05 14:04:27,2025-01-05 14:12:52,N,1.0,95,134,1.0,1.24,10.0,0.0,0.5,0.0,0.0,,1.0,11.5,2.0,1.0,0.0,0.0,7,2025-11-01 08:33:22.284665
1,2025-01-05 14:33:02,2025-01-05 14:53:58,N,1.0,74,142,1.0,4.0,21.9,2.75,1.5,5.2,0.0,,1.0,31.35,1.0,1.0,2.75,0.0,7,2025-11-01 08:33:22.284665
2,2025-01-05 13:57:37,2025-01-05 14:14:47,N,1.0,97,87,1.0,3.03,19.1,0.0,0.5,4.82,0.0,,1.0,28.92,1.0,1.0,2.75,0.75,7,2025-11-01 08:33:22.284665
2,2025-01-05 14:33:13,2025-01-05 14:48:53,N,1.0,65,17,1.0,2.39,16.3,0.0,0.5,0.0,0.0,,1.0,17.8,2.0,1.0,0.0,0.0,7,2025-11-01 08:33:22.284665
2,2025-01-05 14:10:03,2025-01-05 14:34:53,N,1.0,65,227,2.0,3.98,24.7,0.0,0.5,5.24,0.0,,1.0,31.44,1.0,1.0,0.0,0.0,7,2025-11-01 08:33:22.284665
2,2025-01-05 14:00:39,2025-01-05 14:42:32,N,5.0,92,132,4.0,10.71,60.0,0.0,0.0,0.0,0.0,,1.0,61.0,2.0,1.0,0.0,0.0,7,2025-11-01 08:33:22.284665
2,2025-01-05 14:27:06,2025-01-05 14:37:34,N,1.0,65,189,1.0,1.67,12.1,0.0,0.5,3.4,0.0,,1.0,17.0,1.0,1.0,0.0,0.0,7,2025-11-01 08:33:22.284665
2,2025-01-05 14:01:03,2025-01-05 14:14:41,N,1.0,74,151,1.0,2.43,14.9,0.0,0.5,3.5,0.0,,1.0,19.9,1.0,1.0,0.0,0.0,7,2025-11-01 08:33:22.284665
2,2025-01-05 14:49:19,2025-01-05 15:00:14,N,1.0,74,166,1.0,1.75,12.1,0.0,0.5,3.4,0.0,,1.0,17.0,1.0,1.0,0.0,0.0,7,2025-11-01 08:33:22.284665
1,2025-01-05 14:11:48,2025-01-05 14:20:47,N,1.0,65,181,0.0,1.5,10.7,0.0,1.5,0.0,0.0,,1.0,12.2,2.0,1.0,0.0,0.0,7,2025-11-01 08:33:22.284665
1,2025-01-05 14:37:43,2025-01-05 14:55:27,N,1.0,65,62,0.0,3.4,19.8,0.0,1.5,0.0,0.0,,1.0,21.3,2.0,1.0,0.0,0.0,7,2025-11-01 08:33:22.284665
2,2025-01-05 14:36:54,2025-01-05 14:44:26,N,1.0,74,41,2.0,1.1,8.6,0.0,0.5,5.0,0.0,,1.0,15.1,1.0,1.0,0.0,0.0,7,2025-11-01 08:33:22.284665
2,2025-01-05 14:53:46,2025-01-05 15:33:15,N,5.0,41,36,1.0,10.69,80.0,0.0,0.0,21.98,6.94,,1.0,109.92,1.0,2.0,0.0,0.0,7,2025-11-01 08:33:22.284665
2,2025-01-05 14:12:16,2025-01-05 14:20:43,N,1.0,7,146,1.0,1.47,10.0,0.0,0.5,3.0,0.0,,1.0,14.5,1.0,1.0,0.0,0.0,7,2025-11-01 08:33:22.284665
2,2025-01-05 14:15:18,2025-01-05 14:26:07,N,1.0,74,237,1.0,2.57,14.2,0.0,0.5,3.69,0.0,,1.0,22.14,1.0,1.0,2.75,0.0,7,2025-11-01 08:33:22.284665
2,2025-01-05 14:41:34,2025-01-05 14:54:02,N,1.0,74,238,1.0,2.91,15.6,0.0,0.5,3.97,0.0,,1.0,23.82,1.0,1.0,2.75,0.0,7,2025-11-01 08:33:22.284665
2,2025-01-05 14:07:19,2025-01-05 14:15:54,N,1.0,129,138,1.0,3.57,16.3,5.0,0.5,0.0,0.0,,1.0,22.8,2.0,1.0,0.0,0.0,7,2025-11-01 08:33:22.284665
2,2025-01-05 14:01:14,2025-01-05 14:39:01,N,5.0,65,1,1.0,15.21,110.0,0.0,0.0,25.43,15.38,,1.0,152.56,1.0,2.0,0.0,0.75,7,2025-11-01 08:33:22.284665
2,2025-01-05 13:53:11,2025-01-05 13:59:44,N,1.0,74,42,1.0,0.0,7.2,0.0,0.5,0.0,0.0,,1.0,8.7,2.0,1.0,0.0,0.0,7,2025-11-01 08:33:22.284665
2,2025-01-05 14:31:59,2025-01-05 14:45:44,N,1.0,74,244,1.0,0.0,12.1,0.0,0.5,2.0,0.0,,1.0,15.6,1.0,1.0,0.0,0.0,7,2025-11-01 08:33:22.284665
2,2025-01-05 14:08:04,2025-01-05 14:18:42,N,1.0,41,42,1.0,2.02,12.8,0.0,0.5,2.86,0.0,,1.0,17.16,1.0,1.0,0.0,0.0,7,2025-11-01 08:33:22.284665
2,2025-01-05 14:52:41,2025-01-05 15:11:34,N,1.0,41,243,1.0,5.18,26.1,0.0,0.5,6.9,0.0,,1.0,34.5,1.0,1.0,0.0,0.0,7,2025-11-01 08:33:22.284665
2,2025-01-05 14:03:26,2025-01-05 14:14:53,N,1.0,74,263,1.0,2.4,13.5,0.0,0.5,3.55,0.0,,1.0,21.3,1.0,1.0,2.75,0.0,7,2025-11-01 08:33:22.284665
2,2025-01-05 14:20:25,2025-01-05 14:34:38,N,1.0,74,239,1.0,3.6,18.4,0.0,0.5,0.0,0.0,,1.0,22.65,2.0,1.0,2.75,0.0,7,2025-11-01 08:33:22.284665
2,2025-01-05 14:55:30,2025-01-05 15:15:49,N,1.0,74,43,1.0,3.86,21.9,0.0,0.5,2.5,0.0,,1.0,29.4,1.0,1.0,2.75,0.75,7,2025-11-01 08:33:22.284665
2,2025-01-05 14:53:00,2025-01-05 15:45:00,N,1.0,82,55,6.0,16.91,72.3,0.0,0.5,0.0,0.0,,1.0,73.8,2.0,1.0,0.0,0.0,7,2025-11-01 08:33:22.284665
2,2025-01-05 14:04:28,2025-01-05 14:11:11,N,1.0,75,263,1.0,1.25,8.6,0.0,0.5,1.0,0.0,,1.0,13.85,1.0,1.0,2.75,0.0,7,2025-11-01 08:33:22.284665
2,2025-01-05 14:36:29,2025-01-05 14:43:09,N,1.0,74,74,1.0,1.39,8.6,0.0,0.5,3.03,0.0,,1.0,13.13,1.0,1.0,0.0,0.0,7,2025-11-01 08:33:22.284665
2,2025-01-05 14:03:28,2025-01-05 14:19:14,N,1.0,74,151,1.0,2.59,17.0,0.0,0.5,3.7,0.0,,1.0,22.2,1.0,1.0,0.0,0.0,7,2025-11-01 08:33:22.284665
2,2025-01-05 14:39:32,2025-01-05 14:48:03,N,1.0,74,236,1.0,1.79,10.7,0.0,0.5,2.99,0.0,,1.0,17.94,1.0,1.0,2.75,0.0,7,2025-11-01 08:33:22.284665
2,2025-01-05 14:37:47,2025-01-05 14:44:40,N,1.0,74,75,1.0,1.44,9.3,0.0,0.5,0.0,0.0,,1.0,10.8,2.0,1.0,0.0,0.0,7,2025-11-01 08:33:22.284665
2,2025-01-05 13:05:21,2025-01-05 13:18:18,N,1.0,74,141,2.0,2.68,15.6,0.0,0.5,3.97,0.0,,1.0,23.82,1.0,1.0,2.75,0.0,7,2025-11-01 08:33:22.284665
2,2025-01-05 14:08:14,2025-01-05 14:45:29,N,1.0,130,82,1.0,6.98,42.2,0.0,0.5,0.0,0.0,,1.0,43.7,2.0,1.0,0.0,0.0,7,2025-11-01 08:33:22.284665
2,2025-01-05 14:03:29,2025-01-05 14:18:04,N,1.0,74,141,1.0,2.82,16.3,0.0,0.5,4.11,0.0,,1.0,24.66,1.0,1.0,2.75,0.0,7,2025-11-01 08:33:22.284665
2,2025-01-05 14:29:49,2025-01-05 14:40:27,N,1.0,75,239,1.0,1.68,12.1,0.0,0.5,2.45,0.0,,1.0,18.8,1.0,1.0,2.75,0.0,7,2025-11-01 08:33:22.284665
2,2025-01-05 14:50:00,2025-01-05 15:01:06,N,1.0,75,75,1.0,1.44,11.4,0.0,0.5,0.0,0.0,,1.0,15.65,2.0,1.0,2.75,0.0,7,2025-11-01 08:33:22.284665
2,2025-01-05 14:16:36,2025-01-05 14:29:45,N,1.0,82,82,1.0,0.0,12.1,0.0,0.5,0.0,0.0,,1.0,13.6,2.0,1.0,0.0,0.0,7,2025-11-01 08:33:22.284665
2,2025-01-05 14:10:42,2025-01-05 14:20:57,N,1.0,74,41,1.0,0.71,10.0,0.0,0.5,1.5,0.0,,1.0,13.0,1.0,1.0,0.0,0.0,7,2025-11-01 08:33:22.284665
2,2025-01-05 14:53:52,2025-01-05 14:56:34,N,1.0,41,42,1.0,0.56,5.1,0.0,0.5,0.0,0.0,,1.0,6.6,2.0,1.0,0.0,0.0,7,2025-11-01 08:33:22.284665
2,2025-01-05 14:56:04,2025-01-05 15:02:12,N,1.0,24,41,1.0,0.85,7.9,0.0,0.5,1.88,0.0,,1.0,11.28,1.0,1.0,0.0,0.0,7,2025-11-01 08:33:22.284665
2,2025-01-05 14:46:06,2025-01-05 14:56:31,N,1.0,260,223,1.0,2.47,14.2,0.0,0.5,5.0,0.0,,1.0,20.7,1.0,1.0,0.0,0.0,7,2025-11-01 08:33:22.284665
2,2025-01-05 14:03:28,2025-01-05 14:14:11,N,1.0,74,236,1.0,1.8,11.4,0.0,0.5,3.13,0.0,,1.0,18.78,1.0,1.0,2.75,0.0,7,2025-11-01 08:33:22.284665
2,2025-01-05 14:36:17,2025-01-05 14:44:39,N,1.0,74,75,1.0,1.17,9.3,0.0,0.5,2.16,0.0,,1.0,12.96,1.0,1.0,0.0,0.0,7,2025-11-01 08:33:22.284665
2,2025-01-05 15:18:24,2025-01-05 15:23:37,N,1.0,75,42,1.0,1.46,8.6,0.0,0.5,0.0,0.0,,1.0,10.1,2.0,1.0,0.0,0.0,7,2025-11-01 08:33:22.284665
2,2025-01-05 15:27:58,2025-01-05 15:55:18,N,1.0,41,230,1.0,4.12,26.8,0.0,0.5,0.0,0.0,,1.0,31.8,2.0,1.0,2.75,0.75,7,2025-11-01 08:33:22.284665
2,2025-01-05 15:02:51,2025-01-05 15:49:03,N,1.0,171,92,1.0,2.79,36.6,0.0,0.5,0.0,0.0,,1.0,38.1,2.0,1.0,0.0,0.0,7,2025-11-01 08:33:22.284665
2,2025-01-05 15:01:30,2025-01-05 15:30:51,N,1.0,129,82,1.0,2.99,26.1,0.0,0.5,0.0,0.0,,1.0,27.6,2.0,1.0,0.0,0.0,7,2025-11-01 08:33:22.284665
2,2025-01-05 15:29:11,2025-01-05 15:45:17,N,1.0,74,238,1.0,2.97,17.7,0.0,0.5,4.39,0.0,,1.0,26.34,1.0,1.0,2.75,0.0,7,2025-11-01 08:33:22.284665
2,2025-01-05 15:32:04,2025-01-05 15:40:13,N,5.0,260,157,1.0,1.55,15.55,0.0,0.0,1.6,0.0,,1.0,18.15,1.0,2.0,0.0,0.0,7,2025-11-01 08:33:22.284665
2,2025-01-05 15:52:55,2025-01-05 16:17:30,N,1.0,74,113,1.0,6.29,30.3,0.0,0.5,7.06,0.0,,1.0,42.36,1.0,1.0,2.75,0.75,7,2025-11-01 08:33:22.284665
2,2025-01-05 15:26:09,2025-01-05 16:41:44,N,1.0,92,92,2.0,0.05,55.5,0.0,0.5,0.0,0.0,,1.0,57.0,2.0,1.0,0.0,0.0,7,2025-11-01 08:33:22.284665
2,2025-01-05 15:26:59,2025-01-05 15:38:29,N,1.0,65,49,2.0,1.71,12.8,0.0,0.5,0.0,0.0,,1.0,14.3,2.0,1.0,0.0,0.0,7,2025-11-01 08:33:22.284665
2,2025-01-05 15:08:53,2025-01-05 15:20:29,N,1.0,74,151,3.0,2.05,13.5,0.0,0.5,0.0,0.0,,1.0,15.0,1.0,1.0,0.0,0.0,7,2025-11-01 08:33:22.284665
2,2025-01-05 15:43:58,2025-01-05 15:46:25,N,1.0,41,41,1.0,0.36,4.4,0.0,0.5,1.0,0.0,,1.0,6.9,1.0,1.0,0.0,0.0,7,2025-11-01 08:33:22.284665
2,2025-01-05 16:01:07,2025-01-05 16:40:35,N,1.0,243,179,1.0,10.85,51.3,0.0,0.5,0.0,6.94,,1.0,59.74,2.0,1.0,0.0,0.0,7,2025-11-01 08:33:22.284665
2,2025-01-05 15:39:26,2025-01-05 15:44:24,N,1.0,74,75,1.0,0.9,7.2,0.0,0.5,0.0,0.0,,1.0,8.7,2.0,1.0,0.0,0.0,7,2025-11-01 08:33:22.284665
2,2025-01-05 14:58:43,2025-01-05 15:10:12,N,1.0,97,25,1.0,0.96,11.4,0.0,0.5,2.58,0.0,,1.0,15.48,1.0,1.0,0.0,0.0,7,2025-11-01 08:33:22.284665
2,2025-01-05 15:36:23,2025-01-05 15:52:37,N,1.0,65,181,1.0,2.17,16.3,0.0,0.5,3.56,0.0,,1.0,21.36,1.0,1.0,0.0,0.0,7,2025-11-01 08:33:22.284665
2,2025-01-05 15:47:14,2025-01-05 15:55:23,N,1.0,95,196,2.0,1.31,9.3,0.0,0.5,2.16,0.0,,1.0,12.96,1.0,1.0,0.0,0.0,7,2025-11-01 08:33:22.284665
2,2025-01-05 15:01:14,2025-01-05 15:11:48,N,1.0,74,236,1.0,2.55,14.2,0.0,0.5,3.69,0.0,,1.0,22.14,1.0,1.0,2.75,0.0,7,2025-11-01 08:33:22.284665
2,2025-01-05 06:31:24,2025-01-05 06:40:12,N,1.0,74,236,1.0,2.12,12.1,0.0,0.5,2.0,0.0,,1.0,18.35,1.0,1.0,2.75,0.0,7,2025-11-01 08:33:22.284665
2,2025-01-05 15:16:06,2025-01-05 15:22:36,N,1.0,75,238,4.0,1.03,8.6,0.0,0.5,3.86,0.0,,1.0,16.71,1.0,1.0,2.75,0.0,7,2025-11-01 08:33:22.284665
2,2025-01-05 15:40:04,2025-01-05 15:46:25,N,1.0,75,74,4.0,1.26,8.6,0.0,0.5,0.0,0.0,,1.0,10.1,2.0,1.0,0.0,0.0,7,2025-11-01 08:33:22.284665
2,2025-01-05 15:44:44,2025-01-05 16:07:17,N,1.0,130,7,1.0,10.22,41.5,0.0,0.5,8.6,0.0,,1.0,51.6,1.0,1.0,0.0,0.0,7,2025-11-01 08:33:22.284665
1,2025-01-05 15:06:20,2025-01-05 15:14:48,N,1.0,65,49,1.0,1.2,9.3,0.0,1.5,0.0,0.0,,1.0,10.8,2.0,1.0,0.0,0.0,7,2025-11-01 08:33:22.284665
2,2025-01-05 15:22:30,2025-01-05 15:37:04,N,1.0,74,7,1.0,4.25,21.2,0.0,0.5,0.0,6.94,,1.0,29.64,2.0,1.0,0.0,0.0,7,2025-11-01 08:33:22.284665
2,2025-01-05 15:32:42,2025-01-05 15:42:27,N,1.0,74,24,6.0,2.15,12.1,0.0,0.5,0.0,0.0,,1.0,13.6,1.0,1.0,0.0,0.0,7,2025-11-01 08:33:22.284665
2,2025-01-05 15:30:57,2025-01-05 16:34:52,N,1.0,43,188,1.0,10.26,60.4,0.0,0.5,0.0,0.0,,1.0,64.65,2.0,1.0,2.75,0.0,7,2025-11-01 08:33:22.284665
1,2025-01-05 15:02:34,2025-01-05 15:18:13,N,1.0,166,74,2.0,2.2,13.5,0.0,1.5,0.0,0.0,,1.0,15.0,1.0,1.0,0.0,0.0,7,2025-11-01 08:33:22.284665
1,2025-01-05 15:23:29,2025-01-05 15:31:08,N,1.0,74,43,1.0,1.3,8.6,0.0,1.5,0.0,0.0,,1.0,10.1,2.0,1.0,0.0,0.0,7,2025-11-01 08:33:22.284665
2,2025-01-05 15:22:59,2025-01-05 15:23:01,N,5.0,264,264,2.0,0.0,2.0,0.0,0.0,0.08,0.0,,1.0,3.08,1.0,2.0,0.0,0.0,7,2025-11-01 08:33:22.284665
2,2025-01-05 15:06:24,2025-01-05 15:34:23,N,1.0,74,143,1.0,3.97,26.8,0.0,0.5,7.76,0.0,,1.0,38.81,1.0,1.0,2.75,0.0,7,2025-11-01 08:33:22.284665
2,2025-01-05 15:34:57,2025-01-05 15:47:22,N,1.0,74,166,1.0,1.77,12.8,0.0,0.5,2.86,0.0,,1.0,17.16,1.0,1.0,0.0,0.0,7,2025-11-01 08:33:22.284665
2,2025-01-05 15:32:11,2025-01-05 15:36:05,N,1.0,24,151,1.0,0.48,5.8,0.0,0.5,1.46,0.0,,1.0,8.76,1.0,1.0,0.0,0.0,7,2025-11-01 08:33:22.284665
2,2025-01-05 15:42:12,2025-01-05 15:47:51,N,1.0,41,41,1.0,0.65,7.2,0.0,0.5,1.74,0.0,,1.0,10.44,1.0,1.0,0.0,0.0,7,2025-11-01 08:33:22.284665
2,2025-01-05 15:02:37,2025-01-05 15:19:26,N,1.0,75,142,1.0,2.48,17.0,0.0,0.5,5.31,0.0,,1.0,26.56,1.0,1.0,2.75,0.0,7,2025-11-01 08:33:22.284665
2,2025-01-05 15:50:55,2025-01-05 16:07:26,N,1.0,95,95,1.0,1.04,14.9,0.0,0.5,0.0,0.0,,1.0,16.4,2.0,1.0,0.0,0.0,7,2025-11-01 08:33:22.284665
2,2025-01-05 15:00:18,2025-01-05 15:28:50,N,1.0,166,113,1.0,8.18,38.0,0.0,0.5,8.6,0.0,,1.0,51.6,1.0,1.0,2.75,0.75,7,2025-11-01 08:33:22.284665
2,2025-01-05 15:38:33,2025-01-05 15:39:29,N,1.0,95,95,1.0,0.0,3.0,0.0,0.5,13.0,0.0,,1.0,17.5,1.0,1.0,0.0,0.0,7,2025-11-01 08:33:22.284665
2,2025-01-05 15:47:29,2025-01-05 15:49:56,N,1.0,82,82,2.0,0.04,4.4,0.0,0.5,0.0,0.0,,1.0,5.9,2.0,1.0,0.0,0.0,7,2025-11-01 08:33:22.284665
2,2025-01-05 15:07:13,2025-01-05 15:15:30,N,1.0,7,7,1.0,1.42,10.0,0.0,0.5,2.0,0.0,,1.0,13.5,1.0,1.0,0.0,0.0,7,2025-11-01 08:33:22.284665
2,2025-01-05 15:42:17,2025-01-05 16:05:17,N,1.0,260,263,6.0,5.31,26.8,0.0,0.5,7.76,0.0,,1.0,38.81,1.0,1.0,2.75,0.0,7,2025-11-01 08:33:22.284665
2,2025-01-05 15:04:12,2025-01-05 15:11:49,N,1.0,74,41,1.0,1.02,8.6,0.0,0.5,2.02,0.0,,1.0,12.12,1.0,1.0,0.0,0.0,7,2025-11-01 08:33:22.284665
2,2025-01-05 15:29:47,2025-01-05 15:35:04,N,1.0,74,75,1.0,0.93,7.2,0.0,0.5,1.74,0.0,,1.0,10.44,1.0,1.0,0.0,0.0,7,2025-11-01 08:33:22.284665
2,2025-01-05 15:33:58,2025-01-05 15:46:46,N,1.0,42,263,1.0,2.42,14.9,0.0,0.5,3.83,0.0,,1.0,22.98,1.0,1.0,2.75,0.0,7,2025-11-01 08:33:22.284665
2,2025-01-05 15:02:19,2025-01-05 15:06:14,N,1.0,74,74,1.0,0.55,5.8,0.0,0.5,0.0,0.0,,1.0,7.3,2.0,1.0,0.0,0.0,7,2025-11-01 08:33:22.284665
2,2025-01-05 15:01:01,2025-01-05 15:10:52,N,1.0,130,10,1.0,2.97,14.9,0.0,0.5,0.0,0.0,,1.0,16.4,1.0,1.0,0.0,0.0,7,2025-11-01 08:33:22.284665
2,2025-01-05 15:31:15,2025-01-05 15:42:28,N,1.0,166,244,1.0,2.47,14.2,0.0,0.5,3.92,0.0,,1.0,19.62,1.0,1.0,0.0,0.0,7,2025-11-01 08:33:22.284665
2,2025-01-05 15:35:34,2025-01-05 15:49:28,N,1.0,74,141,1.0,2.96,16.3,0.0,0.5,4.11,0.0,,1.0,24.66,1.0,1.0,2.75,0.0,7,2025-11-01 08:33:22.284665
2,2025-01-05 15:48:50,2025-01-05 15:59:57,N,1.0,116,42,1.0,1.1,11.4,0.0,0.5,0.0,0.0,,1.0,12.9,2.0,1.0,0.0,0.0,7,2025-11-01 08:33:22.284665
1,2025-01-05 15:35:29,2025-01-05 15:35:34,N,1.0,74,74,0.0,1.8,3.0,0.0,1.5,0.0,0.0,,1.0,4.5,3.0,1.0,0.0,0.0,7,2025-11-01 08:33:22.284665
2,2025-01-05 15:38:04,2025-01-05 15:49:16,N,1.0,82,56,1.0,1.39,12.1,0.0,0.5,0.0,0.0,,1.0,13.6,2.0,1.0,0.0,0.0,7,2025-11-01 08:33:22.284665
1,2025-01-05 15:25:09,2025-01-05 15:26:47,N,1.0,166,151,1.0,0.2,3.7,0.0,1.5,1.0,0.0,,1.0,6.2,1.0,1.0,0.0,0.0,7,2025-11-01 08:33:22.284665
1,2025-01-05 15:33:25,2025-01-05 15:41:42,N,1.0,166,238,3.0,1.2,9.3,0.0,1.5,2.15,0.0,,1.0,12.95,1.0,1.0,0.0,0.0,7,2025-11-01 08:33:22.284665
2,2025-01-05 15:11:00,2025-01-05 15:41:57,N,1.0,244,235,1.0,2.41,24.0,0.0,0.5,0.0,0.0,,1.0,25.5,1.0,1.0,0.0,0.0,7,2025-11-01 08:33:22.284665
2,2025-01-05 15:23:57,2025-01-05 15:28:31,N,1.0,66,33,1.0,0.93,7.2,0.0,0.5,1.74,0.0,,1.0,10.44,1.0,1.0,0.0,0.0,7,2025-11-01 08:33:22.284665
2,2025-01-05 15:47:56,2025-01-05 15:55:58,N,1.0,65,181,1.0,0.81,9.3,0.0,0.5,2.16,0.0,,1.0,12.96,1.0,1.0,0.0,0.0,7,2025-11-01 08:33:22.284665
2,2025-01-05 15:48:02,2025-01-05 15:58:26,N,1.0,66,33,1.0,1.01,10.7,0.0,0.5,3.05,0.0,,1.0,15.25,1.0,1.0,0.0,0.0,7,2025-11-01 08:33:22.284665
2,2025-01-05 15:25:21,2025-01-05 15:30:11,N,1.0,74,75,1.0,1.43,7.9,0.0,0.5,0.0,0.0,,1.0,9.4,2.0,1.0,0.0,0.0,7,2025-11-01 08:33:22.284665
2,2025-01-05 15:06:00,2025-01-05 15:16:51,N,1.0,166,50,1.0,4.69,20.5,0.0,0.5,5.1,0.0,,1.0,30.6,1.0,1.0,2.75,0.75,7,2025-11-01 08:33:22.284665
2,2025-01-05 15:14:20,2025-01-05 15:22:54,N,1.0,97,97,1.0,1.27,10.0,0.0,0.5,3.45,0.0,,1.0,14.95,1.0,1.0,0.0,0.0,7,2025-11-01 08:33:22.284665
2,2025-01-05 15:27:03,2025-01-05 15:37:58,N,1.0,97,190,2.0,1.84,12.8,0.0,0.5,0.72,0.0,,1.0,15.02,1.0,1.0,0.0,0.0,7,2025-11-01 08:33:22.284665
2,2025-01-05 15:48:33,2025-01-05 15:55:48,N,1.0,25,97,2.0,0.82,8.6,0.0,0.5,0.0,0.0,,1.0,10.1,2.0,1.0,0.0,0.0,7,2025-11-01 08:33:22.284665
2,2025-01-05 15:57:22,2025-01-05 16:10:36,N,1.0,260,141,1.0,4.5,20.5,0.0,0.5,4.95,0.0,,1.0,29.7,1.0,1.0,2.75,0.0,7,2025-11-01 08:33:22.284665
2,2025-01-05 15:17:31,2025-01-05 15:26:05,N,1.0,97,97,1.0,1.19,10.0,0.0,0.5,0.0,0.0,,1.0,11.5,1.0,1.0,0.0,0.0,7,2025-11-01 08:33:22.284665
2,2025-01-05 15:55:40,2025-01-05 16:02:04,N,1.0,97,97,1.0,1.09,7.9,0.0,0.5,1.88,0.0,,1.0,11.28,1.0,1.0,0.0,0.0,7,2025-11-01 08:33:22.284665
2,2025-01-05 15:49:04,2025-01-05 15:54:37,N,1.0,82,82,2.0,0.85,7.2,0.0,0.5,0.0,0.0,,1.0,8.7,2.0,1.0,0.0,0.0,7,2025-11-01 08:33:22.284665
2,2025-01-05 15:18:43,2025-01-05 15:18:51,N,1.0,61,61,1.0,0.0,3.0,0.0,0.5,25.0,0.0,,1.0,29.5,1.0,1.0,0.0,0.0,7,2025-11-01 08:33:22.284665
2,2025-01-05 15:35:44,2025-01-05 15:49:09,N,1.0,74,238,1.0,3.04,16.3,0.0,0.5,4.11,0.0,,1.0,24.66,1.0,1.0,2.75,0.0,7,2025-11-01 08:33:22.284665
2,2025-01-05 15:47:26,2025-01-05 16:00:11,N,1.0,82,82,1.0,1.58,12.8,0.0,0.5,2.86,0.0,,1.0,17.16,1.0,1.0,0.0,0.0,7,2025-11-01 08:33:22.284665
1,2025-01-05 15:44:44,2025-01-05 15:53:59,N,1.0,65,49,0.0,1.3,10.7,0.0,1.5,2.4,0.0,,1.0,14.6,1.0,1.0,0.0,0.0,7,2025-11-01 08:33:22.284665
2,2025-01-05 15:19:25,2025-01-05 15:26:35,N,1.0,95,95,1.0,1.2,8.6,0.0,0.5,2.52,0.0,,1.0,12.62,1.0,1.0,0.0,0.0,7,2025-11-01 08:33:22.284665
2,2025-01-05 15:24:54,2025-01-05 15:32:04,N,1.0,75,263,1.0,1.37,9.3,0.0,0.5,2.71,0.0,,1.0,16.26,1.0,1.0,2.75,0.0,7,2025-11-01 08:33:22.284665
2,2025-01-05 15:38:58,2025-01-05 15:49:42,N,1.0,74,138,1.0,6.41,25.4,5.0,0.5,7.77,6.94,,1.0,46.61,1.0,1.0,0.0,0.0,7,2025-11-01 08:33:22.284665
2,2025-01-05 15:35:18,2025-01-05 15:46:17,N,1.0,74,263,1.0,2.55,13.5,0.0,0.5,3.55,0.0,,1.0,21.3,1.0,1.0,2.75,0.0,7,2025-11-01 08:33:22.284665
2,2025-01-05 15:33:40,2025-01-05 15:42:05,N,1.0,129,226,1.0,1.18,9.3,0.0,0.5,2.16,0.0,,1.0,12.96,1.0,1.0,0.0,0.0,7,2025-11-01 08:33:22.284665
2,2025-01-05 15:32:08,2025-01-05 15:39:11,N,1.0,74,236,1.0,0.0,7.2,0.0,0.5,2.29,0.0,,1.0,13.74,1.0,1.0,2.75,0.0,7,2025-11-01 08:33:22.284665
1,2025-01-05 15:21:56,2025-01-05 15:36:47,N,5.0,65,217,1.0,2.4,17.0,0.0,0.0,0.0,0.0,,0.0,17.0,1.0,2.0,0.0,0.0,7,2025-11-01 08:33:22.284665
2,2025-01-05 15:57:48,2025-01-05 16:02:44,N,1.0,42,74,1.0,1.27,8.6,0.0,0.5,3.03,0.0,,1.0,13.13,1.0,1.0,0.0,0.0,7,2025-11-01 08:33:22.284665
2,2025-01-05 15:35:03,2025-01-05 15:52:01,N,1.0,74,238,1.0,2.53,17.0,0.0,0.5,4.25,0.0,,1.0,25.5,1.0,1.0,2.75,0.0,7,2025-11-01 08:33:22.284665
2,2025-01-05 15:11:14,2025-01-05 15:26:44,N,1.0,130,216,1.0,3.2,17.7,0.0,0.5,0.0,0.0,,1.0,19.2,2.0,1.0,0.0,0.0,7,2025-11-01 08:33:22.284665
2,2025-01-05 15:03:10,2025-01-05 15:07:39,N,1.0,74,74,1.0,0.84,6.5,0.0,0.5,0.08,0.0,,1.0,8.08,1.0,1.0,0.0,0.0,7,2025-11-01 08:33:22.284665
2,2025-01-05 15:35:53,2025-01-05 15:59:57,N,1.0,74,238,1.0,3.32,23.3,0.0,0.5,5.51,0.0,,1.0,33.06,1.0,1.0,2.75,0.0,7,2025-11-01 08:33:22.284665
2,2025-01-05 15:05:55,2025-01-05 15:12:27,N,1.0,74,42,1.0,0.81,7.9,0.0,0.5,1.88,0.0,,1.0,11.28,1.0,1.0,0.0,0.0,7,2025-11-01 08:33:22.284665
2,2025-01-05 15:04:08,2025-01-05 15:11:51,N,1.0,74,236,1.0,1.87,10.7,0.0,0.5,2.99,0.0,,1.0,17.94,1.0,1.0,2.75,0.0,7,2025-11-01 08:33:22.284665
2,2025-01-05 15:36:25,2025-01-05 15:53:35,N,1.0,74,151,1.0,2.26,17.0,0.0,0.5,0.0,0.0,,1.0,18.5,1.0,1.0,0.0,0.0,7,2025-11-01 08:33:22.284665
2,2025-01-05 14:05:04,2025-01-05 14:25:11,N,1.0,74,238,2.0,3.22,20.5,0.0,0.5,4.95,0.0,,1.0,29.7,1.0,1.0,2.75,0.0,7,2025-11-01 08:33:22.284665
2,2025-01-05 15:23:12,2025-01-05 15:33:06,N,1.0,95,28,1.0,1.8,11.4,0.0,0.5,0.0,0.0,,1.0,12.9,2.0,1.0,0.0,0.0,7,2025-11-01 08:33:22.284665
2,2025-01-05 15:03:48,2025-01-05 15:19:32,N,1.0,74,24,1.0,3.27,18.4,0.0,0.5,0.0,0.0,,1.0,19.9,2.0,1.0,0.0,0.0,7,2025-11-01 08:33:22.284665
2,2025-01-05 15:41:06,2025-01-05 15:49:19,N,1.0,41,75,1.0,1.26,9.3,0.0,0.5,3.24,0.0,,1.0,14.04,1.0,1.0,0.0,0.0,7,2025-11-01 08:33:22.284665
2,2025-01-05 15:18:13,2025-01-05 15:57:22,N,1.0,41,66,1.0,11.34,51.3,0.0,0.5,11.11,0.0,,1.0,66.66,1.0,1.0,2.75,0.0,7,2025-11-01 08:33:22.284665
2,2025-01-05 15:03:15,2025-01-05 15:19:56,N,1.0,41,68,1.0,6.29,28.2,0.0,0.5,0.0,0.0,,1.0,33.2,2.0,1.0,2.75,0.75,7,2025-11-01 08:33:22.284665
2,2025-01-05 15:05:31,2025-01-05 15:17:34,N,1.0,74,236,1.0,2.6,14.9,0.0,0.5,3.83,0.0,,1.0,22.98,1.0,1.0,2.75,0.0,7,2025-11-01 08:33:22.284665
2,2025-01-05 15:38:26,2025-01-05 15:57:42,N,1.0,74,238,1.0,2.84,19.8,0.0,0.5,7.22,0.0,,1.0,31.27,1.0,1.0,2.75,0.0,7,2025-11-01 08:33:22.284665
2,2025-01-05 14:06:49,2025-01-05 14:29:18,N,1.0,75,244,1.0,6.65,31.7,0.0,0.5,0.0,0.0,,1.0,33.2,2.0,1.0,0.0,0.0,7,2025-11-01 08:33:22.284665
2,2025-01-05 16:47:17,2025-01-05 17:23:55,N,1.0,192,252,1.0,3.87,32.4,0.0,0.5,0.0,0.0,,1.0,33.9,2.0,1.0,0.0,0.0,7,2025-11-01 08:33:22.284665
1,2025-01-05 16:08:39,2025-01-05 16:36:01,N,1.0,74,161,0.0,4.3,26.8,6.0,1.5,0.0,0.0,,1.0,34.3,2.0,1.0,2.75,0.0,7,2025-11-01 08:33:22.284665
2,2025-01-05 16:53:20,2025-01-05 16:59:08,N,1.0,41,42,1.0,0.94,7.9,0.0,0.5,5.0,0.0,,1.0,14.4,1.0,1.0,0.0,0.0,7,2025-11-01 08:33:22.284665
2,2025-01-05 16:23:54,2025-01-05 16:42:36,N,1.0,65,188,2.0,3.48,20.5,0.0,0.5,2.0,0.0,,1.0,24.0,1.0,1.0,0.0,0.0,7,2025-11-01 08:33:22.284665
2,2025-01-05 16:35:47,2025-01-05 16:48:02,N,1.0,74,244,1.0,2.63,14.9,0.0,0.5,3.28,0.0,,1.0,19.68,1.0,1.0,0.0,0.0,7,2025-11-01 08:33:22.284665
2,2025-01-05 16:41:26,2025-01-05 16:54:31,N,1.0,74,262,2.0,2.27,14.2,0.0,0.5,0.0,0.0,,1.0,18.45,2.0,1.0,2.75,0.0,7,2025-11-01 08:33:22.284665
2,2025-01-05 16:40:06,2025-01-05 16:50:48,N,1.0,74,151,1.0,1.85,12.1,0.0,0.5,0.0,0.0,,1.0,13.6,2.0,1.0,0.0,0.0,7,2025-11-01 08:33:22.284665
2,2025-01-05 16:29:37,2025-01-05 16:37:44,N,1.0,43,74,1.0,1.49,10.0,0.0,0.5,3.45,0.0,,1.0,14.95,1.0,1.0,0.0,0.0,7,2025-11-01 08:33:22.284665
2,2025-01-05 16:45:40,2025-01-05 17:00:26,N,1.0,74,140,1.0,2.82,16.3,0.0,0.5,1.5,0.0,,1.0,22.05,1.0,1.0,2.75,0.0,7,2025-11-01 08:33:22.284665
1,2025-01-05 16:08:55,2025-01-05 16:17:57,N,1.0,65,49,2.0,1.3,10.0,0.0,1.5,2.3,0.0,,1.0,13.8,1.0,1.0,0.0,0.0,7,2025-11-01 08:33:22.284665
1,2025-01-05 16:47:25,2025-01-05 16:54:51,N,1.0,65,49,0.0,1.1,8.6,0.0,1.5,2.0,0.0,,1.0,12.1,1.0,1.0,0.0,0.0,7,2025-11-01 08:33:22.284665
2,2025-01-05 16:15:56,2025-01-05 16:24:48,N,1.0,41,74,6.0,1.39,10.7,0.0,0.5,0.0,0.0,,1.0,12.2,2.0,1.0,0.0,0.0,7,2025-11-01 08:33:22.284665
2,2025-01-05 16:39:46,2025-01-05 16:50:50,N,1.0,74,151,6.0,2.39,13.5,0.0,0.5,3.0,0.0,,1.0,18.0,1.0,1.0,0.0,0.0,7,2025-11-01 08:33:22.284665
1,2025-01-05 16:44:24,2025-01-05 16:47:42,N,1.0,166,151,1.0,0.6,5.1,0.0,1.5,0.0,0.0,,1.0,6.6,2.0,1.0,0.0,0.0,7,2025-11-01 08:33:22.284665
2,2025-01-05 16:54:02,2025-01-05 17:11:14,N,1.0,74,75,1.0,3.14,18.4,0.0,0.5,4.98,0.0,,1.0,24.88,1.0,1.0,0.0,0.0,7,2025-11-01 08:33:22.284665
2,2025-01-05 16:40:49,2025-01-05 16:50:27,N,1.0,74,263,1.0,1.92,11.4,0.0,0.5,3.13,0.0,,1.0,18.78,1.0,1.0,2.75,0.0,7,2025-11-01 08:33:22.284665
2,2025-01-05 16:08:46,2025-01-05 16:14:36,N,1.0,75,238,1.0,1.04,7.9,0.0,0.5,2.43,0.0,,1.0,14.58,1.0,1.0,2.75,0.0,7,2025-11-01 08:33:22.284665
2,2025-01-05 16:28:25,2025-01-05 16:34:01,N,1.0,43,236,1.0,1.05,7.9,0.0,0.5,2.43,0.0,,1.0,14.58,1.0,1.0,2.75,0.0,7,2025-11-01 08:33:22.284665
2,2025-01-05 16:19:06,2025-01-05 16:31:50,N,5.0,95,102,1.0,2.19,20.0,0.0,0.0,2.0,0.0,,1.0,23.0,1.0,2.0,0.0,0.0,7,2025-11-01 08:33:22.284665
2,2025-01-05 16:02:23,2025-01-05 16:09:32,N,1.0,75,141,1.0,1.78,10.0,0.0,0.5,1.0,0.0,,1.0,15.25,1.0,1.0,2.75,0.0,7,2025-11-01 08:33:22.284665
2,2025-01-05 16:40:04,2025-01-05 16:50:44,N,1.0,74,263,1.0,2.16,12.8,0.0,0.5,3.41,0.0,,1.0,20.46,1.0,1.0,2.75,0.0,7,2025-11-01 08:33:22.284665
2,2025-01-05 15:55:51,2025-01-05 16:09:03,N,1.0,74,116,1.0,2.22,14.9,0.0,0.5,3.28,0.0,,1.0,19.68,1.0,1.0,0.0,0.0,7,2025-11-01 08:33:22.284665
2,2025-01-05 16:35:08,2025-01-05 16:41:59,N,1.0,82,56,1.0,1.12,7.9,0.0,0.5,0.0,0.0,,1.0,9.4,2.0,1.0,0.0,0.0,7,2025-11-01 08:33:22.284665
2,2025-01-05 16:28:56,2025-01-05 16:46:32,N,1.0,74,142,1.0,4.01,20.5,0.0,0.5,3.0,0.0,,1.0,27.75,1.0,1.0,2.75,0.0,7,2025-11-01 08:33:22.284665
2,2025-01-05 16:13:53,2025-01-05 16:25:56,N,1.0,42,166,1.0,1.4,12.1,0.0,0.5,0.0,0.0,,1.0,13.6,2.0,1.0,0.0,0.0,7,2025-11-01 08:33:22.284665
2,2025-01-05 16:51:36,2025-01-05 17:01:38,N,1.0,166,74,1.0,1.5,11.4,0.0,0.5,0.0,0.0,,1.0,12.9,2.0,1.0,0.0,0.0,7,2025-11-01 08:33:22.284665
2,2025-01-05 15:56:39,2025-01-05 16:21:30,N,5.0,130,140,1.0,12.17,70.0,0.0,0.0,0.0,0.0,,1.0,73.75,2.0,1.0,2.75,0.0,7,2025-11-01 08:33:22.284665
2,2025-01-05 16:39:43,2025-01-05 16:54:59,N,1.0,74,263,1.0,2.68,16.3,0.0,0.5,6.16,0.0,,1.0,26.71,1.0,1.0,2.75,0.0,7,2025-11-01 08:33:22.284665
2,2025-01-05 16:23:29,2025-01-05 16:45:15,N,1.0,82,36,1.0,5.91,28.2,0.0,0.5,5.0,0.0,,1.0,34.7,1.0,1.0,0.0,0.0,7,2025-11-01 08:33:22.284665
2,2025-01-05 16:41:02,2025-01-05 17:07:49,N,1.0,66,255,3.0,4.44,28.2,0.0,0.5,2.0,0.0,,1.0,31.7,1.0,1.0,0.0,0.0,7,2025-11-01 08:33:22.284665
2,2025-01-05 16:16:06,2025-01-05 16:27:35,N,1.0,129,7,1.0,1.83,12.8,0.0,0.5,0.0,0.0,,1.0,14.3,2.0,1.0,0.0,0.0,7,2025-11-01 08:33:22.284665
2,2025-01-05 16:29:33,2025-01-05 16:39:06,N,1.0,92,92,1.0,0.0,9.3,0.0,0.5,3.24,0.0,,1.0,14.04,1.0,1.0,0.0,0.0,7,2025-11-01 08:33:22.284665
2,2025-01-05 16:32:29,2025-01-05 16:42:17,N,1.0,74,166,1.0,1.27,10.7,0.0,0.5,1.83,0.0,,1.0,14.03,1.0,1.0,0.0,0.0,7,2025-11-01 08:33:22.284665
1,2025-01-05 16:30:45,2025-01-05 16:37:16,N,1.0,74,236,1.0,1.8,10.0,2.75,1.5,2.85,0.0,,1.0,17.1,1.0,1.0,2.75,0.0,7,2025-11-01 08:33:22.284665
2,2025-01-05 16:30:29,2025-01-05 16:47:32,N,1.0,74,262,1.0,2.79,17.7,0.0,0.5,4.39,0.0,,1.0,26.34,1.0,1.0,2.75,0.0,7,2025-11-01 08:33:22.284665
2,2025-01-05 16:16:03,2025-01-05 16:26:04,N,1.0,82,138,1.0,3.71,17.7,5.0,0.5,4.84,0.0,,1.0,29.04,1.0,1.0,0.0,0.0,7,2025-11-01 08:33:22.284665
2,2025-01-05 16:46:34,2025-01-05 16:56:02,N,1.0,82,129,1.0,2.36,13.5,0.0,0.5,0.0,0.0,,1.0,15.0,2.0,1.0,0.0,0.0,7,2025-11-01 08:33:22.284665
1,2025-01-05 16:30:54,2025-01-05 16:46:25,N,1.0,166,142,1.0,2.5,14.9,2.75,1.5,3.8,0.0,,1.0,22.95,1.0,1.0,2.75,0.0,7,2025-11-01 08:33:22.284665
2,2025-01-05 16:40:01,2025-01-05 16:48:47,N,1.0,74,238,1.0,2.05,12.1,0.0,0.5,2.72,0.0,,1.0,16.32,1.0,1.0,0.0,0.0,7,2025-11-01 08:33:22.284665
2,2025-01-05 16:43:04,2025-01-05 16:59:12,N,1.0,97,61,1.0,2.58,17.0,0.0,0.5,3.7,0.0,,1.0,22.2,1.0,1.0,0.0,0.0,7,2025-11-01 08:33:22.284665
2,2025-01-05 16:15:52,2025-01-05 16:58:48,N,1.0,7,257,1.0,11.45,51.3,0.0,0.5,0.0,0.0,,1.0,52.8,2.0,1.0,0.0,0.0,7,2025-11-01 08:33:22.284665
2,2025-01-05 16:34:21,2025-01-05 16:52:27,N,1.0,196,82,1.0,1.85,16.3,0.0,0.5,0.0,0.0,,1.0,17.8,2.0,1.0,0.0,0.0,7,2025-11-01 08:33:22.284665
2,2025-01-05 16:31:31,2025-01-05 16:40:45,N,1.0,74,236,1.0,1.75,11.4,0.0,0.5,3.13,0.0,,1.0,18.78,1.0,1.0,2.75,0.0,7,2025-11-01 08:33:22.284665
2,2025-01-05 16:46:50,2025-01-05 17:13:49,N,1.0,95,137,1.0,9.08,40.8,0.0,0.5,2.25,6.94,,1.0,54.99,1.0,1.0,2.75,0.75,7,2025-11-01 08:33:22.284665
2,2025-01-05 16:06:39,2025-01-05 16:16:58,N,1.0,65,189,1.0,1.1,10.7,0.0,0.5,2.0,0.0,,1.0,14.2,1.0,1.0,0.0,0.0,7,2025-11-01 08:33:22.284665
2,2025-01-05 16:46:41,2025-01-05 17:02:11,N,1.0,97,61,1.0,2.8,17.7,0.0,0.5,0.0,0.0,,1.0,19.2,2.0,1.0,0.0,0.0,7,2025-11-01 08:33:22.284665
2,2025-01-05 16:54:25,2025-01-05 17:02:23,N,1.0,97,33,2.0,1.13,9.3,0.0,0.5,0.0,0.0,,1.0,10.8,2.0,1.0,0.0,0.0,7,2025-11-01 08:33:22.284665
2,2025-01-05 16:35:57,2025-01-05 16:47:08,N,1.0,97,61,1.0,1.83,12.1,0.0,0.5,3.4,0.0,,1.0,17.0,1.0,1.0,0.0,0.0,7,2025-11-01 08:33:22.284665
1,2025-01-05 16:36:04,2025-01-05 17:04:16,N,1.0,82,216,2.0,5.7,28.2,2.5,1.5,0.0,0.0,,1.0,32.2,2.0,1.0,0.0,0.0,7,2025-11-01 08:33:22.284665
2,2025-01-05 16:40:54,2025-01-05 16:52:21,N,1.0,83,129,1.0,1.36,11.4,0.0,0.5,0.0,0.0,,1.0,12.9,2.0,1.0,0.0,0.0,7,2025-11-01 08:33:22.284665
2,2025-01-05 16:43:09,2025-01-05 17:00:11,N,1.0,97,188,1.0,2.66,17.7,0.0,0.5,4.8,0.0,,1.0,24.0,1.0,1.0,0.0,0.0,7,2025-11-01 08:33:22.284665
2,2025-01-05 16:16:55,2025-01-05 16:29:47,N,1.0,97,181,2.0,2.02,13.5,0.0,0.5,3.0,0.0,,1.0,18.0,1.0,1.0,0.0,0.0,7,2025-11-01 08:33:22.284665
2,2025-01-05 16:03:51,2025-01-05 16:14:52,N,1.0,66,231,1.0,1.97,12.8,0.0,0.5,3.56,0.0,,1.0,21.36,1.0,1.0,2.75,0.75,7,2025-11-01 08:33:22.284665
2,2025-01-05 16:42:07,2025-01-05 16:54:23,N,1.0,82,70,1.0,2.78,16.3,0.0,0.5,0.0,0.0,,1.0,17.8,1.0,1.0,0.0,0.0,7,2025-11-01 08:33:22.284665
1,2025-01-05 16:37:33,2025-01-05 16:54:28,N,1.0,65,188,0.0,2.9,18.4,0.0,1.5,3.98,0.0,,1.0,23.88,1.0,1.0,0.0,0.0,7,2025-11-01 08:33:22.284665
2,2025-01-05 16:28:06,2025-01-05 16:55:01,N,1.0,95,132,1.0,8.14,35.9,0.0,0.5,9.35,0.0,,1.0,46.75,1.0,1.0,0.0,0.0,7,2025-11-01 08:33:22.284665
2,2025-01-05 16:10:56,2025-01-05 16:17:41,N,1.0,75,238,1.0,1.33,8.6,0.0,0.5,2.57,0.0,,1.0,15.42,1.0,1.0,2.75,0.0,7,2025-11-01 08:33:22.284665
2,2025-01-05 16:56:40,2025-01-05 17:21:47,N,1.0,7,255,1.0,4.12,25.4,0.0,0.5,5.38,0.0,,1.0,32.28,1.0,1.0,0.0,0.0,7,2025-11-01 08:33:22.284665
2,2025-01-05 16:02:40,2025-01-05 16:02:43,N,5.0,138,264,2.0,0.0,25.0,0.0,0.0,0.1,0.0,,1.0,26.1,1.0,2.0,0.0,0.0,7,2025-11-01 08:33:22.284665
2,2025-01-05 16:06:00,2025-01-05 16:14:01,N,1.0,65,34,1.0,2.34,13.5,0.0,0.5,0.0,0.0,,1.0,15.0,2.0,1.0,0.0,0.0,7,2025-11-01 08:33:22.284665
2,2025-01-05 16:07:23,2025-01-05 16:15:47,N,1.0,74,74,1.0,1.05,9.3,0.0,0.5,0.0,0.0,,1.0,10.8,2.0,1.0,0.0,0.0,7,2025-11-01 08:33:22.284665
2,2025-01-05 16:54:37,2025-01-05 17:05:55,N,1.0,74,236,1.0,2.27,14.2,0.0,0.5,3.69,0.0,,1.0,22.14,1.0,1.0,2.75,0.0,7,2025-11-01 08:33:22.284665
2,2025-01-05 16:44:16,2025-01-05 16:55:13,N,1.0,74,238,1.0,0.0,10.0,0.0,0.5,5.0,0.0,,1.0,19.25,1.0,1.0,2.75,0.0,7,2025-11-01 08:33:22.284665
2,2025-01-05 16:40:58,2025-01-05 17:01:49,N,1.0,33,17,1.0,4.79,25.4,0.0,0.5,4.0,0.0,,1.0,30.9,1.0,1.0,0.0,0.0,7,2025-11-01 08:33:22.284665
2,2025-01-05 16:43:59,2025-01-05 16:52:17,N,1.0,74,41,1.0,1.26,10.0,0.0,0.5,0.0,0.0,,1.0,11.5,2.0,1.0,0.0,0.0,7,2025-11-01 08:33:22.284665
2,2025-01-05 16:49:44,2025-01-05 17:03:09,N,1.0,82,121,1.0,4.45,20.5,0.0,0.5,0.0,0.0,,1.0,22.0,2.0,1.0,0.0,0.0,7,2025-11-01 08:33:22.284665
2,2025-01-05 16:25:24,2025-01-05 16:33:51,N,1.0,75,236,1.0,1.55,10.7,0.0,0.5,2.05,0.0,,1.0,17.0,1.0,1.0,2.75,0.0,7,2025-11-01 08:33:22.284665
2,2025-01-05 16:44:45,2025-01-05 16:55:02,N,1.0,74,236,1.0,2.12,12.8,0.0,0.5,3.41,0.0,,1.0,20.46,1.0,1.0,2.75,0.0,7,2025-11-01 08:33:22.284665
2,2025-01-05 15:56:56,2025-01-05 16:15:33,N,1.0,43,68,1.0,4.07,20.5,0.0,0.5,5.1,0.0,,1.0,30.6,1.0,1.0,2.75,0.75,7,2025-11-01 08:33:22.284665
2,2025-01-05 16:47:54,2025-01-05 17:29:18,N,1.0,130,256,2.0,12.38,54.1,0.0,0.5,5.0,0.0,,1.0,60.6,1.0,1.0,0.0,0.0,7,2025-11-01 08:33:22.284665
2,2025-01-05 16:04:48,2025-01-05 16:10:23,N,1.0,74,75,1.0,1.48,8.6,0.0,0.5,0.0,0.0,,1.0,10.1,2.0,1.0,0.0,0.0,7,2025-11-01 08:33:22.284665
2,2025-01-05 16:54:31,2025-01-05 17:09:38,N,1.0,74,239,1.0,2.89,17.0,0.0,0.5,3.19,0.0,,1.0,24.44,1.0,1.0,2.75,0.0,7,2025-11-01 08:33:22.284665
2,2025-01-05 16:48:00,2025-01-05 16:53:25,N,1.0,41,166,1.0,1.14,7.9,0.0,0.5,1.88,0.0,,1.0,11.28,1.0,1.0,0.0,0.0,7,2025-11-01 08:33:22.284665
2,2025-01-05 16:05:55,2025-01-05 16:20:50,N,1.0,82,129,1.0,0.87,13.5,0.0,0.5,3.75,0.0,,1.0,18.75,1.0,1.0,0.0,0.0,7,2025-11-01 08:33:22.284665
2,2025-01-05 16:05:22,2025-01-05 16:10:16,N,1.0,74,75,1.0,1.15,7.9,0.0,0.5,0.0,0.0,,1.0,9.4,2.0,1.0,0.0,0.0,7,2025-11-01 08:33:22.284665
2,2025-01-05 16:40:37,2025-01-05 16:50:38,N,1.0,74,238,1.0,2.73,14.2,0.0,0.5,3.69,0.0,,1.0,22.14,1.0,1.0,2.75,0.0,7,2025-11-01 08:33:22.284665
2,2025-01-05 16:46:24,2025-01-05 17:05:50,N,1.0,82,83,1.0,2.12,17.7,0.0,0.5,0.0,0.0,,1.0,19.2,2.0,1.0,0.0,0.0,7,2025-11-01 08:33:22.284665
2,2025-01-05 16:30:31,2025-01-05 17:11:46,N,1.0,195,238,1.0,13.62,58.3,0.0,0.5,15.64,0.0,,1.0,78.19,1.0,1.0,2.75,0.0,7,2025-11-01 08:33:22.284665
2,2025-01-05 16:09:22,2025-01-05 16:21:15,N,1.0,74,223,1.0,3.69,19.1,0.0,0.5,5.51,6.94,,1.0,33.05,1.0,1.0,0.0,0.0,7,2025-11-01 08:33:22.284665
2,2025-01-05 16:43:08,2025-01-05 16:55:19,N,1.0,82,138,1.0,2.5,15.6,5.0,0.5,4.42,0.0,,1.0,26.52,1.0,1.0,0.0,0.0,7,2025-11-01 08:33:22.284665
2,2025-01-05 16:06:51,2025-01-05 16:18:43,N,1.0,74,41,1.0,1.22,12.1,0.0,0.5,1.0,0.0,,1.0,14.6,1.0,1.0,0.0,0.0,7,2025-11-01 08:33:22.284665
2,2025-01-05 16:38:46,2025-01-05 16:50:41,N,1.0,74,152,1.0,1.85,12.8,0.0,0.5,2.86,0.0,,1.0,17.16,1.0,1.0,0.0,0.0,7,2025-11-01 08:33:22.284665
2,2025-01-05 16:40:03,2025-01-05 16:58:02,N,1.0,74,239,1.0,4.31,22.6,0.0,0.5,4.03,0.0,,1.0,30.88,1.0,1.0,2.75,0.0,7,2025-11-01 08:33:22.284665
2,2025-01-05 16:05:13,2025-01-05 16:21:00,N,1.0,42,238,1.0,2.74,17.0,0.0,0.5,4.25,0.0,,1.0,25.5,1.0,1.0,2.75,0.0,7,2025-11-01 08:33:22.284665
2,2025-01-05 15:35:08,2025-01-05 15:50:43,N,1.0,74,236,2.0,2.24,15.6,0.0,0.5,3.97,0.0,,1.0,23.82,1.0,1.0,2.75,0.0,7,2025-11-01 08:33:22.284665
2,2025-01-05 16:13:24,2025-01-05 16:35:44,N,1.0,82,56,1.0,0.46,18.4,0.0,0.5,0.0,0.0,,1.0,19.9,2.0,1.0,0.0,0.0,7,2025-11-01 08:33:22.284665
2,2025-01-05 16:19:24,2025-01-05 16:33:06,N,1.0,95,196,1.0,1.04,12.8,0.0,0.5,1.43,0.0,,1.0,15.73,1.0,1.0,0.0,0.0,7,2025-11-01 08:33:22.284665
2,2025-01-05 16:06:50,2025-01-05 16:17:35,N,1.0,74,166,1.0,1.2,10.7,0.0,0.5,2.44,0.0,,1.0,14.64,1.0,1.0,0.0,0.0,7,2025-11-01 08:33:22.284665
2,2025-01-05 16:43:52,2025-01-05 16:54:55,N,1.0,74,263,1.0,2.23,12.8,0.0,0.5,3.0,0.0,,1.0,20.05,1.0,1.0,2.75,0.0,7,2025-11-01 08:33:22.284665
2,2025-01-05 16:32:12,2025-01-05 16:34:30,N,1.0,41,41,1.0,0.46,4.4,0.0,0.5,1.77,0.0,,1.0,7.67,1.0,1.0,0.0,0.0,7,2025-11-01 08:33:22.284665
2,2025-01-05 16:07:43,2025-01-05 16:15:33,N,1.0,49,97,1.0,1.15,8.6,0.0,0.5,0.0,0.0,,1.0,10.1,2.0,1.0,0.0,0.0,7,2025-11-01 08:33:22.284665
2,2025-01-05 16:11:18,2025-01-05 16:27:01,N,1.0,74,239,1.0,3.46,18.4,0.0,0.5,0.0,0.0,,1.0,22.65,2.0,1.0,2.75,0.0,7,2025-11-01 08:33:22.284665
2,2025-01-05 15:58:59,2025-01-05 16:10:47,N,1.0,83,138,1.0,3.79,19.1,5.0,0.5,5.12,0.0,,1.0,30.72,1.0,1.0,0.0,0.0,7,2025-11-01 08:33:22.284665
2,2025-01-05 16:52:27,2025-01-05 16:58:52,N,1.0,223,7,1.0,0.76,7.9,0.0,0.5,1.88,0.0,,1.0,11.28,1.0,1.0,0.0,0.0,7,2025-11-01 08:33:22.284665
1,2025-01-05 16:45:29,2025-01-05 16:54:37,N,1.0,97,49,1.0,1.4,9.3,0.0,1.5,2.15,0.0,,1.0,12.95,1.0,1.0,0.0,0.0,7,2025-11-01 08:33:22.284665
2,2025-01-05 16:43:08,2025-01-05 16:54:22,N,1.0,74,116,1.0,1.99,13.5,0.0,0.5,3.75,0.0,,1.0,18.75,1.0,1.0,0.0,0.0,7,2025-11-01 08:33:22.284665
2,2025-01-05 16:29:33,2025-01-05 16:46:27,N,1.0,166,116,1.0,2.66,17.7,0.0,0.5,0.0,0.0,,1.0,19.2,2.0,1.0,0.0,0.0,7,2025-11-01 08:33:22.284665
2,2025-01-05 16:16:36,2025-01-05 16:25:46,N,1.0,41,238,1.0,1.48,10.7,0.0,0.5,0.0,0.0,,1.0,12.2,2.0,1.0,0.0,0.0,7,2025-11-01 08:33:22.284665
2,2025-01-05 15:57:26,2025-01-05 16:10:17,N,1.0,43,140,1.0,2.23,14.9,0.0,0.5,3.83,0.0,,1.0,22.98,1.0,1.0,2.75,0.0,7,2025-11-01 08:33:22.284665
2,2025-01-05 16:14:51,2025-01-05 16:22:47,N,1.0,41,74,1.0,1.16,9.3,0.0,0.5,0.0,0.0,,1.0,10.8,2.0,1.0,0.0,0.0,7,2025-11-01 08:33:22.284665
2,2025-01-05 15:03:20,2025-01-05 15:13:32,N,1.0,75,41,1.0,1.8,11.4,0.0,0.5,1.5,0.0,,1.0,14.4,1.0,1.0,0.0,0.0,7,2025-11-01 08:33:22.284665
2,2025-01-05 15:22:57,2025-01-05 15:34:24,N,1.0,43,142,1.0,2.68,14.2,0.0,0.5,4.61,0.0,,1.0,23.06,1.0,1.0,2.75,0.0,7,2025-11-01 08:33:22.284665
2,2025-01-05 17:38:51,2025-01-05 17:51:01,N,1.0,82,82,1.0,0.67,11.4,0.0,0.5,0.0,0.0,,1.0,12.9,2.0,1.0,0.0,0.0,7,2025-11-01 08:33:22.284665
2,2025-01-05 17:56:51,2025-01-05 19:05:47,N,1.0,82,83,1.0,3.2,52.0,0.0,0.5,0.0,0.0,,1.0,53.5,2.0,1.0,0.0,0.0,7,2025-11-01 08:33:22.284665
1,2025-01-05 17:07:44,2025-01-05 17:24:52,N,1.0,74,140,0.0,3.2,18.4,5.25,1.5,1.0,0.0,,1.0,26.15,1.0,1.0,2.75,0.0,7,2025-11-01 08:33:22.284665
1,2025-01-05 17:41:33,2025-01-05 17:55:43,N,1.0,74,262,0.0,2.3,14.9,5.25,1.5,2.0,0.0,,1.0,23.65,1.0,1.0,2.75,0.0,7,2025-11-01 08:33:22.284665
2,2025-01-05 17:02:34,2025-01-05 17:15:18,N,1.0,260,7,2.0,3.04,17.0,0.0,0.5,2.0,0.0,,1.0,20.5,1.0,1.0,0.0,0.0,7,2025-11-01 08:33:22.284665
2,2025-01-05 17:31:24,2025-01-05 17:52:42,N,1.0,97,188,2.0,3.28,21.2,0.0,0.5,4.54,0.0,,1.0,27.24,1.0,1.0,0.0,0.0,7,2025-11-01 08:33:22.284665
2,2025-01-05 17:38:43,2025-01-05 17:50:57,N,1.0,74,238,1.0,2.61,14.2,0.0,0.5,3.0,0.0,,1.0,21.45,1.0,1.0,2.75,0.0,7,2025-11-01 08:33:22.284665
2,2025-01-05 17:16:26,2025-01-05 17:22:44,N,1.0,75,41,1.0,1.38,8.6,0.0,0.5,0.0,0.0,,1.0,10.1,2.0,1.0,0.0,0.0,7,2025-11-01 08:33:22.284665
2,2025-01-05 17:39:41,2025-01-05 17:51:57,N,1.0,75,142,1.0,2.08,13.5,0.0,0.5,1.0,0.0,,1.0,18.75,1.0,1.0,2.75,0.0,7,2025-11-01 08:33:22.284665
2,2025-01-05 17:38:50,2025-01-05 17:52:09,N,1.0,74,263,1.0,2.42,14.9,0.0,0.5,3.83,0.0,,1.0,22.98,1.0,1.0,2.75,0.0,7,2025-11-01 08:33:22.284665
2,2025-01-05 17:00:37,2025-01-05 17:06:19,N,1.0,41,42,1.0,0.72,7.2,0.0,0.5,0.0,0.0,,1.0,8.7,2.0,1.0,0.0,0.0,7,2025-11-01 08:33:22.284665
2,2025-01-05 17:28:09,2025-01-05 17:35:19,N,1.0,244,152,1.0,1.14,9.3,0.0,0.5,0.86,0.0,,1.0,11.66,1.0,1.0,0.0,0.0,7,2025-11-01 08:33:22.284665
2,2025-01-05 17:43:07,2025-01-05 17:58:48,N,1.0,166,48,1.0,4.3,21.9,0.0,0.5,5.38,0.0,,1.0,32.28,1.0,1.0,2.75,0.75,7,2025-11-01 08:33:22.284665
2,2025-01-05 17:34:36,2025-01-05 17:44:47,N,1.0,74,263,2.0,2.25,12.8,0.0,0.5,3.41,0.0,,1.0,20.46,1.0,1.0,2.75,0.0,7,2025-11-01 08:33:22.284665
2,2025-01-05 07:12:59,2025-01-06 06:30:51,N,1.0,74,141,1.0,3.54,19.8,0.0,0.5,4.26,0.0,,1.0,25.56,1.0,1.0,0.0,0.0,7,2025-11-01 08:33:22.284665
2,2025-01-05 17:43:05,2025-01-05 18:02:12,N,1.0,74,238,1.0,3.08,19.1,0.0,0.5,1.0,0.0,,1.0,24.35,1.0,1.0,2.75,0.0,7,2025-11-01 08:33:22.284665
2,2025-01-05 17:07:44,2025-01-05 17:39:03,N,1.0,41,50,1.0,5.5,33.1,0.0,0.5,0.0,0.0,,1.0,38.1,1.0,1.0,2.75,0.75,7,2025-11-01 08:33:22.284665
1,2025-01-05 17:12:22,2025-01-05 17:20:17,N,1.0,97,66,1.0,1.3,9.3,0.0,1.5,0.0,0.0,,1.0,10.8,2.0,1.0,0.0,0.0,7,2025-11-01 08:33:22.284665
1,2025-01-05 17:33:51,2025-01-05 17:42:40,N,1.0,65,49,2.0,1.2,10.0,0.0,1.5,3.4,0.0,,1.0,14.9,1.0,1.0,0.0,0.0,7,2025-11-01 08:33:22.284665
2,2025-01-05 17:04:17,2025-01-05 17:18:27,N,1.0,74,166,6.0,2.08,14.9,0.0,0.5,3.28,0.0,,1.0,19.68,1.0,1.0,0.0,0.0,7,2025-11-01 08:33:22.284665
2,2025-01-05 17:59:45,2025-01-05 18:10:48,N,1.0,74,238,6.0,2.51,14.2,0.0,0.5,3.92,0.0,,1.0,19.62,1.0,1.0,0.0,0.0,7,2025-11-01 08:33:22.284665
1,2025-01-05 17:26:27,2025-01-05 17:32:29,N,1.0,75,236,1.0,1.3,7.9,2.75,1.5,2.4,0.0,,1.0,14.55,1.0,1.0,2.75,0.0,7,2025-11-01 08:33:22.284665
2,2025-01-05 17:09:45,2025-01-05 17:19:36,N,1.0,167,78,1.0,1.72,12.1,0.0,0.5,0.0,0.0,,1.0,13.6,2.0,1.0,0.0,0.0,7,2025-11-01 08:33:22.284665
2,2025-01-05 17:17:53,2025-01-05 17:21:16,N,1.0,75,74,1.0,0.42,5.1,0.0,0.5,0.0,0.0,,1.0,6.6,2.0,1.0,0.0,0.0,7,2025-11-01 08:33:22.284665
2,2025-01-05 17:44:16,2025-01-05 18:02:00,N,1.0,82,226,1.0,2.93,18.4,0.0,0.5,0.0,0.0,,1.0,19.9,2.0,1.0,0.0,0.0,7,2025-11-01 08:33:22.284665
2,2025-01-05 17:11:26,2025-01-05 17:31:27,N,1.0,74,238,1.0,3.11,20.5,0.0,0.5,4.95,0.0,,1.0,29.7,1.0,1.0,2.75,0.0,7,2025-11-01 08:33:22.284665
2,2025-01-05 17:00:07,2025-01-05 17:07:24,N,1.0,134,130,1.0,1.54,9.3,0.0,0.5,2.16,0.0,,1.0,12.96,1.0,1.0,0.0,0.0,7,2025-11-01 08:33:22.284665
2,2025-01-05 17:02:55,2025-01-05 17:09:17,N,1.0,75,74,1.0,1.61,9.3,0.0,0.5,0.0,0.0,,1.0,10.8,1.0,1.0,0.0,0.0,7,2025-11-01 08:33:22.284665
2,2025-01-05 17:34:44,2025-01-05 17:43:54,N,1.0,74,41,1.0,1.42,10.7,0.0,0.5,2.2,0.0,,1.0,14.4,1.0,1.0,0.0,0.0,7,2025-11-01 08:33:22.284665
2,2025-01-05 17:07:20,2025-01-05 17:17:41,N,1.0,95,95,1.0,1.9,12.1,0.0,0.5,4.08,0.0,,1.0,17.68,1.0,1.0,0.0,0.0,7,2025-11-01 08:33:22.284665
2,2025-01-05 17:41:26,2025-01-05 17:56:34,N,1.0,25,195,2.0,2.48,14.9,0.0,0.5,3.28,0.0,,1.0,19.68,1.0,1.0,0.0,0.0,7,2025-11-01 08:33:22.284665
2,2025-01-05 17:27:08,2025-01-05 17:36:25,N,1.0,74,236,1.0,1.84,11.4,0.0,0.5,4.7,0.0,,1.0,20.35,1.0,1.0,2.75,0.0,7,2025-11-01 08:33:22.284665
2,2025-01-05 17:09:32,2025-01-05 17:13:14,N,1.0,41,74,1.0,0.65,5.8,0.0,0.5,0.0,0.0,,1.0,7.3,2.0,1.0,0.0,0.0,7,2025-11-01 08:33:22.284665
2,2025-01-05 18:00:37,2025-01-05 18:11:36,N,1.0,95,28,1.0,2.0,12.1,0.0,0.5,0.0,0.0,,1.0,13.6,2.0,1.0,0.0,0.0,7,2025-11-01 08:33:22.284665
2,2025-01-05 17:34:57,2025-01-05 17:44:45,N,1.0,74,236,1.0,1.95,12.1,0.0,0.5,3.27,0.0,,1.0,19.62,1.0,1.0,2.75,0.0,7,2025-11-01 08:33:22.284665
2,2025-01-05 17:07:09,2025-01-05 17:29:21,N,1.0,82,173,1.0,2.39,19.8,0.0,0.5,4.26,0.0,,1.0,25.56,1.0,1.0,0.0,0.0,7,2025-11-01 08:33:22.284665
2,2025-01-05 17:06:17,2025-01-05 17:19:25,N,1.0,74,166,1.0,1.7,13.5,0.0,0.5,3.75,0.0,,1.0,18.75,1.0,1.0,0.0,0.0,7,2025-11-01 08:33:22.284665
2,2025-01-05 17:20:26,2025-01-05 17:29:44,N,1.0,166,238,1.0,1.4,10.7,0.0,0.5,0.0,0.0,,1.0,14.95,2.0,1.0,2.75,0.0,7,2025-11-01 08:33:22.284665
2,2025-01-05 17:48:24,2025-01-05 18:06:01,N,1.0,74,238,1.0,2.94,17.7,0.0,0.5,0.0,0.0,,1.0,21.95,2.0,1.0,2.75,0.0,7,2025-11-01 08:33:22.284665
2,2025-01-05 17:44:41,2025-01-05 17:59:27,N,1.0,74,239,1.0,2.84,16.3,0.0,0.5,3.08,0.0,,1.0,23.63,1.0,1.0,2.75,0.0,7,2025-11-01 08:33:22.284665
1,2025-01-05 17:55:42,2025-01-05 18:09:55,N,1.0,247,127,1.0,4.0,20.5,0.0,1.5,0.0,0.0,,1.0,22.0,4.0,1.0,0.0,0.0,7,2025-11-01 08:33:22.284665
2,2025-01-05 17:28:09,2025-01-05 17:35:18,N,1.0,82,157,1.0,1.22,9.3,0.0,0.5,0.0,0.0,,1.0,10.8,2.0,1.0,0.0,0.0,7,2025-11-01 08:33:22.284665
2,2025-01-05 18:04:12,2025-01-05 18:15:16,N,1.0,82,82,1.0,1.38,11.4,0.0,0.5,0.0,0.0,,1.0,12.9,2.0,1.0,0.0,0.0,7,2025-11-01 08:33:22.284665
2,2025-01-05 17:23:23,2025-01-05 17:38:26,N,1.0,82,173,1.0,3.63,19.1,0.0,0.5,0.0,0.0,,1.0,20.6,2.0,1.0,0.0,0.0,7,2025-11-01 08:33:22.284665
2,2025-01-05 17:53:57,2025-01-05 18:04:29,N,1.0,82,173,1.0,1.45,11.4,0.0,0.5,0.0,0.0,,1.0,12.9,2.0,1.0,0.0,0.0,7,2025-11-01 08:33:22.284665
2,2025-01-05 17:06:11,2025-01-05 17:29:27,N,1.0,75,141,1.0,2.38,17.0,0.0,0.5,3.0,0.0,,1.0,24.25,1.0,1.0,2.75,0.0,7,2025-11-01 08:33:22.284665
2,2025-01-05 17:51:56,2025-01-05 17:59:11,N,1.0,75,236,1.0,1.28,9.3,0.0,0.5,1.36,0.0,,1.0,14.91,1.0,1.0,2.75,0.0,7,2025-11-01 08:33:22.284665
2,2025-01-05 17:49:08,2025-01-05 18:06:31,N,1.0,97,89,1.0,3.0,18.4,0.0,0.5,0.0,0.0,,1.0,19.9,1.0,1.0,0.0,0.0,7,2025-11-01 08:33:22.284665
2,2025-01-05 17:31:05,2025-01-05 17:42:32,N,1.0,66,40,1.0,1.92,12.1,0.0,0.5,3.4,0.0,,1.0,17.0,1.0,1.0,0.0,0.0,7,2025-11-01 08:33:22.284665
2,2025-01-05 17:04:53,2025-01-05 17:25:58,N,1.0,65,133,1.0,4.67,25.4,0.0,0.5,5.38,0.0,,1.0,32.28,1.0,1.0,0.0,0.0,7,2025-11-01 08:33:22.284665
2,2025-01-05 17:43:25,2025-01-05 17:59:02,N,1.0,97,188,1.0,2.43,16.3,0.0,0.5,3.56,0.0,,1.0,21.36,1.0,1.0,0.0,0.0,7,2025-11-01 08:33:22.284665
2,2025-01-05 17:26:35,2025-01-05 17:35:07,N,1.0,97,49,2.0,1.28,10.0,0.0,0.5,2.3,0.0,,1.0,13.8,1.0,1.0,0.0,0.0,7,2025-11-01 08:33:22.284665
2,2025-01-05 17:58:46,2025-01-05 18:14:29,N,1.0,97,188,2.0,2.74,17.0,0.0,0.5,3.7,0.0,,1.0,22.2,1.0,1.0,0.0,0.0,7,2025-11-01 08:33:22.284665
2,2025-01-05 17:53:31,2025-01-05 18:09:00,N,1.0,260,138,1.0,2.93,19.1,5.0,0.5,6.4,0.0,,1.0,32.0,1.0,1.0,0.0,0.0,7,2025-11-01 08:33:22.284665
2,2025-01-05 17:15:49,2025-01-05 17:33:11,N,1.0,65,190,1.0,2.85,17.0,0.0,0.5,0.0,0.0,,1.0,18.5,2.0,1.0,0.0,0.0,7,2025-11-01 08:33:22.284665
1,2025-01-05 17:40:40,2025-01-05 17:56:11,N,1.0,82,264,1.0,1.3,11.4,2.5,1.5,0.0,0.0,,1.0,15.4,2.0,1.0,0.0,0.0,7,2025-11-01 08:33:22.284665
2,2025-01-05 16:40:54,2025-01-05 17:32:32,N,5.0,83,160,1.0,0.0,35.0,0.0,0.0,10.0,0.0,,0.0,45.0,1.0,2.0,0.0,0.0,7,2025-11-01 08:33:22.284665
2,2025-01-05 17:43:58,2025-01-05 17:48:17,N,1.0,97,97,1.0,0.48,5.8,0.0,0.5,1.0,0.0,,1.0,8.3,1.0,1.0,0.0,0.0,7,2025-11-01 08:33:22.284665
2,2025-01-05 17:10:46,2025-01-05 17:14:04,N,1.0,74,74,1.0,0.08,5.1,0.0,0.5,1.32,0.0,,1.0,7.92,1.0,1.0,0.0,0.0,7,2025-11-01 08:33:22.284665
2,2025-01-05 17:25:24,2025-01-05 17:36:06,N,1.0,74,141,1.0,2.87,14.2,0.0,0.5,3.69,0.0,,1.0,22.14,1.0,1.0,2.75,0.0,7,2025-11-01 08:33:22.284665
2,2025-01-05 17:17:58,2025-01-05 17:37:18,N,1.0,82,138,1.0,7.92,32.4,5.0,0.5,2.0,0.0,,1.0,40.9,1.0,1.0,0.0,0.0,7,2025-11-01 08:33:22.284665
1,2025-01-05 17:32:54,2025-01-05 17:42:14,N,1.0,65,97,0.0,1.4,10.7,0.0,1.5,2.4,0.0,,1.0,14.6,1.0,1.0,0.0,0.0,7,2025-11-01 08:33:22.284665
2,2025-01-05 16:57:17,2025-01-05 16:57:46,N,1.0,75,75,2.0,0.0,3.0,0.0,0.5,0.0,0.0,,1.0,4.5,2.0,1.0,0.0,0.0,7,2025-11-01 08:33:22.284665
2,2025-01-05 17:42:01,2025-01-05 17:49:45,N,1.0,74,41,2.0,1.12,9.3,0.0,0.5,1.0,0.0,,1.0,11.8,1.0,1.0,0.0,0.0,7,2025-11-01 08:33:22.284665
2,2025-01-05 16:59:46,2025-01-05 17:27:28,N,1.0,132,95,1.0,7.97,34.5,0.0,0.5,0.0,0.0,,1.0,36.0,2.0,1.0,0.0,0.0,7,2025-11-01 08:33:22.284665
2,2025-01-05 17:38:47,2025-01-05 18:10:48,N,1.0,75,234,1.0,4.28,29.6,0.0,0.5,5.0,0.0,,1.0,39.6,1.0,1.0,2.75,0.75,7,2025-11-01 08:33:22.284665
2,2025-01-05 17:48:38,2025-01-05 17:55:16,N,1.0,75,263,1.0,0.92,7.9,0.0,0.5,2.43,0.0,,1.0,14.58,1.0,1.0,2.75,0.0,7,2025-11-01 08:33:22.284665
1,2025-01-05 17:23:35,2025-01-05 17:40:40,N,1.0,7,145,1.0,2.5,17.7,0.0,1.5,0.0,0.0,,1.0,19.2,2.0,1.0,0.0,0.0,7,2025-11-01 08:33:22.284665
2,2025-01-05 17:42:10,2025-01-05 17:59:12,N,1.0,92,192,1.0,1.99,16.3,0.0,0.5,3.56,0.0,,1.0,21.36,1.0,1.0,0.0,0.0,7,2025-11-01 08:33:22.284665
2,2025-01-05 17:12:21,2025-01-05 17:25:14,N,1.0,74,263,1.0,0.0,11.4,0.0,0.5,3.13,0.0,,1.0,18.78,1.0,1.0,2.75,0.0,7,2025-11-01 08:33:22.284665
2,2025-01-05 17:23:17,2025-01-05 17:34:36,N,1.0,74,194,1.0,3.72,17.7,0.0,0.5,3.0,6.94,,1.0,29.14,1.0,1.0,0.0,0.0,7,2025-11-01 08:33:22.284665
2,2025-01-05 17:43:12,2025-01-05 18:01:01,N,1.0,74,262,1.0,2.89,18.4,0.0,0.5,4.53,0.0,,1.0,27.18,1.0,1.0,2.75,0.0,7,2025-11-01 08:33:22.284665
2,2025-01-05 17:26:16,2025-01-05 17:28:08,N,1.0,75,75,1.0,0.65,5.1,0.0,0.5,1.0,0.0,,1.0,7.6,1.0,1.0,0.0,0.0,7,2025-11-01 08:33:22.284665
2,2025-01-05 17:43:19,2025-01-05 17:58:16,N,1.0,74,263,1.0,2.3,15.6,0.0,0.5,2.98,0.0,,1.0,22.83,1.0,1.0,2.75,0.0,7,2025-11-01 08:33:22.284665
2,2025-01-05 17:08:16,2025-01-05 17:22:07,N,1.0,82,129,1.0,1.48,13.5,0.0,0.5,3.0,0.0,,1.0,18.0,1.0,1.0,0.0,0.0,7,2025-11-01 08:33:22.284665
2,2025-01-05 17:50:09,2025-01-05 18:02:52,N,1.0,82,138,1.0,3.69,19.1,5.0,0.5,5.12,0.0,,1.0,30.72,1.0,1.0,0.0,0.0,7,2025-11-01 08:33:22.284665
2,2025-01-05 17:42:32,2025-01-05 17:55:04,N,1.0,74,74,1.0,1.41,12.8,0.0,0.5,0.0,0.0,,1.0,14.3,1.0,1.0,0.0,0.0,7,2025-11-01 08:33:22.284665
2,2025-01-05 17:36:54,2025-01-05 17:48:11,N,1.0,74,42,1.0,1.95,12.8,0.0,0.5,2.14,0.0,,1.0,16.44,1.0,1.0,0.0,0.0,7,2025-11-01 08:33:22.284665
1,2025-01-05 17:59:35,2025-01-05 18:06:58,N,1.0,74,41,1.0,0.2,7.9,1.0,1.5,0.0,0.0,,1.0,10.4,4.0,1.0,0.0,0.0,7,2025-11-01 08:33:22.284665
2,2025-01-05 17:38:42,2025-01-05 17:54:26,N,1.0,74,141,1.0,3.12,17.7,0.0,0.5,5.49,0.0,,1.0,27.44,1.0,1.0,2.75,0.0,7,2025-11-01 08:33:22.284665
2,2025-01-05 16:54:36,2025-01-05 17:05:34,N,1.0,74,24,1.0,1.8,12.1,0.0,0.5,0.0,0.0,,1.0,13.6,2.0,1.0,0.0,0.0,7,2025-11-01 08:33:22.284665
1,2025-01-05 17:24:01,2025-01-05 17:36:21,N,1.0,65,33,1.0,1.3,10.7,0.0,1.5,1.0,0.0,,1.0,13.2,1.0,1.0,0.0,0.0,7,2025-11-01 08:33:22.284665
1,2025-01-05 17:42:35,2025-01-05 17:47:11,N,1.0,65,40,1.0,1.0,6.5,0.0,1.5,2.0,0.0,,1.0,10.0,1.0,1.0,0.0,0.0,7,2025-11-01 08:33:22.284665
2,2025-01-05 17:19:11,2025-01-05 17:25:23,N,1.0,41,41,1.0,0.73,7.2,0.0,0.5,2.18,0.0,,1.0,10.88,1.0,1.0,0.0,0.0,7,2025-11-01 08:33:22.284665
2,2025-01-05 17:08:24,2025-01-05 17:18:05,N,1.0,42,24,1.0,1.53,11.4,0.0,0.5,0.0,0.0,,1.0,12.9,2.0,1.0,0.0,0.0,7,2025-11-01 08:33:22.284665
2,2025-01-05 18:45:16,2025-01-05 19:00:59,N,1.0,260,145,2.0,4.64,22.6,0.0,0.5,4.82,0.0,,1.0,28.92,1.0,1.0,0.0,0.0,7,2025-11-01 08:33:22.284665
2,2025-01-05 18:25:53,2025-01-05 18:33:26,N,1.0,75,263,1.0,1.19,9.3,0.0,0.5,2.71,0.0,,1.0,16.26,1.0,1.0,2.75,0.0,7,2025-11-01 08:33:22.284665
2,2025-01-05 18:35:52,2025-01-05 18:48:07,N,1.0,74,262,2.0,2.56,14.2,0.0,0.5,3.69,0.0,,1.0,22.14,1.0,1.0,2.75,0.0,7,2025-11-01 08:33:22.284665
2,2025-01-05 18:23:45,2025-01-05 18:26:36,N,1.0,166,151,1.0,0.58,5.8,0.0,0.5,1.82,0.0,,1.0,9.12,1.0,1.0,0.0,0.0,7,2025-11-01 08:33:22.284665
2,2025-01-05 18:42:41,2025-01-05 18:46:51,N,1.0,24,238,1.0,0.83,6.5,0.0,0.5,2.4,0.0,,1.0,10.4,1.0,1.0,0.0,0.0,7,2025-11-01 08:33:22.284665
2,2025-01-05 18:35:29,2025-01-05 18:38:44,N,1.0,74,74,2.0,0.62,5.8,0.0,0.5,1.46,0.0,,1.0,8.76,1.0,1.0,0.0,0.0,7,2025-11-01 08:33:22.284665
1,2025-01-05 18:50:23,2025-01-05 18:52:13,N,1.0,42,41,1.0,0.5,5.1,0.0,1.5,0.0,0.0,,1.0,6.6,2.0,1.0,0.0,0.0,7,2025-11-01 08:33:22.284665
2,2025-01-05 18:42:33,2025-01-05 18:53:27,N,1.0,97,52,1.0,1.1,11.4,0.0,0.5,3.22,0.0,,1.0,16.12,1.0,1.0,0.0,0.0,7,2025-11-01 08:33:22.284665
2,2025-01-05 18:55:58,2025-01-05 19:22:11,N,1.0,75,231,5.0,7.6,35.2,0.0,0.5,8.04,0.0,,1.0,48.24,1.0,1.0,2.75,0.75,7,2025-11-01 08:33:22.284665
2,2025-01-05 18:45:20,2025-01-05 19:16:27,N,1.0,130,151,1.0,15.29,60.4,0.0,0.5,15.08,6.94,,1.0,83.92,1.0,1.0,0.0,0.0,7,2025-11-01 08:33:22.284665
2,2025-01-05 18:34:43,2025-01-05 18:49:59,N,1.0,74,239,1.0,2.95,17.0,0.0,0.5,4.25,0.0,,1.0,25.5,1.0,1.0,2.75,0.0,7,2025-11-01 08:33:22.284665
1,2025-01-05 18:20:21,2025-01-05 18:45:20,N,1.0,97,225,1.0,4.2,23.3,0.0,1.5,6.95,0.0,,1.0,31.75,1.0,1.0,0.0,0.0,7,2025-11-01 08:33:22.284665
2,2025-01-05 18:19:17,2025-01-05 18:30:44,N,1.0,82,70,1.0,3.51,17.0,0.0,0.5,0.0,0.0,,1.0,18.5,2.0,1.0,0.0,0.0,7,2025-11-01 08:33:22.284665
2,2025-01-05 18:02:09,2025-01-05 18:17:11,N,1.0,74,239,1.0,3.44,17.7,0.0,0.5,4.39,0.0,,1.0,26.34,1.0,1.0,2.75,0.0,7,2025-11-01 08:33:22.284665
2,2025-01-05 18:10:50,2025-01-05 18:10:53,N,5.0,260,264,1.0,0.71,25.0,0.0,0.0,0.0,0.0,,1.0,26.0,1.0,2.0,0.0,0.0,7,2025-11-01 08:33:22.284665
2,2025-01-05 18:35:26,2025-01-05 18:44:50,N,1.0,74,238,1.0,2.26,12.1,0.0,0.5,3.27,0.0,,1.0,19.62,1.0,1.0,2.75,0.0,7,2025-11-01 08:33:22.284665
2,2025-01-05 18:19:28,2025-01-05 18:29:17,N,1.0,95,196,1.0,0.93,10.0,0.0,0.5,0.0,0.0,,1.0,11.5,2.0,1.0,0.0,0.0,7,2025-11-01 08:33:22.284665
2,2025-01-05 17:36:50,2025-01-05 17:47:35,N,1.0,74,166,1.0,1.92,12.1,0.0,0.5,0.0,0.0,,1.0,13.6,2.0,1.0,0.0,0.0,7,2025-11-01 08:33:22.284665
2,2025-01-05 18:09:04,2025-01-05 18:21:52,N,1.0,196,134,1.0,2.19,14.2,0.0,0.5,3.14,0.0,,1.0,18.84,1.0,1.0,0.0,0.0,7,2025-11-01 08:33:22.284665
2,2025-01-05 18:48:54,2025-01-05 18:54:13,N,1.0,196,95,1.0,0.84,7.9,0.0,0.5,0.0,0.0,,1.0,9.4,2.0,1.0,0.0,0.0,7,2025-11-01 08:33:22.284665
2,2025-01-05 18:02:35,2025-01-05 18:11:01,N,1.0,74,75,1.0,1.54,10.0,0.0,0.5,2.88,0.0,,1.0,14.38,1.0,1.0,0.0,0.0,7,2025-11-01 08:33:22.284665
2,2025-01-05 18:13:42,2025-01-05 18:21:21,N,1.0,75,141,1.0,1.38,10.0,0.0,0.5,2.85,0.0,,1.0,17.1,1.0,1.0,2.75,0.0,7,2025-11-01 08:33:22.284665
2,2025-01-05 18:35:36,2025-01-05 18:46:07,N,1.0,74,263,1.0,2.15,12.8,0.0,0.5,1.0,0.0,,1.0,18.05,1.0,1.0,2.75,0.0,7,2025-11-01 08:33:22.284665
2,2025-01-05 18:52:02,2025-01-05 18:59:12,N,1.0,75,151,1.0,1.13,9.3,0.0,0.5,1.8,0.0,,1.0,12.6,1.0,1.0,0.0,0.0,7,2025-11-01 08:33:22.284665
2,2025-01-05 18:02:20,2025-01-05 18:21:18,N,1.0,74,244,1.0,2.79,19.1,0.0,0.5,4.12,0.0,,1.0,24.72,1.0,1.0,0.0,0.0,7,2025-11-01 08:33:22.284665
2,2025-01-05 18:30:08,2025-01-05 18:56:32,N,1.0,82,82,1.0,2.68,22.6,0.0,0.5,0.0,0.0,,1.0,24.1,2.0,1.0,0.0,0.0,7,2025-11-01 08:33:22.284665
2,2025-01-05 18:09:52,2025-01-05 18:31:26,N,5.0,33,234,2.0,5.8,50.0,0.0,0.0,10.75,0.0,,1.0,64.5,1.0,2.0,2.75,0.0,7,2025-11-01 08:33:22.284665
2,2025-01-05 18:37:26,2025-01-05 18:51:36,N,1.0,41,243,1.0,3.78,19.1,0.0,0.5,2.0,0.0,,1.0,24.55,1.0,1.0,0.0,0.0,7,2025-11-01 08:33:22.284665
2,2025-01-05 18:35:48,2025-01-05 18:46:43,N,1.0,74,263,1.0,1.9,12.8,0.0,0.5,3.41,0.0,,1.0,20.46,1.0,1.0,2.75,0.0,7,2025-11-01 08:33:22.284665
2,2025-01-05 18:39:39,2025-01-05 18:49:38,N,1.0,74,151,1.0,1.99,12.1,0.0,0.5,1.0,0.0,,1.0,14.6,1.0,1.0,0.0,0.0,7,2025-11-01 08:33:22.284665
1,2025-01-05 18:35:00,2025-01-05 18:44:35,N,1.0,74,236,1.0,2.4,12.8,2.75,1.5,2.0,0.0,,1.0,19.05,1.0,1.0,2.75,0.0,7,2025-11-01 08:33:22.284665
2,2025-01-05 18:34:09,2025-01-05 18:40:14,N,1.0,7,179,5.0,0.92,7.2,0.0,0.5,1.0,0.0,,1.0,9.7,1.0,1.0,0.0,0.0,7,2025-11-01 08:33:22.284665
2,2025-01-05 18:05:39,2025-01-05 18:22:45,N,1.0,74,141,1.0,3.05,17.7,0.0,0.5,4.39,0.0,,1.0,26.34,1.0,1.0,2.75,0.0,7,2025-11-01 08:33:22.284665
2,2025-01-05 18:54:15,2025-01-05 19:02:47,N,1.0,74,42,1.0,1.59,10.0,0.0,0.5,3.0,0.0,,1.0,14.5,1.0,1.0,0.0,0.0,7,2025-11-01 08:33:22.284665
2,2025-01-05 17:23:32,2025-01-05 18:22:57,N,5.0,223,226,1.0,0.0,10.0,0.0,0.0,3.0,0.0,,0.0,13.0,1.0,2.0,0.0,0.0,7,2025-11-01 08:33:22.284665
2,2025-01-05 18:14:33,2025-01-05 18:22:31,N,1.0,82,196,1.0,1.19,9.3,0.0,0.5,2.16,0.0,,1.0,12.96,1.0,1.0,0.0,0.0,7,2025-11-01 08:33:22.284665
2,2025-01-05 18:35:51,2025-01-05 18:50:16,N,1.0,82,129,1.0,2.3,15.6,0.0,0.5,0.0,0.0,,1.0,17.1,2.0,1.0,0.0,0.0,7,2025-11-01 08:33:22.284665
2,2025-01-05 18:52:20,2025-01-05 18:59:51,N,1.0,75,238,1.0,1.51,9.3,0.0,0.5,3.39,0.0,,1.0,16.94,1.0,1.0,2.75,0.0,7,2025-11-01 08:33:22.284665
1,2025-01-05 18:10:03,2025-01-05 18:20:00,N,1.0,264,196,1.0,0.9,8.6,2.5,1.5,0.0,0.0,,1.0,12.6,2.0,1.0,0.0,0.0,7,2025-11-01 08:33:22.284665
2,2025-01-05 18:33:05,2025-01-05 18:44:28,N,1.0,82,129,1.0,2.66,15.6,0.0,0.5,3.42,0.0,,1.0,20.52,1.0,1.0,0.0,0.0,7,2025-11-01 08:33:22.284665
2,2025-01-05 18:20:25,2025-01-05 18:27:07,N,1.0,97,49,1.0,0.99,7.9,0.0,0.5,1.88,0.0,,1.0,11.28,1.0,1.0,0.0,0.0,7,2025-11-01 08:33:22.284665
2,2025-01-05 18:40:24,2025-01-05 18:46:10,N,1.0,74,75,1.0,1.52,8.6,0.0,0.5,2.02,0.0,,1.0,12.12,1.0,1.0,0.0,0.0,7,2025-11-01 08:33:22.284665
2,2025-01-05 18:02:18,2025-01-05 18:12:48,N,1.0,129,129,1.0,1.63,12.1,0.0,0.5,0.0,0.0,,1.0,13.6,2.0,1.0,0.0,0.0,7,2025-11-01 08:33:22.284665
1,2025-01-05 18:04:25,2025-01-05 18:25:43,N,1.0,65,61,0.0,3.7,21.9,0.0,1.5,2.0,0.0,,1.0,25.4,1.0,1.0,0.0,0.0,7,2025-11-01 08:33:22.284665
2,2025-01-05 18:28:12,2025-01-05 18:35:32,N,1.0,74,74,2.0,0.81,8.6,0.0,0.5,0.0,0.0,,1.0,10.1,2.0,1.0,0.0,0.0,7,2025-11-01 08:33:22.284665
2,2025-01-05 18:37:49,2025-01-05 18:38:05,N,5.0,258,258,1.0,0.41,21.0,0.0,0.0,3.0,0.0,,1.0,25.0,1.0,2.0,0.0,0.0,7,2025-11-01 08:33:22.284665
2,2025-01-05 18:12:18,2025-01-05 18:43:54,N,1.0,7,243,1.0,10.42,45.0,0.0,0.5,0.0,0.0,,1.0,50.0,2.0,1.0,2.75,0.75,7,2025-11-01 08:33:22.284665
2,2025-01-05 18:30:23,2025-01-05 18:45:26,N,5.0,83,56,2.0,1.74,20.0,0.0,0.0,0.0,0.0,,1.0,21.0,1.0,2.0,0.0,0.0,7,2025-11-01 08:33:22.284665
2,2025-01-05 18:55:23,2025-01-05 19:02:46,N,1.0,82,196,1.0,0.97,8.6,0.0,0.5,2.02,0.0,,1.0,12.12,1.0,1.0,0.0,0.0,7,2025-11-01 08:33:22.284665
2,2025-01-05 18:04:21,2025-01-05 18:11:53,N,1.0,74,263,1.0,1.93,10.7,0.0,0.5,2.99,0.0,,1.0,17.94,1.0,1.0,2.75,0.0,7,2025-11-01 08:33:22.284665
2,2025-01-05 18:39:10,2025-01-05 18:49:05,N,1.0,74,43,1.0,2.25,12.8,0.0,0.5,2.14,0.0,,1.0,16.44,1.0,1.0,0.0,0.0,7,2025-11-01 08:33:22.284665
2,2025-01-05 18:44:30,2025-01-05 18:51:18,N,1.0,82,82,1.0,0.59,7.9,0.0,0.5,0.0,0.0,,1.0,9.4,2.0,1.0,0.0,0.0,7,2025-11-01 08:33:22.284665
2,2025-01-05 18:36:50,2025-01-05 18:48:34,N,1.0,74,236,1.0,2.24,14.2,0.0,0.5,3.69,0.0,,1.0,22.14,1.0,1.0,2.75,0.0,7,2025-11-01 08:33:22.284665
2,2025-01-05 18:00:08,2025-01-05 18:14:05,N,1.0,66,181,1.0,2.3,15.6,0.0,0.5,3.42,0.0,,1.0,20.52,1.0,1.0,0.0,0.0,7,2025-11-01 08:33:22.284665
2,2025-01-05 18:32:38,2025-01-05 18:41:41,N,1.0,82,129,5.0,1.18,9.3,0.0,0.5,3.0,0.0,,1.0,13.8,1.0,1.0,0.0,0.0,7,2025-11-01 08:33:22.284665
2,2025-01-05 18:59:24,2025-01-05 19:09:52,N,1.0,82,138,5.0,3.71,18.4,5.0,0.5,2.0,0.0,,1.0,26.9,1.0,1.0,0.0,0.0,7,2025-11-01 08:33:22.284665
2,2025-01-05 18:06:55,2025-01-05 18:16:00,N,1.0,75,151,1.0,1.6,10.7,0.0,0.5,2.44,0.0,,1.0,14.64,1.0,1.0,0.0,0.0,7,2025-11-01 08:33:22.284665
2,2025-01-05 18:31:35,2025-01-05 18:47:53,N,1.0,75,229,1.0,3.55,19.8,0.0,0.5,15.0,0.0,,1.0,39.8,1.0,1.0,2.75,0.75,7,2025-11-01 08:33:22.284665
2,2025-01-05 18:09:42,2025-01-05 18:21:03,N,1.0,82,138,1.0,3.74,18.4,5.0,0.5,4.98,0.0,,1.0,29.88,1.0,1.0,0.0,0.0,7,2025-11-01 08:33:22.284665
2,2025-01-05 18:37:10,2025-01-05 18:52:43,N,1.0,74,238,1.0,2.51,16.3,0.0,0.5,3.08,0.0,,1.0,23.63,1.0,1.0,2.75,0.0,7,2025-11-01 08:33:22.284665
2,2025-01-05 18:05:09,2025-01-05 18:18:58,N,1.0,74,152,1.0,1.75,14.2,0.0,0.5,0.0,0.0,,1.0,15.7,2.0,1.0,0.0,0.0,7,2025-11-01 08:33:22.284665
2,2025-01-05 18:41:42,2025-01-05 18:51:19,N,1.0,74,75,1.0,1.94,11.4,0.0,0.5,3.22,0.0,,1.0,16.12,1.0,1.0,0.0,0.0,7,2025-11-01 08:33:22.284665
2,2025-01-05 18:06:17,2025-01-05 18:13:23,N,1.0,74,168,1.0,1.22,9.3,0.0,0.5,2.16,0.0,,1.0,12.96,1.0,1.0,0.0,0.0,7,2025-11-01 08:33:22.284665
2,2025-01-05 18:37:52,2025-01-05 18:54:05,N,1.0,74,238,1.0,2.93,17.0,0.0,0.5,0.0,0.0,,1.0,21.25,2.0,1.0,2.75,0.0,7,2025-11-01 08:33:22.284665
2,2025-01-05 18:39:59,2025-01-05 18:45:30,N,1.0,74,42,1.0,0.89,7.2,0.0,0.5,0.0,0.0,,1.0,8.7,1.0,1.0,0.0,0.0,7,2025-11-01 08:33:22.284665
2,2025-01-05 18:59:06,2025-01-05 19:09:01,N,1.0,130,135,1.0,2.48,13.5,0.0,0.5,3.0,0.0,,1.0,18.0,1.0,1.0,0.0,0.0,7,2025-11-01 08:33:22.284665
1,2025-01-05 18:10:01,2025-01-05 18:17:37,N,1.0,42,152,1.0,1.4,9.3,1.0,1.5,8.2,0.0,,1.0,20.0,1.0,1.0,0.0,0.0,7,2025-11-01 08:33:22.284665
2,2025-01-05 18:51:28,2025-01-05 19:03:42,N,1.0,134,196,1.0,2.34,14.9,0.0,0.5,0.0,0.0,,1.0,16.4,2.0,1.0,0.0,0.0,7,2025-11-01 08:33:22.284665
2,2025-01-05 18:03:30,2025-01-05 18:19:23,N,1.0,92,95,1.0,4.64,21.9,0.0,0.5,4.68,0.0,,1.0,28.08,1.0,1.0,0.0,0.0,7,2025-11-01 08:33:22.284665
2,2025-01-05 18:48:14,2025-01-05 18:54:36,N,1.0,95,95,1.0,0.98,8.6,0.0,0.5,1.0,0.0,,1.0,11.1,1.0,1.0,0.0,0.0,7,2025-11-01 08:33:22.284665
2,2025-01-05 18:36:59,2025-01-05 18:45:04,N,1.0,74,236,1.0,1.91,10.7,0.0,0.5,2.99,0.0,,1.0,17.94,1.0,1.0,2.75,0.0,7,2025-11-01 08:33:22.284665
1,2025-01-05 18:47:48,2025-01-05 18:50:36,N,1.0,41,41,0.0,0.0,4.4,0.0,1.5,0.0,0.0,,1.0,5.9,1.0,1.0,0.0,0.0,7,2025-11-01 08:33:22.284665
2,2025-01-05 18:03:10,2025-01-05 18:18:36,N,1.0,74,166,1.0,2.02,15.6,0.0,0.5,3.42,0.0,,1.0,20.52,1.0,1.0,0.0,0.0,7,2025-11-01 08:33:22.284665
2,2025-01-05 18:21:25,2025-01-05 18:28:03,N,1.0,95,134,1.0,1.28,8.6,0.0,0.5,0.0,0.0,,1.0,10.1,2.0,1.0,0.0,0.0,7,2025-11-01 08:33:22.284665
1,2025-01-05 18:22:55,2025-01-05 18:31:43,N,1.0,65,66,2.0,1.4,9.3,0.0,1.5,1.0,0.0,,1.0,11.8,1.0,1.0,0.0,0.0,7,2025-11-01 08:33:22.284665
2,2025-01-05 18:28:56,2025-01-05 18:33:21,N,1.0,95,95,1.0,0.82,6.5,0.0,0.5,1.0,0.0,,1.0,9.0,1.0,1.0,0.0,0.0,7,2025-11-01 08:33:22.284665
2,2025-01-05 18:41:36,2025-01-05 18:50:48,N,1.0,74,75,1.0,1.77,11.4,0.0,0.5,3.22,0.0,,1.0,16.12,1.0,1.0,0.0,0.0,7,2025-11-01 08:33:22.284665
2,2025-01-05 19:11:35,2025-01-05 19:56:30,N,1.0,70,92,1.0,4.67,39.4,0.0,0.5,0.0,0.0,,1.0,40.9,2.0,1.0,0.0,0.0,7,2025-11-01 08:33:22.284665
2,2025-01-05 19:33:22,2025-01-05 20:29:11,N,1.0,129,82,1.0,1.64,42.2,0.0,0.5,0.0,0.0,,1.0,43.7,2.0,1.0,0.0,0.0,7,2025-11-01 08:33:22.284665
2,2025-01-05 19:32:59,2025-01-05 19:43:18,N,1.0,74,238,1.0,2.58,13.5,0.0,0.5,3.55,0.0,,1.0,21.3,1.0,1.0,2.75,0.0,7,2025-11-01 08:33:22.284665
2,2025-01-05 19:47:51,2025-01-05 20:10:20,N,1.0,130,139,1.0,8.5,36.6,0.0,0.5,0.0,0.0,,1.0,38.1,1.0,1.0,0.0,0.0,7,2025-11-01 08:33:22.284665
2,2025-01-05 19:01:06,2025-01-05 19:19:31,N,1.0,41,223,1.0,4.58,24.0,0.0,0.5,1.0,6.94,,1.0,33.44,1.0,1.0,0.0,0.0,7,2025-11-01 08:33:22.284665
2,2025-01-05 19:43:42,2025-01-05 19:54:28,N,1.0,260,223,1.0,2.57,14.2,0.0,0.5,3.14,0.0,,1.0,18.84,1.0,1.0,0.0,0.0,7,2025-11-01 08:33:22.284665
2,2025-01-05 19:44:12,2025-01-05 19:57:48,N,1.0,75,162,1.0,2.84,16.3,0.0,0.5,4.26,0.0,,1.0,25.56,1.0,1.0,2.75,0.75,7,2025-11-01 08:33:22.284665
2,2025-01-05 19:19:56,2025-01-05 19:24:20,N,1.0,75,74,1.0,1.01,7.2,0.0,0.5,1.74,0.0,,1.0,10.44,1.0,1.0,0.0,0.0,7,2025-11-01 08:33:22.284665
2,2025-01-05 19:39:47,2025-01-05 19:49:46,N,1.0,7,226,1.0,1.81,12.1,0.0,0.5,0.0,0.0,,1.0,13.6,2.0,1.0,0.0,0.0,7,2025-11-01 08:33:22.284665
2,2025-01-05 19:46:15,2025-01-05 19:57:21,N,1.0,130,130,1.0,1.68,12.1,0.0,0.5,2.72,0.0,,1.0,16.32,1.0,1.0,0.0,0.0,7,2025-11-01 08:33:22.284665
2,2025-01-05 19:47:25,2025-01-05 20:00:35,N,1.0,82,196,1.0,1.82,13.5,0.0,0.5,0.0,0.0,,1.0,15.0,2.0,1.0,0.0,0.0,7,2025-11-01 08:33:22.284665
2,2025-01-05 17:35:01,2025-01-05 17:48:19,N,1.0,236,224,1.0,4.92,21.9,0.0,0.5,5.38,0.0,,1.0,32.28,1.0,1.0,2.75,0.75,7,2025-11-01 08:33:22.284665
1,2025-01-05 19:41:16,2025-01-05 20:01:28,N,1.0,78,244,1.0,0.0,22.5,0.0,1.5,0.0,0.0,,1.0,24.0,1.0,1.0,0.0,0.0,7,2025-11-01 08:33:22.284665
2,2025-01-05 19:40:24,2025-01-05 20:55:40,N,1.0,145,130,1.0,15.89,84.2,0.0,0.5,0.0,0.0,,1.0,85.7,2.0,1.0,0.0,0.0,7,2025-11-01 08:33:22.284665
2,2025-01-05 19:30:38,2025-01-05 19:32:21,N,1.0,74,74,1.0,0.0,3.7,0.0,0.5,0.0,0.0,,1.0,5.2,2.0,1.0,0.0,0.0,7,2025-11-01 08:33:22.284665
2,2025-01-05 19:33:23,2025-01-05 19:45:06,N,1.0,74,24,1.0,1.96,12.8,0.0,0.5,3.58,0.0,,1.0,17.88,1.0,1.0,0.0,0.0,7,2025-11-01 08:33:22.284665
2,2025-01-05 19:08:27,2025-01-05 19:20:11,N,1.0,74,263,1.0,2.39,14.2,0.0,0.5,3.69,0.0,,1.0,22.14,1.0,1.0,2.75,0.0,7,2025-11-01 08:33:22.284665
2,2025-01-05 19:49:11,2025-01-05 20:08:40,N,1.0,66,68,1.0,4.34,22.6,0.0,0.5,0.0,0.0,,1.0,27.6,1.0,1.0,2.75,0.75,7,2025-11-01 08:33:22.284665
1,2025-01-05 19:24:58,2025-01-05 19:44:31,N,1.0,97,188,1.0,3.5,21.2,0.0,1.5,2.0,0.0,,1.0,24.7,1.0,1.0,0.0,0.0,7,2025-11-01 08:33:22.284665
2,2025-01-05 19:54:54,2025-01-05 20:06:27,N,1.0,260,146,1.0,2.06,13.5,0.0,0.5,3.0,0.0,,1.0,18.0,1.0,1.0,0.0,0.0,7,2025-11-01 08:33:22.284665
2,2025-01-05 18:57:32,2025-01-05 19:13:10,N,1.0,196,134,1.0,2.93,17.0,0.0,0.5,3.7,0.0,,1.0,22.2,1.0,1.0,0.0,0.0,7,2025-11-01 08:33:22.284665
2,2025-01-05 19:19:48,2025-01-05 19:29:14,N,1.0,92,73,1.0,1.15,10.0,0.0,0.5,0.08,0.0,,1.0,11.58,1.0,1.0,0.0,0.0,7,2025-11-01 08:33:22.284665
2,2025-01-05 19:33:25,2025-01-05 19:44:45,N,1.0,74,116,1.0,1.88,12.8,0.0,0.5,2.0,0.0,,1.0,16.3,1.0,1.0,0.0,0.0,7,2025-11-01 08:33:22.284665
2,2025-01-05 19:39:48,2025-01-05 19:49:26,N,1.0,95,134,1.0,1.36,10.7,0.0,0.5,3.05,0.0,,1.0,15.25,1.0,1.0,0.0,0.0,7,2025-11-01 08:33:22.284665
2,2025-01-05 19:29:39,2025-01-05 19:44:49,N,1.0,74,262,1.0,2.74,16.3,0.0,0.5,0.0,0.0,,1.0,20.55,1.0,1.0,2.75,0.0,7,2025-11-01 08:33:22.284665
2,2025-01-05 19:47:51,2025-01-05 19:51:13,N,1.0,95,95,1.0,0.48,5.1,0.0,0.5,0.0,0.0,,1.0,6.6,2.0,1.0,0.0,0.0,7,2025-11-01 08:33:22.284665
2,2025-01-05 19:26:04,2025-01-05 19:35:09,N,1.0,195,181,1.0,2.09,11.4,0.0,0.5,2.0,0.0,,1.0,14.9,1.0,1.0,0.0,0.0,7,2025-11-01 08:33:22.284665
2,2025-01-05 19:48:59,2025-01-05 19:57:44,N,1.0,195,33,1.0,2.03,11.4,0.0,0.5,2.58,0.0,,1.0,15.48,1.0,1.0,0.0,0.0,7,2025-11-01 08:33:22.284665
2,2025-01-05 19:04:08,2025-01-05 19:24:09,N,1.0,65,61,1.0,2.46,18.4,0.0,0.5,3.98,0.0,,1.0,23.88,1.0,1.0,0.0,0.0,7,2025-11-01 08:33:22.284665
2,2025-01-05 19:43:39,2025-01-05 19:59:37,N,1.0,25,189,2.0,2.06,14.9,0.0,0.5,4.1,0.0,,1.0,20.5,1.0,1.0,0.0,0.0,7,2025-11-01 08:33:22.284665
2,2025-01-05 19:50:43,2025-01-05 19:56:18,N,1.0,196,196,1.0,1.07,7.2,0.0,0.5,0.0,0.0,,1.0,8.7,2.0,1.0,0.0,0.0,7,2025-11-01 08:33:22.284665
2,2025-01-05 18:59:27,2025-01-05 19:09:37,N,1.0,41,74,1.0,1.6,11.4,0.0,0.5,0.0,0.0,,1.0,12.9,2.0,1.0,0.0,0.0,7,2025-11-01 08:33:22.284665
2,2025-01-05 19:32:02,2025-01-05 19:43:03,N,1.0,74,24,1.0,1.97,12.8,0.0,0.5,0.08,0.0,,1.0,14.38,1.0,1.0,0.0,0.0,7,2025-11-01 08:33:22.284665
2,2025-01-05 19:47:23,2025-01-05 20:11:59,N,1.0,166,129,1.0,7.62,35.2,0.0,0.5,8.73,6.94,,1.0,52.37,1.0,1.0,0.0,0.0,7,2025-11-01 08:33:22.284665
2,2025-01-05 19:07:06,2025-01-05 19:20:22,N,1.0,74,263,1.0,2.82,15.6,0.0,0.5,3.97,0.0,,1.0,23.82,1.0,1.0,2.75,0.0,7,2025-11-01 08:33:22.284665
2,2025-01-05 19:51:45,2025-01-05 20:05:59,N,1.0,74,140,1.0,3.05,17.0,0.0,0.5,5.31,0.0,,1.0,26.56,1.0,1.0,2.75,0.0,7,2025-11-01 08:33:22.284665
2,2025-01-05 19:25:58,2025-01-06 18:39:08,N,1.0,82,129,1.0,0.59,11.4,0.0,0.5,1.0,0.0,,1.0,13.9,1.0,1.0,0.0,0.0,7,2025-11-01 08:33:22.284665
2,2025-01-05 19:13:47,2025-01-05 19:25:57,N,1.0,42,159,1.0,1.88,13.5,0.0,0.5,0.0,0.0,,1.0,15.0,2.0,1.0,0.0,0.0,7,2025-11-01 08:33:22.284665
2,2025-01-05 19:27:41,2025-01-05 19:37:35,N,1.0,74,238,1.0,2.45,12.8,0.0,0.5,2.86,0.0,,1.0,17.16,1.0,1.0,0.0,0.0,7,2025-11-01 08:33:22.284665
2,2025-01-05 19:05:30,2025-01-05 19:15:44,N,1.0,74,236,1.0,1.69,11.4,0.0,0.5,1.68,0.0,,1.0,14.58,1.0,1.0,0.0,0.0,7,2025-11-01 08:33:22.284665
2,2025-01-05 19:19:56,2025-01-05 19:26:36,N,1.0,41,151,1.0,1.42,9.3,0.0,0.5,2.16,0.0,,1.0,12.96,1.0,1.0,0.0,0.0,7,2025-11-01 08:33:22.284665
2,2025-01-05 19:00:55,2025-01-05 19:21:31,N,1.0,82,82,1.0,3.22,20.5,0.0,0.5,0.0,0.0,,1.0,22.0,2.0,1.0,0.0,0.0,7,2025-11-01 08:33:22.284665
2,2025-01-05 19:39:50,2025-01-05 20:17:36,N,1.0,82,264,1.0,8.71,42.2,0.0,0.5,0.0,0.0,,1.0,43.7,2.0,1.0,0.0,0.0,7,2025-11-01 08:33:22.284665
2,2025-01-05 19:26:56,2025-01-05 19:40:02,N,1.0,74,24,2.0,2.05,14.2,0.0,0.5,3.92,0.0,,1.0,19.62,1.0,1.0,0.0,0.0,7,2025-11-01 08:33:22.284665
2,2025-01-05 19:38:44,2025-01-05 19:43:45,N,1.0,223,223,1.0,0.95,7.2,0.0,0.5,1.74,0.0,,1.0,10.44,1.0,1.0,0.0,0.0,7,2025-11-01 08:33:22.284665
1,2025-01-05 19:31:47,2025-01-05 19:51:29,N,1.0,74,202,2.0,5.7,27.5,0.0,1.5,0.0,6.94,,1.0,35.94,2.0,1.0,0.0,0.0,7,2025-11-01 08:33:22.284665
2,2025-01-05 19:11:22,2025-01-05 19:17:50,N,1.0,82,56,1.0,0.76,7.9,0.0,0.5,0.0,0.0,,1.0,9.4,2.0,1.0,0.0,0.0,7,2025-11-01 08:33:22.284665
2,2025-01-05 19:29:53,2025-01-05 19:47:07,N,1.0,82,198,1.0,3.46,19.1,0.0,0.5,0.0,0.0,,1.0,20.6,2.0,1.0,0.0,0.0,7,2025-11-01 08:33:22.284665
2,2025-01-05 19:34:00,2025-01-05 19:58:51,N,1.0,74,229,1.0,4.79,26.8,0.0,0.5,0.0,0.0,,1.0,31.8,1.0,1.0,2.75,0.75,7,2025-11-01 08:33:22.284665
2,2025-01-05 18:59:35,2025-01-05 19:02:50,N,1.0,7,7,1.0,0.6,5.1,0.0,0.5,1.65,0.0,,1.0,8.25,1.0,1.0,0.0,0.0,7,2025-11-01 08:33:22.284665
2,2025-01-05 19:43:53,2025-01-05 19:45:19,N,1.0,75,75,1.0,0.42,4.4,0.0,0.5,1.18,0.0,,1.0,7.08,1.0,1.0,0.0,0.0,7,2025-11-01 08:33:22.284665
2,2025-01-05 19:01:17,2025-01-05 19:14:23,N,1.0,97,49,1.0,1.53,11.4,0.0,0.5,0.0,0.0,,1.0,12.9,2.0,1.0,0.0,0.0,7,2025-11-01 08:33:22.284665
2,2025-01-05 19:37:23,2025-01-05 20:03:58,N,1.0,97,89,1.0,5.77,30.3,0.0,0.5,7.95,0.0,,1.0,39.75,1.0,1.0,0.0,0.0,7,2025-11-01 08:33:22.284665
2,2025-01-05 18:57:54,2025-01-05 19:00:36,N,1.0,97,97,1.0,0.55,5.1,0.0,0.5,0.0,0.0,,1.0,6.6,2.0,1.0,0.0,0.0,7,2025-11-01 08:33:22.284665
2,2025-01-05 19:25:01,2025-01-05 19:33:44,N,1.0,65,189,1.0,1.09,10.0,0.0,0.5,2.3,0.0,,1.0,13.8,1.0,1.0,0.0,0.0,7,2025-11-01 08:33:22.284665
2,2025-01-05 19:00:37,2025-01-05 19:12:38,N,1.0,97,189,1.0,1.92,12.8,0.0,0.5,2.86,0.0,,1.0,17.16,1.0,1.0,0.0,0.0,7,2025-11-01 08:33:22.284665
2,2025-01-05 19:52:09,2025-01-05 20:09:24,N,1.0,97,62,1.0,3.53,19.8,0.0,0.5,3.0,0.0,,1.0,24.3,1.0,1.0,0.0,0.0,7,2025-11-01 08:33:22.284665
1,2025-01-05 19:14:53,2025-01-05 19:19:36,N,1.0,196,95,2.0,0.8,6.5,2.5,1.5,0.0,0.0,,1.0,10.5,2.0,1.0,0.0,0.0,7,2025-11-01 08:33:22.284665
2,2025-01-05 19:58:59,2025-01-05 20:07:48,N,1.0,83,82,1.0,1.25,10.0,0.0,0.5,0.0,0.0,,1.0,11.5,2.0,1.0,0.0,0.0,7,2025-11-01 08:33:22.284665
2,2025-01-05 19:37:22,2025-01-05 19:55:31,N,1.0,82,260,1.0,2.21,17.0,0.0,0.5,4.62,0.0,,1.0,23.12,1.0,1.0,0.0,0.0,7,2025-11-01 08:33:22.284665
2,2025-01-05 19:03:20,2025-01-05 19:08:22,N,1.0,130,10,1.0,1.18,7.2,0.0,0.5,2.0,0.0,,1.0,10.7,1.0,1.0,0.0,0.0,7,2025-11-01 08:33:22.284665
2,2025-01-05 19:49:16,2025-01-05 19:57:26,N,1.0,65,52,1.0,1.07,8.6,0.0,0.5,2.02,0.0,,1.0,12.12,1.0,1.0,0.0,0.0,7,2025-11-01 08:33:22.284665
2,2025-01-05 19:32:11,2025-01-05 19:47:01,N,1.0,74,238,2.0,2.52,15.6,0.0,0.5,1.98,0.0,,1.0,21.83,1.0,1.0,2.75,0.0,7,2025-11-01 08:33:22.284665
2,2025-01-05 19:16:40,2025-01-05 19:23:46,N,1.0,82,83,1.0,1.21,9.3,0.0,0.5,0.0,0.0,,1.0,10.8,2.0,1.0,0.0,0.0,7,2025-11-01 08:33:22.284665
2,2025-01-05 19:26:50,2025-01-05 19:37:19,N,1.0,74,75,1.0,1.74,12.1,0.0,0.5,0.0,0.0,,1.0,13.6,2.0,1.0,0.0,0.0,7,2025-11-01 08:33:22.284665
2,2025-01-05 19:06:59,2025-01-05 19:13:56,N,1.0,82,83,1.0,0.76,7.9,0.0,0.5,0.0,0.0,,1.0,9.4,2.0,1.0,0.0,0.0,7,2025-11-01 08:33:22.284665
2,2025-01-05 19:47:58,2025-01-05 20:03:03,N,1.0,82,173,1.0,1.69,14.9,0.0,0.5,0.0,0.0,,1.0,16.4,2.0,1.0,0.0,0.0,7,2025-11-01 08:33:22.284665
2,2025-01-05 19:33:54,2025-01-05 19:55:16,N,1.0,74,142,1.0,4.4,23.3,0.0,0.5,5.66,0.0,,1.0,33.96,1.0,1.0,2.75,0.75,7,2025-11-01 08:33:22.284665
2,2025-01-05 19:07:19,2025-01-05 19:22:52,N,1.0,74,248,1.0,6.1,26.8,0.0,0.5,0.0,0.0,,1.0,28.3,2.0,1.0,0.0,0.0,7,2025-11-01 08:33:22.284665
2,2025-01-05 19:47:20,2025-01-05 20:13:18,N,1.0,116,113,1.0,7.98,37.3,0.0,0.5,10.58,0.0,,1.0,52.88,1.0,1.0,2.75,0.75,7,2025-11-01 08:33:22.284665
2,2025-01-05 19:07:53,2025-01-05 19:18:52,N,1.0,74,263,1.0,2.04,12.8,0.0,0.5,3.0,0.0,,1.0,20.05,1.0,1.0,2.75,0.0,7,2025-11-01 08:33:22.284665
2,2025-01-05 19:32:43,2025-01-05 19:37:51,N,1.0,74,41,1.0,1.05,7.2,0.0,0.5,2.18,0.0,,1.0,10.88,1.0,1.0,0.0,0.0,7,2025-11-01 08:33:22.284665
2,2025-01-05 19:39:47,2025-01-05 19:43:18,N,1.0,43,238,2.0,0.9,6.5,0.0,0.5,2.0,0.0,,1.0,10.0,1.0,1.0,0.0,0.0,7,2025-11-01 08:33:22.284665
2,2025-01-05 19:33:11,2025-01-05 19:43:10,N,1.0,43,151,1.0,1.97,12.1,0.0,0.5,2.0,0.0,,1.0,15.6,1.0,1.0,0.0,0.0,7,2025-11-01 08:33:22.284665
2,2025-01-05 19:48:11,2025-01-06 16:53:25,N,1.0,42,61,1.0,13.8,57.6,0.0,0.5,0.0,6.94,,1.0,66.04,1.0,1.0,0.0,0.0,7,2025-11-01 08:33:22.284665
2,2025-01-05 19:25:44,2025-01-06 18:02:52,N,1.0,82,129,1.0,1.62,12.8,0.0,0.5,0.0,0.0,,1.0,14.3,1.0,1.0,0.0,0.0,7,2025-11-01 08:33:22.284665
2,2025-01-05 19:30:08,2025-01-05 19:36:16,N,1.0,74,41,1.0,0.73,7.9,0.0,0.5,2.0,0.0,,1.0,11.4,1.0,1.0,0.0,0.0,7,2025-11-01 08:33:22.284665
2,2025-01-05 19:36:34,2025-01-05 19:51:04,N,1.0,74,244,1.0,2.91,16.3,0.0,0.5,3.56,0.0,,1.0,21.36,1.0,1.0,0.0,0.0,7,2025-11-01 08:33:22.284665
2,2025-01-05 19:13:28,2025-01-05 19:31:45,N,1.0,75,48,1.0,3.37,19.8,0.0,0.5,0.0,0.0,,1.0,24.8,2.0,1.0,2.75,0.75,7,2025-11-01 08:33:22.284665
2,2025-01-05 19:44:47,2025-01-05 19:57:45,N,1.0,236,162,1.0,2.32,14.9,0.0,0.5,2.59,0.0,,1.0,22.49,1.0,1.0,2.75,0.75,7,2025-11-01 08:33:22.284665
2,2025-01-05 19:45:15,2025-01-05 19:55:54,N,1.0,130,216,1.0,3.53,17.0,0.0,0.5,4.62,0.0,,1.0,23.12,1.0,1.0,0.0,0.0,7,2025-11-01 08:33:22.284665
2,2025-01-05 19:37:19,2025-01-05 19:49:57,N,1.0,134,95,1.0,1.86,12.1,0.0,0.5,0.0,0.0,,1.0,13.6,2.0,1.0,0.0,0.0,7,2025-11-01 08:33:22.284665
2,2025-01-05 19:54:47,2025-01-05 19:59:42,N,1.0,82,82,1.0,0.49,6.5,0.0,0.5,0.0,0.0,,1.0,8.0,2.0,1.0,0.0,0.0,7,2025-11-01 08:33:22.284665
2,2025-01-05 19:35:06,2025-01-05 19:39:06,N,1.0,74,74,1.0,0.67,5.8,0.0,0.5,1.46,0.0,,1.0,8.76,1.0,1.0,0.0,0.0,7,2025-11-01 08:33:22.284665
1,2025-01-05 19:25:35,2025-01-05 19:33:17,N,1.0,97,49,2.0,1.2,8.6,0.0,1.5,2.0,0.0,,1.0,12.1,1.0,1.0,0.0,0.0,7,2025-11-01 08:33:22.284665
2,2025-01-05 19:39:03,2025-01-05 20:00:55,N,1.0,95,95,5.0,3.41,21.9,0.0,0.5,5.85,0.0,,1.0,29.25,1.0,1.0,0.0,0.0,7,2025-11-01 08:33:22.284665
2,2025-01-05 19:25:42,2025-01-05 19:33:14,N,1.0,92,171,1.0,1.3,8.6,0.0,0.5,2.02,0.0,,1.0,12.12,1.0,1.0,0.0,0.0,7,2025-11-01 08:33:22.284665
2,2025-01-05 20:35:43,2025-01-05 20:44:07,N,1.0,256,66,1.0,2.76,12.8,1.0,0.5,0.0,0.0,,1.0,15.3,2.0,1.0,0.0,0.0,7,2025-11-01 08:33:22.284665
2,2025-01-05 20:51:59,2025-01-05 20:52:02,N,5.0,66,66,1.0,0.0,50.0,0.0,0.0,0.01,0.0,,1.0,51.01,1.0,2.0,0.0,0.0,7,2025-11-01 08:33:22.284665
2,2025-01-05 20:30:37,2025-01-05 20:43:53,N,1.0,74,142,1.0,3.57,17.7,1.0,0.5,0.0,0.0,,1.0,22.95,2.0,1.0,2.75,0.0,7,2025-11-01 08:33:22.284665
2,2025-01-05 20:30:38,2025-01-05 20:37:57,N,1.0,74,166,1.0,1.16,8.6,1.0,0.5,3.33,0.0,,1.0,14.43,1.0,1.0,0.0,0.0,7,2025-11-01 08:33:22.284665
2,2025-01-05 20:19:05,2025-01-05 20:21:32,N,1.0,75,75,1.0,0.6,5.1,1.0,0.5,3.4,0.0,,1.0,11.0,1.0,1.0,0.0,0.0,7,2025-11-01 08:33:22.284665
2,2025-01-05 20:28:05,2025-01-05 20:36:33,N,1.0,74,236,2.0,1.82,10.7,1.0,0.5,1.0,0.0,,1.0,16.95,1.0,1.0,2.75,0.0,7,2025-11-01 08:33:22.284665
2,2025-01-05 20:18:20,2025-01-05 20:23:35,N,1.0,75,43,1.0,1.11,7.9,1.0,0.5,1.0,0.0,,1.0,11.4,1.0,1.0,0.0,0.0,7,2025-11-01 08:33:22.284665
2,2025-01-05 20:47:20,2025-01-05 20:50:32,N,1.0,75,74,1.0,0.96,6.5,1.0,0.5,1.0,0.0,,1.0,10.0,1.0,1.0,0.0,0.0,7,2025-11-01 08:33:22.284665
2,2025-01-05 20:43:53,2025-01-05 20:52:38,N,1.0,7,226,1.0,1.56,10.7,1.0,0.5,0.0,0.0,,1.0,13.2,2.0,1.0,0.0,0.0,7,2025-11-01 08:33:22.284665
2,2025-01-05 20:07:11,2025-01-05 20:24:08,N,1.0,92,73,1.0,2.58,17.7,1.0,0.5,4.04,0.0,,1.0,24.24,1.0,1.0,0.0,0.0,7,2025-11-01 08:33:22.284665
2,2025-01-05 20:04:41,2025-01-05 20:12:26,N,1.0,74,263,1.0,2.07,11.4,1.0,0.5,0.0,0.0,,1.0,16.65,2.0,1.0,2.75,0.0,7,2025-11-01 08:33:22.284665
1,2025-01-05 20:58:33,2025-01-05 20:58:33,N,1.0,244,244,1.0,0.0,19.5,0.0,1.5,0.0,0.0,,1.0,21.0,1.0,1.0,0.0,0.0,7,2025-11-01 08:33:22.284665
2,2025-01-05 20:41:50,2025-01-05 20:42:36,N,1.0,33,66,1.0,0.0,-3.0,-1.0,-0.5,0.0,0.0,,-1.0,-5.5,3.0,1.0,0.0,0.0,7,2025-11-01 08:33:22.284665
2,2025-01-05 20:41:50,2025-01-05 20:42:36,N,1.0,33,66,1.0,0.0,3.0,1.0,0.5,0.0,0.0,,1.0,5.5,3.0,1.0,0.0,0.0,7,2025-11-01 08:33:22.284665
2,2025-01-05 20:52:11,2025-01-05 21:00:19,N,1.0,66,40,1.0,1.7,10.0,1.0,0.5,3.12,0.0,,1.0,15.62,1.0,1.0,0.0,0.0,7,2025-11-01 08:33:22.284665
2,2025-01-05 20:26:14,2025-01-05 20:36:29,N,1.0,74,239,6.0,2.95,14.2,1.0,0.5,2.92,0.0,,1.0,22.37,1.0,1.0,2.75,0.0,7,2025-11-01 08:33:22.284665
2,2025-01-05 20:06:37,2025-01-05 20:06:44,N,5.0,42,42,1.0,0.0,10.0,0.0,0.0,0.0,0.0,,1.0,11.0,1.0,2.0,0.0,0.0,7,2025-11-01 08:33:22.284665
2,2025-01-05 20:44:58,2025-01-05 20:51:10,N,1.0,95,196,1.0,1.25,7.9,1.0,0.5,0.0,0.0,,1.0,10.4,2.0,1.0,0.0,0.0,7,2025-11-01 08:33:22.284665
2,2025-01-05 20:38:53,2025-01-05 20:59:38,N,1.0,82,132,1.0,10.01,39.4,1.0,0.5,0.0,0.0,,1.0,41.9,2.0,1.0,0.0,0.0,7,2025-11-01 08:33:22.284665
2,2025-01-05 20:20:19,2025-01-06 19:59:37,N,1.0,25,225,2.0,4.84,28.2,1.0,0.5,0.0,0.0,,1.0,30.7,2.0,1.0,0.0,0.0,7,2025-11-01 08:33:22.284665
2,2025-01-05 19:15:30,2025-01-05 19:26:41,N,1.0,82,70,1.0,3.17,16.3,1.0,0.5,4.7,0.0,,1.0,23.5,1.0,1.0,0.0,0.0,7,2025-11-01 08:33:22.284665
2,2025-01-05 20:30:51,2025-01-05 20:34:24,N,1.0,75,238,1.0,0.96,6.5,1.0,0.5,2.35,0.0,,1.0,14.1,1.0,1.0,2.75,0.0,7,2025-11-01 08:33:22.284665
2,2025-01-05 20:44:23,2025-01-05 20:57:02,N,1.0,130,203,1.0,6.77,27.5,1.0,0.5,0.0,0.0,,1.0,30.0,1.0,1.0,0.0,0.0,7,2025-11-01 08:33:22.284665
2,2025-01-05 19:59:51,2025-01-05 20:11:00,N,1.0,74,151,1.0,1.97,12.1,1.0,0.5,2.19,0.0,,1.0,16.79,1.0,1.0,0.0,0.0,7,2025-11-01 08:33:22.284665
2,2025-01-05 20:44:05,2025-01-05 20:50:49,N,1.0,41,74,1.0,1.33,9.3,1.0,0.5,2.36,0.0,,1.0,14.16,1.0,1.0,0.0,0.0,7,2025-11-01 08:33:22.284665
2,2025-01-05 20:05:10,2025-01-05 20:10:51,N,1.0,74,75,1.0,1.27,8.6,1.0,0.5,3.33,0.0,,1.0,14.43,1.0,1.0,0.0,0.0,7,2025-11-01 08:33:22.284665
2,2025-01-05 20:28:04,2025-01-05 20:35:36,N,1.0,74,166,1.0,0.96,8.6,1.0,0.5,1.22,0.0,,1.0,12.32,1.0,1.0,0.0,0.0,7,2025-11-01 08:33:22.284665
1,2025-01-05 20:58:12,2025-01-05 21:13:45,N,1.0,74,263,3.0,2.3,17.0,3.75,1.5,4.01,0.0,,1.0,26.26,1.0,1.0,2.75,0.0,7,2025-11-01 08:33:22.284665
2,2025-01-05 20:08:21,2025-01-05 20:13:51,N,1.0,82,56,1.0,0.77,7.2,1.0,0.5,0.0,0.0,,1.0,9.7,2.0,1.0,0.0,0.0,7,2025-11-01 08:33:22.284665
2,2025-01-05 20:29:14,2025-01-05 20:36:02,N,1.0,74,263,6.0,2.02,10.7,1.0,0.5,3.19,0.0,,1.0,19.14,1.0,1.0,2.75,0.0,7,2025-11-01 08:33:22.284665
2,2025-01-05 20:55:04,2025-01-05 21:10:50,N,1.0,74,238,1.0,2.96,16.3,1.0,0.5,0.0,0.0,,1.0,21.55,2.0,1.0,2.75,0.0,7,2025-11-01 08:33:22.284665
2,2025-01-05 20:05:26,2025-01-05 20:11:18,N,1.0,7,7,1.0,0.81,7.2,1.0,0.5,1.0,0.0,,1.0,10.7,1.0,1.0,0.0,0.0,7,2025-11-01 08:33:22.284665
2,2025-01-05 20:17:17,2025-01-05 20:27:21,N,1.0,75,141,1.0,2.13,12.8,1.0,0.5,3.61,0.0,,1.0,21.66,1.0,1.0,2.75,0.0,7,2025-11-01 08:33:22.284665
2,2025-01-05 20:44:13,2025-01-05 20:59:56,N,1.0,75,113,2.0,3.64,18.4,1.0,0.5,4.88,0.0,,1.0,29.28,1.0,1.0,2.75,0.75,7,2025-11-01 08:33:22.284665
2,2025-01-05 20:28:16,2025-01-05 20:36:15,N,1.0,95,95,1.0,1.19,8.6,1.0,0.5,2.22,0.0,,1.0,13.32,1.0,1.0,0.0,0.0,7,2025-11-01 08:33:22.284665
2,2025-01-05 20:31:19,2025-01-05 20:38:20,N,1.0,74,75,2.0,1.38,9.3,1.0,0.5,1.0,0.0,,1.0,12.8,1.0,1.0,0.0,0.0,7,2025-11-01 08:33:22.284665
2,2025-01-05 19:53:18,2025-01-05 20:00:22,N,1.0,74,43,1.0,0.0,7.2,1.0,0.5,1.94,0.0,,1.0,11.64,1.0,1.0,0.0,0.0,7,2025-11-01 08:33:22.284665
2,2025-01-05 20:32:38,2025-01-05 20:37:30,N,1.0,74,75,1.0,0.0,5.8,1.0,0.5,1.66,0.0,,1.0,9.96,1.0,1.0,0.0,0.0,7,2025-11-01 08:33:22.284665
2,2025-01-05 20:54:08,2025-01-05 21:00:18,N,1.0,74,42,1.0,0.89,7.9,1.0,0.5,0.0,0.0,,1.0,10.4,2.0,1.0,0.0,0.0,7,2025-11-01 08:33:22.284665
2,2025-01-05 20:32:30,2025-01-05 20:48:42,N,1.0,74,244,1.0,3.3,17.7,1.0,0.5,0.0,0.0,,1.0,20.2,2.0,1.0,0.0,0.0,7,2025-11-01 08:33:22.284665
1,2025-01-05 20:50:13,2025-01-05 21:16:30,N,1.0,157,76,1.0,0.0,28.5,0.0,1.5,0.0,0.0,,1.0,30.0,1.0,1.0,0.0,0.0,7,2025-11-01 08:33:22.284665
2,2025-01-05 20:11:11,2025-01-05 20:22:23,N,1.0,236,239,1.0,2.35,14.2,1.0,0.5,2.92,0.0,,1.0,22.37,1.0,1.0,2.75,0.0,7,2025-11-01 08:33:22.284665
2,2025-01-05 20:10:43,2025-01-05 20:18:58,N,1.0,43,237,1.0,1.88,10.7,1.0,0.5,1.5,0.0,,1.0,17.45,1.0,1.0,2.75,0.0,7,2025-11-01 08:33:22.284665
2,2025-01-05 20:46:49,2025-01-05 20:59:47,N,1.0,75,48,1.0,3.46,17.0,1.0,0.5,5.75,0.0,,1.0,28.75,1.0,1.0,2.75,0.75,7,2025-11-01 08:33:22.284665
2,2025-01-05 20:30:30,2025-01-05 20:44:35,N,1.0,166,75,1.0,2.62,15.6,1.0,0.5,3.62,0.0,,1.0,21.72,1.0,1.0,0.0,0.0,7,2025-11-01 08:33:22.284665
2,2025-01-05 20:58:44,2025-01-05 21:13:44,N,1.0,74,140,1.0,3.05,17.0,1.0,0.5,2.0,0.0,,1.0,24.25,1.0,1.0,2.75,0.0,7,2025-11-01 08:33:22.284665
2,2025-01-05 20:31:02,2025-01-05 20:44:34,N,1.0,74,236,1.0,2.55,15.6,1.0,0.5,3.13,0.0,,1.0,23.98,1.0,1.0,2.75,0.0,7,2025-11-01 08:33:22.284665
2,2025-01-05 20:31:48,2025-01-05 20:42:57,N,1.0,74,263,1.0,2.23,13.5,1.0,0.5,3.75,0.0,,1.0,22.5,1.0,1.0,2.75,0.0,7,2025-11-01 08:33:22.284665
2,2025-01-05 19:29:12,2025-01-05 19:39:52,N,1.0,74,151,2.0,1.82,12.1,1.0,0.5,2.92,0.0,,1.0,17.52,1.0,1.0,0.0,0.0,7,2025-11-01 08:33:22.284665
2,2025-01-05 20:14:24,2025-01-05 20:21:49,N,1.0,134,134,1.0,1.1,9.3,1.0,0.5,2.36,0.0,,1.0,14.16,1.0,1.0,0.0,0.0,7,2025-11-01 08:33:22.284665
2,2025-01-05 20:43:34,2025-01-05 20:53:10,N,1.0,134,130,1.0,2.64,13.5,1.0,0.5,0.0,0.0,,1.0,16.0,2.0,1.0,0.0,0.0,7,2025-11-01 08:33:22.284665
2,2025-01-05 20:30:45,2025-01-05 20:43:09,N,1.0,74,151,1.0,1.94,13.5,1.0,0.5,0.0,0.0,,1.0,16.0,2.0,1.0,0.0,0.0,7,2025-11-01 08:33:22.284665
1,2025-01-05 20:00:36,2025-01-05 20:05:19,N,1.0,166,166,2.0,0.0,5.8,1.0,1.5,1.65,0.0,,1.0,9.95,1.0,1.0,0.0,0.0,7,2025-11-01 08:33:22.284665
2,2025-01-05 19:57:08,2025-01-05 19:57:21,N,5.0,82,82,1.0,0.0,250.0,0.0,0.0,0.0,0.0,,1.0,251.0,1.0,2.0,0.0,0.0,7,2025-11-01 08:33:22.284665
2,2025-01-05 20:53:53,2025-01-05 20:53:56,N,5.0,53,53,1.0,0.06,29.0,0.0,0.0,0.0,0.0,,1.0,30.0,1.0,2.0,0.0,0.0,7,2025-11-01 08:33:22.284665
2,2025-01-05 21:25:37,2025-01-05 21:42:52,N,1.0,75,79,1.0,6.78,28.9,1.0,0.5,6.98,0.0,,1.0,41.88,1.0,1.0,2.75,0.75,7,2025-11-01 08:33:22.284665
2,2025-01-05 21:30:31,2025-01-05 21:43:04,N,1.0,66,97,1.0,2.07,13.5,1.0,0.5,1.0,0.0,,1.0,17.0,1.0,1.0,0.0,0.0,7,2025-11-01 08:33:22.284665
2,2025-01-05 21:34:06,2025-01-05 21:44:13,N,1.0,74,263,1.0,1.95,12.1,1.0,0.5,3.47,0.0,,1.0,20.82,1.0,1.0,2.75,0.0,7,2025-11-01 08:33:22.284665
2,2025-01-05 21:06:15,2025-01-05 21:14:11,N,1.0,74,75,1.0,1.65,10.0,1.0,0.5,2.0,0.0,,1.0,14.5,1.0,1.0,0.0,0.0,7,2025-11-01 08:33:22.284665
2,2025-01-05 21:40:57,2025-01-05 21:51:21,N,1.0,130,131,1.0,1.97,12.1,1.0,0.5,2.92,0.0,,1.0,17.52,1.0,1.0,0.0,0.0,7,2025-11-01 08:33:22.284665
2,2025-01-05 19:41:22,2025-01-05 20:03:52,N,1.0,75,226,1.0,5.51,26.8,1.0,0.5,8.2,0.0,,1.0,41.0,1.0,1.0,2.75,0.75,7,2025-11-01 08:33:22.284665
2,2025-01-05 21:18:05,2025-01-05 21:26:35,N,1.0,66,97,1.0,1.47,10.7,1.0,0.5,2.64,0.0,,1.0,15.84,1.0,1.0,0.0,0.0,7,2025-11-01 08:33:22.284665
2,2025-01-05 21:05:22,2025-01-05 21:16:25,N,1.0,74,262,6.0,2.44,13.5,1.0,0.5,3.75,0.0,,1.0,22.5,1.0,1.0,2.75,0.0,7,2025-11-01 08:33:22.284665
2,2025-01-05 21:35:48,2025-01-05 21:54:01,N,1.0,74,167,6.0,3.07,19.8,1.0,0.5,0.0,0.0,,1.0,22.3,2.0,1.0,0.0,0.0,7,2025-11-01 08:33:22.284665
2,2025-01-05 21:07:36,2025-01-05 21:12:36,N,1.0,75,41,1.0,1.12,7.9,1.0,0.5,0.0,0.0,,1.0,10.4,2.0,1.0,0.0,0.0,7,2025-11-01 08:33:22.284665
1,2025-01-05 21:42:35,2025-01-05 22:02:04,N,1.0,66,148,1.0,0.0,16.3,6.0,1.5,4.75,0.0,,1.0,28.55,1.0,1.0,2.75,0.0,7,2025-11-01 08:33:22.284665
2,2025-01-05 21:26:42,2025-01-05 22:03:17,N,5.0,95,265,5.0,27.59,130.0,0.0,0.0,0.0,0.0,,1.0,131.0,1.0,2.0,0.0,0.0,7,2025-11-01 08:33:22.284665
2,2025-01-05 21:47:18,2025-01-05 21:57:26,N,1.0,130,197,1.0,2.41,13.5,1.0,0.5,3.2,0.0,,1.0,19.2,1.0,1.0,0.0,0.0,7,2025-11-01 08:33:22.284665
2,2025-01-05 21:04:42,2025-01-05 21:16:36,N,1.0,74,152,1.0,1.73,12.8,1.0,0.5,0.0,0.0,,1.0,15.3,1.0,1.0,0.0,0.0,7,2025-11-01 08:33:22.284665
2,2025-01-05 21:08:13,2025-01-05 21:24:27,N,1.0,255,33,5.0,4.6,22.6,1.0,0.5,6.28,0.0,,1.0,31.38,1.0,1.0,0.0,0.0,7,2025-11-01 08:33:22.284665
2,2025-01-05 21:26:58,2025-01-05 21:40:51,N,1.0,74,237,6.0,3.29,17.7,1.0,0.5,4.59,0.0,,1.0,27.54,1.0,1.0,2.75,0.0,7,2025-11-01 08:33:22.284665
2,2025-01-05 21:47:42,2025-01-05 21:53:14,N,1.0,75,41,6.0,1.22,7.9,1.0,0.5,0.0,0.0,,1.0,10.4,2.0,1.0,0.0,0.0,7,2025-11-01 08:33:22.284665
2,2025-01-05 21:33:50,2025-01-05 21:37:33,N,1.0,97,97,5.0,0.92,6.5,1.0,0.5,0.0,0.0,,1.0,9.0,1.0,1.0,0.0,0.0,7,2025-11-01 08:33:22.284665
2,2025-01-05 21:39:05,2025-01-05 21:40:23,N,1.0,166,41,1.0,0.18,3.7,1.0,0.5,0.0,0.0,,1.0,6.2,2.0,1.0,0.0,0.0,7,2025-11-01 08:33:22.284665
2,2025-01-05 21:04:46,2025-01-05 21:12:37,N,1.0,97,49,1.0,1.13,9.3,1.0,0.5,2.36,0.0,,1.0,14.16,1.0,1.0,0.0,0.0,7,2025-11-01 08:33:22.284665
2,2025-01-05 21:27:32,2025-01-05 21:56:46,N,1.0,97,263,1.0,9.29,41.5,1.0,0.5,9.35,0.0,,1.0,56.1,1.0,1.0,2.75,0.0,7,2025-11-01 08:33:22.284665
2,2025-01-05 21:07:34,2025-01-05 21:16:01,N,1.0,97,49,1.0,1.39,10.0,1.0,0.5,2.5,0.0,,1.0,15.0,1.0,1.0,0.0,0.0,7,2025-11-01 08:33:22.284665
2,2025-01-05 21:27:53,2025-01-05 21:43:13,N,1.0,97,79,1.0,3.42,19.1,1.0,0.5,0.0,0.0,,1.0,25.1,1.0,1.0,2.75,0.75,7,2025-11-01 08:33:22.284665
2,2025-01-05 21:52:58,2025-01-05 22:15:01,N,1.0,33,75,1.0,9.44,39.4,1.0,0.5,7.5,0.0,,1.0,52.15,1.0,1.0,2.75,0.0,7,2025-11-01 08:33:22.284665
2,2025-01-05 21:34:58,2025-01-05 21:50:26,N,1.0,74,116,2.0,2.6,16.3,1.0,0.5,0.0,0.0,,1.0,18.8,2.0,1.0,0.0,0.0,7,2025-11-01 08:33:22.284665
2,2025-01-05 21:30:48,2025-01-05 21:38:44,N,1.0,74,75,1.0,1.39,10.0,1.0,0.5,0.0,0.0,,1.0,12.5,2.0,1.0,0.0,0.0,7,2025-11-01 08:33:22.284665
2,2025-01-05 21:34:38,2025-01-05 21:41:21,N,1.0,74,75,1.0,1.51,9.3,1.0,0.5,2.36,0.0,,1.0,14.16,1.0,1.0,0.0,0.0,7,2025-11-01 08:33:22.284665
2,2025-01-05 21:37:03,2025-01-05 21:54:36,N,1.0,74,140,1.0,0.0,14.9,1.0,0.5,0.0,0.0,,1.0,20.15,2.0,1.0,2.75,0.0,7,2025-11-01 08:33:22.284665
2,2025-01-05 21:11:14,2025-01-05 21:17:24,N,1.0,66,52,1.0,1.12,8.6,1.0,0.5,2.0,0.0,,1.0,13.1,1.0,1.0,0.0,0.0,7,2025-11-01 08:33:22.284665
1,2025-01-05 21:20:13,2025-01-05 21:50:51,N,1.0,52,77,1.0,0.0,26.5,0.0,1.5,0.0,0.0,,1.0,28.0,1.0,1.0,0.0,0.0,7,2025-11-01 08:33:22.284665
2,2025-01-05 21:05:09,2025-01-05 21:25:08,N,1.0,74,239,1.0,3.83,21.9,1.0,0.5,2.88,0.0,,1.0,30.03,1.0,1.0,2.75,0.0,7,2025-11-01 08:33:22.284665
2,2025-01-05 21:45:11,2025-01-05 21:51:25,N,1.0,134,134,1.0,1.25,8.6,1.0,0.5,0.0,0.0,,1.0,11.1,2.0,1.0,0.0,0.0,7,2025-11-01 08:33:22.284665
2,2025-01-05 21:34:38,2025-01-05 21:46:33,N,1.0,74,151,1.0,2.66,14.9,1.0,0.5,4.35,0.0,,1.0,21.75,1.0,1.0,0.0,0.0,7,2025-11-01 08:33:22.284665
2,2025-01-05 21:04:18,2025-01-05 21:10:07,N,1.0,74,236,1.0,1.6,9.3,1.0,0.5,0.0,0.0,,1.0,11.8,2.0,1.0,0.0,0.0,7,2025-11-01 08:33:22.284665
2,2025-01-05 21:39:01,2025-01-05 21:45:54,N,1.0,95,95,1.0,1.11,9.3,1.0,0.5,2.36,0.0,,1.0,14.16,1.0,1.0,0.0,0.0,7,2025-11-01 08:33:22.284665
2,2025-01-05 21:28:17,2025-01-05 21:37:50,N,1.0,226,82,1.0,2.26,12.8,1.0,0.5,0.0,0.0,,1.0,15.3,2.0,1.0,0.0,0.0,7,2025-11-01 08:33:22.284665
2,2025-01-05 21:40:07,2025-01-05 21:47:52,N,1.0,223,223,1.0,1.34,9.3,1.0,0.5,2.36,0.0,,1.0,14.16,1.0,1.0,0.0,0.0,7,2025-11-01 08:33:22.284665
1,2025-01-05 21:03:27,2025-01-05 21:10:44,N,1.0,33,54,2.0,1.2,9.3,1.0,1.5,0.0,0.0,,1.0,11.8,2.0,1.0,0.0,0.0,7,2025-11-01 08:33:22.284665
1,2025-01-05 21:34:15,2025-01-05 21:47:21,N,1.0,33,61,2.0,3.4,17.0,1.0,1.5,3.9,0.0,,1.0,23.4,1.0,1.0,0.0,0.0,7,2025-11-01 08:33:22.284665
2,2025-01-05 22:42:27,2025-01-05 22:47:53,N,1.0,236,238,1.0,1.34,8.6,1.0,0.5,2.22,0.0,,1.0,13.32,1.0,1.0,0.0,0.0,7,2025-11-01 08:33:22.284665
2,2025-01-05 22:41:17,2025-01-05 23:00:21,N,1.0,66,61,1.0,3.6,21.2,1.0,0.5,4.74,0.0,,1.0,28.44,1.0,1.0,0.0,0.0,7,2025-11-01 08:33:22.284665
2,2025-01-05 22:08:17,2025-01-05 22:14:10,N,1.0,82,83,1.0,0.92,7.2,1.0,0.5,0.0,0.0,,1.0,9.7,2.0,1.0,0.0,0.0,7,2025-11-01 08:33:22.284665
2,2025-01-05 22:54:08,2025-01-05 23:07:24,N,1.0,82,82,1.0,1.49,12.1,1.0,0.5,0.0,0.0,,1.0,14.6,2.0,1.0,0.0,0.0,7,2025-11-01 08:33:22.284665
2,2025-01-05 22:52:12,2025-01-05 23:01:07,N,1.0,130,10,1.0,1.98,11.4,1.0,0.5,2.78,0.0,,1.0,16.68,1.0,1.0,0.0,0.0,7,2025-11-01 08:33:22.284665
2,2025-01-05 22:16:00,2025-01-05 22:26:41,N,1.0,66,144,1.0,2.52,14.2,1.0,0.5,4.04,0.0,,1.0,24.24,1.0,1.0,2.75,0.75,7,2025-11-01 08:33:22.284665
2,2025-01-05 22:37:25,2025-01-05 22:41:14,N,1.0,243,243,1.0,0.84,6.5,1.0,0.5,0.0,0.0,,1.0,9.0,2.0,1.0,0.0,0.0,7,2025-11-01 08:33:22.284665
2,2025-01-05 22:16:24,2025-01-05 22:37:03,N,1.0,75,224,1.0,5.79,27.5,1.0,0.5,0.0,0.0,,1.0,33.5,1.0,1.0,2.75,0.75,7,2025-11-01 08:33:22.284665
2,2025-01-05 18:39:48,2025-01-05 18:46:48,N,1.0,82,129,1.0,2.4,12.8,1.0,0.5,2.0,0.0,,1.0,17.3,1.0,1.0,0.0,0.0,7,2025-11-01 08:33:22.284665
2,2025-01-05 22:47:41,2025-01-05 22:59:51,N,1.0,41,167,1.0,2.68,15.6,1.0,0.5,0.0,0.0,,1.0,18.1,2.0,1.0,0.0,0.0,7,2025-11-01 08:33:22.284665
2,2025-01-05 22:26:26,2025-01-05 22:38:41,N,1.0,74,151,1.0,2.33,14.2,1.0,0.5,2.5,0.0,,1.0,19.2,1.0,1.0,0.0,0.0,7,2025-11-01 08:33:22.284665
2,2025-01-05 22:14:39,2025-01-05 22:17:49,N,1.0,7,7,5.0,0.82,5.8,1.0,0.5,1.66,0.0,,1.0,9.96,1.0,1.0,0.0,0.0,7,2025-11-01 08:33:22.284665
2,2025-01-05 22:26:12,2025-01-05 22:35:02,N,1.0,74,263,1.0,2.12,11.4,1.0,0.5,3.33,0.0,,1.0,19.98,1.0,1.0,2.75,0.0,7,2025-11-01 08:33:22.284665
2,2025-01-05 22:47:48,2025-01-05 22:54:18,N,1.0,7,179,1.0,1.14,8.6,1.0,0.5,0.56,0.0,,1.0,11.66,1.0,1.0,0.0,0.0,7,2025-11-01 08:33:22.284665
2,2025-01-05 22:52:42,2025-01-05 22:56:55,N,1.0,74,43,1.0,1.5,7.9,1.0,0.5,0.6,0.0,,1.0,11.0,1.0,1.0,0.0,0.0,7,2025-11-01 08:33:22.284665
2,2025-01-05 22:07:03,2025-01-05 22:15:33,N,1.0,25,52,1.0,1.56,10.0,1.0,0.5,2.5,0.0,,1.0,15.0,1.0,1.0,0.0,0.0,7,2025-11-01 08:33:22.284665
2,2025-01-05 22:33:10,2025-01-05 22:40:31,N,1.0,95,95,1.0,1.33,9.3,1.0,0.5,0.0,0.0,,1.0,11.8,2.0,1.0,0.0,0.0,7,2025-11-01 08:33:22.284665
2,2025-01-05 22:35:49,2025-01-05 22:48:01,N,1.0,97,61,1.0,2.3,14.2,1.0,0.5,3.34,0.0,,1.0,20.04,1.0,1.0,0.0,0.0,7,2025-11-01 08:33:22.284665
2,2025-01-05 22:03:27,2025-01-05 22:12:04,N,1.0,55,55,1.0,0.0,8.6,1.0,0.5,0.0,0.0,,1.0,11.1,2.0,1.0,0.0,0.0,7,2025-11-01 08:33:22.284665
2,2025-01-05 22:37:02,2025-01-05 22:52:38,N,1.0,74,244,1.0,3.77,20.5,1.0,0.5,4.6,0.0,,1.0,27.6,1.0,1.0,0.0,0.0,7,2025-11-01 08:33:22.284665
2,2025-01-05 22:50:09,2025-01-05 22:57:39,N,1.0,65,49,1.0,2.66,14.2,1.0,0.5,3.34,0.0,,1.0,20.04,1.0,1.0,0.0,0.0,7,2025-11-01 08:33:22.284665
2,2025-01-05 22:27:42,2025-01-05 22:38:18,N,1.0,74,236,1.0,2.0,12.8,1.0,0.5,3.61,0.0,,1.0,21.66,1.0,1.0,2.75,0.0,7,2025-11-01 08:33:22.284665
2,2025-01-05 22:23:15,2025-01-05 22:34:01,N,1.0,74,237,1.0,2.23,14.2,1.0,0.5,3.89,0.0,,1.0,23.34,1.0,1.0,2.75,0.0,7,2025-11-01 08:33:22.284665
2,2025-01-05 22:33:26,2025-01-05 22:39:35,N,1.0,193,193,1.0,0.41,-6.5,-1.0,-0.5,0.0,0.0,,-1.0,-9.0,3.0,1.0,0.0,0.0,7,2025-11-01 08:33:22.284665
2,2025-01-05 22:33:26,2025-01-05 22:39:35,N,1.0,193,193,1.0,0.41,6.5,1.0,0.5,0.0,0.0,,1.0,9.0,3.0,1.0,0.0,0.0,7,2025-11-01 08:33:22.284665
2,2025-01-05 22:27:47,2025-01-05 22:32:23,N,1.0,74,42,1.0,0.81,6.5,1.0,0.5,1.53,0.0,,1.0,10.53,1.0,1.0,0.0,0.0,7,2025-11-01 08:33:22.284665
2,2025-01-05 22:15:27,2025-01-05 22:21:51,N,1.0,75,238,1.0,1.29,8.6,1.0,0.5,2.77,0.0,,1.0,16.62,1.0,1.0,2.75,0.0,7,2025-11-01 08:33:22.284665
2,2025-01-05 22:32:46,2025-01-05 22:33:11,N,1.0,74,74,1.0,0.0,3.0,1.0,0.5,0.0,0.0,,1.0,5.5,2.0,1.0,0.0,0.0,7,2025-11-01 08:33:22.284665
2,2025-01-05 22:34:38,2025-01-05 22:36:39,N,1.0,74,74,1.0,0.0,4.4,1.0,0.5,0.0,0.0,,1.0,6.9,2.0,1.0,0.0,0.0,7,2025-11-01 08:33:22.284665
2,2025-01-05 22:27:57,2025-01-05 22:38:28,N,1.0,82,56,2.0,2.22,12.8,1.0,0.5,0.0,0.0,,1.0,15.3,2.0,1.0,0.0,0.0,7,2025-11-01 08:33:22.284665
2,2025-01-05 22:10:28,2025-01-05 22:36:31,N,1.0,7,198,1.0,12.87,49.2,1.0,0.5,0.0,0.0,,1.0,51.7,2.0,1.0,0.0,0.0,7,2025-11-01 08:33:22.284665
2,2025-01-05 21:57:03,2025-01-05 22:04:46,N,1.0,74,152,1.0,1.92,10.7,1.0,0.5,0.0,0.0,,1.0,13.2,2.0,1.0,0.0,0.0,7,2025-11-01 08:33:22.284665
2,2025-01-05 22:33:51,2025-01-05 22:51:37,N,1.0,74,182,1.0,7.79,32.4,1.0,0.5,8.72,0.0,,1.0,43.62,1.0,1.0,0.0,0.0,7,2025-11-01 08:33:22.284665
2,2025-01-05 23:26:20,2025-01-05 23:39:42,N,1.0,43,48,1.0,3.35,17.7,1.0,0.5,0.0,0.0,,1.0,23.7,2.0,1.0,2.75,0.75,7,2025-11-01 08:33:22.284665
2,2025-01-05 23:11:32,2025-01-05 23:24:14,N,1.0,130,205,1.0,3.31,16.3,1.0,0.5,1.0,0.0,,1.0,19.8,1.0,1.0,0.0,0.0,7,2025-11-01 08:33:22.284665
2,2025-01-05 23:24:51,2025-01-05 23:28:14,N,1.0,41,74,1.0,0.54,5.8,1.0,0.5,0.0,0.0,,1.0,8.3,1.0,1.0,0.0,0.0,7,2025-11-01 08:33:22.284665
2,2025-01-05 23:53:18,2025-01-06 00:04:14,N,1.0,74,126,2.0,5.27,22.6,1.0,0.5,0.0,0.0,,1.0,25.1,2.0,1.0,0.0,0.0,7,2025-11-01 08:33:22.284665
2,2025-01-05 23:58:08,2025-01-06 00:05:56,N,1.0,75,262,1.0,1.86,10.7,1.0,0.5,3.19,0.0,,1.0,19.14,1.0,1.0,2.75,0.0,7,2025-11-01 08:33:22.284665
2,2025-01-05 23:58:32,2025-01-06 00:06:25,N,1.0,212,250,1.0,1.95,11.4,1.0,0.5,0.0,0.0,,1.0,13.9,2.0,1.0,0.0,0.0,7,2025-11-01 08:33:22.284665
2,2025-01-05 23:02:27,2025-01-05 23:10:03,N,1.0,130,197,1.0,2.2,12.1,1.0,0.5,2.92,0.0,,1.0,17.52,1.0,1.0,0.0,0.0,7,2025-11-01 08:33:22.284665
2,2025-01-05 23:34:14,2025-01-05 23:44:22,N,1.0,74,151,1.0,2.23,12.8,1.0,0.5,3.82,0.0,,1.0,19.12,1.0,1.0,0.0,0.0,7,2025-11-01 08:33:22.284665
2,2025-01-05 23:09:37,2025-01-05 23:19:49,N,1.0,95,173,1.0,4.04,18.4,1.0,0.5,0.0,0.0,,1.0,20.9,2.0,1.0,0.0,0.0,7,2025-11-01 08:33:22.284665
2,2025-01-05 23:52:17,2025-01-05 23:56:13,N,1.0,235,247,2.0,0.55,5.8,1.0,0.5,0.0,0.0,,1.0,8.3,2.0,1.0,0.0,0.0,7,2025-11-01 08:33:22.284665
2,2025-01-05 23:03:00,2025-01-05 23:12:21,N,1.0,244,119,1.0,1.93,11.4,1.0,0.5,0.0,0.0,,1.0,13.9,2.0,1.0,0.0,0.0,7,2025-11-01 08:33:22.284665
2,2025-01-05 23:06:18,2025-01-05 23:14:12,N,1.0,97,49,1.0,2.79,14.9,1.0,0.5,0.0,0.0,,1.0,17.4,2.0,1.0,0.0,0.0,7,2025-11-01 08:33:22.284665
2,2025-01-05 23:24:59,2025-01-05 23:39:48,N,1.0,97,85,1.0,7.28,31.0,1.0,0.5,6.7,0.0,,1.0,40.2,1.0,1.0,0.0,0.0,7,2025-11-01 08:33:22.284665
2,2025-01-05 23:09:18,2025-01-05 23:42:43,N,1.0,66,76,1.0,7.54,37.3,1.0,0.5,0.0,0.0,,1.0,39.8,2.0,1.0,0.0,0.0,7,2025-11-01 08:33:22.284665
2,2025-01-05 23:22:36,2025-01-05 23:32:44,N,1.0,74,166,1.0,1.85,12.8,1.0,0.5,3.0,0.0,,1.0,18.3,1.0,1.0,0.0,0.0,7,2025-11-01 08:33:22.284665
1,2025-01-05 23:06:07,2025-01-05 23:34:22,N,1.0,72,264,1.0,0.0,21.5,0.0,1.5,0.0,0.0,,1.0,23.0,1.0,1.0,0.0,0.0,7,2025-11-01 08:33:22.284665
2,2025-01-05 23:42:55,2025-01-05 23:48:59,N,1.0,129,129,1.0,0.82,7.2,1.0,0.5,0.0,0.0,,1.0,9.7,2.0,1.0,0.0,0.0,7,2025-11-01 08:33:22.284665
2,2025-01-05 23:09:32,2025-01-05 23:19:33,N,1.0,130,215,1.0,2.17,12.8,1.0,0.5,0.0,0.0,,1.0,15.3,1.0,1.0,0.0,0.0,7,2025-11-01 08:33:22.284665
2,2025-01-05 23:04:10,2025-01-05 23:12:13,N,1.0,95,56,1.0,1.59,10.0,1.0,0.5,1.0,0.0,,1.0,13.5,1.0,1.0,0.0,0.0,7,2025-11-01 08:33:22.284665
2,2025-01-05 23:34:39,2025-01-05 23:38:33,N,1.0,223,223,1.0,0.75,6.5,1.0,0.5,2.7,0.0,,1.0,11.7,1.0,1.0,0.0,0.0,7,2025-11-01 08:33:22.284665
2,2025-01-05 23:54:13,2025-01-06 00:05:12,N,1.0,130,216,1.0,3.64,17.0,1.0,0.5,2.0,0.0,,1.0,21.5,1.0,1.0,0.0,0.0,7,2025-11-01 08:33:22.284665
2,2025-01-05 23:27:24,2025-01-05 23:45:22,N,1.0,75,79,1.0,6.8,30.3,1.0,0.5,0.0,0.0,,1.0,36.3,1.0,1.0,2.75,0.75,7,2025-11-01 08:33:22.284665
2,2025-01-05 19:16:24,2025-01-05 19:26:06,N,1.0,82,173,1.0,1.4,10.0,1.0,0.5,5.0,0.0,,1.0,17.5,1.0,1.0,0.0,0.0,7,2025-11-01 08:33:22.284665
2,2025-01-05 19:06:11,2025-01-05 19:15:45,N,1.0,129,129,1.0,1.44,10.7,1.0,0.5,3.96,0.0,,1.0,17.16,1.0,1.0,0.0,0.0,7,2025-11-01 08:33:22.284665
2,2025-01-12 10:30:57,2025-01-12 10:30:57,N,5.0,242,264,0.0,0.01,10.0,0.0,0.0,0.0,0.0,,0.0,10.0,1.0,2.0,0.0,0.0,7,2025-11-01 08:33:22.284665
2,2025-01-12 17:32:51,2025-01-12 17:49:08,N,1.0,244,42,1.0,3.0,18.4,0.0,0.5,0.0,0.0,,1.0,19.9,2.0,1.0,0.0,0.0,7,2025-11-01 08:33:22.284665
2,2025-01-12 17:29:51,2025-01-12 17:42:04,N,1.0,74,262,1.0,2.67,14.9,0.0,0.5,3.83,0.0,,1.0,22.98,1.0,1.0,2.75,0.0,7,2025-11-01 08:33:22.284665
2,2025-01-12 18:26:53,2025-01-12 18:41:02,N,1.0,74,166,1.0,1.77,13.5,0.0,0.5,3.75,0.0,,1.0,18.75,1.0,1.0,0.0,0.0,7,2025-11-01 08:33:22.284665
2,2025-01-12 19:28:52,2025-01-12 19:37:52,N,1.0,95,196,1.0,1.64,10.7,0.0,0.5,0.0,0.0,,1.0,12.2,2.0,1.0,0.0,0.0,7,2025-11-01 08:33:22.284665
2,2025-01-12 19:29:18,2025-01-12 19:41:07,N,1.0,74,24,1.0,2.1,13.5,0.0,0.5,3.0,0.0,,1.0,18.0,1.0,1.0,0.0,0.0,7,2025-11-01 08:33:22.284665
2,2025-01-12 19:51:39,2025-01-12 20:05:18,N,1.0,41,141,1.0,3.68,17.7,0.0,0.5,6.58,0.0,,1.0,28.53,1.0,1.0,2.75,0.0,7,2025-11-01 08:33:22.284665
2,2025-01-12 20:39:02,2025-01-12 20:52:18,N,1.0,74,169,1.0,4.97,23.3,1.0,0.5,1.0,0.0,,1.0,26.8,1.0,1.0,0.0,0.0,7,2025-11-01 08:33:22.284665
2,2025-01-12 21:35:02,2025-01-12 21:41:45,N,1.0,74,41,1.0,1.16,8.6,1.0,0.5,0.0,0.0,,1.0,11.1,2.0,1.0,0.0,0.0,7,2025-11-01 08:33:22.284665
2,2025-01-12 00:12:28,2025-01-12 00:24:40,N,1.0,75,166,1.0,2.99,16.3,1.0,0.5,0.0,0.0,,1.0,18.8,2.0,1.0,0.0,0.0,7,2025-11-01 08:33:22.284665
2,2025-01-12 00:46:21,2025-01-12 00:49:40,N,1.0,75,41,2.0,1.02,6.5,1.0,0.5,1.35,0.0,,1.0,10.35,1.0,1.0,0.0,0.0,7,2025-11-01 08:33:22.284665
2,2025-01-12 00:44:37,2025-01-12 01:00:13,N,1.0,74,4,1.0,7.66,31.7,1.0,0.5,0.0,0.0,,1.0,37.7,2.0,1.0,2.75,0.75,7,2025-11-01 08:33:22.284665
2,2025-01-12 00:29:55,2025-01-12 00:45:09,N,1.0,255,148,1.0,3.18,17.7,1.0,0.5,4.74,0.0,,1.0,28.44,1.0,1.0,2.75,0.75,7,2025-11-01 08:33:22.284665
2,2025-01-12 00:16:23,2025-01-12 00:20:47,N,1.0,20,47,3.0,0.81,6.5,1.0,0.5,0.0,0.0,,1.0,9.0,2.0,1.0,0.0,0.0,7,2025-11-01 08:33:22.284665
1,2025-01-12 00:43:12,2025-01-12 01:18:24,Y,1.0,66,102,1.0,0.0,27.5,1.0,1.5,6.0,0.0,,1.0,36.0,1.0,1.0,0.0,0.0,7,2025-11-01 08:33:22.284665
2,2025-01-12 00:13:39,2025-01-12 00:24:14,N,1.0,256,112,2.0,1.23,10.7,1.0,0.5,0.0,0.0,,1.0,13.2,1.0,1.0,0.0,0.0,7,2025-11-01 08:33:22.284665
2,2025-01-12 00:30:16,2025-01-12 00:55:44,N,1.0,255,189,2.0,5.76,29.6,1.0,0.5,6.42,0.0,,1.0,38.52,1.0,1.0,0.0,0.0,7,2025-11-01 08:33:22.284665
1,2025-01-12 00:07:16,2025-01-12 00:15:03,N,1.0,83,129,1.0,1.1,7.9,1.0,1.5,2.05,0.0,,1.0,12.45,1.0,1.0,0.0,0.0,7,2025-11-01 08:33:22.284665
2,2025-01-12 00:17:45,2025-01-12 00:31:39,N,1.0,130,205,1.0,3.77,18.4,1.0,0.5,0.0,0.0,,1.0,20.9,1.0,1.0,0.0,0.0,7,2025-11-01 08:33:22.284665
2,2025-01-12 00:13:39,2025-01-12 00:18:08,N,1.0,223,223,5.0,0.95,6.5,1.0,0.5,2.0,0.0,,1.0,11.0,1.0,1.0,0.0,0.0,7,2025-11-01 08:33:22.284665
2,2025-01-12 00:16:02,2025-01-12 00:16:06,N,5.0,255,255,2.0,0.0,-30.0,0.0,0.0,0.0,0.0,,-1.0,-31.0,3.0,2.0,0.0,0.0,7,2025-11-01 08:33:22.284665
2,2025-01-12 00:16:02,2025-01-12 00:16:06,N,5.0,255,255,2.0,0.0,30.0,0.0,0.0,0.0,0.0,,1.0,31.0,3.0,2.0,0.0,0.0,7,2025-11-01 08:33:22.284665
2,2025-01-12 00:44:32,2025-01-12 00:51:05,N,1.0,7,7,5.0,0.82,7.9,1.0,0.5,2.08,0.0,,1.0,12.48,1.0,1.0,0.0,0.0,7,2025-11-01 08:33:22.284665
2,2025-01-12 00:02:45,2025-01-12 00:08:37,N,1.0,95,196,1.0,1.08,7.9,1.0,0.5,2.08,0.0,,1.0,12.48,1.0,1.0,0.0,0.0,7,2025-11-01 08:33:22.284665
2,2025-01-12 00:43:55,2025-01-12 00:53:39,N,1.0,95,135,1.0,1.8,12.1,1.0,0.5,0.01,0.0,,1.0,14.61,1.0,1.0,0.0,0.0,7,2025-11-01 08:33:22.284665
2,2025-01-12 00:29:34,2025-01-12 00:41:33,N,1.0,25,181,5.0,2.27,14.2,1.0,0.5,5.01,0.0,,1.0,21.71,1.0,1.0,0.0,0.0,7,2025-11-01 08:33:22.284665
2,2025-01-12 00:22:26,2025-01-12 00:38:04,N,5.0,255,113,2.0,3.77,48.0,0.0,0.0,13.12,0.0,,1.0,65.62,1.0,2.0,2.75,0.75,7,2025-11-01 08:33:22.284665
2,2025-01-12 00:53:10,2025-01-12 00:56:17,N,5.0,256,256,1.0,0.48,13.0,0.0,0.0,3.5,0.0,,1.0,17.5,1.0,2.0,0.0,0.0,7,2025-11-01 08:33:22.284665
2,2025-01-12 00:35:22,2025-01-12 00:42:29,N,1.0,95,135,1.0,0.25,7.9,1.0,0.5,4.0,0.0,,1.0,14.4,1.0,1.0,0.0,0.0,7,2025-11-01 08:33:22.284665
2,2025-01-12 00:46:03,2025-01-12 00:57:09,N,1.0,33,261,1.0,2.95,15.6,1.0,0.5,4.32,0.0,,1.0,25.92,1.0,1.0,2.75,0.75,7,2025-11-01 08:33:22.284665
2,2025-01-12 00:29:03,2025-01-12 00:54:42,N,1.0,66,61,1.0,3.93,24.0,1.0,0.5,3.5,0.0,,1.0,30.0,1.0,1.0,0.0,0.0,7,2025-11-01 08:33:22.284665
2,2025-01-12 00:16:24,2025-01-12 00:27:43,N,1.0,74,236,1.0,2.06,13.5,1.0,0.5,3.75,0.0,,1.0,22.5,1.0,1.0,2.75,0.0,7,2025-11-01 08:33:22.284665
2,2025-01-12 00:49:31,2025-01-12 00:57:18,N,5.0,255,256,2.0,2.88,45.0,0.0,0.0,9.2,0.0,,1.0,55.2,1.0,2.0,0.0,0.0,7,2025-11-01 08:33:22.284665
1,2025-01-12 00:30:05,2025-01-12 00:30:38,N,5.0,126,126,1.0,0.0,35.0,0.0,0.0,0.0,0.0,,0.0,35.0,1.0,2.0,0.0,0.0,7,2025-11-01 08:33:22.284665
2,2025-01-12 00:15:22,2025-01-12 00:32:31,N,1.0,82,129,1.0,1.91,16.3,1.0,0.5,1.0,0.0,,1.0,19.8,1.0,1.0,0.0,0.0,7,2025-11-01 08:33:22.284665
2,2025-01-12 00:27:56,2025-01-12 00:31:06,N,5.0,255,255,1.0,0.48,14.0,0.0,0.0,2.0,0.0,,1.0,17.0,1.0,2.0,0.0,0.0,7,2025-11-01 08:33:22.284665
2,2025-01-12 00:35:09,2025-01-12 00:43:54,N,1.0,255,112,1.0,1.22,10.0,1.0,0.5,10.0,0.0,,1.0,22.5,1.0,1.0,0.0,0.0,7,2025-11-01 08:33:22.284665
2,2025-01-12 00:56:36,2025-01-12 01:02:58,N,5.0,255,148,2.0,2.68,50.0,0.0,0.0,13.62,0.0,,1.0,68.12,1.0,2.0,2.75,0.75,7,2025-11-01 08:33:22.284665
2,2025-01-12 00:14:23,2025-01-12 00:37:33,N,1.0,134,223,1.0,10.02,42.2,1.0,0.5,8.94,0.0,,1.0,53.64,1.0,1.0,0.0,0.0,7,2025-11-01 08:33:22.284665
2,2025-01-12 00:37:18,2025-01-12 00:47:59,N,1.0,74,244,1.0,4.56,19.8,1.0,0.5,4.46,0.0,,1.0,26.76,1.0,1.0,0.0,0.0,7,2025-11-01 08:33:22.284665
2,2025-01-12 00:59:18,2025-01-12 01:07:39,N,1.0,95,95,1.0,1.57,10.0,1.0,0.5,3.12,0.0,,1.0,15.62,1.0,1.0,0.0,0.0,7,2025-11-01 08:33:22.284665
1,2025-01-12 00:37:03,2025-01-12 00:42:04,N,1.0,40,181,2.0,0.9,6.5,1.0,1.5,2.25,0.0,,1.0,11.25,1.0,1.0,0.0,0.0,7,2025-11-01 08:33:22.284665
2,2025-01-12 01:12:21,2025-01-12 01:23:59,N,1.0,256,112,1.0,1.9,12.1,1.0,0.5,2.92,0.0,,1.0,17.52,1.0,1.0,0.0,0.0,7,2025-11-01 08:33:22.284665
2,2025-01-12 01:49:01,2025-01-12 01:58:38,N,1.0,255,232,1.0,2.64,13.5,1.0,0.5,0.0,0.0,,1.0,19.5,2.0,1.0,2.75,0.75,7,2025-11-01 08:33:22.284665
2,2025-01-12 01:39:34,2025-01-12 01:51:18,N,1.0,74,167,1.0,4.96,21.9,1.0,0.5,0.0,0.0,,1.0,24.4,2.0,1.0,0.0,0.0,7,2025-11-01 08:33:22.284665
2,2025-01-12 01:10:33,2025-01-12 01:25:54,N,1.0,75,186,1.0,4.23,20.5,1.0,0.5,5.3,0.0,,1.0,31.8,1.0,1.0,2.75,0.75,7,2025-11-01 08:33:22.284665
2,2025-01-12 01:08:59,2025-01-12 01:11:41,N,1.0,255,255,1.0,0.37,5.1,1.0,0.5,1.52,0.0,,1.0,9.12,1.0,1.0,0.0,0.0,7,2025-11-01 08:33:22.284665
2,2025-01-12 01:12:58,2025-01-12 01:27:15,N,1.0,255,79,1.0,3.08,17.7,1.0,0.5,4.74,0.0,,1.0,28.44,1.0,1.0,2.75,0.75,7,2025-11-01 08:33:22.284665
2,2025-01-12 01:51:20,2025-01-12 02:18:33,N,1.0,255,71,1.0,6.41,31.0,1.0,0.5,5.0,0.0,,1.0,38.5,1.0,1.0,0.0,0.0,7,2025-11-01 08:33:22.284665
2,2025-01-12 01:27:18,2025-01-12 01:42:34,N,1.0,127,168,2.0,5.57,24.7,1.0,0.5,0.0,0.0,,1.0,27.2,2.0,1.0,0.0,0.0,7,2025-11-01 08:33:22.284665
2,2025-01-12 01:48:31,2025-01-12 01:57:23,N,1.0,168,69,1.0,1.42,10.7,1.0,0.5,0.0,0.0,,1.0,13.2,2.0,1.0,0.0,0.0,7,2025-11-01 08:33:22.284665
1,2025-01-12 01:04:23,2025-01-12 01:18:14,N,1.0,82,95,1.0,2.5,15.6,1.0,1.5,4.5,0.0,,1.0,22.6,1.0,1.0,0.0,0.0,7,2025-11-01 08:33:22.284665
2,2025-01-12 01:51:06,2025-01-12 01:53:22,N,1.0,157,157,3.0,0.0,4.4,1.0,0.5,1.72,0.0,,1.0,8.62,1.0,1.0,0.0,0.0,7,2025-11-01 08:33:22.284665
2,2025-01-12 01:07:11,2025-01-12 01:14:27,N,1.0,74,41,1.0,1.44,10.0,1.0,0.5,2.5,0.0,,1.0,15.0,1.0,1.0,0.0,0.0,7,2025-11-01 08:33:22.284665
2,2025-01-12 01:17:55,2025-01-12 01:29:10,N,5.0,82,129,1.0,2.26,20.0,0.0,0.0,0.0,0.0,,1.0,21.0,1.0,2.0,0.0,0.0,7,2025-11-01 08:33:22.284665
2,2025-01-12 00:59:48,2025-01-12 01:06:10,N,1.0,49,25,5.0,1.43,8.6,1.0,0.5,2.22,0.0,,1.0,13.32,1.0,1.0,0.0,0.0,7,2025-11-01 08:33:22.284665
2,2025-01-12 01:14:17,2025-01-12 01:18:54,N,1.0,95,95,1.0,0.62,6.5,1.0,0.5,1.0,0.0,,1.0,10.0,1.0,1.0,0.0,0.0,7,2025-11-01 08:33:22.284665
2,2025-01-12 01:08:46,2025-01-12 01:20:29,N,5.0,255,79,2.0,3.4,33.0,0.0,0.0,2.3,0.0,,1.0,36.3,1.0,2.0,0.0,0.0,7,2025-11-01 08:33:22.284665
2,2025-01-12 01:54:25,2025-01-12 02:02:31,N,5.0,255,232,1.0,2.67,34.0,0.0,0.0,7.7,0.0,,1.0,46.2,1.0,2.0,2.75,0.75,7,2025-11-01 08:33:22.284665
2,2025-01-12 01:36:52,2025-01-12 01:49:10,N,1.0,255,144,1.0,2.95,17.0,1.0,0.5,4.6,0.0,,1.0,27.6,1.0,1.0,2.75,0.75,7,2025-11-01 08:33:22.284665
2,2025-01-12 01:29:43,2025-01-12 01:49:43,N,1.0,129,233,1.0,5.38,25.4,1.0,0.5,0.0,0.0,,1.0,31.4,1.0,1.0,2.75,0.75,7,2025-11-01 08:33:22.284665
2,2025-01-12 01:44:39,2025-01-12 01:58:59,N,5.0,256,249,2.0,3.76,40.0,0.0,0.0,0.0,0.0,,1.0,44.5,1.0,2.0,2.75,0.75,7,2025-11-01 08:33:22.284665
2,2025-01-12 02:26:24,2025-01-12 02:26:37,N,1.0,69,69,3.0,0.0,-3.0,-1.0,-0.5,0.0,0.0,,-1.0,-5.5,4.0,1.0,0.0,0.0,7,2025-11-01 08:33:22.284665
2,2025-01-12 02:26:24,2025-01-12 02:26:37,N,1.0,69,69,3.0,0.0,3.0,1.0,0.5,0.0,0.0,,1.0,5.5,4.0,1.0,0.0,0.0,7,2025-11-01 08:33:22.284665
2,2025-01-12 01:53:28,2025-01-12 01:56:13,N,1.0,82,83,1.0,0.73,4.5,0.5,0.5,0.0,0.0,,0.3,5.8,2.0,1.0,0.0,0.0,7,2025-11-01 08:33:22.284665
2,2025-01-12 01:32:49,2025-01-12 01:44:57,N,1.0,75,168,1.0,2.55,14.2,1.0,0.5,0.0,0.0,,1.0,16.7,2.0,1.0,0.0,0.0,7,2025-11-01 08:33:22.284665
2,2025-01-12 01:05:42,2025-01-12 01:05:49,N,5.0,173,173,1.0,0.0,20.0,0.0,0.0,0.0,0.0,,1.0,21.0,1.0,2.0,0.0,0.0,7,2025-11-01 08:33:22.284665
2,2025-01-12 01:23:25,2025-01-12 01:29:07,N,5.0,255,256,1.0,2.63,35.0,0.0,0.0,4.0,0.0,,1.0,40.0,1.0,2.0,0.0,0.0,7,2025-11-01 08:33:22.284665
2,2025-01-12 01:52:51,2025-01-12 02:09:53,N,5.0,255,87,2.0,4.18,45.0,0.0,0.0,0.0,0.0,,1.0,49.5,2.0,2.0,2.75,0.75,7,2025-11-01 08:33:22.284665
2,2025-01-12 01:15:01,2025-01-12 01:56:48,N,5.0,260,223,2.0,2.97,24.0,0.0,0.0,0.0,0.0,,1.0,25.0,2.0,2.0,0.0,0.0,7,2025-11-01 08:33:22.284665
2,2025-01-12 01:24:30,2025-01-12 01:41:13,N,1.0,255,129,1.0,5.29,25.4,1.0,0.5,2.0,0.0,,1.0,29.9,1.0,1.0,0.0,0.0,7,2025-11-01 08:33:22.284665
2,2025-01-12 01:00:18,2025-01-12 01:04:56,N,1.0,210,150,1.0,0.6,6.5,1.0,0.5,1.8,0.0,,1.0,10.8,1.0,1.0,0.0,0.0,7,2025-11-01 08:33:22.284665
1,2025-01-12 01:34:28,2025-01-12 01:34:28,Y,99.0,78,264,0.0,0.0,62.66,0.0,0.0,0.0,0.0,,0.0,62.66,3.0,,0.0,0.0,7,2025-11-01 08:33:22.284665
2,2025-01-12 01:39:09,2025-01-12 01:43:14,N,1.0,74,41,1.0,0.62,6.5,1.0,0.5,1.0,0.0,,1.0,10.0,1.0,1.0,0.0,0.0,7,2025-11-01 08:33:22.284665
1,2025-01-12 01:35:19,2025-01-12 01:39:22,N,1.0,25,65,1.0,0.7,6.5,1.0,1.5,1.8,0.0,,1.0,10.8,1.0,1.0,0.0,0.0,7,2025-11-01 08:33:22.284665
2,2025-01-12 02:42:21,2025-01-12 03:04:14,N,1.0,255,141,1.0,7.52,33.1,1.0,0.5,7.82,0.0,,1.0,46.92,1.0,1.0,2.75,0.75,7,2025-11-01 08:33:22.284665
2,2025-01-12 01:58:00,2025-01-12 02:28:34,N,1.0,80,166,1.0,11.44,49.2,1.0,0.5,8.8,6.94,,1.0,67.44,1.0,1.0,0.0,0.0,7,2025-11-01 08:33:22.284665
2,2025-01-12 02:26:25,2025-01-12 02:36:06,N,1.0,256,65,2.0,3.11,15.6,1.0,0.5,3.62,0.0,,1.0,21.72,1.0,1.0,0.0,0.0,7,2025-11-01 08:33:22.284665
2,2025-01-12 02:36:02,2025-01-12 02:44:47,N,1.0,255,37,1.0,1.76,10.7,1.0,0.5,2.64,0.0,,1.0,15.84,1.0,1.0,0.0,0.0,7,2025-11-01 08:33:22.284665
1,2025-01-12 02:23:26,2025-01-12 02:27:33,N,1.0,210,150,1.0,0.9,6.5,1.0,1.5,1.8,0.0,,1.0,10.8,1.0,1.0,0.0,0.0,7,2025-11-01 08:33:22.284665
2,2025-01-12 02:35:42,2025-01-12 02:44:44,N,1.0,179,223,2.0,1.57,11.4,1.0,0.5,4.17,0.0,,1.0,18.07,1.0,1.0,0.0,0.0,7,2025-11-01 08:33:22.284665
2,2025-01-12 02:25:49,2025-01-12 02:44:34,N,1.0,36,65,5.0,3.54,20.5,1.0,0.5,4.6,0.0,,1.0,27.6,1.0,1.0,0.0,0.0,7,2025-11-01 08:33:22.284665
2,2025-01-12 02:25:31,2025-01-12 02:47:44,N,5.0,255,62,1.0,5.11,35.0,0.0,0.0,9.0,0.0,,1.0,45.0,1.0,2.0,0.0,0.0,7,2025-11-01 08:33:22.284665
2,2025-01-12 02:25:46,2025-01-12 02:28:10,N,1.0,157,36,4.0,0.77,5.8,1.0,0.5,1.66,0.0,,1.0,9.96,1.0,1.0,0.0,0.0,7,2025-11-01 08:33:22.284665
2,2025-01-12 02:48:20,2025-01-12 02:59:46,N,1.0,157,112,1.0,2.64,14.2,1.0,0.5,3.34,0.0,,1.0,20.04,1.0,1.0,0.0,0.0,7,2025-11-01 08:33:22.284665
2,2025-01-12 02:21:45,2025-01-12 02:31:38,N,1.0,82,160,1.0,2.76,10.5,0.5,0.5,0.0,0.0,,0.3,11.8,2.0,1.0,0.0,0.0,7,2025-11-01 08:33:22.284665
2,2025-01-12 02:05:27,2025-01-12 02:05:37,N,5.0,223,223,1.0,0.0,9.0,0.0,0.0,1.0,0.0,,1.0,11.0,1.0,2.0,0.0,0.0,7,2025-11-01 08:33:22.284665
2,2025-01-12 02:58:16,2025-01-12 03:00:36,N,1.0,7,7,2.0,0.3,4.4,1.0,0.5,1.72,0.0,,1.0,8.62,1.0,1.0,0.0,0.0,7,2025-11-01 08:33:22.284665
2,2025-01-12 02:03:51,2025-01-12 02:14:19,N,5.0,255,4,1.0,3.01,30.0,0.0,0.0,10.35,0.0,,1.0,44.85,1.0,2.0,2.75,0.75,7,2025-11-01 08:33:22.284665
2,2025-01-12 02:48:31,2025-01-12 02:55:47,N,1.0,243,166,1.0,4.33,18.4,1.0,0.5,0.0,0.0,,1.0,20.9,1.0,1.0,0.0,0.0,7,2025-11-01 08:33:22.284665
1,2025-01-12 02:17:15,2025-01-12 02:26:17,N,1.0,25,49,1.0,1.4,10.0,1.0,1.5,0.0,0.0,,1.0,12.5,2.0,1.0,0.0,0.0,7,2025-11-01 08:33:22.284665
1,2025-01-12 02:36:28,2025-01-12 02:55:46,N,1.0,25,68,2.0,4.9,23.3,4.5,1.5,2.0,0.0,,1.0,31.3,1.0,1.0,2.75,0.75,7,2025-11-01 08:33:22.284665
2,2025-01-12 02:58:36,2025-01-12 03:21:46,N,1.0,260,186,1.0,5.84,27.5,1.0,0.5,6.7,0.0,,1.0,40.2,1.0,1.0,2.75,0.75,7,2025-11-01 08:33:22.284665
2,2025-01-12 03:43:04,2025-01-12 03:47:09,N,1.0,260,82,1.0,0.82,6.5,1.0,0.5,1.8,0.0,,1.0,10.8,1.0,1.0,0.0,0.0,7,2025-11-01 08:33:22.284665
2,2025-01-12 02:58:37,2025-01-12 03:02:50,N,1.0,41,42,1.0,0.78,6.5,1.0,0.5,1.8,0.0,,1.0,10.8,1.0,1.0,0.0,0.0,7,2025-11-01 08:33:22.284665
2,2025-01-12 03:57:03,2025-01-12 03:57:06,N,5.0,264,264,5.0,0.0,20.0,0.0,0.0,4.2,0.0,,1.0,25.2,1.0,2.0,0.0,0.0,7,2025-11-01 08:33:22.284665
2,2025-01-12 03:54:58,2025-01-12 03:58:20,N,1.0,74,75,1.0,0.78,5.8,1.0,0.5,2.49,0.0,,1.0,10.79,1.0,1.0,0.0,0.0,7,2025-11-01 08:33:22.284665
2,2025-01-12 03:02:58,2025-01-12 03:03:00,N,5.0,80,264,1.0,0.05,40.0,0.0,0.0,5.0,0.0,,1.0,46.0,1.0,2.0,0.0,0.0,7,2025-11-01 08:33:22.284665
2,2025-01-12 04:00:25,2025-01-12 04:11:35,N,1.0,129,157,1.0,1.99,10.0,0.5,0.5,0.0,0.0,,0.3,11.3,2.0,1.0,0.0,0.0,7,2025-11-01 08:33:22.284665
2,2025-01-12 03:51:01,2025-01-12 03:58:19,N,1.0,129,260,2.0,1.15,9.3,1.0,0.5,2.36,0.0,,1.0,14.16,1.0,1.0,0.0,0.0,7,2025-11-01 08:33:22.284665
2,2025-01-12 03:44:23,2025-01-12 03:48:40,N,1.0,179,179,1.0,0.67,6.5,1.0,0.5,1.8,0.0,,1.0,10.8,1.0,1.0,0.0,0.0,7,2025-11-01 08:33:22.284665
2,2025-01-12 03:13:36,2025-01-12 03:16:31,N,5.0,255,112,3.0,0.81,25.0,0.0,0.0,7.8,0.0,,1.0,33.8,1.0,2.0,0.0,0.0,7,2025-11-01 08:33:22.284665
2,2025-01-12 03:57:14,2025-01-12 04:06:37,N,1.0,129,129,1.0,1.46,10.7,1.0,0.5,0.0,0.0,,1.0,13.2,2.0,1.0,0.0,0.0,7,2025-11-01 08:33:22.284665
2,2025-01-12 03:07:38,2025-01-12 03:28:20,N,1.0,112,262,1.0,5.63,26.8,1.0,0.5,6.56,0.0,,1.0,39.36,1.0,1.0,2.75,0.75,7,2025-11-01 08:33:22.284665
2,2025-01-12 04:06:25,2025-01-12 04:30:47,N,1.0,80,89,1.0,10.54,43.6,1.0,0.5,11.52,0.0,,1.0,57.62,1.0,1.0,0.0,0.0,7,2025-11-01 08:33:22.284665
2,2025-01-12 04:06:37,2025-01-12 04:17:20,N,1.0,250,92,1.0,6.42,26.1,1.0,0.5,0.0,6.94,,1.0,35.54,2.0,1.0,0.0,0.0,7,2025-11-01 08:33:22.284665
2,2025-01-12 04:10:11,2025-01-12 04:19:10,N,1.0,119,119,1.0,1.03,10.0,1.0,0.5,0.0,0.0,,1.0,12.5,2.0,1.0,0.0,0.0,7,2025-11-01 08:33:22.284665
2,2025-01-12 03:56:37,2025-01-12 04:30:39,N,1.0,129,162,5.0,6.04,34.5,1.0,0.5,10.12,0.0,,1.0,50.62,1.0,1.0,2.75,0.75,7,2025-11-01 08:33:22.284665
2,2025-01-12 04:23:52,2025-01-12 04:31:18,N,1.0,7,179,2.0,1.07,7.9,1.0,0.5,3.12,0.0,,1.0,13.52,1.0,1.0,0.0,0.0,7,2025-11-01 08:33:22.284665
2,2025-01-12 03:59:57,2025-01-12 04:15:48,N,1.0,36,256,5.0,3.06,17.7,1.0,0.5,4.04,0.0,,1.0,24.24,1.0,1.0,0.0,0.0,7,2025-11-01 08:33:22.284665
2,2025-01-12 04:36:43,2025-01-12 05:00:17,N,1.0,80,61,5.0,4.46,24.7,1.0,0.5,5.44,0.0,,1.0,32.64,1.0,1.0,0.0,0.0,7,2025-11-01 08:33:22.284665
2,2025-01-12 04:22:52,2025-01-12 04:42:43,N,1.0,157,145,1.0,4.78,25.4,1.0,0.5,5.58,0.0,,1.0,33.48,1.0,1.0,0.0,0.0,7,2025-11-01 08:33:22.284665
1,2025-01-12 04:11:33,2025-01-12 04:12:12,N,1.0,74,74,1.0,0.0,3.0,1.0,1.5,0.0,0.0,,1.0,5.5,3.0,1.0,0.0,0.0,7,2025-11-01 08:33:22.284665
1,2025-01-12 04:14:05,2025-01-12 04:14:23,N,1.0,74,74,1.0,0.0,3.0,1.0,1.5,0.0,0.0,,1.0,5.5,3.0,1.0,0.0,0.0,7,2025-11-01 08:33:22.284665
1,2025-01-12 04:16:16,2025-01-12 04:16:43,N,3.0,74,74,1.0,0.0,23.0,1.0,1.0,0.0,0.0,,1.0,25.0,3.0,1.0,0.0,0.0,7,2025-11-01 08:33:22.284665
1,2025-01-12 04:19:29,2025-01-12 04:20:01,N,1.0,74,74,1.0,0.0,3.0,1.0,1.5,0.0,0.0,,1.0,5.5,3.0,1.0,0.0,0.0,7,2025-11-01 08:33:22.284665
2,2025-01-12 04:34:51,2025-01-12 04:48:34,N,1.0,7,157,5.0,5.23,24.0,1.0,0.5,0.0,0.0,,1.0,26.5,2.0,1.0,0.0,0.0,7,2025-11-01 08:33:22.284665
2,2025-01-12 04:34:49,2025-01-12 04:46:42,N,5.0,80,145,1.0,4.93,35.0,0.0,0.0,7.2,0.0,,1.0,43.2,1.0,2.0,0.0,0.0,7,2025-11-01 08:33:22.284665
2,2025-01-12 04:12:03,2025-01-12 04:35:43,N,5.0,255,157,3.0,2.29,25.0,0.0,0.0,1.0,0.0,,1.0,27.0,1.0,2.0,0.0,0.0,7,2025-11-01 08:33:22.284665
2,2025-01-12 04:04:13,2025-01-12 04:13:11,N,1.0,112,232,1.0,3.29,15.6,1.0,0.5,4.32,0.0,,1.0,25.92,1.0,1.0,2.75,0.75,7,2025-11-01 08:33:22.284665
1,2025-01-12 04:06:16,2025-01-12 04:15:21,N,1.0,25,65,2.0,1.6,10.7,1.0,1.5,2.6,0.0,,1.0,15.8,1.0,1.0,0.0,0.0,7,2025-11-01 08:33:22.284665
2,2025-01-12 05:46:37,2025-01-12 05:57:00,N,1.0,157,198,1.0,1.9,12.1,1.0,0.5,2.92,0.0,,1.0,17.52,1.0,1.0,0.0,0.0,7,2025-11-01 08:33:22.284665
2,2025-01-12 03:26:44,2025-01-12 03:37:13,N,1.0,75,230,1.0,3.22,15.6,1.0,0.5,6.48,0.0,,1.0,28.08,1.0,1.0,2.75,0.75,7,2025-11-01 08:33:22.284665
2,2025-01-12 05:52:30,2025-01-12 06:02:00,N,1.0,92,171,1.0,0.99,10.0,1.0,0.5,0.0,0.0,,1.0,12.5,2.0,1.0,0.0,0.0,7,2025-11-01 08:33:22.284665
2,2025-01-12 05:28:56,2025-01-12 05:31:23,N,1.0,75,75,1.0,0.49,5.1,1.0,0.5,0.0,0.0,,1.0,7.6,2.0,1.0,0.0,0.0,7,2025-11-01 08:33:22.284665
2,2025-01-12 05:13:18,2025-01-12 05:24:12,N,1.0,157,255,1.0,2.54,14.2,1.0,0.5,3.34,0.0,,1.0,20.04,1.0,1.0,0.0,0.0,7,2025-11-01 08:33:22.284665
2,2025-01-12 05:48:20,2025-01-12 05:59:28,N,1.0,157,198,3.0,1.8,12.8,1.0,0.5,0.0,0.0,,1.0,15.3,2.0,1.0,0.0,0.0,7,2025-11-01 08:33:22.284665
2,2025-01-12 05:14:46,2025-01-12 05:20:58,N,1.0,95,134,1.0,0.69,7.9,1.0,0.5,0.0,0.0,,1.0,10.4,2.0,1.0,0.0,0.0,7,2025-11-01 08:33:22.284665
2,2025-01-12 05:29:13,2025-01-12 05:35:25,N,1.0,95,95,1.0,1.17,8.6,1.0,0.5,0.0,0.0,,1.0,11.1,2.0,1.0,0.0,0.0,7,2025-11-01 08:33:22.284665
2,2025-01-12 05:54:51,2025-01-12 05:59:55,N,1.0,95,95,1.0,0.66,7.2,1.0,0.5,0.0,0.0,,1.0,9.7,1.0,1.0,0.0,0.0,7,2025-11-01 08:33:22.284665
2,2025-01-12 06:05:26,2025-01-12 06:15:29,N,1.0,82,56,1.0,2.0,9.0,0.5,0.5,0.0,0.0,,0.3,10.3,2.0,1.0,0.0,0.0,7,2025-11-01 08:33:22.284665
2,2025-01-12 05:09:41,2025-01-12 05:32:19,N,5.0,129,130,1.0,6.94,49.0,0.0,0.0,10.0,0.0,,1.0,60.0,1.0,2.0,0.0,0.0,7,2025-11-01 08:33:22.284665
2,2025-01-12 05:59:38,2025-01-12 06:05:59,N,1.0,74,75,1.0,1.37,8.6,1.0,0.5,0.0,0.0,,1.0,11.1,1.0,1.0,0.0,0.0,7,2025-11-01 08:33:22.284665
2,2025-01-12 06:05:14,2025-01-12 06:18:47,N,1.0,198,17,1.0,3.31,17.0,0.0,0.5,4.62,0.0,,1.0,23.12,1.0,1.0,0.0,0.0,7,2025-11-01 08:33:22.284665
2,2025-01-12 06:44:24,2025-01-12 07:06:46,N,1.0,157,181,1.0,6.32,29.6,0.0,0.5,6.22,0.0,,1.0,37.32,1.0,1.0,0.0,0.0,7,2025-11-01 08:33:22.284665
2,2025-01-12 06:33:56,2025-01-12 06:44:11,N,1.0,74,243,1.0,4.39,19.1,0.0,0.5,4.12,0.0,,1.0,24.72,1.0,1.0,0.0,0.0,7,2025-11-01 08:33:22.284665
2,2025-01-12 06:18:49,2025-01-12 06:24:15,N,1.0,75,237,1.0,2.09,10.0,0.0,0.5,2.0,0.0,,1.0,16.25,1.0,1.0,2.75,0.0,7,2025-11-01 08:33:22.284665
1,2025-01-12 06:49:56,2025-01-12 07:11:54,N,1.0,159,226,1.0,0.0,32.5,0.0,1.5,0.0,6.94,,1.0,40.94,1.0,1.0,0.0,0.0,7,2025-11-01 08:33:22.284665
2,2025-01-12 06:10:38,2025-01-12 06:22:07,N,1.0,157,225,1.0,2.39,13.5,0.0,0.5,0.0,0.0,,1.0,15.0,2.0,1.0,0.0,0.0,7,2025-11-01 08:33:22.284665
2,2025-01-12 06:49:41,2025-01-12 07:04:38,N,5.0,65,138,1.0,10.69,50.0,5.0,0.0,10.0,0.0,,1.0,66.0,1.0,2.0,0.0,0.0,7,2025-11-01 08:33:22.284665
2,2025-01-12 06:46:19,2025-01-12 07:23:02,N,1.0,55,55,1.0,26.99,100.3,0.0,0.5,0.0,0.0,,1.0,101.8,2.0,1.0,0.0,0.0,7,2025-11-01 08:33:22.284665
2,2025-01-12 07:25:55,2025-01-12 07:45:29,N,5.0,195,68,5.0,7.11,59.0,0.0,0.0,10.0,0.0,,1.0,73.5,1.0,2.0,2.75,0.75,7,2025-11-01 08:33:22.284665
2,2025-01-12 07:04:02,2025-01-12 07:33:49,N,1.0,195,186,1.0,9.41,40.8,0.0,0.5,0.0,6.94,,1.0,52.74,1.0,1.0,2.75,0.75,7,2025-11-01 08:33:22.284665
2,2025-01-12 07:59:16,2025-01-12 08:05:29,N,1.0,74,75,1.0,1.42,8.6,0.0,0.5,1.0,0.0,,1.0,11.1,1.0,1.0,0.0,0.0,7,2025-11-01 08:33:22.284665
2,2025-01-12 06:53:44,2025-01-12 06:59:54,N,1.0,74,75,1.0,1.43,8.6,0.0,0.5,2.02,0.0,,1.0,12.12,1.0,1.0,0.0,0.0,7,2025-11-01 08:33:22.284665
2,2025-01-12 07:47:49,2025-01-12 08:02:46,N,1.0,42,238,1.0,2.87,17.0,0.0,0.5,3.0,0.0,,1.0,24.25,1.0,1.0,2.75,0.0,7,2025-11-01 08:33:22.284665
2,2025-01-12 07:50:17,2025-01-12 07:55:04,N,1.0,75,74,1.0,1.53,8.6,0.0,0.5,2.52,0.0,,1.0,12.62,1.0,1.0,0.0,0.0,7,2025-11-01 08:33:22.284665
2,2025-01-12 07:28:10,2025-01-12 07:45:55,N,1.0,83,198,1.0,5.82,25.4,0.0,0.5,0.0,0.0,,1.0,26.9,2.0,1.0,0.0,0.0,7,2025-11-01 08:33:22.284665
2,2025-01-12 07:40:14,2025-01-12 07:43:15,N,1.0,75,74,1.0,0.93,6.5,0.0,0.5,1.6,0.0,,1.0,9.6,1.0,1.0,0.0,0.0,7,2025-11-01 08:33:22.284665
2,2025-01-12 07:25:24,2025-01-12 07:30:50,N,1.0,74,42,1.0,1.24,8.6,0.0,0.5,2.02,0.0,,1.0,12.12,1.0,1.0,0.0,0.0,7,2025-11-01 08:33:22.284665
2,2025-01-12 07:46:49,2025-01-12 07:53:57,N,1.0,74,166,2.0,1.41,9.3,0.0,0.5,1.0,0.0,,1.0,11.8,1.0,1.0,0.0,0.0,7,2025-11-01 08:33:22.284665
2,2025-01-12 07:58:52,2025-01-12 08:04:33,N,1.0,74,75,1.0,1.37,8.6,0.0,0.5,2.5,0.0,,1.0,12.6,1.0,1.0,0.0,0.0,7,2025-11-01 08:33:22.284665
2,2025-01-12 07:51:54,2025-01-12 08:14:41,N,1.0,195,55,1.0,12.33,47.1,0.0,0.5,5.4,0.0,,1.0,54.0,1.0,1.0,0.0,0.0,7,2025-11-01 08:33:22.284665
2,2025-01-12 07:27:42,2025-01-12 07:51:54,N,1.0,195,68,1.0,7.25,32.4,0.0,0.5,30.0,0.0,,1.0,67.4,1.0,1.0,2.75,0.75,7,2025-11-01 08:33:22.284665
2,2025-01-12 07:06:27,2025-01-12 07:13:31,N,1.0,74,43,1.0,1.4,9.3,0.0,0.5,2.16,0.0,,1.0,12.96,1.0,1.0,0.0,0.0,7,2025-11-01 08:33:22.284665
2,2025-01-12 08:33:35,2025-01-12 09:03:31,N,5.0,92,163,1.0,9.88,70.0,0.0,0.5,15.0,0.0,,1.0,90.0,1.0,1.0,2.75,0.75,7,2025-11-01 08:33:22.284665
2,2025-01-12 08:55:34,2025-01-12 09:12:33,N,1.0,21,67,1.0,2.75,17.7,0.0,0.5,0.0,0.0,,1.0,19.2,2.0,1.0,0.0,0.0,7,2025-11-01 08:33:22.284665
1,2025-01-12 08:36:08,2025-01-12 09:13:12,N,1.0,195,68,0.0,9.4,43.6,3.5,1.5,0.0,0.0,,1.0,48.6,1.0,1.0,2.75,0.75,7,2025-11-01 08:33:22.284665
2,2025-01-12 08:33:44,2025-01-12 08:44:28,N,1.0,244,238,1.0,5.4,22.6,0.0,0.5,1.0,0.0,,1.0,27.85,1.0,1.0,2.75,0.0,7,2025-11-01 08:33:22.284665
2,2025-01-12 08:25:54,2025-01-12 08:29:58,N,1.0,74,236,1.0,1.55,7.9,0.0,0.5,0.0,0.0,,1.0,12.15,2.0,1.0,2.75,0.0,7,2025-11-01 08:33:22.284665
2,2025-01-12 08:52:57,2025-01-12 09:01:21,N,1.0,74,263,1.0,1.93,11.4,0.0,0.5,3.91,0.0,,1.0,19.56,1.0,1.0,2.75,0.0,7,2025-11-01 08:33:22.284665
2,2025-01-12 08:59:14,2025-01-12 09:06:36,N,1.0,42,74,1.0,1.06,8.6,0.0,0.5,0.0,0.0,,1.0,10.1,2.0,1.0,0.0,0.0,7,2025-11-01 08:33:22.284665
2,2025-01-12 08:28:03,2025-01-12 08:38:21,N,1.0,74,140,1.0,3.79,17.7,0.0,0.5,2.0,0.0,,1.0,23.95,1.0,1.0,2.75,0.0,7,2025-11-01 08:33:22.284665
2,2025-01-12 08:16:00,2025-01-12 08:29:39,N,1.0,41,243,1.0,4.76,21.2,0.0,0.5,2.0,0.0,,1.0,24.7,1.0,1.0,0.0,0.0,7,2025-11-01 08:33:22.284665
2,2025-01-12 08:42:32,2025-01-13 00:00:00,N,5.0,195,134,1.0,16.18,65.0,0.0,0.0,0.0,0.0,,1.0,66.0,1.0,2.0,0.0,0.0,7,2025-11-01 08:33:22.284665
2,2025-01-12 08:25:28,2025-01-12 08:33:19,N,1.0,74,236,1.0,2.33,12.1,0.0,0.5,3.27,0.0,,1.0,19.62,1.0,1.0,2.75,0.0,7,2025-11-01 08:33:22.284665
2,2025-01-12 08:05:06,2025-01-12 08:11:19,N,1.0,41,74,2.0,0.87,7.9,0.0,0.5,0.0,0.0,,1.0,9.4,2.0,1.0,0.0,0.0,7,2025-11-01 08:33:22.284665
2,2025-01-12 08:25:59,2025-01-12 08:36:04,N,1.0,74,166,2.0,1.85,12.1,0.0,0.5,0.0,0.0,,1.0,13.6,2.0,1.0,0.0,0.0,7,2025-11-01 08:33:22.284665
2,2025-01-12 08:38:26,2025-01-12 08:41:59,N,1.0,24,238,1.0,0.88,6.5,0.0,0.5,0.0,0.0,,1.0,8.0,2.0,1.0,0.0,0.0,7,2025-11-01 08:33:22.284665
2,2025-01-12 08:54:15,2025-01-12 09:03:04,N,1.0,74,166,1.0,1.8,11.4,0.0,0.5,3.87,0.0,,1.0,16.77,1.0,1.0,0.0,0.0,7,2025-11-01 08:33:22.284665
1,2025-01-12 08:20:25,2025-01-12 08:45:20,N,1.0,235,226,1.0,0.0,37.5,0.0,1.5,0.0,6.94,,1.0,45.94,1.0,1.0,0.0,0.0,7,2025-11-01 08:33:22.284665
2,2025-01-12 08:35:07,2025-01-12 08:48:43,N,1.0,195,65,1.0,2.81,14.9,0.0,0.5,0.0,0.0,,1.0,16.4,1.0,1.0,0.0,0.0,7,2025-11-01 08:33:22.284665
2,2025-01-12 08:18:05,2025-01-12 08:35:17,N,1.0,116,168,1.0,3.16,19.1,0.0,0.5,2.4,0.0,,1.0,23.0,1.0,1.0,0.0,0.0,7,2025-11-01 08:33:22.284665
1,2025-01-12 09:39:25,2025-01-12 09:53:55,N,1.0,65,181,0.0,2.1,15.6,0.0,1.5,0.0,0.0,,1.0,17.1,2.0,1.0,0.0,0.0,7,2025-11-01 08:33:22.284665
2,2025-01-12 09:31:56,2025-01-12 09:37:35,N,5.0,69,247,1.0,0.97,8.0,0.0,0.0,1.0,0.0,,1.0,10.0,1.0,2.0,0.0,0.0,7,2025-11-01 08:33:22.284665
2,2025-01-12 08:53:40,2025-01-12 09:08:41,N,1.0,166,142,1.0,2.83,18.4,0.0,0.5,0.0,0.0,,1.0,22.65,2.0,1.0,2.75,0.0,7,2025-11-01 08:33:22.284665
2,2025-01-12 09:36:09,2025-01-12 09:47:27,N,1.0,24,142,1.0,2.44,14.9,0.0,0.5,4.79,0.0,,1.0,23.94,1.0,1.0,2.75,0.0,7,2025-11-01 08:33:22.284665
2,2025-01-12 09:58:26,2025-01-12 10:34:41,N,1.0,95,95,2.0,9.6,47.1,0.0,0.5,9.72,0.0,,1.0,58.32,1.0,1.0,0.0,0.0,7,2025-11-01 08:33:22.284665
2,2025-01-12 08:46:49,2025-01-12 08:52:02,N,1.0,195,195,1.0,0.68,6.5,0.0,0.5,0.0,0.0,,1.0,8.0,2.0,1.0,0.0,0.0,7,2025-11-01 08:33:22.284665
2,2025-01-12 09:36:23,2025-01-12 09:44:29,N,1.0,74,166,1.0,1.55,10.0,0.0,0.5,2.0,0.0,,1.0,13.5,1.0,1.0,0.0,0.0,7,2025-11-01 08:33:22.284665
1,2025-01-12 09:27:51,2025-01-12 09:33:11,N,1.0,41,24,1.0,0.0,15.5,0.0,1.5,0.0,0.0,,1.0,17.0,1.0,1.0,0.0,0.0,7,2025-11-01 08:33:22.284665
1,2025-01-12 09:56:29,2025-01-12 10:13:42,N,1.0,243,248,1.0,0.0,23.5,0.0,1.5,0.0,0.0,,1.0,25.0,1.0,1.0,0.0,0.0,7,2025-11-01 08:33:22.284665
2,2025-01-12 09:50:15,2025-01-12 10:02:29,N,1.0,195,54,1.0,1.12,12.1,0.0,0.5,0.0,0.0,,1.0,13.6,2.0,1.0,0.0,0.0,7,2025-11-01 08:33:22.284665
2,2025-01-12 09:14:43,2025-01-12 09:25:30,N,1.0,42,151,2.0,1.96,12.8,0.0,0.5,0.0,0.0,,1.0,14.3,2.0,1.0,0.0,0.0,7,2025-11-01 08:33:22.284665
2,2025-01-12 09:31:26,2025-01-12 09:38:39,N,1.0,41,116,1.0,1.8,10.7,0.0,0.5,2.44,0.0,,1.0,14.64,1.0,1.0,0.0,0.0,7,2025-11-01 08:33:22.284665
2,2025-01-12 09:48:30,2025-01-12 10:31:58,N,1.0,195,132,1.0,26.48,102.4,0.0,0.5,0.0,6.94,,1.0,110.84,2.0,1.0,0.0,0.0,7,2025-11-01 08:33:22.284665
1,2025-01-12 09:42:06,2025-01-12 10:26:44,N,1.0,195,132,2.0,26.6,101.7,0.0,1.5,20.6,0.0,,1.0,123.8,1.0,1.0,0.0,0.0,7,2025-11-01 08:33:22.284665
2,2025-01-12 09:48:12,2025-01-12 10:02:18,N,1.0,236,68,1.0,4.47,20.5,0.0,0.5,0.05,0.0,,1.0,25.55,1.0,1.0,2.75,0.75,7,2025-11-01 08:33:22.284665
2,2025-01-12 09:41:26,2025-01-12 10:03:48,N,1.0,7,225,1.0,9.59,39.4,0.0,0.5,8.18,0.0,,1.0,49.08,1.0,1.0,0.0,0.0,7,2025-11-01 08:33:22.284665
2,2025-01-12 09:03:03,2025-01-12 09:04:03,N,1.0,166,166,1.0,0.22,3.7,0.0,0.5,0.0,0.0,,1.0,5.2,2.0,1.0,0.0,0.0,7,2025-11-01 08:33:22.284665
2,2025-01-12 09:09:17,2025-01-12 09:28:44,N,1.0,166,162,1.0,4.48,23.3,0.0,0.5,5.66,0.0,,1.0,33.96,1.0,1.0,2.75,0.75,7,2025-11-01 08:33:22.284665
2,2025-01-12 09:38:56,2025-01-12 09:47:17,N,1.0,41,42,1.0,1.29,10.0,0.0,0.5,2.3,0.0,,1.0,13.8,1.0,1.0,0.0,0.0,7,2025-11-01 08:33:22.284665
2,2025-01-12 09:03:50,2025-01-12 09:06:33,N,1.0,97,97,1.0,0.59,5.1,0.0,0.5,1.32,0.0,,1.0,7.92,1.0,1.0,0.0,0.0,7,2025-11-01 08:33:22.284665
2,2025-01-12 09:15:47,2025-01-12 09:28:10,N,1.0,97,181,1.0,2.05,14.2,0.0,0.5,3.14,0.0,,1.0,18.84,1.0,1.0,0.0,0.0,7,2025-11-01 08:33:22.284665
2,2025-01-12 09:57:08,2025-01-12 10:16:14,N,1.0,195,106,2.0,0.0,16.3,0.0,0.5,0.0,0.0,,1.0,17.8,1.0,1.0,0.0,0.0,7,2025-11-01 08:33:22.284665
1,2025-01-12 09:20:58,2025-01-12 09:34:46,N,1.0,129,173,1.0,0.0,18.5,0.0,1.5,0.0,0.0,,1.0,20.0,1.0,1.0,0.0,0.0,7,2025-11-01 08:33:22.284665
1,2025-01-12 09:56:37,2025-01-12 10:27:20,N,1.0,98,254,1.0,0.0,41.5,0.0,1.5,0.0,6.94,,1.0,49.94,1.0,1.0,0.0,0.0,7,2025-11-01 08:33:22.284665
2,2025-01-12 09:35:56,2025-01-12 09:44:47,N,1.0,75,142,1.0,2.03,12.1,0.0,0.5,4.09,0.0,,1.0,20.44,1.0,1.0,2.75,0.0,7,2025-11-01 08:33:22.284665
1,2025-01-12 09:50:10,2025-01-12 10:08:16,N,1.0,166,233,1.0,5.8,26.1,3.5,1.5,6.2,0.0,,1.0,37.3,1.0,1.0,2.75,0.75,7,2025-11-01 08:33:22.284665
2,2025-01-12 09:34:41,2025-01-12 10:17:06,N,1.0,195,48,1.0,10.09,49.9,0.0,0.5,5.0,0.0,,1.0,59.9,1.0,1.0,2.75,0.75,7,2025-11-01 08:33:22.284665
2,2025-01-12 09:29:02,2025-01-12 09:52:25,N,5.0,92,237,1.0,9.29,65.0,0.0,0.0,0.0,0.0,,1.0,69.5,2.0,2.0,2.75,0.75,7,2025-11-01 08:33:22.284665
2,2025-01-12 09:46:08,2025-01-12 10:32:15,N,4.0,195,1,1.0,23.61,114.3,0.0,0.0,0.0,48.76,,1.0,164.06,2.0,1.0,0.0,0.0,7,2025-11-01 08:33:22.284665
1,2025-01-12 09:06:59,2025-01-12 09:53:43,N,1.0,51,71,1.0,0.0,56.5,0.0,1.5,0.0,6.94,,1.0,64.94,1.0,1.0,0.0,0.0,7,2025-11-01 08:33:22.284665
2,2025-01-12 09:51:36,2025-01-12 09:58:57,N,1.0,129,138,1.0,3.83,17.0,5.0,0.5,4.0,0.0,,1.0,27.5,1.0,1.0,0.0,0.0,7,2025-11-01 08:33:22.284665
2,2025-01-12 09:32:04,2025-01-12 09:33:28,N,1.0,75,74,1.0,0.66,5.1,0.0,0.5,0.0,0.0,,1.0,6.6,1.0,1.0,0.0,0.0,7,2025-11-01 08:33:22.284665
1,2025-01-12 09:24:27,2025-01-12 09:31:33,N,1.0,62,62,1.0,0.0,15.5,0.0,1.5,0.0,0.0,,1.0,17.0,1.0,1.0,0.0,0.0,7,2025-11-01 08:33:22.284665
2,2025-01-12 09:29:00,2025-01-12 09:36:00,N,1.0,74,41,2.0,1.06,8.6,0.0,0.5,2.52,0.0,,1.0,12.62,1.0,1.0,0.0,0.0,7,2025-11-01 08:33:22.284665
2,2025-01-12 09:53:39,2025-01-12 09:56:55,N,1.0,74,74,2.0,0.48,5.1,0.0,0.5,0.0,0.0,,1.0,6.6,2.0,1.0,0.0,0.0,7,2025-11-01 08:33:22.284665
2,2025-01-12 09:52:06,2025-01-12 09:57:45,N,1.0,74,236,1.0,1.65,9.3,0.0,0.5,10.0,0.0,,1.0,23.55,1.0,1.0,2.75,0.0,7,2025-11-01 08:33:22.284665
2,2025-01-12 09:49:05,2025-01-12 09:50:26,N,1.0,65,65,1.0,0.26,3.7,0.0,0.5,5.8,0.0,,1.0,11.0,1.0,1.0,0.0,0.0,7,2025-11-01 08:33:22.284665
2,2025-01-12 09:54:41,2025-01-12 10:33:43,N,1.0,195,132,1.0,26.55,98.2,0.0,0.5,0.0,6.94,,1.0,106.64,2.0,1.0,0.0,0.0,7,2025-11-01 08:33:22.284665
1,2025-01-12 09:00:16,2025-01-12 09:12:01,N,1.0,61,61,1.0,0.0,17.5,0.0,1.5,0.0,0.0,,1.0,19.0,1.0,1.0,0.0,0.0,7,2025-11-01 08:33:22.284665
1,2025-01-12 09:23:45,2025-01-12 09:28:10,N,1.0,62,62,1.0,0.0,14.5,0.0,1.5,0.0,0.0,,1.0,16.0,1.0,1.0,0.0,0.0,7,2025-11-01 08:33:22.284665
1,2025-01-12 09:53:57,2025-01-12 09:56:07,N,1.0,65,97,1.0,0.6,4.4,0.0,1.5,1.0,0.0,,1.0,6.9,1.0,1.0,0.0,0.0,7,2025-11-01 08:33:22.284665
2,2025-01-12 09:38:32,2025-01-12 10:15:05,N,1.0,195,102,1.0,11.53,51.3,0.0,0.5,15.84,0.0,,1.0,68.64,1.0,1.0,0.0,0.0,7,2025-11-01 08:33:22.284665
2,2025-01-12 09:06:14,2025-01-12 09:11:12,N,1.0,41,236,2.0,1.42,8.6,0.0,0.5,2.57,0.0,,1.0,15.42,1.0,1.0,2.75,0.0,7,2025-11-01 08:33:22.284665
2,2025-01-12 09:58:48,2025-01-12 10:04:42,N,1.0,74,236,1.0,2.01,10.0,0.0,0.5,1.88,0.0,,1.0,16.13,1.0,1.0,2.75,0.0,7,2025-11-01 08:33:22.284665
2,2025-01-12 09:17:09,2025-01-12 09:23:40,N,1.0,24,75,1.0,1.0,8.6,0.0,0.5,2.02,0.0,,1.0,12.12,1.0,1.0,0.0,0.0,7,2025-11-01 08:33:22.284665
2,2025-01-12 09:26:44,2025-01-12 09:34:40,N,1.0,74,236,1.0,1.79,10.7,0.0,0.5,1.5,0.0,,1.0,16.45,1.0,1.0,2.75,0.0,7,2025-11-01 08:33:22.284665
2,2025-01-12 09:24:07,2025-01-12 09:45:35,N,1.0,260,164,1.0,5.58,26.8,0.0,0.5,0.0,0.0,,1.0,31.8,2.0,1.0,2.75,0.75,7,2025-11-01 08:33:22.284665
2,2025-01-12 09:34:20,2025-01-12 09:38:33,N,1.0,74,75,1.0,1.39,7.9,0.0,0.5,2.35,0.0,,1.0,11.75,1.0,1.0,0.0,0.0,7,2025-11-01 08:33:22.284665
2,2025-01-12 09:44:11,2025-01-12 09:53:16,N,1.0,41,239,1.0,2.28,12.8,0.0,0.5,3.41,0.0,,1.0,20.46,1.0,1.0,2.75,0.0,7,2025-11-01 08:33:22.284665
2,2025-01-12 09:25:22,2025-01-12 09:35:07,N,1.0,74,238,1.0,2.8,14.2,0.0,0.5,2.77,0.0,,1.0,21.22,1.0,1.0,2.75,0.0,7,2025-11-01 08:33:22.284665
2,2025-01-12 10:28:33,2025-01-12 10:38:31,N,1.0,97,61,1.0,2.52,14.2,0.0,0.5,3.14,0.0,,1.0,18.84,1.0,1.0,0.0,0.0,7,2025-11-01 08:33:22.284665
2,2025-01-12 10:23:02,2025-01-12 10:34:19,N,1.0,236,141,1.0,2.08,14.2,0.0,0.5,2.88,0.0,,1.0,22.08,1.0,1.0,2.75,0.75,7,2025-11-01 08:33:22.284665
2,2025-01-12 10:07:40,2025-01-12 10:18:45,N,1.0,146,163,1.0,2.68,14.2,0.0,0.5,20.0,0.0,,1.0,39.2,1.0,1.0,2.75,0.75,7,2025-11-01 08:33:22.284665
1,2025-01-12 10:08:46,2025-01-12 10:29:20,N,1.0,55,195,1.0,0.0,36.5,0.0,1.5,0.0,0.0,,1.0,38.0,1.0,1.0,0.0,0.0,7,2025-11-01 08:33:22.284665
2,2025-01-12 10:26:15,2025-01-12 10:32:43,N,1.0,74,236,1.0,1.53,9.3,0.0,0.5,2.16,0.0,,1.0,12.96,1.0,1.0,0.0,0.0,7,2025-11-01 08:33:22.284665
2,2025-01-12 10:51:38,2025-01-12 11:00:32,N,1.0,166,24,1.0,1.34,10.7,0.0,0.5,2.44,0.0,,1.0,14.64,1.0,1.0,0.0,0.0,7,2025-11-01 08:33:22.284665
1,2025-01-12 10:18:45,2025-01-12 10:36:12,N,1.0,260,212,1.0,0.0,31.5,0.0,1.5,0.0,6.94,,1.0,39.94,1.0,1.0,0.0,0.0,7,2025-11-01 08:33:22.284665
2,2025-01-12 06:35:30,2025-01-12 06:41:33,N,1.0,74,75,1.0,1.4,8.6,0.0,0.5,0.0,0.0,,1.0,10.1,2.0,1.0,0.0,0.0,7,2025-11-01 08:33:22.284665
2,2025-01-12 10:51:21,2025-01-12 11:02:44,N,1.0,130,216,1.0,3.12,15.6,0.0,0.5,0.0,0.0,,1.0,17.1,1.0,1.0,0.0,0.0,7,2025-11-01 08:33:22.284665
2,2025-01-12 10:34:31,2025-01-12 10:46:00,N,1.0,95,95,1.0,1.61,12.8,0.0,0.5,2.86,0.0,,1.0,17.16,1.0,1.0,0.0,0.0,7,2025-11-01 08:33:22.284665
2,2025-01-12 10:50:06,2025-01-12 10:51:50,N,1.0,75,75,1.0,0.73,5.1,0.0,0.5,1.5,0.0,,1.0,8.1,1.0,1.0,0.0,0.0,7,2025-11-01 08:33:22.284665
2,2025-01-12 10:36:22,2025-01-12 10:50:28,N,1.0,65,112,1.0,4.22,20.5,0.0,0.5,4.4,0.0,,1.0,26.4,1.0,1.0,0.0,0.0,7,2025-11-01 08:33:22.284665
2,2025-01-12 10:08:44,2025-01-12 10:13:46,N,1.0,74,75,1.0,1.18,7.9,0.0,0.5,1.88,0.0,,1.0,11.28,1.0,1.0,0.0,0.0,7,2025-11-01 08:33:22.284665
2,2025-01-12 10:35:08,2025-01-12 10:39:19,N,1.0,74,75,1.0,1.19,7.2,0.0,0.5,1.3,0.0,,1.0,10.0,1.0,1.0,0.0,0.0,7,2025-11-01 08:33:22.284665
2,2025-01-12 10:20:42,2025-01-12 10:26:54,N,1.0,166,239,1.0,1.72,10.0,0.0,0.5,2.0,0.0,,1.0,16.25,1.0,1.0,2.75,0.0,7,2025-11-01 08:33:22.284665
2,2025-01-12 10:44:36,2025-01-12 10:54:49,N,1.0,41,238,2.0,1.78,12.1,0.0,0.5,2.72,0.0,,1.0,16.32,1.0,1.0,0.0,0.0,7,2025-11-01 08:33:22.284665
2,2025-01-12 10:53:41,2025-01-12 11:02:19,N,1.0,195,40,1.0,1.72,10.7,0.0,0.5,2.44,0.0,,1.0,14.64,1.0,1.0,0.0,0.0,7,2025-11-01 08:33:22.284665
2,2025-01-12 10:41:09,2025-01-12 10:52:05,N,1.0,66,25,1.0,1.84,12.1,0.0,0.5,0.0,0.0,,1.0,13.6,2.0,1.0,0.0,0.0,7,2025-11-01 08:33:22.284665
2,2025-01-12 10:33:59,2025-01-12 10:47:38,N,1.0,74,151,1.0,2.56,16.3,0.0,0.5,0.0,0.0,,1.0,17.8,2.0,1.0,0.0,0.0,7,2025-11-01 08:33:22.284665
2,2025-01-12 10:51:51,2025-01-12 10:52:07,N,1.0,24,24,1.0,0.03,3.0,0.0,0.5,0.0,0.0,,1.0,4.5,2.0,1.0,0.0,0.0,7,2025-11-01 08:33:22.284665
2,2025-01-12 10:50:22,2025-01-12 10:55:37,N,1.0,129,129,1.0,0.65,7.2,0.0,0.5,1.08,0.0,,1.0,9.78,1.0,1.0,0.0,0.0,7,2025-11-01 08:33:22.284665
2,2025-01-12 10:04:56,2025-01-12 10:17:51,N,1.0,145,186,1.0,3.15,17.7,0.0,0.5,0.0,0.0,,1.0,22.7,2.0,1.0,2.75,0.75,7,2025-11-01 08:33:22.284665
2,2025-01-12 10:01:02,2025-01-12 10:04:03,N,1.0,75,41,1.0,0.82,5.8,0.0,0.5,2.19,0.0,,1.0,9.49,1.0,1.0,0.0,0.0,7,2025-11-01 08:33:22.284665
1,2025-01-12 10:57:37,2025-01-12 11:02:04,N,1.0,166,166,1.0,0.7,5.8,0.0,1.5,1.45,0.0,,1.0,8.75,1.0,1.0,0.0,0.0,7,2025-11-01 08:33:22.284665
2,2025-01-12 10:06:52,2025-01-12 10:21:27,N,1.0,74,238,1.0,2.42,15.6,0.0,0.5,0.0,0.0,,1.0,19.85,2.0,1.0,2.75,0.0,7,2025-11-01 08:33:22.284665
2,2025-01-12 10:31:26,2025-01-12 10:35:33,N,1.0,166,238,1.0,1.2,7.9,0.0,0.5,2.43,0.0,,1.0,14.58,1.0,1.0,2.75,0.0,7,2025-11-01 08:33:22.284665
1,2025-01-12 10:15:33,2025-01-12 11:05:13,N,1.0,123,161,1.0,0.0,54.5,0.0,1.5,0.0,0.0,,1.0,56.0,1.0,1.0,0.0,0.0,7,2025-11-01 08:33:22.284665
1,2025-01-12 10:03:11,2025-01-12 10:14:34,N,1.0,65,189,0.0,2.1,13.5,0.0,1.5,3.0,0.0,,1.0,18.0,1.0,1.0,0.0,0.0,7,2025-11-01 08:33:22.284665
1,2025-01-12 10:47:20,2025-01-12 11:07:59,N,1.0,61,257,1.0,0.0,21.5,0.0,1.5,0.0,0.0,,1.0,23.0,1.0,1.0,0.0,0.0,7,2025-11-01 08:33:22.284665
2,2025-01-12 10:28:39,2025-01-12 10:42:39,N,1.0,74,138,2.0,8.15,32.4,5.0,0.5,9.17,6.94,,1.0,55.01,1.0,1.0,0.0,0.0,7,2025-11-01 08:33:22.284665
2,2025-01-12 10:35:22,2025-01-12 10:45:24,N,1.0,74,263,1.0,2.35,13.5,0.0,0.5,4.44,0.0,,1.0,22.19,1.0,1.0,2.75,0.0,7,2025-11-01 08:33:22.284665
2,2025-01-12 10:05:21,2025-01-12 10:12:30,N,1.0,74,41,1.0,1.22,8.6,0.0,0.5,0.0,0.0,,1.0,10.1,2.0,1.0,0.0,0.0,7,2025-11-01 08:33:22.284665
2,2025-01-12 10:21:59,2025-01-12 10:27:35,N,1.0,74,42,1.0,1.17,7.9,0.0,0.5,1.88,0.0,,1.0,11.28,1.0,1.0,0.0,0.0,7,2025-11-01 08:33:22.284665
2,2025-01-12 10:59:42,2025-01-12 11:10:43,N,1.0,74,236,1.0,2.37,13.5,0.0,0.5,3.55,0.0,,1.0,21.3,1.0,1.0,2.75,0.0,7,2025-11-01 08:33:22.284665
1,2025-01-12 10:22:14,2025-01-12 10:31:30,N,1.0,97,190,0.0,1.8,12.1,0.0,1.5,0.0,0.0,,1.0,13.6,1.0,1.0,0.0,0.0,7,2025-11-01 08:33:22.284665
1,2025-01-12 10:08:14,2025-01-12 10:15:31,N,1.0,65,49,2.0,1.2,7.9,0.0,1.5,1.85,0.0,,1.0,11.25,1.0,1.0,0.0,0.0,7,2025-11-01 08:33:22.284665
1,2025-01-12 10:26:15,2025-01-12 10:31:19,N,1.0,65,97,3.0,0.7,6.5,0.0,1.5,1.0,0.0,,1.0,9.0,1.0,1.0,0.0,0.0,7,2025-11-01 08:33:22.284665
1,2025-01-12 10:43:14,2025-01-12 10:59:23,N,1.0,65,228,2.0,2.5,15.6,0.0,1.5,2.57,0.0,,1.0,19.67,1.0,1.0,0.0,0.0,7,2025-11-01 08:33:22.284665
2,2025-01-12 09:28:50,2025-01-12 09:46:25,N,1.0,166,230,1.0,3.97,21.9,0.0,0.5,0.0,0.0,,1.0,26.9,2.0,1.0,2.75,0.75,7,2025-11-01 08:33:22.284665
1,2025-01-12 10:44:33,2025-01-12 10:51:39,N,1.0,129,129,1.0,1.1,8.6,0.0,1.5,2.0,0.0,,1.0,12.1,1.0,1.0,0.0,0.0,7,2025-11-01 08:33:22.284665
1,2025-01-12 10:25:42,2025-01-12 11:18:42,N,1.0,235,71,1.0,0.0,58.5,0.0,1.5,0.0,6.94,,1.0,66.94,1.0,1.0,0.0,0.0,7,2025-11-01 08:33:22.284665
2,2025-01-12 10:02:51,2025-01-12 10:46:05,N,1.0,195,230,1.0,11.34,53.4,0.0,0.5,11.68,0.0,,1.0,70.08,1.0,1.0,2.75,0.75,7,2025-11-01 08:33:22.284665
2,2025-01-12 10:47:12,2025-01-12 11:05:50,N,1.0,74,74,1.0,2.17,18.4,0.0,0.5,3.98,0.0,,1.0,23.88,1.0,1.0,0.0,0.0,7,2025-11-01 08:33:22.284665
2,2025-01-12 10:07:59,2025-01-12 10:17:34,N,1.0,74,152,1.0,1.65,11.4,0.0,0.5,2.58,0.0,,1.0,15.48,1.0,1.0,0.0,0.0,7,2025-11-01 08:33:22.284665
2,2025-01-12 09:56:29,2025-01-12 10:01:41,N,1.0,75,263,1.0,0.91,7.2,0.0,0.5,0.0,0.0,,1.0,8.7,2.0,1.0,0.0,0.0,7,2025-11-01 08:33:22.284665
2,2025-01-12 10:39:05,2025-01-12 10:55:09,N,1.0,74,244,1.0,3.48,19.1,0.0,0.5,4.12,0.0,,1.0,24.72,1.0,1.0,0.0,0.0,7,2025-11-01 08:33:22.284665
2,2025-01-12 10:36:15,2025-01-12 13:50:15,N,1.0,130,264,1.0,15.6,172.4,0.0,0.5,0.0,0.0,,1.0,173.9,2.0,1.0,0.0,0.0,7,2025-11-01 08:33:22.284665
2,2025-01-12 10:36:40,2025-01-12 10:43:09,N,1.0,41,74,1.0,1.07,8.6,0.0,0.5,2.02,0.0,,1.0,12.12,1.0,1.0,0.0,0.0,7,2025-11-01 08:33:22.284665
2,2025-01-12 10:10:11,2025-01-12 10:15:51,N,1.0,95,95,1.0,0.76,7.2,0.0,0.5,0.0,0.0,,1.0,8.7,2.0,1.0,0.0,0.0,7,2025-11-01 08:33:22.284665
2,2025-01-12 10:26:49,2025-01-12 10:42:12,N,1.0,74,239,1.0,2.86,17.0,0.0,0.5,4.25,0.0,,1.0,25.5,1.0,1.0,2.75,0.0,7,2025-11-01 08:33:22.284665
2,2025-01-12 10:16:49,2025-01-12 10:29:36,N,1.0,74,220,1.0,6.03,25.4,0.0,0.5,0.0,0.0,,1.0,26.9,2.0,1.0,0.0,0.0,7,2025-11-01 08:33:22.284665
2,2025-01-12 10:50:32,2025-01-12 10:59:58,N,1.0,116,41,1.0,1.7,11.4,0.0,0.5,0.0,0.0,,1.0,12.9,2.0,1.0,0.0,0.0,7,2025-11-01 08:33:22.284665
2,2025-01-12 10:28:31,2025-01-12 10:49:21,N,1.0,116,262,2.0,5.43,27.5,0.0,0.5,3.25,0.0,,1.0,35.0,1.0,1.0,2.75,0.0,7,2025-11-01 08:33:22.284665
2,2025-01-12 11:15:11,2025-01-12 11:19:53,N,1.0,97,181,1.0,0.82,7.2,0.0,0.5,1.74,0.0,,1.0,10.44,1.0,1.0,0.0,0.0,7,2025-11-01 08:33:22.284665
2,2025-01-12 11:11:17,2025-01-12 11:21:51,N,1.0,24,239,1.0,1.84,12.8,0.0,0.5,2.56,0.0,,1.0,19.61,1.0,1.0,2.75,0.0,7,2025-11-01 08:33:22.284665
2,2025-01-12 11:54:08,2025-01-12 12:02:31,N,1.0,7,129,1.0,2.41,12.8,0.0,0.5,3.58,0.0,,1.0,17.88,1.0,1.0,0.0,0.0,7,2025-11-01 08:33:22.284665
2,2025-01-12 11:32:45,2025-01-12 11:52:49,N,1.0,41,43,1.0,3.0,19.8,0.0,0.5,4.81,0.0,,1.0,28.86,1.0,1.0,2.75,0.0,7,2025-11-01 08:33:22.284665
2,2025-01-12 11:37:45,2025-01-12 11:41:49,N,1.0,166,166,1.0,0.75,6.5,0.0,0.5,2.4,0.0,,1.0,10.4,1.0,1.0,0.0,0.0,7,2025-11-01 08:33:22.284665
1,2025-01-12 11:02:25,2025-01-12 11:09:30,N,1.0,74,236,1.0,2.0,10.7,2.75,1.5,0.0,0.0,,1.0,14.95,2.0,1.0,2.75,0.0,7,2025-11-01 08:33:22.284665
1,2025-01-12 11:55:25,2025-01-12 12:04:22,N,1.0,74,236,1.0,1.8,11.4,2.75,1.5,2.0,0.0,,1.0,17.65,1.0,1.0,2.75,0.0,7,2025-11-01 08:33:22.284665
1,2025-01-12 11:31:09,2025-01-12 11:45:51,N,1.0,74,237,0.0,3.5,19.1,2.75,1.5,4.0,0.0,,1.0,27.35,1.0,1.0,2.75,0.0,7,2025-11-01 08:33:22.284665
2,2025-01-12 11:39:27,2025-01-12 11:45:25,N,1.0,97,49,1.0,0.99,7.9,0.0,0.5,1.88,0.0,,1.0,11.28,1.0,1.0,0.0,0.0,7,2025-11-01 08:33:22.284665
2,2025-01-12 11:24:00,2025-01-12 11:33:31,N,1.0,41,75,1.0,1.56,11.4,0.0,0.5,6.0,0.0,,1.0,18.9,1.0,1.0,0.0,0.0,7,2025-11-01 08:33:22.284665
2,2025-01-12 11:28:33,2025-01-12 11:35:51,N,1.0,43,237,5.0,1.51,10.0,0.0,0.5,2.85,0.0,,1.0,17.1,1.0,1.0,2.75,0.0,7,2025-11-01 08:33:22.284665
1,2025-01-12 11:32:33,2025-01-12 11:50:51,N,1.0,166,141,1.0,3.4,17.7,2.75,1.5,3.05,0.0,,1.0,25.0,1.0,1.0,2.75,0.0,7,2025-11-01 08:33:22.284665
2,2025-01-12 11:37:53,2025-01-12 11:44:47,N,1.0,216,132,1.0,3.92,16.3,0.0,0.5,0.0,0.0,,1.0,17.8,2.0,1.0,0.0,0.0,7,2025-11-01 08:33:22.284665
2,2025-01-12 10:22:56,2025-01-12 10:31:42,N,1.0,65,66,1.0,1.08,9.3,0.0,0.5,2.7,0.0,,1.0,13.5,1.0,1.0,0.0,0.0,7,2025-11-01 08:33:22.284665
2,2025-01-12 10:46:59,2025-01-13 10:11:56,N,1.0,65,43,1.0,7.92,36.6,0.0,0.5,0.0,0.0,,1.0,40.85,2.0,1.0,2.75,0.0,7,2025-11-01 08:33:22.284665
2,2025-01-12 11:21:20,2025-01-12 11:25:50,N,1.0,166,24,1.0,1.1,7.2,0.0,0.5,1.74,0.0,,1.0,10.44,1.0,1.0,0.0,0.0,7,2025-11-01 08:33:22.284665
2,2025-01-12 11:26:57,2025-01-12 11:40:51,N,1.0,24,127,1.0,5.13,24.0,0.0,0.5,0.0,0.0,,1.0,25.5,1.0,1.0,0.0,0.0,7,2025-11-01 08:33:22.284665
2,2025-01-12 11:04:13,2025-01-12 11:10:00,N,1.0,75,229,1.0,2.37,10.7,0.0,0.5,1.0,0.0,,1.0,16.7,1.0,1.0,2.75,0.75,7,2025-11-01 08:33:22.284665
2,2025-01-12 11:53:58,2025-01-12 12:03:50,N,1.0,75,263,2.0,1.38,10.7,0.0,0.5,2.99,0.0,,1.0,17.94,1.0,1.0,2.75,0.0,7,2025-11-01 08:33:22.284665
2,2025-01-12 11:29:39,2025-01-12 11:52:16,N,1.0,74,239,1.0,3.88,24.0,0.0,0.5,4.5,0.0,,1.0,32.75,1.0,1.0,2.75,0.0,7,2025-11-01 08:33:22.284665
1,2025-01-12 11:02:36,2025-01-12 11:14:19,N,1.0,264,264,1.0,0.0,17.5,0.0,1.5,0.0,0.0,,1.0,19.0,1.0,1.0,0.0,0.0,7,2025-11-01 08:33:22.284665
1,2025-01-12 11:30:48,2025-01-12 11:46:32,N,1.0,24,48,2.0,4.3,21.2,3.5,1.5,5.2,0.0,,1.0,31.4,1.0,1.0,2.75,0.75,7,2025-11-01 08:33:22.284665
2,2025-01-12 11:44:43,2025-01-12 12:05:12,N,1.0,66,190,1.0,5.88,28.2,0.0,0.5,7.42,0.0,,1.0,37.12,1.0,1.0,0.0,0.0,7,2025-11-01 08:33:22.284665
2,2025-01-12 11:58:44,2025-01-12 12:11:23,N,1.0,97,148,1.0,2.81,15.6,0.0,0.5,1.0,0.0,,1.0,21.6,1.0,1.0,2.75,0.75,7,2025-11-01 08:33:22.284665
2,2025-01-12 11:02:59,2025-01-12 11:15:08,N,1.0,74,238,1.0,2.74,16.3,0.0,0.5,4.11,0.0,,1.0,24.66,1.0,1.0,2.75,0.0,7,2025-11-01 08:33:22.284665
2,2025-01-12 11:57:21,2025-01-12 12:05:35,N,1.0,74,236,1.0,2.22,12.1,0.0,0.5,4.09,0.0,,1.0,20.44,1.0,1.0,2.75,0.0,7,2025-11-01 08:33:22.284665
2,2025-01-12 11:47:51,2025-01-12 12:13:22,N,1.0,25,230,1.0,8.31,36.6,0.0,0.5,0.0,0.0,,1.0,41.6,1.0,1.0,2.75,0.75,7,2025-11-01 08:33:22.284665
2,2025-01-12 11:26:39,2025-01-12 11:45:08,N,1.0,97,107,1.0,4.0,22.6,0.0,0.5,0.0,0.0,,1.0,27.6,2.0,1.0,2.75,0.75,7,2025-11-01 08:33:22.284665
2,2025-01-12 11:56:33,2025-01-12 12:09:13,N,1.0,97,17,1.0,2.12,13.5,0.0,0.5,2.25,0.0,,1.0,17.25,1.0,1.0,0.0,0.0,7,2025-11-01 08:33:22.284665
2,2025-01-12 11:36:06,2025-01-12 11:42:55,N,1.0,75,263,1.0,0.9,7.9,0.0,0.5,2.43,0.0,,1.0,14.58,1.0,1.0,2.75,0.0,7,2025-11-01 08:33:22.284665
2,2025-01-12 11:05:52,2025-01-12 11:16:32,N,1.0,74,166,2.0,1.66,11.4,0.0,0.5,2.58,0.0,,1.0,15.48,1.0,1.0,0.0,0.0,7,2025-11-01 08:33:22.284665
2,2025-01-12 11:29:47,2025-01-12 11:35:02,N,1.0,41,74,2.0,0.61,6.5,0.0,0.5,0.0,0.0,,1.0,8.0,2.0,1.0,0.0,0.0,7,2025-11-01 08:33:22.284665
2,2025-01-12 11:38:49,2025-01-12 11:45:10,N,1.0,74,74,2.0,0.78,7.9,0.0,0.5,0.0,0.0,,1.0,9.4,2.0,1.0,0.0,0.0,7,2025-11-01 08:33:22.284665
2,2025-01-12 11:42:01,2025-01-12 12:06:59,N,1.0,41,107,1.0,7.3,34.5,0.0,0.5,11.85,0.0,,1.0,51.35,1.0,1.0,2.75,0.75,7,2025-11-01 08:33:22.284665
2,2025-01-12 11:01:23,2025-01-12 11:07:51,N,1.0,74,236,1.0,1.61,9.3,0.0,0.5,2.03,0.0,,1.0,15.58,1.0,1.0,2.75,0.0,7,2025-11-01 08:33:22.284665
2,2025-01-12 11:51:26,2025-01-12 11:57:16,N,1.0,74,75,1.0,1.25,7.9,0.0,0.5,0.0,0.0,,1.0,9.4,2.0,1.0,0.0,0.0,7,2025-11-01 08:33:22.284665
1,2025-01-12 11:00:35,2025-01-12 11:14:50,N,1.0,97,61,0.0,2.6,16.3,0.0,1.5,0.0,0.0,,1.0,17.8,2.0,1.0,0.0,0.0,7,2025-11-01 08:33:22.284665
1,2025-01-12 11:46:03,2025-01-12 12:10:41,N,1.0,157,127,1.0,0.0,37.5,0.0,1.5,0.0,6.94,,1.0,45.94,1.0,1.0,0.0,0.0,7,2025-11-01 08:33:22.284665
2,2025-01-12 11:07:46,2025-01-12 11:16:45,N,1.0,75,151,1.0,1.41,10.7,0.0,0.5,2.44,0.0,,1.0,14.64,1.0,1.0,0.0,0.0,7,2025-11-01 08:33:22.284665
2,2025-01-12 11:03:04,2025-01-12 11:15:32,N,1.0,130,258,1.0,2.8,14.9,0.0,0.5,3.28,0.0,,1.0,19.68,1.0,1.0,0.0,0.0,7,2025-11-01 08:33:22.284665
1,2025-01-12 11:55:23,2025-01-12 12:19:48,N,1.0,97,228,1.0,3.2,20.5,0.0,1.5,4.4,0.0,,1.0,26.4,1.0,1.0,0.0,0.0,7,2025-11-01 08:33:22.284665
2,2025-01-12 11:27:45,2025-01-12 11:31:43,N,1.0,41,41,1.0,0.69,6.5,0.0,0.5,2.0,0.0,,1.0,10.0,1.0,1.0,0.0,0.0,7,2025-11-01 08:33:22.284665
2,2025-01-12 11:41:40,2025-01-12 11:59:16,N,1.0,166,48,1.0,5.63,26.8,0.0,0.5,0.0,0.0,,1.0,31.8,1.0,1.0,2.75,0.75,7,2025-11-01 08:33:22.284665
2,2025-01-12 10:59:54,2025-01-12 11:10:10,N,1.0,52,189,1.0,1.63,12.1,0.0,0.5,3.4,0.0,,1.0,17.0,1.0,1.0,0.0,0.0,7,2025-11-01 08:33:22.284665
2,2025-01-12 10:38:07,2025-01-12 10:41:55,N,1.0,75,74,2.0,1.37,7.2,0.0,0.5,1.74,0.0,,1.0,10.44,1.0,1.0,0.0,0.0,7,2025-11-01 08:33:22.284665
2,2025-01-12 11:50:34,2025-01-12 11:54:58,N,1.0,130,215,1.0,0.74,6.5,0.0,0.5,0.0,0.0,,1.0,8.0,2.0,1.0,0.0,0.0,7,2025-11-01 08:33:22.284665
2,2025-01-12 11:13:01,2025-01-12 11:19:30,N,1.0,166,41,1.0,1.14,8.6,0.0,0.5,0.0,0.0,,1.0,10.1,1.0,1.0,0.0,0.0,7,2025-11-01 08:33:22.284665
2,2025-01-12 11:11:34,2025-01-12 11:18:02,N,1.0,74,236,1.0,1.65,9.3,0.0,0.5,3.39,0.0,,1.0,16.94,1.0,1.0,2.75,0.0,7,2025-11-01 08:33:22.284665
2,2025-01-12 11:32:06,2025-01-12 11:38:26,N,1.0,74,43,1.0,1.3,9.3,0.0,0.5,2.7,0.0,,1.0,13.5,1.0,1.0,0.0,0.0,7,2025-11-01 08:33:22.284665
2,2025-01-12 11:55:56,2025-01-12 12:08:06,N,1.0,74,138,1.0,6.72,27.5,5.0,0.5,8.0,6.94,,1.0,48.94,1.0,1.0,0.0,0.0,7,2025-11-01 08:33:22.284665
2,2025-01-12 11:29:28,2025-01-12 11:45:34,N,1.0,74,237,1.0,3.08,18.4,0.0,0.5,4.53,0.0,,1.0,27.18,1.0,1.0,2.75,0.0,7,2025-11-01 08:33:22.284665
2,2025-01-12 11:26:27,2025-01-12 11:40:45,N,1.0,74,238,1.0,2.46,16.3,0.0,0.5,4.11,0.0,,1.0,24.66,1.0,1.0,2.75,0.0,7,2025-11-01 08:33:22.284665
2,2025-01-12 11:54:39,2025-01-12 12:09:08,N,1.0,74,236,1.0,2.52,16.3,0.0,0.5,2.5,0.0,,1.0,23.05,1.0,1.0,2.75,0.0,7,2025-11-01 08:33:22.284665
2,2025-01-12 11:00:49,2025-01-12 11:12:13,N,1.0,74,263,1.0,2.24,13.5,0.0,0.5,4.44,0.0,,1.0,22.19,1.0,1.0,2.75,0.0,7,2025-11-01 08:33:22.284665
2,2025-01-12 12:00:31,2025-01-12 12:11:34,N,1.0,74,141,1.0,3.03,14.9,0.0,0.5,5.74,0.0,,1.0,24.89,1.0,1.0,2.75,0.0,7,2025-11-01 08:33:22.284665
2,2025-01-12 11:06:03,2025-01-12 11:09:46,N,1.0,42,41,1.0,0.7,6.5,0.0,0.5,1.0,0.0,,1.0,9.0,1.0,1.0,0.0,0.0,7,2025-11-01 08:33:22.284665
2,2025-01-12 11:54:12,2025-01-12 12:01:05,N,1.0,41,116,1.0,1.37,9.3,0.0,0.5,1.0,0.0,,1.0,11.8,1.0,1.0,0.0,0.0,7,2025-11-01 08:33:22.284665
2,2025-01-12 11:05:52,2025-01-12 11:16:56,N,1.0,95,196,1.0,1.58,12.1,0.0,0.5,2.72,0.0,,1.0,16.32,1.0,1.0,0.0,0.0,7,2025-11-01 08:33:22.284665
2,2025-01-12 12:02:17,2025-01-12 12:16:42,N,1.0,95,130,1.0,2.73,16.3,0.0,0.5,3.0,0.0,,1.0,20.8,1.0,1.0,0.0,0.0,7,2025-11-01 08:33:22.284665
2,2025-01-12 11:37:22,2025-01-12 11:50:34,N,1.0,74,151,1.0,2.42,15.6,0.0,0.5,4.28,0.0,,1.0,21.38,1.0,1.0,0.0,0.0,7,2025-11-01 08:33:22.284665
2,2025-01-12 11:38:45,2025-01-12 11:48:34,N,1.0,42,166,1.0,2.2,12.1,0.0,0.5,2.72,0.0,,1.0,16.32,1.0,1.0,0.0,0.0,7,2025-11-01 08:33:22.284665
2,2025-01-12 11:56:02,2025-01-12 12:06:26,N,1.0,74,262,1.0,2.78,14.2,0.0,0.5,3.64,0.0,,1.0,21.84,1.0,1.0,2.5,0.0,7,2025-11-01 08:33:22.284665
2,2025-01-12 11:51:42,2025-01-12 12:03:28,N,1.0,74,116,1.0,1.95,12.8,0.0,0.5,10.0,0.0,,1.0,24.3,1.0,1.0,0.0,0.0,7,2025-11-01 08:33:22.284665
2,2025-01-12 11:36:58,2025-01-12 11:43:59,N,1.0,95,134,1.0,1.41,9.3,0.0,0.5,3.24,0.0,,1.0,14.04,1.0,1.0,0.0,0.0,7,2025-11-01 08:33:22.284665
2,2025-01-12 11:30:16,2025-01-12 11:43:44,N,1.0,74,229,1.0,3.94,18.4,0.0,0.5,5.85,0.0,,1.0,29.25,1.0,1.0,2.75,0.75,7,2025-11-01 08:33:22.284665
2,2025-01-12 12:13:03,2025-01-12 12:25:27,N,1.0,97,61,1.0,2.77,15.6,0.0,0.5,4.0,0.0,,1.0,21.1,1.0,1.0,0.0,0.0,7,2025-11-01 08:33:22.284665
2,2025-01-12 12:35:33,2025-01-12 12:42:04,N,1.0,49,97,1.0,1.28,8.6,0.0,0.5,0.0,0.0,,1.0,10.1,2.0,1.0,0.0,0.0,7,2025-11-01 08:33:22.284665
2,2025-01-12 12:18:59,2025-01-12 13:08:52,N,1.0,49,83,1.0,7.77,52.7,0.0,0.5,0.0,0.0,,1.0,54.2,2.0,1.0,0.0,0.0,7,2025-11-01 08:33:22.284665
1,2025-01-12 12:03:27,2025-01-12 12:19:39,N,1.0,41,179,0.0,4.9,23.3,0.0,1.5,0.0,6.94,,1.0,31.74,1.0,1.0,0.0,0.0,7,2025-11-01 08:33:22.284665
1,2025-01-12 12:48:56,2025-01-12 12:54:36,N,1.0,75,42,0.0,1.5,9.3,0.0,1.5,0.0,0.0,,1.0,10.8,2.0,1.0,0.0,0.0,7,2025-11-01 08:33:22.284665
2,2025-01-12 12:37:15,2025-01-12 12:51:11,N,1.0,130,122,1.0,2.9,17.0,0.0,0.5,0.0,0.0,,1.0,18.5,2.0,1.0,0.0,0.0,7,2025-11-01 08:33:22.284665
2,2025-01-12 12:23:54,2025-01-12 12:33:50,N,1.0,260,223,2.0,2.98,14.9,0.0,0.5,4.92,0.0,,1.0,21.32,1.0,1.0,0.0,0.0,7,2025-11-01 08:33:22.284665
2,2025-01-12 12:38:06,2025-01-12 12:58:23,N,1.0,67,228,1.0,3.65,21.9,0.0,0.5,0.0,0.0,,1.0,23.4,2.0,1.0,0.0,0.0,7,2025-11-01 08:33:22.284665
2,2025-01-12 12:00:22,2025-01-12 12:12:53,N,1.0,74,262,1.0,2.45,14.2,0.0,0.5,3.69,0.0,,1.0,22.14,1.0,1.0,2.75,0.0,7,2025-11-01 08:33:22.284665
2,2025-01-12 12:25:45,2025-01-12 12:31:22,N,1.0,75,75,1.0,0.56,7.2,0.0,0.5,1.0,0.0,,1.0,9.7,1.0,1.0,0.0,0.0,7,2025-11-01 08:33:22.284665
2,2025-01-12 12:36:18,2025-01-12 12:43:51,N,1.0,41,43,1.0,0.89,8.6,0.0,0.5,0.0,0.0,,1.0,10.1,2.0,1.0,0.0,0.0,7,2025-11-01 08:33:22.284665
2,2025-01-12 12:30:40,2025-01-12 12:40:31,N,1.0,166,239,1.0,3.3,17.0,0.0,0.5,4.25,0.0,,1.0,25.5,1.0,1.0,2.75,0.0,7,2025-11-01 08:33:22.284665
2,2025-01-12 12:30:42,2025-01-12 12:52:19,N,1.0,95,216,2.0,3.67,21.9,0.0,0.5,0.0,0.0,,1.0,23.4,2.0,1.0,0.0,0.0,7,2025-11-01 08:33:22.284665
1,2025-01-12 12:30:42,2025-01-12 12:43:41,N,1.0,74,262,1.0,2.5,15.6,2.75,1.5,0.0,0.0,,1.0,19.85,2.0,1.0,2.75,0.0,7,2025-11-01 08:33:22.284665
1,2025-01-12 12:07:16,2025-01-12 12:19:42,N,1.0,74,263,2.0,2.9,16.3,2.75,1.5,4.11,0.0,,1.0,24.66,1.0,1.0,2.75,0.0,7,2025-11-01 08:33:22.284665
2,2025-01-12 12:50:44,2025-01-12 13:03:02,N,1.0,74,151,1.0,1.96,13.5,0.0,0.5,0.0,0.0,,1.0,15.0,2.0,1.0,0.0,0.0,7,2025-11-01 08:33:22.284665
2,2025-01-12 07:13:25,2025-01-13 06:31:59,N,1.0,74,239,1.0,3.52,20.5,0.0,0.5,3.0,0.0,,1.0,25.0,1.0,1.0,0.0,0.0,7,2025-11-01 08:33:22.284665
2,2025-01-12 12:49:18,2025-01-12 12:59:50,N,1.0,41,75,1.0,2.07,12.8,0.0,0.5,1.5,0.0,,1.0,15.8,1.0,1.0,0.0,0.0,7,2025-11-01 08:33:22.284665
2,2025-01-12 12:00:27,2025-01-12 12:23:10,N,1.0,43,161,4.0,2.85,15.6,0.0,0.5,0.0,0.0,,1.0,19.85,2.0,1.0,2.75,0.0,7,2025-11-01 08:33:22.284665
2,2025-01-12 12:23:43,2025-01-12 12:24:39,N,1.0,95,95,1.0,0.06,3.7,0.0,0.5,0.0,0.0,,1.0,5.2,2.0,1.0,0.0,0.0,7,2025-11-01 08:33:22.284665
1,2025-01-12 12:44:40,2025-01-12 12:55:47,N,1.0,97,17,2.0,1.7,12.1,0.0,1.5,2.5,0.0,,1.0,16.1,1.0,1.0,0.0,0.0,7,2025-11-01 08:33:22.284665
2,2025-01-12 12:01:59,2025-01-12 12:13:03,N,1.0,24,236,1.0,2.01,12.8,0.0,0.5,1.43,0.0,,1.0,15.73,1.0,1.0,0.0,0.0,7,2025-11-01 08:33:22.284665
1,2025-01-12 12:18:15,2025-01-12 12:25:10,N,1.0,43,263,1.0,1.0,7.2,2.75,1.5,2.25,0.0,,1.0,13.7,1.0,1.0,2.75,0.0,7,2025-11-01 08:33:22.284665
2,2025-01-12 12:45:11,2025-01-12 12:53:34,N,1.0,95,28,1.0,1.81,10.7,0.0,0.5,5.0,0.0,,1.0,17.2,1.0,1.0,0.0,0.0,7,2025-11-01 08:33:22.284665
2,2025-01-12 10:41:42,2025-01-13 09:56:48,N,1.0,65,190,1.0,2.5,17.0,0.0,0.5,3.7,0.0,,1.0,22.2,1.0,1.0,0.0,0.0,7,2025-11-01 08:33:22.284665
2,2025-01-12 12:32:46,2025-01-12 12:36:13,N,1.0,74,75,1.0,1.31,7.2,0.0,0.5,1.74,0.0,,1.0,10.44,1.0,1.0,0.0,0.0,7,2025-11-01 08:33:22.284665
2,2025-01-12 12:21:06,2025-01-12 12:36:16,N,1.0,41,229,1.0,3.84,19.1,0.0,0.5,4.82,0.0,,1.0,28.92,1.0,1.0,2.75,0.75,7,2025-11-01 08:33:22.284665
2,2025-01-12 12:23:21,2025-01-12 12:32:48,N,1.0,75,142,1.0,2.01,12.1,0.0,0.5,1.0,0.0,,1.0,17.35,1.0,1.0,2.75,0.0,7,2025-11-01 08:33:22.284665
2,2025-01-12 12:07:57,2025-01-12 12:14:07,N,1.0,74,75,1.0,1.4,8.6,0.0,0.5,2.02,0.0,,1.0,12.12,1.0,1.0,0.0,0.0,7,2025-11-01 08:33:22.284665
2,2025-01-12 12:35:44,2025-01-12 12:44:05,N,1.0,74,236,1.0,1.92,11.4,0.0,0.5,3.91,0.0,,1.0,19.56,1.0,1.0,2.75,0.0,7,2025-11-01 08:33:22.284665
2,2025-01-12 12:56:26,2025-01-12 13:04:20,N,1.0,75,151,2.0,1.29,10.0,0.0,0.5,2.3,0.0,,1.0,13.8,1.0,1.0,0.0,0.0,7,2025-11-01 08:33:22.284665
2,2025-01-12 12:55:43,2025-01-12 13:09:07,N,1.0,66,232,1.0,2.73,16.3,0.0,0.5,6.39,0.0,,1.0,27.69,1.0,1.0,2.75,0.75,7,2025-11-01 08:33:22.284665
2,2025-01-12 12:31:04,2025-01-12 12:42:36,N,1.0,74,237,1.0,2.69,14.2,0.0,0.5,3.69,0.0,,1.0,22.14,1.0,1.0,2.75,0.0,7,2025-11-01 08:33:22.284665
2,2025-01-12 12:56:59,2025-01-12 13:05:14,N,1.0,74,263,1.0,1.72,10.7,0.0,0.5,2.99,0.0,,1.0,17.94,1.0,1.0,2.75,0.0,7,2025-11-01 08:33:22.284665
2,2025-01-12 12:46:24,2025-01-12 12:57:36,N,1.0,129,179,1.0,3.2,16.3,0.0,0.5,0.0,0.0,,1.0,17.8,2.0,1.0,0.0,0.0,7,2025-11-01 08:33:22.284665
2,2025-01-12 12:50:09,2025-01-12 13:05:35,N,1.0,74,151,1.0,2.49,16.3,0.0,0.5,3.56,0.0,,1.0,21.36,1.0,1.0,0.0,0.0,7,2025-11-01 08:33:22.284665
2,2025-01-12 12:33:35,2025-01-12 12:38:27,N,1.0,74,75,1.0,1.46,8.6,0.0,0.5,2.02,0.0,,1.0,12.12,1.0,1.0,0.0,0.0,7,2025-11-01 08:33:22.284665
2,2025-01-12 12:46:57,2025-01-12 12:47:05,N,5.0,129,129,1.0,0.0,19.0,0.0,0.0,4.0,0.0,,1.0,24.0,1.0,1.0,0.0,0.0,7,2025-11-01 08:33:22.284665
2,2025-01-12 12:43:48,2025-01-12 13:12:22,N,1.0,244,238,1.0,9.33,42.2,0.0,0.5,8.5,0.0,,1.0,52.2,1.0,1.0,0.0,0.0,7,2025-11-01 08:33:22.284665
2,2025-01-12 12:52:24,2025-01-12 13:03:05,N,1.0,97,181,1.0,1.47,12.1,0.0,0.5,2.72,0.0,,1.0,16.32,1.0,1.0,0.0,0.0,7,2025-11-01 08:33:22.284665
2,2025-01-12 12:32:31,2025-01-12 12:47:44,N,1.0,74,262,1.0,3.05,18.4,0.0,0.5,5.66,0.0,,1.0,28.31,1.0,1.0,2.75,0.0,7,2025-11-01 08:33:22.284665
2,2025-01-12 12:44:47,2025-01-12 13:28:05,N,1.0,95,149,1.0,16.27,69.5,0.0,0.5,0.0,0.0,,1.0,71.0,2.0,1.0,0.0,0.0,7,2025-11-01 08:33:22.284665
2,2025-01-12 12:50:03,2025-01-12 12:59:16,N,1.0,97,40,1.0,1.38,10.0,0.0,0.5,2.88,0.0,,1.0,14.38,1.0,1.0,0.0,0.0,7,2025-11-01 08:33:22.284665
2,2025-01-12 12:27:38,2025-01-12 12:32:45,N,1.0,97,97,1.0,0.72,7.2,0.0,0.5,1.74,0.0,,1.0,10.44,1.0,1.0,0.0,0.0,7,2025-11-01 08:33:22.284665
1,2025-01-12 12:31:24,2025-01-12 12:31:57,N,5.0,82,82,1.0,0.0,15.0,0.0,0.0,3.0,0.0,,0.0,18.0,1.0,2.0,0.0,0.0,7,2025-11-01 08:33:22.284665
2,2025-01-12 12:50:50,2025-01-12 13:05:10,N,1.0,97,181,1.0,2.07,14.9,0.0,0.5,3.28,0.0,,1.0,19.68,1.0,1.0,0.0,0.0,7,2025-11-01 08:33:22.284665
2,2025-01-12 12:07:41,2025-01-12 12:28:47,N,1.0,97,228,2.0,3.73,22.6,0.0,0.5,4.82,0.0,,1.0,28.92,1.0,1.0,0.0,0.0,7,2025-11-01 08:33:22.284665
1,2025-01-12 12:45:56,2025-01-12 12:58:49,N,1.0,49,61,1.0,0.0,17.5,0.0,1.5,0.0,0.0,,1.0,19.0,1.0,1.0,0.0,0.0,7,2025-11-01 08:33:22.284665
2,2025-01-12 12:02:06,2025-01-12 12:13:35,N,1.0,74,263,2.0,2.68,15.6,0.0,0.5,3.97,0.0,,1.0,23.82,1.0,1.0,2.75,0.0,7,2025-11-01 08:33:22.284665
2,2025-01-12 12:30:36,2025-01-12 12:38:15,N,1.0,74,236,1.0,1.78,10.7,0.0,0.5,2.99,0.0,,1.0,17.94,1.0,1.0,2.75,0.0,7,2025-11-01 08:33:22.284665
2,2025-01-12 12:32:42,2025-01-12 12:42:48,N,1.0,74,237,1.0,2.61,14.2,0.0,0.5,4.61,0.0,,1.0,23.06,1.0,1.0,2.75,0.0,7,2025-11-01 08:33:22.284665
2,2025-01-12 12:52:23,2025-01-12 13:07:05,N,1.0,83,157,1.0,2.29,14.9,0.0,0.5,2.0,0.0,,1.0,18.4,1.0,1.0,0.0,0.0,7,2025-11-01 08:33:22.284665
2,2025-01-12 12:29:07,2025-01-12 12:35:57,N,1.0,74,263,1.0,1.86,10.0,0.0,0.5,2.85,0.0,,1.0,17.1,1.0,1.0,2.75,0.0,7,2025-11-01 08:33:22.284665
2,2025-01-12 12:40:49,2025-01-12 12:52:33,N,1.0,74,236,1.0,2.29,14.2,0.0,0.5,1.0,0.0,,1.0,19.45,1.0,1.0,2.75,0.0,7,2025-11-01 08:33:22.284665
1,2025-01-12 12:27:42,2025-01-12 12:40:57,N,1.0,65,106,0.0,1.8,14.2,0.0,1.5,2.0,0.0,,1.0,17.7,1.0,1.0,0.0,0.0,7,2025-11-01 08:33:22.284665
2,2025-01-12 12:04:29,2025-01-12 12:30:14,N,5.0,65,41,1.0,11.9,60.0,0.0,0.0,12.75,0.0,,1.0,76.5,1.0,2.0,2.75,0.0,7,2025-11-01 08:33:22.284665
1,2025-01-12 12:56:59,2025-01-12 13:30:16,N,1.0,247,97,1.0,0.0,41.5,0.0,1.5,0.0,6.94,,1.0,49.94,1.0,1.0,0.0,0.0,7,2025-11-01 08:33:22.284665
2,2025-01-12 12:17:22,2025-01-12 12:27:25,N,1.0,41,238,1.0,1.95,12.1,0.0,0.5,2.0,0.0,,1.0,18.35,1.0,1.0,2.75,0.0,7,2025-11-01 08:33:22.284665
2,2025-01-12 11:57:56,2025-01-12 12:10:17,N,1.0,41,140,1.0,3.62,18.4,0.0,0.5,2.0,0.0,,1.0,24.65,1.0,1.0,2.75,0.0,7,2025-11-01 08:33:22.284665
2,2025-01-12 12:19:41,2025-01-12 12:26:49,N,1.0,236,238,1.0,1.37,9.3,0.0,0.5,2.0,0.0,,1.0,15.55,1.0,1.0,2.75,0.0,7,2025-11-01 08:33:22.284665
1,2025-01-12 12:40:46,2025-01-12 12:55:14,N,1.0,238,75,1.0,0.0,19.5,0.0,1.5,0.0,0.0,,1.0,21.0,1.0,1.0,0.0,0.0,7,2025-11-01 08:33:22.284665
2,2025-01-12 12:34:16,2025-01-12 12:49:04,N,1.0,41,166,1.0,2.3,17.0,0.0,0.5,3.7,0.0,,1.0,22.2,1.0,1.0,0.0,0.0,7,2025-11-01 08:33:22.284665
2,2025-01-12 12:41:47,2025-01-12 12:54:51,N,1.0,82,138,6.0,3.92,20.5,5.0,0.5,5.4,0.0,,1.0,32.4,1.0,1.0,0.0,0.0,7,2025-11-01 08:33:22.284665
2,2025-01-12 12:28:46,2025-01-12 12:44:26,N,1.0,74,151,1.0,2.62,17.0,0.0,0.5,3.7,0.0,,1.0,22.2,1.0,1.0,0.0,0.0,7,2025-11-01 08:33:22.284665
2,2025-01-12 12:47:50,2025-01-12 13:06:02,N,1.0,41,230,1.0,4.08,21.2,0.0,0.5,3.0,0.0,,1.0,29.2,1.0,1.0,2.75,0.75,7,2025-11-01 08:33:22.284665
2,2025-01-12 12:35:42,2025-01-12 12:40:03,N,1.0,43,238,1.0,1.01,7.2,0.0,0.5,2.5,0.0,,1.0,11.2,1.0,1.0,0.0,0.0,7,2025-11-01 08:33:22.284665
2,2025-01-12 12:32:38,2025-01-12 12:45:23,N,1.0,74,138,1.0,6.7,27.5,5.0,0.5,8.19,6.94,,1.0,49.13,1.0,1.0,0.0,0.0,7,2025-11-01 08:33:22.284665
2,2025-01-12 12:58:34,2025-01-12 13:13:07,N,1.0,74,140,1.0,3.3,18.4,0.0,0.5,3.0,0.0,,1.0,25.65,1.0,1.0,2.75,0.0,7,2025-11-01 08:33:22.284665
2,2025-01-12 12:37:34,2025-01-12 12:44:14,N,1.0,74,236,1.0,1.66,9.3,0.0,0.5,2.71,0.0,,1.0,16.26,1.0,1.0,2.75,0.0,7,2025-11-01 08:33:22.284665
2,2025-01-12 12:04:17,2025-01-12 12:27:55,N,1.0,41,161,1.0,4.35,25.4,0.0,0.5,0.0,0.0,,1.0,30.4,2.0,1.0,2.75,0.75,7,2025-11-01 08:33:22.284665
2,2025-01-12 12:09:46,2025-01-12 12:16:59,N,1.0,74,75,1.0,1.32,9.3,0.0,0.5,3.24,0.0,,1.0,14.04,1.0,1.0,0.0,0.0,7,2025-11-01 08:33:22.284665
2,2025-01-12 12:22:24,2025-01-12 12:33:22,N,1.0,244,74,1.0,3.76,17.7,0.0,0.5,3.84,0.0,,1.0,23.04,1.0,1.0,0.0,0.0,7,2025-11-01 08:33:22.284665
2,2025-01-12 12:02:57,2025-01-12 12:28:33,N,1.0,74,143,1.0,4.05,25.4,0.0,0.5,5.93,0.0,,1.0,35.58,1.0,1.0,2.75,0.0,7,2025-11-01 08:33:22.284665
2,2025-01-12 13:02:23,2025-01-12 13:17:13,N,1.0,97,256,1.0,3.71,20.5,0.0,0.5,4.4,0.0,,1.0,26.4,1.0,1.0,0.0,0.0,7,2025-11-01 08:33:22.284665
2,2025-01-12 13:50:38,2025-01-12 14:01:27,N,1.0,97,33,1.0,1.33,11.4,0.0,0.5,0.0,0.0,,1.0,12.9,1.0,1.0,0.0,0.0,7,2025-11-01 08:33:22.284665
2,2025-01-12 13:53:29,2025-01-12 14:30:24,N,1.0,75,143,1.0,3.12,31.7,0.0,0.5,2.57,0.0,,1.0,39.27,1.0,1.0,2.75,0.75,7,2025-11-01 08:33:22.284665
2,2025-01-12 13:35:25,2025-01-12 15:01:05,N,1.0,82,129,1.0,5.82,66.7,0.0,0.5,0.0,0.0,,1.0,68.2,2.0,1.0,0.0,0.0,7,2025-11-01 08:33:22.284665
1,2025-01-12 13:12:08,2025-01-12 13:21:20,N,1.0,41,43,0.0,1.8,11.4,2.75,1.5,3.1,0.0,,1.0,18.75,1.0,1.0,2.75,0.0,7,2025-11-01 08:33:22.284665
2,2025-01-12 13:25:10,2025-01-12 13:32:21,N,1.0,97,49,2.0,1.07,8.6,0.0,0.5,2.52,0.0,,1.0,12.62,1.0,1.0,0.0,0.0,7,2025-11-01 08:33:22.284665
2,2025-01-12 13:55:11,2025-01-12 14:11:24,N,1.0,97,33,2.0,2.15,16.3,0.0,0.5,4.45,0.0,,1.0,22.25,1.0,1.0,0.0,0.0,7,2025-11-01 08:33:22.284665
2,2025-01-12 13:09:12,2025-01-12 13:25:52,N,1.0,74,141,2.0,2.76,17.0,0.0,0.5,4.25,0.0,,1.0,25.5,1.0,1.0,2.75,0.0,7,2025-11-01 08:33:22.284665
2,2025-01-12 13:05:08,2025-01-12 13:11:36,N,1.0,41,42,1.0,0.74,7.2,0.0,0.5,0.0,0.0,,1.0,8.7,2.0,1.0,0.0,0.0,7,2025-11-01 08:33:22.284665
2,2025-01-12 13:25:00,2025-01-12 13:38:34,N,1.0,97,189,1.0,1.97,14.2,0.0,0.5,3.14,0.0,,1.0,18.84,1.0,1.0,0.0,0.0,7,2025-11-01 08:33:22.284665
2,2025-01-12 12:57:08,2025-01-12 13:25:32,N,1.0,166,144,1.0,7.91,38.0,0.0,0.5,0.0,0.0,,1.0,43.0,2.0,1.0,2.75,0.75,7,2025-11-01 08:33:22.284665
2,2025-01-12 13:47:42,2025-01-12 14:09:44,N,1.0,95,95,2.0,2.57,21.2,0.0,0.5,0.0,0.0,,1.0,22.7,2.0,1.0,0.0,0.0,7,2025-11-01 08:33:22.284665
2,2025-01-12 13:26:52,2025-01-12 13:41:03,N,1.0,74,239,1.0,2.85,15.6,0.0,0.5,2.98,0.0,,1.0,22.83,1.0,1.0,2.75,0.0,7,2025-11-01 08:33:22.284665
1,2025-01-12 13:25:18,2025-01-12 13:33:53,N,1.0,74,236,1.0,1.9,10.7,2.75,1.5,2.95,0.0,,1.0,17.9,1.0,1.0,2.75,0.0,7,2025-11-01 08:33:22.284665
1,2025-01-12 13:39:49,2025-01-12 14:02:52,N,1.0,41,163,1.0,0.0,25.5,0.0,1.5,0.0,0.0,,1.0,27.0,1.0,1.0,0.0,0.0,7,2025-11-01 08:33:22.284665
2,2025-01-12 13:00:01,2025-01-12 13:06:41,N,1.0,43,236,1.0,1.02,8.6,0.0,0.5,0.0,0.0,,1.0,12.85,2.0,1.0,2.75,0.0,7,2025-11-01 08:33:22.284665
2,2025-01-12 13:10:41,2025-01-12 13:17:18,N,1.0,75,74,1.0,1.68,10.0,0.0,0.5,1.0,0.0,,1.0,12.5,1.0,1.0,0.0,0.0,7,2025-11-01 08:33:22.284665
2,2025-01-12 06:36:12,2025-01-12 06:44:44,N,1.0,74,236,1.0,1.77,10.7,0.0,0.5,2.99,0.0,,1.0,17.94,1.0,1.0,2.75,0.0,7,2025-11-01 08:33:22.284665
2,2025-01-12 13:43:45,2025-01-12 13:58:15,N,1.0,41,238,1.0,2.39,15.6,0.0,0.5,3.97,0.0,,1.0,23.82,1.0,1.0,2.75,0.0,7,2025-11-01 08:33:22.284665
2,2025-01-12 13:16:32,2025-01-12 13:33:44,N,1.0,75,168,5.0,3.62,19.8,0.0,0.5,0.0,0.0,,1.0,21.3,2.0,1.0,0.0,0.0,7,2025-11-01 08:33:22.284665
2,2025-01-12 13:02:45,2025-01-12 13:14:49,N,1.0,130,10,1.0,1.71,12.8,0.0,0.5,0.0,0.0,,1.0,14.3,1.0,1.0,0.0,0.0,7,2025-11-01 08:33:22.284665
2,2025-01-12 13:20:35,2025-01-12 13:25:16,N,1.0,196,95,1.0,0.61,6.5,0.0,0.5,2.0,0.0,,1.0,10.0,1.0,1.0,0.0,0.0,7,2025-11-01 08:33:22.284665
1,2025-01-12 13:31:56,2025-01-12 13:41:45,N,1.0,65,49,1.0,1.3,10.7,0.0,1.5,3.0,0.0,,1.0,15.2,1.0,1.0,0.0,0.0,7,2025-11-01 08:33:22.284665
2,2025-01-12 12:55:09,2025-01-12 12:57:46,N,1.0,116,116,2.0,0.56,5.1,0.0,0.5,0.0,0.0,,1.0,6.6,2.0,1.0,0.0,0.0,7,2025-11-01 08:33:22.284665
1,2025-01-12 13:27:15,2025-01-12 13:51:10,N,1.0,166,161,2.0,4.2,21.9,3.5,1.5,0.0,0.0,,1.0,26.9,2.0,1.0,2.75,0.75,7,2025-11-01 08:33:22.284665
2,2025-01-12 09:55:43,2025-01-12 10:09:40,N,5.0,65,207,1.0,10.94,50.0,0.0,0.0,10.2,0.0,,1.0,61.2,1.0,2.0,0.0,0.0,7,2025-11-01 08:33:22.284665
2,2025-01-12 13:26:49,2025-01-12 13:34:34,N,1.0,74,236,1.0,2.07,11.4,0.0,0.5,2.0,0.0,,1.0,17.65,1.0,1.0,2.75,0.0,7,2025-11-01 08:33:22.284665
2,2025-01-12 13:14:52,2025-01-12 13:29:01,N,1.0,166,142,1.0,2.26,15.6,0.0,0.5,1.0,0.0,,1.0,20.85,1.0,1.0,2.75,0.0,7,2025-11-01 08:33:22.284665
2,2025-01-12 13:06:10,2025-01-12 13:22:02,N,1.0,41,142,1.0,2.9,17.7,0.0,0.5,4.39,0.0,,1.0,26.34,1.0,1.0,2.75,0.0,7,2025-11-01 08:33:22.284665
2,2025-01-12 13:51:24,2025-01-12 13:54:15,N,1.0,41,166,1.0,0.43,5.1,0.0,0.5,1.32,0.0,,1.0,7.92,1.0,1.0,0.0,0.0,7,2025-11-01 08:33:22.284665
2,2025-01-12 13:29:52,2025-01-12 13:33:11,N,1.0,74,75,1.0,0.75,5.8,0.0,0.5,1.46,0.0,,1.0,8.76,1.0,1.0,0.0,0.0,7,2025-11-01 08:33:22.284665
2,2025-01-12 13:16:27,2025-01-12 13:31:10,N,1.0,195,181,1.0,2.06,14.9,0.0,0.5,4.92,0.0,,1.0,21.32,1.0,1.0,0.0,0.0,7,2025-11-01 08:33:22.284665
2,2025-01-12 13:59:35,2025-01-12 14:16:06,N,1.0,74,151,1.0,2.49,17.7,0.0,0.5,3.0,0.0,,1.0,22.2,1.0,1.0,0.0,0.0,7,2025-11-01 08:33:22.284665
2,2025-01-12 13:43:05,2025-01-12 13:49:23,N,1.0,130,130,1.0,0.76,7.2,0.0,0.5,0.0,0.0,,1.0,8.7,2.0,1.0,0.0,0.0,7,2025-11-01 08:33:22.284665
2,2025-01-12 13:59:23,2025-01-12 13:59:28,N,5.0,130,130,1.0,0.0,10.0,0.0,0.0,0.0,0.0,,1.0,11.0,1.0,2.0,0.0,0.0,7,2025-11-01 08:33:22.284665
2,2025-01-12 13:08:22,2025-01-12 13:20:30,N,1.0,24,236,2.0,2.43,14.9,0.0,0.5,4.79,0.0,,1.0,23.94,1.0,1.0,2.75,0.0,7,2025-11-01 08:33:22.284665
2,2025-01-12 13:52:01,2025-01-12 13:59:24,N,1.0,43,236,2.0,1.08,8.6,0.0,0.5,2.57,0.0,,1.0,15.42,1.0,1.0,2.75,0.0,7,2025-11-01 08:33:22.284665
2,2025-01-12 13:18:57,2025-01-12 13:22:29,N,1.0,75,74,1.0,1.47,7.9,0.0,0.5,1.88,0.0,,1.0,11.28,1.0,1.0,0.0,0.0,7,2025-11-01 08:33:22.284665
2,2025-01-12 13:30:45,2025-01-12 13:41:26,N,1.0,66,25,1.0,1.94,12.8,0.0,0.5,2.86,0.0,,1.0,17.16,1.0,1.0,0.0,0.0,7,2025-11-01 08:33:22.284665
2,2025-01-12 13:30:30,2025-01-12 13:42:05,N,1.0,74,151,1.0,2.22,14.2,0.0,0.5,3.14,0.0,,1.0,18.84,1.0,1.0,0.0,0.0,7,2025-11-01 08:33:22.284665
2,2025-01-12 13:28:47,2025-01-12 13:42:22,N,1.0,74,141,1.0,2.84,16.3,0.0,0.5,3.08,0.0,,1.0,23.63,1.0,1.0,2.75,0.0,7,2025-11-01 08:33:22.284665
2,2025-01-12 13:27:02,2025-01-12 13:40:51,N,1.0,82,260,1.0,2.25,15.6,0.0,0.5,3.42,0.0,,1.0,20.52,1.0,1.0,0.0,0.0,7,2025-11-01 08:33:22.284665
2,2025-01-12 15:25:25,2025-01-12 15:39:12,N,1.0,41,116,1.0,2.23,14.9,0.0,0.5,0.0,0.0,,1.0,16.4,2.0,1.0,0.0,0.0,7,2025-11-01 08:33:22.284665
2,2025-01-12 13:19:09,2025-01-12 13:27:36,N,1.0,260,7,1.0,1.12,9.3,0.0,0.5,0.0,0.0,,1.0,10.8,2.0,1.0,0.0,0.0,7,2025-11-01 08:33:22.284665
2,2025-01-12 13:47:24,2025-01-12 14:10:37,N,1.0,244,238,1.0,4.11,24.7,0.0,0.5,0.0,0.0,,1.0,28.95,2.0,1.0,2.75,0.0,7,2025-11-01 08:33:22.284665
2,2025-01-12 13:12:27,2025-01-12 13:22:58,N,1.0,82,70,1.0,2.86,16.3,0.0,0.5,2.0,0.0,,1.0,19.8,1.0,1.0,0.0,0.0,7,2025-11-01 08:33:22.284665
1,2025-01-12 13:27:11,2025-01-12 13:32:26,N,1.0,166,238,1.0,0.9,7.2,2.75,1.5,2.85,0.0,,1.0,14.3,1.0,1.0,2.75,0.0,7,2025-11-01 08:33:22.284665
2,2025-01-12 13:36:44,2025-01-13 13:03:05,N,1.0,97,188,1.0,3.62,20.5,0.0,0.5,0.0,0.0,,1.0,22.0,1.0,1.0,0.0,0.0,7,2025-11-01 08:33:22.284665
2,2025-01-12 13:06:46,2025-01-12 13:13:10,N,1.0,74,263,1.0,1.92,10.0,0.0,0.5,2.85,0.0,,1.0,17.1,1.0,1.0,2.75,0.0,7,2025-11-01 08:33:22.284665
2,2025-01-12 13:00:57,2025-01-12 13:11:10,N,1.0,97,181,1.0,1.31,11.4,0.0,0.5,1.0,0.0,,1.0,13.9,1.0,1.0,0.0,0.0,7,2025-11-01 08:33:22.284665
2,2025-01-12 13:44:19,2025-01-12 14:00:06,N,1.0,97,61,1.0,2.75,17.7,0.0,0.5,3.84,0.0,,1.0,23.04,1.0,1.0,0.0,0.0,7,2025-11-01 08:33:22.284665
1,2025-01-12 13:10:54,2025-01-12 13:21:28,N,1.0,82,264,1.0,1.8,11.4,0.0,1.5,0.0,0.0,,1.0,12.9,1.0,1.0,0.0,0.0,7,2025-11-01 08:33:22.284665
2,2025-01-12 13:46:52,2025-01-12 13:50:20,N,1.0,97,97,1.0,0.55,5.8,0.0,0.5,1.46,0.0,,1.0,8.76,1.0,1.0,0.0,0.0,7,2025-11-01 08:33:22.284665
2,2025-01-12 13:37:37,2025-01-12 13:48:13,N,1.0,74,75,1.0,2.25,12.8,0.0,0.5,1.0,0.0,,1.0,15.3,1.0,1.0,0.0,0.0,7,2025-11-01 08:33:22.284665
2,2025-01-12 13:28:37,2025-01-12 13:43:14,N,1.0,82,173,1.0,1.75,14.2,0.0,0.5,0.0,0.0,,1.0,15.7,1.0,1.0,0.0,0.0,7,2025-11-01 08:33:22.284665
1,2025-01-12 13:47:28,2025-01-12 13:54:01,N,1.0,97,97,0.0,1.1,8.6,0.0,1.5,2.0,0.0,,1.0,12.1,1.0,1.0,0.0,0.0,7,2025-11-01 08:33:22.284665
2,2025-01-12 13:00:43,2025-01-12 13:08:45,N,1.0,74,41,2.0,1.19,9.3,0.0,0.5,0.0,0.0,,1.0,10.8,2.0,1.0,0.0,0.0,7,2025-11-01 08:33:22.284665
2,2025-01-12 13:26:33,2025-01-12 13:38:56,N,1.0,74,116,2.0,2.06,12.8,0.0,0.5,0.0,0.0,,1.0,14.3,1.0,1.0,0.0,0.0,7,2025-11-01 08:33:22.284665
2,2025-01-12 13:48:59,2025-01-12 13:51:38,N,1.0,41,42,2.0,0.48,5.1,0.0,0.5,0.0,0.0,,1.0,6.6,2.0,1.0,0.0,0.0,7,2025-11-01 08:33:22.284665
2,2025-01-12 13:32:51,2025-01-12 13:37:09,N,1.0,75,74,1.0,1.39,7.9,0.0,0.5,0.0,0.0,,1.0,9.4,2.0,1.0,0.0,0.0,7,2025-11-01 08:33:22.284665
2,2025-01-12 14:01:09,2025-01-12 14:13:10,N,1.0,74,237,1.0,2.49,14.2,0.0,0.5,3.69,0.0,,1.0,22.14,1.0,1.0,2.75,0.0,7,2025-11-01 08:33:22.284665
2,2025-01-12 13:48:10,2025-01-12 13:56:02,N,1.0,95,95,1.0,1.36,10.0,0.0,0.5,5.0,0.0,,1.0,16.5,1.0,1.0,0.0,0.0,7,2025-11-01 08:33:22.284665
2,2025-01-12 13:59:34,2025-01-12 14:11:07,N,1.0,74,236,1.0,2.24,13.5,0.0,0.5,2.75,0.0,,1.0,20.5,1.0,1.0,2.75,0.0,7,2025-11-01 08:33:22.284665
2,2025-01-12 13:30:59,2025-01-12 13:39:54,N,1.0,74,238,1.0,2.15,12.1,0.0,0.5,2.04,0.0,,1.0,15.64,1.0,1.0,0.0,0.0,7,2025-11-01 08:33:22.284665
1,2025-01-12 13:20:14,2025-01-12 13:28:56,N,1.0,97,189,0.0,1.1,10.0,0.0,1.5,2.3,0.0,,1.0,13.8,1.0,1.0,0.0,0.0,7,2025-11-01 08:33:22.284665
1,2025-01-12 13:58:28,2025-01-12 14:15:04,N,1.0,97,264,0.0,2.9,18.4,0.0,1.5,0.0,0.0,,1.0,19.9,2.0,1.0,0.0,0.0,7,2025-11-01 08:33:22.284665
2,2025-01-12 13:21:59,2025-01-12 13:42:34,N,1.0,75,137,1.0,5.4,25.4,0.0,0.5,6.08,0.0,,1.0,36.48,1.0,1.0,2.75,0.75,7,2025-11-01 08:33:22.284665
2,2025-01-12 13:31:13,2025-01-12 13:49:49,N,1.0,41,50,1.0,5.67,26.8,0.0,0.5,1.1,0.0,,1.0,32.9,1.0,1.0,2.75,0.75,7,2025-11-01 08:33:22.284665
2,2025-01-12 13:00:13,2025-01-12 13:07:29,N,1.0,41,74,1.0,0.79,8.6,0.0,0.5,0.0,0.0,,1.0,10.1,2.0,1.0,0.0,0.0,7,2025-11-01 08:33:22.284665
2,2025-01-12 13:40:22,2025-01-12 14:02:24,N,1.0,130,77,1.0,9.26,38.7,0.0,0.5,0.0,0.0,,1.0,40.2,1.0,1.0,0.0,0.0,7,2025-11-01 08:33:22.284665
1,2025-01-12 13:24:16,2025-01-12 13:46:55,N,1.0,41,254,1.0,0.0,33.5,0.0,1.5,0.0,0.0,,1.0,35.0,1.0,1.0,0.0,0.0,7,2025-11-01 08:33:22.284665
2,2025-01-12 13:07:28,2025-01-12 13:21:28,N,1.0,74,238,1.0,2.92,16.3,0.0,0.5,3.08,0.0,,1.0,23.63,1.0,1.0,2.75,0.0,7,2025-11-01 08:33:22.284665
2,2025-01-12 13:57:58,2025-01-12 14:03:03,N,1.0,74,74,1.0,1.03,7.2,0.0,0.5,0.87,0.0,,1.0,9.57,1.0,1.0,0.0,0.0,7,2025-11-01 08:33:22.284665
2,2025-01-12 13:00:48,2025-01-12 13:03:35,N,1.0,42,42,1.0,0.67,5.8,0.0,0.5,1.46,0.0,,1.0,8.76,1.0,1.0,0.0,0.0,7,2025-11-01 08:33:22.284665
2,2025-01-12 13:25:01,2025-01-12 13:35:43,N,1.0,74,238,1.0,2.27,13.5,0.0,0.5,3.0,0.0,,1.0,18.0,1.0,1.0,0.0,0.0,7,2025-11-01 08:33:22.284665
2,2025-01-12 13:35:06,2025-01-12 14:22:54,N,1.0,74,1,1.0,26.96,101.0,0.0,0.0,20.0,16.06,,1.0,138.06,1.0,1.0,0.0,0.0,7,2025-11-01 08:33:22.284665
2,2025-01-12 13:08:57,2025-01-12 13:17:09,N,1.0,129,70,1.0,2.66,14.2,0.0,0.5,4.3,0.0,,1.0,20.0,1.0,1.0,0.0,0.0,7,2025-11-01 08:33:22.284665
2,2025-01-12 13:59:33,2025-01-12 14:03:30,N,1.0,74,42,1.0,0.5,5.8,0.0,0.5,0.0,0.0,,1.0,7.3,1.0,1.0,0.0,0.0,7,2025-11-01 08:33:22.284665
2,2025-01-12 13:04:49,2025-01-12 13:07:13,N,1.0,42,42,1.0,0.5,5.1,0.0,0.5,1.0,0.0,,1.0,7.6,1.0,1.0,0.0,0.0,7,2025-11-01 08:33:22.284665
2,2025-01-12 13:12:53,2025-01-12 13:25:03,N,1.0,42,244,1.0,2.65,14.9,0.0,0.5,0.0,0.0,,1.0,16.4,2.0,1.0,0.0,0.0,7,2025-11-01 08:33:22.284665
2,2025-01-12 13:22:31,2025-01-12 13:35:33,N,1.0,93,96,1.0,6.06,24.7,0.0,0.5,5.24,0.0,,1.0,31.44,1.0,1.0,0.0,0.0,7,2025-11-01 08:33:22.284665
2,2025-01-12 13:37:07,2025-01-12 13:53:31,N,1.0,42,238,1.0,2.66,17.7,0.0,0.5,6.58,0.0,,1.0,28.53,1.0,1.0,2.75,0.0,7,2025-11-01 08:33:22.284665
2,2025-01-12 13:42:00,2025-01-12 13:48:40,N,1.0,134,28,1.0,1.4,9.3,0.0,0.5,2.16,0.0,,1.0,12.96,1.0,1.0,0.0,0.0,7,2025-11-01 08:33:22.284665
2,2025-01-12 13:28:01,2025-01-12 13:43:34,N,1.0,74,241,1.0,6.97,29.6,0.0,0.5,6.22,0.0,,1.0,37.32,1.0,1.0,0.0,0.0,7,2025-11-01 08:33:22.284665
2,2025-01-12 13:02:15,2025-01-12 13:10:25,N,1.0,41,42,1.0,1.44,10.0,0.0,0.5,0.0,0.0,,1.0,11.5,2.0,1.0,0.0,0.0,7,2025-11-01 08:33:22.284665
2,2025-01-12 13:38:18,2025-01-12 13:49:41,N,1.0,74,263,1.0,1.93,12.8,0.0,0.5,3.41,0.0,,1.0,20.46,1.0,1.0,2.75,0.0,7,2025-11-01 08:33:22.284665
2,2025-01-12 13:08:55,2025-01-12 13:24:20,N,1.0,74,141,1.0,3.12,18.4,0.0,0.5,4.53,0.0,,1.0,27.18,1.0,1.0,2.75,0.0,7,2025-11-01 08:33:22.284665
2,2025-01-12 13:03:47,2025-01-12 13:15:25,N,1.0,166,239,1.0,2.0,13.5,0.0,0.5,3.55,0.0,,1.0,21.3,1.0,1.0,2.75,0.0,7,2025-11-01 08:33:22.284665
2,2025-01-12 13:56:07,2025-01-12 14:02:58,N,1.0,43,24,1.0,0.93,7.9,0.0,0.5,1.41,0.0,,1.0,10.81,1.0,1.0,0.0,0.0,7,2025-11-01 08:33:22.284665
2,2025-01-12 14:52:18,2025-01-12 15:06:45,N,1.0,166,142,1.0,2.36,16.3,0.0,0.5,6.16,0.0,,1.0,26.71,1.0,1.0,2.75,0.0,7,2025-11-01 08:33:22.284665
1,2025-01-12 14:58:55,2025-01-12 15:06:17,N,1.0,43,163,0.0,1.9,10.7,3.5,1.5,1.57,0.0,,1.0,17.27,1.0,1.0,2.75,0.75,7,2025-11-01 08:33:22.284665
2,2025-01-12 14:11:52,2025-01-12 14:15:49,N,1.0,75,236,1.0,0.5,5.8,0.0,0.5,1.51,0.0,,1.0,11.56,1.0,1.0,2.75,0.0,7,2025-11-01 08:33:22.284665
2,2025-01-12 14:18:38,2025-01-12 14:42:46,N,1.0,228,21,1.0,9.5,39.4,0.0,0.5,0.0,0.0,,1.0,40.9,2.0,1.0,0.0,0.0,7,2025-11-01 08:33:22.284665
2,2025-01-12 14:23:02,2025-01-12 14:41:35,N,1.0,260,7,1.0,2.39,17.0,0.0,0.5,3.7,0.0,,1.0,22.2,1.0,1.0,0.0,0.0,7,2025-11-01 08:33:22.284665
2,2025-01-12 14:00:37,2025-01-12 14:19:49,N,1.0,74,239,1.0,2.74,19.1,0.0,0.5,4.67,0.0,,1.0,28.02,1.0,1.0,2.75,0.0,7,2025-11-01 08:33:22.284665
2,2025-01-12 14:27:46,2025-01-12 14:42:12,N,1.0,65,188,1.0,2.43,15.6,0.0,0.5,3.42,0.0,,1.0,20.52,1.0,1.0,0.0,0.0,7,2025-11-01 08:33:22.284665
2,2025-01-12 14:11:47,2025-01-12 14:19:44,N,1.0,74,74,1.0,0.73,7.9,0.0,0.5,1.0,0.0,,1.0,10.4,1.0,1.0,0.0,0.0,7,2025-11-01 08:33:22.284665
1,2025-01-12 14:56:13,2025-01-12 15:10:31,N,1.0,74,140,1.0,2.9,17.0,2.75,1.5,4.25,0.0,,1.0,25.5,1.0,1.0,2.75,0.0,7,2025-11-01 08:33:22.284665
2,2025-01-12 14:45:01,2025-01-12 14:55:14,N,1.0,244,116,1.0,1.58,11.4,0.0,0.5,0.0,0.0,,1.0,12.9,1.0,1.0,0.0,0.0,7,2025-11-01 08:33:22.284665
2,2025-01-12 14:56:48,2025-01-12 15:08:18,N,1.0,116,41,1.0,1.9,12.8,0.0,0.5,2.86,0.0,,1.0,17.16,1.0,1.0,0.0,0.0,7,2025-11-01 08:33:22.284665
2,2025-01-12 14:22:10,2025-01-12 14:28:01,N,1.0,42,75,1.0,1.33,8.6,0.0,0.5,2.52,0.0,,1.0,12.62,1.0,1.0,0.0,0.0,7,2025-11-01 08:33:22.284665
2,2025-01-12 07:12:07,2025-01-13 06:35:58,N,1.0,74,259,1.0,11.36,45.0,0.0,0.5,0.0,0.0,,1.0,46.5,2.0,1.0,0.0,0.0,7,2025-11-01 08:33:22.284665
2,2025-01-12 14:24:59,2025-01-12 14:30:52,N,1.0,95,95,1.0,1.07,7.9,0.0,0.5,0.0,0.0,,1.0,9.4,2.0,1.0,0.0,0.0,7,2025-11-01 08:33:22.284665
1,2025-01-12 14:26:07,2025-01-12 14:37:55,N,1.0,97,49,2.0,1.7,12.8,0.0,1.5,2.85,0.0,,1.0,17.15,1.0,1.0,0.0,0.0,7,2025-11-01 08:33:22.284665
1,2025-01-12 14:51:54,2025-01-12 14:57:40,N,1.0,97,49,2.0,0.9,7.9,0.0,1.5,2.35,0.0,,1.0,11.75,1.0,1.0,0.0,0.0,7,2025-11-01 08:33:22.284665
1,2025-01-12 14:49:02,2025-01-12 15:03:55,N,1.0,41,244,2.0,4.0,19.1,0.0,1.5,0.0,0.0,,1.0,20.6,1.0,1.0,0.0,0.0,7,2025-11-01 08:33:22.284665
2,2025-01-12 14:58:21,2025-01-12 14:58:43,N,1.0,223,223,1.0,0.03,-3.0,0.0,-0.5,0.0,0.0,,-1.0,-4.5,3.0,1.0,0.0,0.0,7,2025-11-01 08:33:22.284665
2,2025-01-12 14:58:21,2025-01-12 14:58:43,N,1.0,223,223,1.0,0.03,3.0,0.0,0.5,0.0,0.0,,1.0,4.5,3.0,1.0,0.0,0.0,7,2025-11-01 08:33:22.284665
2,2025-01-12 14:04:49,2025-01-12 14:13:50,N,1.0,74,236,1.0,1.86,11.4,0.0,0.5,1.0,0.0,,1.0,16.65,1.0,1.0,2.75,0.0,7,2025-11-01 08:33:22.284665
2,2025-01-12 14:37:01,2025-01-12 14:42:32,N,1.0,74,41,1.0,1.47,8.6,0.0,0.5,2.52,0.0,,1.0,12.62,1.0,1.0,0.0,0.0,7,2025-11-01 08:33:22.284665
2,2025-01-12 14:26:58,2025-01-12 14:41:36,N,1.0,74,116,1.0,2.6,16.3,0.0,0.5,3.56,0.0,,1.0,21.36,1.0,1.0,0.0,0.0,7,2025-11-01 08:33:22.284665
2,2025-01-12 14:11:13,2025-01-12 14:30:01,N,1.0,195,88,1.0,4.0,21.9,0.0,0.5,3.0,6.94,,1.0,36.84,1.0,1.0,2.75,0.75,7,2025-11-01 08:33:22.284665
2,2025-01-12 14:10:09,2025-01-12 14:35:45,N,1.0,130,145,1.0,11.29,45.0,0.0,0.5,9.3,0.0,,1.0,55.8,1.0,1.0,0.0,0.0,7,2025-11-01 08:33:22.284665
2,2025-01-12 14:50:23,2025-01-12 15:16:48,N,1.0,75,65,2.0,9.96,42.2,0.0,0.5,9.29,0.0,,1.0,55.74,1.0,1.0,2.75,0.0,7,2025-11-01 08:33:22.284665
2,2025-01-12 14:50:44,2025-01-12 14:54:52,N,1.0,7,7,1.0,0.55,5.8,0.0,0.5,1.46,0.0,,1.0,8.76,1.0,1.0,0.0,0.0,7,2025-11-01 08:33:22.284665
2,2025-01-12 14:46:28,2025-01-12 14:58:58,N,1.0,74,239,1.0,2.98,15.6,0.0,0.5,3.97,0.0,,1.0,23.82,1.0,1.0,2.75,0.0,7,2025-11-01 08:33:22.284665
2,2025-01-12 14:22:37,2025-01-12 14:30:07,N,1.0,74,42,1.0,1.29,9.3,0.0,0.5,0.0,0.0,,1.0,10.8,2.0,1.0,0.0,0.0,7,2025-11-01 08:33:22.284665
1,2025-01-12 14:13:37,2025-01-12 14:18:22,N,1.0,41,74,1.0,1.0,7.2,0.0,1.5,0.0,0.0,,1.0,8.7,2.0,1.0,0.0,0.0,7,2025-11-01 08:33:22.284665
1,2025-01-12 14:39:40,2025-01-12 14:51:02,N,1.0,42,244,1.0,1.9,12.8,0.0,1.5,0.0,0.0,,1.0,14.3,2.0,1.0,0.0,0.0,7,2025-11-01 08:33:22.284665
1,2025-01-12 14:26:11,2025-01-12 14:30:00,N,1.0,7,7,1.0,0.3,5.8,0.0,1.5,0.0,0.0,,1.0,7.3,2.0,1.0,0.0,0.0,7,2025-11-01 08:33:22.284665
2,2025-01-12 14:25:27,2025-01-12 14:25:29,N,5.0,166,264,1.0,0.0,5.0,0.0,0.0,0.0,0.0,,1.0,6.0,2.0,2.0,0.0,0.0,7,2025-11-01 08:33:22.284665
2,2025-01-12 14:27:21,2025-01-12 14:28:33,N,5.0,166,166,1.0,0.0,5.0,0.0,0.0,1.2,0.0,,1.0,7.2,1.0,2.0,0.0,0.0,7,2025-11-01 08:33:22.284665
2,2025-01-12 14:45:25,2025-01-12 14:56:09,N,1.0,24,236,1.0,1.71,12.1,0.0,0.5,3.27,0.0,,1.0,19.62,1.0,1.0,2.75,0.0,7,2025-11-01 08:33:22.284665
2,2025-01-12 14:00:20,2025-01-12 14:12:56,N,1.0,82,179,1.0,2.88,16.3,0.0,0.5,0.0,0.0,,1.0,17.8,2.0,1.0,0.0,0.0,7,2025-11-01 08:33:22.284665
2,2025-01-12 14:19:32,2025-01-12 14:31:32,N,1.0,83,138,1.0,4.82,21.2,5.0,0.5,5.54,0.0,,1.0,33.24,1.0,1.0,0.0,0.0,7,2025-11-01 08:33:22.284665
2,2025-01-12 14:50:42,2025-01-12 15:13:04,N,5.0,152,220,3.0,7.42,30.0,0.0,0.0,0.0,0.0,,1.0,31.0,2.0,2.0,0.0,0.0,7,2025-11-01 08:33:22.284665
1,2025-01-12 14:41:42,2025-01-12 14:53:29,N,1.0,74,152,1.0,1.6,12.8,0.0,1.5,0.0,0.0,,1.0,14.3,2.0,1.0,0.0,0.0,7,2025-11-01 08:33:22.284665
2,2025-01-12 14:04:53,2025-01-12 14:08:32,N,1.0,42,116,6.0,0.62,5.8,0.0,0.5,0.0,0.0,,1.0,7.3,2.0,1.0,0.0,0.0,7,2025-11-01 08:33:22.284665
2,2025-01-12 14:37:34,2025-01-12 14:41:11,N,1.0,75,74,1.0,1.42,7.9,0.0,0.5,0.0,0.0,,1.0,9.4,1.0,1.0,0.0,0.0,7,2025-11-01 08:33:22.284665
2,2025-01-12 14:30:36,2025-01-12 14:54:44,N,1.0,82,7,2.0,4.04,24.7,0.0,0.5,5.24,0.0,,1.0,31.44,1.0,1.0,0.0,0.0,7,2025-11-01 08:33:22.284665
2,2025-01-12 14:18:07,2025-01-12 14:40:15,N,1.0,190,65,1.0,4.83,26.1,0.0,0.5,5.52,0.0,,1.0,33.12,1.0,1.0,0.0,0.0,7,2025-11-01 08:33:22.284665
2,2025-01-12 14:56:59,2025-01-12 15:25:01,N,5.0,65,1,1.0,14.79,110.0,0.0,0.0,33.52,0.0,,1.0,145.27,1.0,2.0,0.0,0.75,7,2025-11-01 08:33:22.284665
2,2025-01-12 14:40:52,2025-01-12 14:52:57,N,1.0,65,181,1.0,1.83,13.5,0.0,0.5,3.0,0.0,,1.0,18.0,1.0,1.0,0.0,0.0,7,2025-11-01 08:33:22.284665
2,2025-01-12 13:58:59,2025-01-12 14:09:13,N,1.0,74,263,1.0,2.19,12.8,0.0,0.5,3.41,0.0,,1.0,20.46,1.0,1.0,2.75,0.0,7,2025-11-01 08:33:22.284665
2,2025-01-12 14:30:39,2025-01-12 14:42:58,N,1.0,74,141,1.0,2.97,15.6,0.0,0.5,3.97,0.0,,1.0,23.82,1.0,1.0,2.75,0.0,7,2025-11-01 08:33:22.284665
2,2025-01-12 13:59:58,2025-01-12 14:14:57,N,1.0,74,24,1.0,1.88,14.9,0.0,0.5,3.28,0.0,,1.0,19.68,1.0,1.0,0.0,0.0,7,2025-11-01 08:33:22.284665
2,2025-01-12 14:21:43,2025-01-12 14:40:58,N,1.0,166,143,1.0,2.57,18.4,0.0,0.5,4.68,0.0,,1.0,28.08,1.0,1.0,2.75,0.75,7,2025-11-01 08:33:22.284665
2,2025-01-12 14:25:40,2025-01-12 14:32:12,N,1.0,65,181,1.0,0.81,7.9,0.0,0.5,1.88,0.0,,1.0,11.28,1.0,1.0,0.0,0.0,7,2025-11-01 08:33:22.284665
2,2025-01-12 14:55:39,2025-01-12 15:09:59,N,1.0,74,151,5.0,2.35,15.6,0.0,0.5,4.28,0.0,,1.0,21.38,1.0,1.0,0.0,0.0,7,2025-11-01 08:33:22.284665
2,2025-01-12 14:12:05,2025-01-12 14:13:10,N,1.0,97,25,1.0,0.1,3.7,0.0,0.5,0.0,0.0,,1.0,5.2,2.0,1.0,0.0,0.0,7,2025-11-01 08:33:22.284665
2,2025-01-12 14:39:05,2025-01-12 14:53:58,N,1.0,66,189,1.0,2.99,17.0,0.0,0.5,3.7,0.0,,1.0,22.2,1.0,1.0,0.0,0.0,7,2025-11-01 08:33:22.284665
2,2025-01-12 14:34:50,2025-01-12 14:45:18,N,1.0,97,49,1.0,1.41,11.4,0.0,0.5,2.1,0.0,,1.0,15.0,1.0,1.0,0.0,0.0,7,2025-11-01 08:33:22.284665
2,2025-01-12 14:38:35,2025-01-12 14:46:41,N,1.0,97,25,1.0,0.93,9.3,0.0,0.5,2.16,0.0,,1.0,12.96,1.0,1.0,0.0,0.0,7,2025-11-01 08:33:22.284665
2,2025-01-12 14:46:33,2025-01-12 15:02:11,N,1.0,66,148,2.0,2.81,18.4,0.0,0.5,2.0,0.0,,1.0,25.4,1.0,1.0,2.75,0.75,7,2025-11-01 08:33:22.284665
2,2025-01-12 14:52:02,2025-01-12 15:03:28,N,1.0,74,262,1.0,2.51,14.2,0.0,0.5,3.69,0.0,,1.0,22.14,1.0,1.0,2.75,0.0,7,2025-11-01 08:33:22.284665
1,2025-01-12 14:20:01,2025-01-12 14:45:14,N,1.0,17,89,1.0,0.0,22.5,0.0,1.5,0.0,0.0,,1.0,24.0,1.0,1.0,0.0,0.0,7,2025-11-01 08:33:22.284665
2,2025-01-12 14:00:22,2025-01-12 14:07:43,N,1.0,74,168,1.0,1.61,10.0,0.0,0.5,2.0,0.0,,1.0,13.5,1.0,1.0,0.0,0.0,7,2025-11-01 08:33:22.284665
2,2025-01-12 14:31:43,2025-01-12 14:44:15,N,1.0,74,236,2.0,2.31,14.2,0.0,0.5,1.84,0.0,,1.0,20.29,1.0,1.0,2.75,0.0,7,2025-11-01 08:33:22.284665
2,2025-01-12 14:07:16,2025-01-12 14:36:37,N,1.0,75,144,1.0,7.59,35.9,0.0,0.5,8.18,0.0,,1.0,49.08,1.0,1.0,2.75,0.75,7,2025-11-01 08:33:22.284665
2,2025-01-12 14:55:07,2025-01-12 15:02:01,N,1.0,74,236,1.0,1.68,10.0,0.0,0.5,2.85,0.0,,1.0,17.1,1.0,1.0,2.75,0.0,7,2025-11-01 08:33:22.284665
2,2025-01-12 14:12:07,2025-01-12 14:40:38,N,1.0,7,144,1.0,6.63,33.1,0.0,0.5,3.0,0.0,,1.0,41.1,1.0,1.0,2.75,0.75,7,2025-11-01 08:33:22.284665
2,2025-01-12 14:32:01,2025-01-12 14:53:23,N,1.0,95,95,1.0,2.81,22.6,0.0,0.5,0.0,0.0,,1.0,24.1,2.0,1.0,0.0,0.0,7,2025-11-01 08:33:22.284665
2,2025-01-12 14:40:21,2025-01-12 14:50:07,N,1.0,97,49,1.0,2.54,14.9,0.0,0.5,3.28,0.0,,1.0,19.68,1.0,1.0,0.0,0.0,7,2025-11-01 08:33:22.284665
2,2025-01-12 14:54:45,2025-01-12 15:06:35,N,1.0,74,238,1.0,2.64,14.9,0.0,0.5,3.83,0.0,,1.0,22.98,1.0,1.0,2.75,0.0,7,2025-11-01 08:33:22.284665
2,2025-01-12 14:50:05,2025-01-12 15:14:39,N,1.0,82,171,1.0,6.97,33.1,0.0,0.5,0.0,0.0,,1.0,34.6,2.0,1.0,0.0,0.0,7,2025-11-01 08:33:22.284665
2,2025-01-12 14:27:52,2025-01-12 14:42:36,N,1.0,74,238,1.0,2.77,15.6,0.0,0.5,3.97,0.0,,1.0,23.82,1.0,1.0,2.75,0.0,7,2025-11-01 08:33:22.284665
2,2025-01-12 14:05:22,2025-01-12 14:24:29,N,5.0,65,161,1.0,6.69,45.0,0.0,0.0,9.9,0.0,,1.0,59.4,1.0,2.0,2.75,0.75,7,2025-11-01 08:33:22.284665
1,2025-01-12 14:16:32,2025-01-12 15:17:40,N,1.0,72,254,1.0,0.0,60.5,0.0,1.5,0.0,6.94,,1.0,68.94,1.0,1.0,0.0,0.0,7,2025-11-01 08:33:22.284665
2,2025-01-12 14:30:34,2025-01-12 14:46:35,N,1.0,74,239,1.0,3.36,18.4,0.0,0.5,4.53,0.0,,1.0,27.18,1.0,1.0,2.75,0.0,7,2025-11-01 08:33:22.284665
2,2025-01-12 14:32:57,2025-01-12 14:49:14,N,1.0,41,142,1.0,2.68,17.0,0.0,0.5,3.19,0.0,,1.0,24.44,1.0,1.0,2.75,0.0,7,2025-11-01 08:33:22.284665
2,2025-01-12 14:51:30,2025-01-12 15:17:21,N,1.0,7,148,1.0,7.26,33.8,0.0,0.5,7.76,0.0,,1.0,46.56,1.0,1.0,2.75,0.75,7,2025-11-01 08:33:22.284665
2,2025-01-12 14:24:36,2025-01-12 14:30:14,N,1.0,41,42,1.0,1.12,7.9,0.0,0.5,1.88,0.0,,1.0,11.28,1.0,1.0,0.0,0.0,7,2025-11-01 08:33:22.284665
2,2025-01-12 14:26:51,2025-01-12 14:35:26,N,1.0,74,238,1.0,2.25,12.1,0.0,0.5,2.0,0.0,,1.0,15.6,1.0,1.0,0.0,0.0,7,2025-11-01 08:33:22.284665
2,2025-01-12 14:53:34,2025-01-12 15:05:28,N,1.0,74,263,1.0,2.62,14.2,0.0,0.5,4.61,0.0,,1.0,23.06,1.0,1.0,2.75,0.0,7,2025-11-01 08:33:22.284665
2,2025-01-12 14:35:08,2025-01-12 14:48:01,N,1.0,74,141,1.0,3.36,16.3,0.0,0.5,5.14,0.0,,1.0,25.69,1.0,1.0,2.75,0.0,7,2025-11-01 08:33:22.284665
2,2025-01-12 14:32:41,2025-01-12 14:42:19,N,1.0,74,42,1.0,1.87,11.4,0.0,0.5,0.0,0.0,,1.0,12.9,2.0,1.0,0.0,0.0,7,2025-11-01 08:33:22.284665
2,2025-01-12 14:21:04,2025-01-12 14:24:30,N,1.0,41,24,1.0,0.66,5.8,0.0,0.5,0.0,0.0,,1.0,7.3,2.0,1.0,0.0,0.0,7,2025-11-01 08:33:22.284665
2,2025-01-12 14:34:43,2025-01-12 14:55:30,N,1.0,166,48,1.0,5.04,24.7,0.0,0.5,0.0,0.0,,1.0,29.7,2.0,1.0,2.75,0.75,7,2025-11-01 08:33:22.284665
2,2025-01-12 14:31:14,2025-01-12 14:41:20,N,1.0,74,236,1.0,2.08,12.1,0.0,0.5,2.5,0.0,,1.0,18.85,1.0,1.0,2.75,0.0,7,2025-11-01 08:33:22.284665
2,2025-01-12 14:26:02,2025-01-12 14:37:10,N,1.0,74,263,1.0,2.31,13.5,0.0,0.5,2.66,0.0,,1.0,20.41,1.0,1.0,2.75,0.0,7,2025-11-01 08:33:22.284665
2,2025-01-12 14:53:29,2025-01-12 15:01:08,N,1.0,74,236,1.0,1.79,10.0,0.0,0.5,1.71,0.0,,1.0,15.96,1.0,1.0,2.75,0.0,7,2025-11-01 08:33:22.284665
2,2025-01-12 14:21:03,2025-01-12 14:47:13,N,1.0,166,162,1.0,4.47,26.8,0.0,0.5,6.36,0.0,,1.0,38.16,1.0,1.0,2.75,0.75,7,2025-11-01 08:33:22.284665
2,2025-01-12 14:29:17,2025-01-12 14:43:45,N,1.0,43,161,1.0,2.52,14.9,0.0,0.5,0.0,0.0,,1.0,19.9,1.0,1.0,2.75,0.75,7,2025-11-01 08:33:22.284665
2,2025-01-12 14:36:45,2025-01-12 14:44:46,N,1.0,74,41,1.0,1.16,9.3,0.0,0.5,1.08,0.0,,1.0,11.88,1.0,1.0,0.0,0.0,7,2025-11-01 08:33:22.284665
2,2025-01-12 15:28:21,2025-01-12 15:36:42,N,1.0,74,236,1.0,1.84,10.7,0.0,0.5,2.99,0.0,,1.0,17.94,1.0,1.0,2.75,0.0,7,2025-11-01 08:33:22.284665
2,2025-01-12 15:49:17,2025-01-12 16:02:36,N,1.0,130,131,1.0,4.74,22.6,0.0,0.5,4.82,0.0,,1.0,28.92,1.0,1.0,0.0,0.0,7,2025-11-01 08:33:22.284665
2,2025-01-12 15:40:53,2025-01-12 15:54:58,N,1.0,65,66,1.0,1.27,13.5,0.0,0.5,1.0,0.0,,1.0,16.0,1.0,1.0,0.0,0.0,7,2025-11-01 08:33:22.284665
2,2025-01-12 15:14:13,2025-01-12 15:31:58,N,1.0,75,162,1.0,3.2,19.8,0.0,0.5,6.2,0.0,,1.0,31.0,1.0,1.0,2.75,0.75,7,2025-11-01 08:33:22.284665
2,2025-01-12 06:57:53,2025-01-12 07:07:01,N,1.0,74,238,1.0,2.27,12.1,0.0,0.5,2.72,0.0,,1.0,16.32,1.0,1.0,0.0,0.0,7,2025-11-01 08:33:22.284665
2,2025-01-12 15:09:19,2025-01-12 15:13:32,N,1.0,75,42,1.0,1.03,7.2,0.0,0.5,0.0,0.0,,1.0,8.7,2.0,1.0,0.0,0.0,7,2025-11-01 08:33:22.284665
2,2025-01-12 15:12:07,2025-01-12 15:19:57,N,1.0,75,24,5.0,1.64,10.7,0.0,0.5,3.05,0.0,,1.0,15.25,1.0,1.0,0.0,0.0,7,2025-11-01 08:33:22.284665
2,2025-01-12 15:26:49,2025-01-12 15:43:41,N,1.0,166,24,5.0,0.72,14.9,0.0,0.5,0.0,0.0,,1.0,16.4,2.0,1.0,0.0,0.0,7,2025-11-01 08:33:22.284665
2,2025-01-12 15:43:55,2025-01-12 15:47:43,N,1.0,24,41,5.0,0.72,6.5,0.0,0.5,1.6,0.0,,1.0,9.6,1.0,1.0,0.0,0.0,7,2025-11-01 08:33:22.284665
2,2025-01-12 15:51:29,2025-01-12 15:52:54,N,1.0,41,166,4.0,0.44,4.4,0.0,0.5,1.18,0.0,,1.0,7.08,1.0,1.0,0.0,0.0,7,2025-11-01 08:33:22.284665
2,2025-01-12 15:02:49,2025-01-12 15:03:24,N,5.0,93,93,1.0,0.47,50.0,0.0,0.0,0.0,0.0,,1.0,51.0,2.0,2.0,0.0,0.0,7,2025-11-01 08:33:22.284665
2,2025-01-12 15:58:20,2025-01-12 16:09:16,N,1.0,74,236,1.0,1.95,12.8,0.0,0.5,3.41,0.0,,1.0,20.46,1.0,1.0,2.75,0.0,7,2025-11-01 08:33:22.284665
2,2025-01-12 15:56:54,2025-01-12 16:28:47,N,1.0,66,230,1.0,7.74,39.4,0.0,0.5,8.88,0.0,,1.0,53.28,1.0,1.0,2.75,0.75,7,2025-11-01 08:33:22.284665
1,2025-01-12 15:53:46,2025-01-12 16:06:41,N,1.0,97,17,2.0,2.3,14.2,0.0,1.5,3.9,0.0,,1.0,19.6,1.0,1.0,0.0,0.0,7,2025-11-01 08:33:22.284665
2,2025-01-12 15:36:56,2025-01-12 15:52:03,N,1.0,166,48,1.0,4.75,22.6,0.0,0.5,0.0,0.0,,1.0,27.6,2.0,1.0,2.75,0.75,7,2025-11-01 08:33:22.284665
1,2025-01-12 15:47:49,2025-01-12 15:56:51,Y,1.0,116,244,1.0,1.3,9.3,0.0,1.5,2.15,0.0,,1.0,12.95,1.0,1.0,0.0,0.0,7,2025-11-01 08:33:22.284665
2,2025-01-12 15:36:08,2025-01-12 15:50:12,N,1.0,74,239,1.0,3.5,17.0,0.0,0.5,0.0,0.0,,1.0,21.25,2.0,1.0,2.75,0.0,7,2025-11-01 08:33:22.284665
2,2025-01-12 15:18:19,2025-01-12 15:40:00,N,1.0,243,142,1.0,6.65,31.7,0.0,0.5,7.19,0.0,,1.0,43.14,1.0,1.0,2.75,0.0,7,2025-11-01 08:33:22.284665
2,2025-01-12 15:10:53,2025-01-12 15:17:42,N,1.0,75,238,1.0,1.25,9.3,0.0,0.5,0.0,0.0,,1.0,10.8,2.0,1.0,0.0,0.0,7,2025-11-01 08:33:22.284665
2,2025-01-12 15:31:07,2025-01-12 15:44:07,N,1.0,75,116,1.0,2.98,15.6,0.0,0.5,3.42,0.0,,1.0,20.52,1.0,1.0,0.0,0.0,7,2025-11-01 08:33:22.284665
2,2025-01-12 15:42:42,2025-01-12 16:08:46,N,1.0,66,230,1.0,7.45,35.2,0.0,0.5,8.04,0.0,,1.0,48.24,1.0,1.0,2.75,0.75,7,2025-11-01 08:33:22.284665
1,2025-01-12 15:12:08,2025-01-12 15:24:41,Y,1.0,83,83,1.0,1.3,10.7,0.0,1.5,0.0,0.0,,1.0,12.2,2.0,1.0,0.0,0.0,7,2025-11-01 08:33:22.284665
2,2025-01-12 15:27:25,2025-01-12 15:36:40,N,1.0,41,42,1.0,1.53,11.4,0.0,0.5,2.58,0.0,,1.0,15.48,1.0,1.0,0.0,0.0,7,2025-11-01 08:33:22.284665
2,2025-01-12 15:22:04,2025-01-12 15:49:14,N,1.0,7,255,1.0,7.09,35.2,0.0,0.5,7.34,0.0,,1.0,44.04,1.0,1.0,0.0,0.0,7,2025-11-01 08:33:22.284665
2,2025-01-12 15:31:13,2025-01-12 15:43:07,N,1.0,41,236,1.0,2.09,13.5,0.0,0.5,3.55,0.0,,1.0,21.3,1.0,1.0,2.75,0.0,7,2025-11-01 08:33:22.284665
2,2025-01-12 15:25:40,2025-01-12 15:40:31,N,1.0,40,33,2.0,1.43,13.5,0.0,0.5,0.0,0.0,,1.0,15.0,2.0,1.0,0.0,0.0,7,2025-11-01 08:33:22.284665
2,2025-01-12 15:51:29,2025-01-12 15:58:47,N,5.0,244,42,1.0,4.14,20.0,0.0,0.0,4.2,0.0,,1.0,25.2,1.0,2.0,0.0,0.0,7,2025-11-01 08:33:22.284665
1,2025-01-12 15:27:11,2025-01-12 15:39:25,N,1.0,74,239,4.0,3.1,16.3,2.75,1.5,4.1,0.0,,1.0,24.65,1.0,1.0,2.75,0.0,7,2025-11-01 08:33:22.284665
2,2025-01-12 15:52:38,2025-01-12 16:13:00,N,1.0,82,83,1.0,0.74,17.7,0.0,0.5,0.0,0.0,,1.0,19.2,2.0,1.0,0.0,0.0,7,2025-11-01 08:33:22.284665
2,2025-01-12 15:34:28,2025-01-12 15:49:09,N,1.0,74,239,6.0,3.54,18.4,0.0,0.5,4.53,0.0,,1.0,27.18,1.0,1.0,2.75,0.0,7,2025-11-01 08:33:22.284665
1,2025-01-12 15:20:36,2025-01-12 15:29:12,N,1.0,166,239,0.0,1.3,9.3,2.75,1.5,1.0,0.0,,1.0,14.55,1.0,1.0,2.75,0.0,7,2025-11-01 08:33:22.284665
1,2025-01-12 15:54:35,2025-01-12 16:18:50,N,1.0,24,140,1.0,3.9,21.9,2.75,1.5,7.8,0.0,,1.0,33.95,1.0,1.0,2.75,0.0,7,2025-11-01 08:33:22.284665
2,2025-01-12 15:24:17,2025-01-12 15:57:16,N,1.0,244,238,1.0,4.22,25.4,0.0,0.5,0.0,0.0,,1.0,26.9,2.0,1.0,0.0,0.0,7,2025-11-01 08:33:22.284665
2,2025-01-12 15:29:39,2025-01-12 15:37:05,N,1.0,74,75,1.0,1.74,10.0,0.0,0.5,1.0,0.0,,1.0,12.5,1.0,1.0,0.0,0.0,7,2025-11-01 08:33:22.284665
2,2025-01-12 15:35:43,2025-01-12 15:46:55,N,1.0,74,263,1.0,2.42,13.5,0.0,0.5,3.55,0.0,,1.0,21.3,1.0,1.0,2.75,0.0,7,2025-11-01 08:33:22.284665
2,2025-01-12 15:28:29,2025-01-12 15:46:26,N,1.0,97,225,1.0,2.73,17.7,0.0,0.5,0.0,0.0,,1.0,19.2,2.0,1.0,0.0,0.0,7,2025-11-01 08:33:22.284665
2,2025-01-12 15:02:54,2025-01-12 15:07:38,N,1.0,97,97,1.0,0.6,6.5,0.0,0.5,1.6,0.0,,1.0,9.6,1.0,1.0,0.0,0.0,7,2025-11-01 08:33:22.284665
1,2025-01-12 15:38:31,2025-01-12 15:54:24,N,1.0,82,173,2.0,1.9,12.8,0.0,1.5,0.0,0.0,,1.0,14.3,2.0,1.0,0.0,0.0,7,2025-11-01 08:33:22.284665
2,2025-01-12 15:50:28,2025-01-12 15:59:22,N,1.0,65,189,1.0,1.67,11.4,0.0,0.5,3.22,0.0,,1.0,16.12,1.0,1.0,0.0,0.0,7,2025-11-01 08:33:22.284665
2,2025-01-12 15:45:52,2025-01-12 15:51:23,N,1.0,83,82,2.0,0.85,7.2,0.0,0.5,0.0,0.0,,1.0,8.7,2.0,1.0,0.0,0.0,7,2025-11-01 08:33:22.284665
2,2025-01-12 15:24:39,2025-01-12 15:33:05,N,1.0,74,236,1.0,2.08,11.4,0.0,0.5,2.5,0.0,,1.0,18.15,1.0,1.0,2.75,0.0,7,2025-11-01 08:33:22.284665
2,2025-01-12 14:57:33,2025-01-12 15:06:35,N,1.0,75,42,2.0,2.29,12.1,0.0,0.5,0.0,0.0,,1.0,13.6,2.0,1.0,0.0,0.0,7,2025-11-01 08:33:22.284665
2,2025-01-12 15:09:49,2025-01-12 15:20:57,N,1.0,42,159,2.0,1.49,12.1,0.0,0.5,0.0,0.0,,1.0,13.6,2.0,1.0,0.0,0.0,7,2025-11-01 08:33:22.284665
2,2025-01-12 15:34:36,2025-01-12 15:46:11,N,1.0,74,152,2.0,1.27,12.1,0.0,0.5,0.0,0.0,,1.0,13.6,2.0,1.0,0.0,0.0,7,2025-11-01 08:33:22.284665
2,2025-01-12 15:52:53,2025-01-12 16:08:21,N,1.0,166,75,2.0,2.34,16.3,0.0,0.5,3.56,0.0,,1.0,21.36,1.0,1.0,0.0,0.0,7,2025-11-01 08:33:22.284665
2,2025-01-12 15:55:00,2025-01-12 15:59:59,N,1.0,75,74,1.0,1.39,8.6,0.0,0.5,2.02,0.0,,1.0,12.12,1.0,1.0,0.0,0.0,7,2025-11-01 08:33:22.284665
2,2025-01-12 15:34:50,2025-01-12 15:50:42,N,1.0,74,140,1.0,3.22,17.7,0.0,0.5,4.39,0.0,,1.0,26.34,1.0,1.0,2.75,0.0,7,2025-11-01 08:33:22.284665
2,2025-01-12 15:33:16,2025-01-12 15:40:59,N,1.0,7,179,1.0,1.14,9.3,0.0,0.5,3.24,0.0,,1.0,14.04,1.0,1.0,0.0,0.0,7,2025-11-01 08:33:22.284665
2,2025-01-12 15:29:10,2025-01-12 15:49:01,N,1.0,74,238,1.0,2.68,19.1,0.0,0.5,2.06,0.0,,1.0,22.66,1.0,1.0,0.0,0.0,7,2025-11-01 08:33:22.284665
2,2025-01-12 15:50:52,2025-01-12 16:18:55,N,1.0,66,164,1.0,16.02,64.6,0.0,0.5,13.92,0.0,,1.0,83.52,1.0,1.0,2.75,0.75,7,2025-11-01 08:33:22.284665
2,2025-01-12 15:56:51,2025-01-12 16:12:27,N,1.0,74,238,1.0,3.06,17.0,0.0,0.5,5.55,0.0,,1.0,24.05,1.0,1.0,0.0,0.0,7,2025-11-01 08:33:22.284665
2,2025-01-12 15:56:42,2025-01-12 16:02:59,N,1.0,74,236,1.0,1.59,9.3,0.0,0.5,2.71,0.0,,1.0,16.26,1.0,1.0,2.75,0.0,7,2025-11-01 08:33:22.284665
2,2025-01-12 15:46:18,2025-01-12 15:56:37,N,1.0,129,138,1.0,4.0,17.7,5.0,0.5,0.0,0.0,,1.0,24.2,2.0,1.0,0.0,0.0,7,2025-11-01 08:33:22.284665
2,2025-01-12 15:54:40,2025-01-12 16:02:56,N,1.0,97,49,1.0,1.1,9.3,0.0,0.5,2.16,0.0,,1.0,12.96,1.0,1.0,0.0,0.0,7,2025-11-01 08:33:22.284665
2,2025-01-12 15:08:14,2025-01-12 15:08:18,N,5.0,194,194,1.0,0.0,35.0,0.0,0.0,7.2,0.0,,1.0,43.2,1.0,2.0,0.0,0.0,7,2025-11-01 08:33:22.284665
2,2025-01-12 15:30:43,2025-01-12 15:39:45,N,1.0,82,138,5.0,3.78,17.7,5.0,0.5,2.0,0.0,,1.0,26.2,1.0,1.0,0.0,0.0,7,2025-11-01 08:33:22.284665
2,2025-01-12 14:35:05,2025-01-12 14:49:18,N,1.0,41,238,1.0,2.75,16.3,0.0,0.5,0.0,0.0,,1.0,20.55,2.0,1.0,2.75,0.0,7,2025-11-01 08:33:22.284665
2,2025-01-12 15:04:36,2025-01-12 15:09:14,N,1.0,41,42,1.0,1.01,7.2,0.0,0.5,0.0,0.0,,1.0,8.7,2.0,1.0,0.0,0.0,7,2025-11-01 08:33:22.284665
2,2025-01-12 15:14:46,2025-01-12 15:29:56,N,1.0,130,10,1.0,3.72,19.1,0.0,0.5,0.0,0.0,,1.0,20.6,2.0,1.0,0.0,0.0,7,2025-11-01 08:33:22.284665
1,2025-01-12 15:19:09,2025-01-12 15:25:32,N,1.0,116,244,1.0,0.0,14.5,0.0,1.5,0.0,0.0,,1.0,16.0,1.0,1.0,0.0,0.0,7,2025-11-01 08:33:22.284665
2,2025-01-12 15:27:49,2025-01-12 15:39:30,N,1.0,74,116,1.0,1.85,12.8,0.0,0.5,2.86,0.0,,1.0,17.16,1.0,1.0,0.0,0.0,7,2025-11-01 08:33:22.284665
2,2025-01-12 15:56:26,2025-01-12 16:09:16,N,1.0,74,152,1.0,1.92,14.2,0.0,0.5,3.14,0.0,,1.0,18.84,1.0,1.0,0.0,0.0,7,2025-11-01 08:33:22.284665
2,2025-01-12 15:59:08,2025-01-12 16:08:11,N,1.0,82,138,1.0,3.82,17.7,5.0,0.5,4.84,0.0,,1.0,29.04,1.0,1.0,0.0,0.0,7,2025-11-01 08:33:22.284665
2,2025-01-12 15:24:06,2025-01-12 15:44:43,N,1.0,74,238,1.0,3.77,23.3,0.0,0.5,4.13,0.0,,1.0,31.68,1.0,1.0,2.75,0.0,7,2025-11-01 08:33:22.284665
2,2025-01-12 15:55:46,2025-01-12 16:11:32,N,1.0,74,141,1.0,3.26,17.7,0.0,0.5,4.39,0.0,,1.0,26.34,1.0,1.0,2.75,0.0,7,2025-11-01 08:33:22.284665
2,2025-01-12 15:29:01,2025-01-12 16:04:37,N,1.0,74,142,1.0,4.61,33.1,0.0,0.5,7.47,0.0,,1.0,44.82,1.0,1.0,2.75,0.0,7,2025-11-01 08:33:22.284665
2,2025-01-12 15:17:29,2025-01-12 15:26:46,N,1.0,42,151,1.0,1.77,11.4,0.0,0.5,1.94,0.0,,1.0,14.84,1.0,1.0,0.0,0.0,7,2025-11-01 08:33:22.284665
2,2025-01-12 15:05:12,2025-01-12 15:12:11,N,1.0,75,239,1.0,1.76,10.0,0.0,0.5,0.0,0.0,,1.0,14.25,1.0,1.0,2.75,0.0,7,2025-11-01 08:33:22.284665
2,2025-01-12 15:21:25,2025-01-12 15:26:55,N,1.0,43,239,1.0,1.49,9.3,0.0,0.5,2.71,0.0,,1.0,16.26,1.0,1.0,2.75,0.0,7,2025-11-01 08:33:22.284665
2,2025-01-12 15:43:19,2025-01-12 16:03:19,N,1.0,95,196,5.0,2.26,18.4,0.0,0.5,0.0,0.0,,1.0,19.9,2.0,1.0,0.0,0.0,7,2025-11-01 08:33:22.284665
2,2025-01-12 15:19:17,2025-01-12 15:30:35,N,1.0,74,42,1.0,2.05,12.8,0.0,0.5,0.0,0.0,,1.0,14.3,2.0,1.0,0.0,0.0,7,2025-11-01 08:33:22.284665
2,2025-01-12 15:28:27,2025-01-12 15:47:28,N,1.0,74,238,1.0,2.84,19.1,0.0,0.5,7.0,0.0,,1.0,30.35,1.0,1.0,2.75,0.0,7,2025-11-01 08:33:22.284665
2,2025-01-12 15:34:35,2025-01-12 15:47:13,N,1.0,74,151,1.0,2.58,14.9,0.0,0.5,0.0,0.0,,1.0,16.4,2.0,1.0,0.0,0.0,7,2025-11-01 08:33:22.284665
2,2025-01-12 14:09:09,2025-01-12 14:17:37,N,1.0,75,263,1.0,1.61,10.7,0.0,0.5,2.99,0.0,,1.0,17.94,1.0,1.0,2.75,0.0,7,2025-11-01 08:33:22.284665
2,2025-01-12 14:37:20,2025-01-12 14:46:13,N,1.0,43,263,1.0,1.46,10.0,0.0,0.5,2.85,0.0,,1.0,17.1,1.0,1.0,2.75,0.0,7,2025-11-01 08:33:22.284665
2,2025-01-12 16:10:34,2025-01-12 16:14:29,N,1.0,75,74,1.0,1.31,7.2,0.0,0.5,1.74,0.0,,1.0,10.44,1.0,1.0,0.0,0.0,7,2025-11-01 08:33:22.284665
2,2025-01-12 16:39:21,2025-01-12 16:51:09,N,1.0,74,263,1.0,2.54,14.2,0.0,0.5,1.84,0.0,,1.0,20.29,1.0,1.0,2.75,0.0,7,2025-11-01 08:33:22.284665
1,2025-01-12 16:35:17,2025-01-12 16:46:59,N,1.0,74,151,0.0,1.8,12.8,2.5,1.5,2.0,0.0,,1.0,18.8,1.0,1.0,0.0,0.0,7,2025-11-01 08:33:22.284665
2,2025-01-12 16:32:51,2025-01-12 16:41:16,N,1.0,74,236,1.0,2.08,11.4,0.0,0.5,1.2,0.0,,1.0,16.85,1.0,1.0,2.75,0.0,7,2025-11-01 08:33:22.284665
2,2025-01-12 16:37:19,2025-01-12 16:41:28,N,1.0,166,238,1.0,0.74,6.5,0.0,0.5,1.6,0.0,,1.0,9.6,1.0,1.0,0.0,0.0,7,2025-11-01 08:33:22.284665
2,2025-01-12 16:03:44,2025-01-12 17:24:48,N,1.0,92,92,2.0,2.05,60.4,0.0,0.5,0.0,0.0,,1.0,61.9,2.0,1.0,0.0,0.0,7,2025-11-01 08:33:22.284665
2,2025-01-12 16:22:38,2025-01-12 16:28:57,N,1.0,65,189,2.0,0.94,7.9,0.0,0.5,1.88,0.0,,1.0,11.28,1.0,1.0,0.0,0.0,7,2025-11-01 08:33:22.284665
2,2025-01-12 16:35:04,2025-01-12 16:48:40,N,1.0,74,262,1.0,2.67,14.9,0.0,0.5,4.79,0.0,,1.0,23.94,1.0,1.0,2.75,0.0,7,2025-11-01 08:33:22.284665
1,2025-01-12 16:11:49,2025-01-12 16:21:15,N,1.0,97,181,3.0,0.8,10.0,0.0,1.5,2.0,0.0,,1.0,13.5,1.0,1.0,0.0,0.0,7,2025-11-01 08:33:22.284665
2,2025-01-12 16:32:45,2025-01-12 16:45:56,N,1.0,74,140,1.0,3.11,15.6,0.0,0.5,3.97,0.0,,1.0,23.82,1.0,1.0,2.75,0.0,7,2025-11-01 08:33:22.284665
2,2025-01-12 16:22:51,2025-01-12 16:38:09,N,1.0,42,244,1.0,2.22,15.6,0.0,0.5,0.0,0.0,,1.0,17.1,2.0,1.0,0.0,0.0,7,2025-11-01 08:33:22.284665
2,2025-01-12 16:20:41,2025-01-12 16:31:29,N,1.0,95,131,2.0,3.92,17.7,0.0,0.5,0.0,0.0,,1.0,19.2,2.0,1.0,0.0,0.0,7,2025-11-01 08:33:22.284665
2,2025-01-12 16:55:42,2025-01-12 17:11:20,N,1.0,196,95,2.0,2.63,18.4,0.0,0.5,0.0,0.0,,1.0,19.9,2.0,1.0,0.0,0.0,7,2025-11-01 08:33:22.284665
2,2025-01-12 16:37:44,2025-01-12 16:54:07,N,1.0,74,244,1.0,2.75,17.0,0.0,0.5,3.0,0.0,,1.0,21.5,1.0,1.0,0.0,0.0,7,2025-11-01 08:33:22.284665
2,2025-01-12 16:58:02,2025-01-12 17:04:18,N,1.0,74,75,1.0,1.44,8.6,0.0,0.5,2.02,0.0,,1.0,12.12,1.0,1.0,0.0,0.0,7,2025-11-01 08:33:22.284665
2,2025-01-12 16:15:03,2025-01-12 16:31:11,N,1.0,166,75,5.0,1.86,16.3,0.0,0.5,2.0,0.0,,1.0,19.8,1.0,1.0,0.0,0.0,7,2025-11-01 08:33:22.284665
2,2025-01-12 16:36:35,2025-01-12 16:48:17,N,1.0,74,43,1.0,1.99,12.8,0.0,0.5,0.0,0.0,,1.0,17.05,2.0,1.0,2.75,0.0,7,2025-11-01 08:33:22.284665
2,2025-01-12 16:59:06,2025-01-12 17:16:28,N,1.0,74,244,1.0,2.96,17.0,0.0,0.5,3.7,0.0,,1.0,22.2,1.0,1.0,0.0,0.0,7,2025-11-01 08:33:22.284665
2,2025-01-12 16:17:07,2025-01-12 16:43:58,N,1.0,65,22,2.0,9.88,43.6,0.0,0.5,0.0,0.0,,1.0,45.1,1.0,1.0,0.0,0.0,7,2025-11-01 08:33:22.284665
1,2025-01-12 16:58:36,2025-01-12 17:10:03,N,1.0,97,181,1.0,1.6,12.1,0.0,1.5,2.7,0.0,,1.0,16.3,1.0,1.0,0.0,0.0,7,2025-11-01 08:33:22.284665
2,2025-01-12 16:15:14,2025-01-12 16:24:35,N,1.0,166,238,1.0,1.45,10.7,0.0,0.5,0.0,0.0,,1.0,14.95,2.0,1.0,2.75,0.0,7,2025-11-01 08:33:22.284665
1,2025-01-12 16:59:53,2025-01-12 17:02:24,N,1.0,75,236,3.0,0.6,5.1,2.75,1.5,2.8,0.0,,1.0,12.15,1.0,1.0,2.75,0.0,7,2025-11-01 08:33:22.284665
2,2025-01-12 16:02:10,2025-01-12 16:55:09,N,1.0,75,33,1.0,9.82,52.7,0.0,0.5,11.54,0.0,,1.0,69.24,1.0,1.0,2.75,0.75,7,2025-11-01 08:33:22.284665
2,2025-01-12 16:29:06,2025-01-12 16:44:51,N,1.0,74,239,1.0,3.22,17.7,0.0,0.5,4.39,0.0,,1.0,26.34,1.0,1.0,2.75,0.0,7,2025-11-01 08:33:22.284665
2,2025-01-12 16:12:41,2025-01-12 16:21:56,N,1.0,166,74,1.0,1.55,10.0,0.0,0.5,0.0,0.0,,1.0,11.5,2.0,1.0,0.0,0.0,7,2025-11-01 08:33:22.284665
2,2025-01-12 16:40:38,2025-01-12 16:52:49,N,1.0,75,24,1.0,2.14,13.5,0.0,0.5,3.0,0.0,,1.0,18.0,1.0,1.0,0.0,0.0,7,2025-11-01 08:33:22.284665
2,2025-01-12 16:17:46,2025-01-12 16:24:06,N,1.0,75,238,2.0,1.04,8.6,0.0,0.5,1.28,0.0,,1.0,14.13,1.0,1.0,2.75,0.0,7,2025-11-01 08:33:22.284665
2,2025-01-12 16:57:29,2025-01-12 17:01:35,N,1.0,75,74,2.0,1.34,7.2,0.0,0.5,1.0,0.0,,1.0,9.7,1.0,1.0,0.0,0.0,7,2025-11-01 08:33:22.284665
2,2025-01-12 16:03:45,2025-01-12 16:12:09,N,1.0,65,66,2.0,1.1,9.3,0.0,0.5,0.0,0.0,,1.0,10.8,2.0,1.0,0.0,0.0,7,2025-11-01 08:33:22.284665
2,2025-01-12 16:29:07,2025-01-12 16:34:10,N,1.0,74,41,1.0,0.9,7.2,0.0,0.5,0.0,0.0,,1.0,8.7,2.0,1.0,0.0,0.0,7,2025-11-01 08:33:22.284665
2,2025-01-12 16:55:46,2025-01-12 17:04:25,N,1.0,42,74,1.0,1.31,10.7,0.0,0.5,0.0,0.0,,1.0,12.2,2.0,1.0,0.0,0.0,7,2025-11-01 08:33:22.284665
1,2025-01-12 16:19:42,2025-01-12 16:24:46,N,1.0,41,152,1.0,0.7,6.5,0.0,1.5,0.0,0.0,,1.0,8.0,2.0,1.0,0.0,0.0,7,2025-11-01 08:33:22.284665
1,2025-01-12 16:45:00,2025-01-12 16:53:50,N,1.0,74,42,1.0,1.5,10.7,0.0,1.5,0.0,0.0,,1.0,12.2,2.0,1.0,0.0,0.0,7,2025-11-01 08:33:22.284665
2,2025-01-12 16:18:01,2025-01-12 16:23:20,N,1.0,7,193,1.0,0.92,7.2,0.0,0.5,1.74,0.0,,1.0,10.44,1.0,1.0,0.0,0.0,7,2025-11-01 08:33:22.284665
2,2025-01-12 16:32:05,2025-01-12 16:41:58,N,1.0,130,205,1.0,2.35,13.5,0.0,0.5,0.0,0.0,,1.0,15.0,1.0,1.0,0.0,0.0,7,2025-11-01 08:33:22.284665
2,2025-01-12 16:33:50,2025-01-12 16:51:29,N,1.0,74,238,1.0,3.15,19.1,0.0,0.5,4.67,0.0,,1.0,28.02,1.0,1.0,2.75,0.0,7,2025-11-01 08:33:22.284665
1,2025-01-12 16:08:44,2025-01-12 16:09:01,N,1.0,7,7,1.0,0.3,3.0,0.0,1.5,1.1,0.0,,1.0,5.6,1.0,1.0,0.0,0.0,7,2025-11-01 08:33:22.284665
2,2025-01-12 16:55:49,2025-01-12 17:09:57,N,1.0,66,257,2.0,4.48,21.2,0.0,0.5,4.54,0.0,,1.0,27.24,1.0,1.0,0.0,0.0,7,2025-11-01 08:33:22.284665
2,2025-01-12 16:33:57,2025-01-12 16:48:09,N,1.0,74,262,1.0,2.78,17.7,0.0,0.5,4.39,0.0,,1.0,26.34,1.0,1.0,2.75,0.0,7,2025-11-01 08:33:22.284665
2,2025-01-12 16:34:46,2025-01-12 16:42:08,N,1.0,74,263,1.0,2.01,10.7,0.0,0.5,2.99,0.0,,1.0,17.94,1.0,1.0,2.75,0.0,7,2025-11-01 08:33:22.284665
2,2025-01-12 16:39:07,2025-01-12 16:47:02,N,1.0,74,236,1.0,2.03,11.4,0.0,0.5,3.91,0.0,,1.0,19.56,1.0,1.0,2.75,0.0,7,2025-11-01 08:33:22.284665
2,2025-01-12 16:29:18,2025-01-12 16:43:00,N,1.0,95,196,1.0,1.47,13.5,0.0,0.5,3.0,0.0,,1.0,18.0,1.0,1.0,0.0,0.0,7,2025-11-01 08:33:22.284665
2,2025-01-12 16:05:17,2025-01-12 16:29:34,N,1.0,97,14,1.0,6.46,32.4,0.0,0.5,8.48,0.0,,1.0,42.38,1.0,1.0,0.0,0.0,7,2025-11-01 08:33:22.284665
2,2025-01-12 16:29:22,2025-01-12 16:37:25,N,1.0,74,236,1.0,1.93,11.4,0.0,0.5,3.13,0.0,,1.0,18.78,1.0,1.0,2.75,0.0,7,2025-11-01 08:33:22.284665
2,2025-01-12 16:52:08,2025-01-12 17:05:07,N,1.0,74,141,1.0,3.16,17.0,0.0,0.5,4.25,0.0,,1.0,25.5,1.0,1.0,2.75,0.0,7,2025-11-01 08:33:22.284665
2,2025-01-12 16:33:38,2025-01-12 16:40:14,N,1.0,74,236,1.0,1.5,9.3,0.0,0.5,2.16,0.0,,1.0,12.96,1.0,1.0,0.0,0.0,7,2025-11-01 08:33:22.284665
2,2025-01-12 16:51:04,2025-01-12 17:03:10,N,1.0,97,17,1.0,1.93,12.8,0.0,0.5,3.58,0.0,,1.0,17.88,1.0,1.0,0.0,0.0,7,2025-11-01 08:33:22.284665
2,2025-01-12 16:24:53,2025-01-12 16:46:42,N,1.0,97,189,1.0,2.98,20.5,0.0,0.5,4.4,0.0,,1.0,26.4,1.0,1.0,0.0,0.0,7,2025-11-01 08:33:22.284665
1,2025-01-12 16:45:24,2025-01-12 17:01:39,N,1.0,82,93,2.0,3.4,17.7,2.5,1.5,0.0,0.0,,1.0,21.7,2.0,1.0,0.0,0.0,7,2025-11-01 08:33:22.284665
2,2025-01-12 16:04:14,2025-01-12 16:23:25,N,1.0,82,160,2.0,3.45,20.5,0.0,0.5,10.0,0.0,,1.0,32.0,1.0,1.0,0.0,0.0,7,2025-11-01 08:33:22.284665
2,2025-01-12 15:56:32,2025-01-12 16:03:57,N,1.0,74,42,1.0,1.27,9.3,0.0,0.5,2.16,0.0,,1.0,12.96,1.0,1.0,0.0,0.0,7,2025-11-01 08:33:22.284665
2,2025-01-12 16:33:16,2025-01-12 16:43:03,N,1.0,74,237,1.0,2.55,13.5,0.0,0.5,1.0,0.0,,1.0,18.75,1.0,1.0,2.75,0.0,7,2025-11-01 08:33:22.284665
2,2025-01-12 16:16:52,2025-01-12 16:28:08,N,1.0,97,65,2.0,1.16,11.4,0.0,0.5,2.58,0.0,,1.0,15.48,1.0,1.0,0.0,0.0,7,2025-11-01 08:33:22.284665
1,2025-01-12 16:08:00,2025-01-12 16:18:52,N,1.0,65,17,0.0,1.9,12.1,0.0,1.5,0.0,0.0,,1.0,13.6,2.0,1.0,0.0,0.0,7,2025-11-01 08:33:22.284665
2,2025-01-12 16:27:20,2025-01-12 16:32:17,N,1.0,42,42,2.0,0.75,7.2,0.0,0.5,0.0,0.0,,1.0,8.7,2.0,1.0,0.0,0.0,7,2025-11-01 08:33:22.284665
2,2025-01-12 16:56:43,2025-01-12 17:09:16,N,1.0,74,239,1.0,3.12,16.3,0.0,0.5,4.11,0.0,,1.0,24.66,1.0,1.0,2.75,0.0,7,2025-11-01 08:33:22.284665
2,2025-01-12 16:02:27,2025-01-12 16:23:34,N,1.0,43,246,1.0,5.43,27.5,0.0,0.5,4.88,0.0,,1.0,37.38,1.0,1.0,2.75,0.75,7,2025-11-01 08:33:22.284665
2,2025-01-12 16:56:58,2025-01-12 17:03:08,N,1.0,74,236,1.0,1.51,9.3,0.0,0.5,2.16,0.0,,1.0,12.96,1.0,1.0,0.0,0.0,7,2025-11-01 08:33:22.284665
2,2025-01-12 16:40:26,2025-01-12 16:44:11,N,1.0,74,41,1.0,0.67,5.8,0.0,0.5,1.46,0.0,,1.0,8.76,1.0,1.0,0.0,0.0,7,2025-11-01 08:33:22.284665
2,2025-01-12 17:02:10,2025-01-12 17:08:19,N,1.0,74,236,1.0,1.97,10.0,0.0,0.5,0.0,0.0,,1.0,14.25,2.0,1.0,2.75,0.0,7,2025-11-01 08:33:22.284665
2,2025-01-12 16:08:34,2025-01-12 16:09:03,N,1.0,82,82,1.0,0.03,3.0,0.0,0.5,0.0,0.0,,1.0,4.5,2.0,1.0,0.0,0.0,7,2025-11-01 08:33:22.284665
2,2025-01-12 16:57:15,2025-01-12 17:13:04,N,1.0,97,61,1.0,2.37,16.3,0.0,0.5,3.56,0.0,,1.0,21.36,1.0,1.0,0.0,0.0,7,2025-11-01 08:33:22.284665
2,2025-01-12 16:28:10,2025-01-12 16:38:51,N,1.0,74,262,1.0,2.35,13.5,0.0,0.5,3.55,0.0,,1.0,21.3,1.0,1.0,2.75,0.0,7,2025-11-01 08:33:22.284665
1,2025-01-12 16:33:58,2025-01-12 16:43:30,N,1.0,190,17,2.0,1.8,10.7,0.0,1.5,5.0,0.0,,1.0,17.2,1.0,1.0,0.0,0.0,7,2025-11-01 08:33:22.284665
2,2025-01-12 16:19:52,2025-01-12 16:19:55,N,5.0,83,264,2.0,0.0,14.0,0.0,0.0,0.0,0.0,,1.0,15.0,1.0,2.0,0.0,0.0,7,2025-11-01 08:33:22.284665
2,2025-01-12 16:25:25,2025-01-12 16:35:45,N,1.0,75,239,1.0,2.18,12.8,0.0,0.5,2.0,0.0,,1.0,19.05,1.0,1.0,2.75,0.0,7,2025-11-01 08:33:22.284665
2,2025-01-12 16:34:16,2025-01-12 16:48:50,N,1.0,74,236,1.0,2.7,16.3,0.0,0.5,0.0,0.0,,1.0,20.55,2.0,1.0,2.75,0.0,7,2025-11-01 08:33:22.284665
2,2025-01-12 16:58:24,2025-01-12 17:08:05,N,1.0,74,41,1.0,1.24,10.7,0.0,0.5,2.44,0.0,,1.0,14.64,1.0,1.0,0.0,0.0,7,2025-11-01 08:33:22.284665
2,2025-01-12 16:33:06,2025-01-12 16:55:33,N,1.0,74,142,1.0,3.82,23.3,0.0,0.5,4.13,0.0,,1.0,31.68,1.0,1.0,2.75,0.0,7,2025-11-01 08:33:22.284665
2,2025-01-12 16:36:42,2025-01-12 16:54:38,N,1.0,74,244,1.0,4.21,21.9,0.0,0.5,3.6,0.0,,1.0,27.0,1.0,1.0,0.0,0.0,7,2025-11-01 08:33:22.284665
1,2025-01-12 16:25:10,2025-01-12 16:29:30,N,1.0,116,152,1.0,0.8,6.5,1.0,1.5,0.0,0.0,,1.0,9.0,2.0,1.0,0.0,0.0,7,2025-11-01 08:33:22.284665
1,2025-01-12 16:37:39,2025-01-12 16:41:22,N,1.0,166,166,1.0,0.8,6.5,1.0,1.5,0.0,0.0,,1.0,9.0,2.0,1.0,0.0,0.0,7,2025-11-01 08:33:22.284665
1,2025-01-12 16:47:33,2025-01-12 16:59:59,N,1.0,166,116,1.0,1.9,13.5,1.0,1.5,3.0,0.0,,1.0,19.0,1.0,1.0,0.0,0.0,7,2025-11-01 08:33:22.284665
2,2025-01-12 16:26:55,2025-01-12 16:43:37,N,1.0,74,262,1.0,2.9,17.7,0.0,0.5,3.0,0.0,,1.0,24.95,1.0,1.0,2.75,0.0,7,2025-11-01 08:33:22.284665
1,2025-01-12 16:54:38,2025-01-12 17:07:56,N,1.0,75,264,2.0,0.0,12.1,2.75,1.5,3.25,0.0,,1.0,19.6,1.0,1.0,2.75,0.0,7,2025-11-01 08:33:22.284665
2,2025-01-12 16:04:51,2025-01-13 12:16:42,N,1.0,95,56,1.0,3.21,16.3,0.0,0.5,0.0,0.0,,1.0,17.8,2.0,1.0,0.0,0.0,7,2025-11-01 08:33:22.284665
2,2025-01-12 16:00:37,2025-01-12 16:41:42,N,1.0,129,134,1.0,5.44,37.3,0.0,0.5,7.76,0.0,,1.0,46.56,1.0,1.0,0.0,0.0,7,2025-11-01 08:33:22.284665
1,2025-01-12 16:36:40,2025-01-12 16:44:09,N,1.0,65,97,2.0,1.1,7.9,0.0,1.5,1.88,0.0,,1.0,11.28,1.0,1.0,0.0,0.0,7,2025-11-01 08:33:22.284665
2,2025-01-12 16:59:31,2025-01-12 17:07:15,N,1.0,74,75,1.0,1.52,10.0,0.0,0.5,0.0,0.0,,1.0,11.5,2.0,1.0,0.0,0.0,7,2025-11-01 08:33:22.284665
2,2025-01-12 16:30:26,2025-01-12 16:39:40,N,1.0,41,75,1.0,1.41,10.7,0.0,0.5,2.44,0.0,,1.0,14.64,1.0,1.0,0.0,0.0,7,2025-11-01 08:33:22.284665
2,2025-01-12 16:01:01,2025-01-12 16:07:20,N,1.0,75,238,1.0,1.33,8.6,0.0,0.5,2.57,0.0,,1.0,15.42,1.0,1.0,2.75,0.0,7,2025-11-01 08:33:22.284665
2,2025-01-12 16:13:08,2025-01-12 16:19:06,N,1.0,166,151,1.0,0.73,7.9,0.0,0.5,2.35,0.0,,1.0,11.75,1.0,1.0,0.0,0.0,7,2025-11-01 08:33:22.284665
2,2025-01-12 16:42:12,2025-01-12 16:44:37,N,1.0,75,236,1.0,0.69,5.1,0.0,0.5,2.0,0.0,,1.0,11.35,1.0,1.0,2.75,0.0,7,2025-11-01 08:33:22.284665
2,2025-01-12 16:30:45,2025-01-12 16:37:27,N,1.0,41,42,1.0,0.99,7.9,0.0,0.5,0.0,0.0,,1.0,9.4,2.0,1.0,0.0,0.0,7,2025-11-01 08:33:22.284665
2,2025-01-12 16:03:09,2025-01-12 16:09:47,N,1.0,41,116,1.0,1.08,8.6,0.0,0.5,2.02,0.0,,1.0,12.12,1.0,1.0,0.0,0.0,7,2025-11-01 08:33:22.284665
2,2025-01-12 16:34:06,2025-01-12 16:53:06,N,1.0,74,238,1.0,2.99,19.8,0.0,0.5,4.81,0.0,,1.0,28.86,1.0,1.0,2.75,0.0,7,2025-11-01 08:33:22.284665
2,2025-01-12 15:11:26,2025-01-12 15:32:12,N,1.0,75,4,1.0,6.09,28.2,0.0,0.5,6.64,0.0,,1.0,39.84,1.0,1.0,2.75,0.75,7,2025-11-01 08:33:22.284665
2,2025-01-12 17:21:56,2025-01-12 17:34:21,N,1.0,130,131,1.0,1.78,13.5,0.0,0.5,2.0,0.0,,1.0,17.0,1.0,1.0,0.0,0.0,7,2025-11-01 08:33:22.284665
2,2025-01-12 16:56:41,2025-01-12 17:03:07,N,1.0,166,41,1.0,1.01,8.6,0.0,0.5,0.0,0.0,,1.0,10.1,2.0,1.0,0.0,0.0,7,2025-11-01 08:33:22.284665
2,2025-01-12 17:14:08,2025-01-12 17:19:46,N,1.0,97,181,2.0,0.77,7.2,0.0,0.5,0.0,0.0,,1.0,8.7,2.0,1.0,0.0,0.0,7,2025-11-01 08:33:22.284665
2,2025-01-12 17:59:28,2025-01-12 18:10:18,N,1.0,65,181,2.0,2.02,12.8,0.0,0.5,2.86,0.0,,1.0,17.16,1.0,1.0,0.0,0.0,7,2025-11-01 08:33:22.284665
2,2025-01-12 17:29:41,2025-01-12 17:44:47,N,1.0,74,141,1.0,3.01,17.0,0.0,0.5,0.0,0.0,,1.0,21.25,1.0,1.0,2.75,0.0,7,2025-11-01 08:33:22.284665
2,2025-01-12 17:58:14,2025-01-12 17:58:19,N,5.0,82,82,1.0,0.11,17.0,0.0,0.0,0.01,0.0,,1.0,18.01,1.0,2.0,0.0,0.0,7,2025-11-01 08:33:22.284665
1,2025-01-12 17:02:02,2025-01-12 17:14:33,N,1.0,97,17,2.0,2.0,12.8,0.0,1.5,2.85,0.0,,1.0,17.15,1.0,1.0,0.0,0.0,7,2025-11-01 08:33:22.284665
1,2025-01-12 17:58:13,2025-01-12 18:11:21,N,1.0,97,181,1.0,2.1,14.2,0.0,1.5,3.1,0.0,,1.0,18.8,1.0,1.0,0.0,0.0,7,2025-11-01 08:33:22.284665
2,2025-01-12 17:38:23,2025-01-12 17:51:36,N,1.0,75,42,1.0,2.98,16.3,0.0,0.5,0.0,0.0,,1.0,17.8,2.0,1.0,0.0,0.0,7,2025-11-01 08:33:22.284665
2,2025-01-12 17:27:44,2025-01-12 17:37:16,N,1.0,74,236,1.0,1.98,12.1,0.0,0.5,3.27,0.0,,1.0,19.62,1.0,1.0,2.75,0.0,7,2025-11-01 08:33:22.284665
2,2025-01-12 16:59:09,2025-01-12 17:17:26,N,1.0,74,244,2.0,2.67,19.1,0.0,0.5,4.12,0.0,,1.0,24.72,1.0,1.0,0.0,0.0,7,2025-11-01 08:33:22.284665
2,2025-01-12 17:57:27,2025-01-12 18:05:08,N,1.0,74,75,2.0,1.54,10.0,0.0,0.5,2.3,0.0,,1.0,13.8,1.0,1.0,0.0,0.0,7,2025-11-01 08:33:22.284665
2,2025-01-12 17:26:51,2025-01-12 17:34:10,N,1.0,74,236,1.0,1.69,10.0,0.0,0.5,2.85,0.0,,1.0,17.1,1.0,1.0,2.75,0.0,7,2025-11-01 08:33:22.284665
2,2025-01-12 17:46:11,2025-01-12 17:56:21,N,1.0,97,33,2.0,1.23,10.7,0.0,0.5,2.44,0.0,,1.0,14.64,1.0,1.0,0.0,0.0,7,2025-11-01 08:33:22.284665
1,2025-01-12 17:51:05,2025-01-12 18:12:36,N,1.0,65,89,1.0,3.5,21.9,0.0,1.5,4.65,0.0,,1.0,28.05,1.0,1.0,0.0,0.0,7,2025-11-01 08:33:22.284665
2,2025-01-12 17:52:12,2025-01-12 17:55:25,N,1.0,75,236,1.0,0.99,6.5,0.0,0.5,0.0,0.0,,1.0,10.75,2.0,1.0,2.75,0.0,7,2025-11-01 08:33:22.284665
2,2025-01-12 17:39:07,2025-01-12 17:49:43,N,1.0,74,151,1.0,2.42,13.5,0.0,0.5,3.0,0.0,,1.0,18.0,1.0,1.0,0.0,0.0,7,2025-11-01 08:33:22.284665
2,2025-01-12 17:56:36,2025-01-12 18:01:18,N,1.0,236,236,1.0,1.02,7.2,0.0,0.5,2.29,0.0,,1.0,13.74,1.0,1.0,2.75,0.0,7,2025-11-01 08:33:22.284665
2,2025-01-12 17:27:58,2025-01-12 17:49:23,N,5.0,95,122,1.0,6.28,35.0,0.0,0.0,0.0,0.0,,1.0,36.0,2.0,1.0,0.0,0.0,7,2025-11-01 08:33:22.284665
2,2025-01-12 17:15:26,2025-01-12 17:15:35,N,5.0,260,260,1.0,0.14,15.0,0.0,0.0,0.0,0.0,,1.0,16.0,1.0,2.0,0.0,0.0,7,2025-11-01 08:33:22.284665
2,2025-01-12 17:02:18,2025-01-12 17:06:49,N,1.0,41,152,1.0,1.08,7.2,0.0,0.5,0.0,0.0,,1.0,8.7,2.0,1.0,0.0,0.0,7,2025-11-01 08:33:22.284665
2,2025-01-12 17:54:59,2025-01-12 18:26:22,N,1.0,82,143,1.0,8.83,40.8,0.0,0.5,6.76,0.0,,1.0,51.81,1.0,1.0,2.75,0.0,7,2025-11-01 08:33:22.284665
2,2025-01-12 17:04:36,2025-01-12 17:16:55,N,1.0,74,24,2.0,1.8,13.5,0.0,0.5,3.0,0.0,,1.0,18.0,1.0,1.0,0.0,0.0,7,2025-11-01 08:33:22.284665
2,2025-01-12 17:43:56,2025-01-12 17:52:35,N,1.0,166,238,2.0,1.56,10.7,0.0,0.5,2.99,0.0,,1.0,17.94,1.0,1.0,2.75,0.0,7,2025-11-01 08:33:22.284665
2,2025-01-12 17:10:40,2025-01-12 17:18:33,N,1.0,65,40,2.0,1.13,8.6,0.0,0.5,0.0,0.0,,1.0,10.1,2.0,1.0,0.0,0.0,7,2025-11-01 08:33:22.284665
1,2025-01-12 17:55:46,2025-01-12 17:57:47,N,1.0,41,41,1.0,0.4,4.4,0.0,1.5,0.0,0.0,,1.0,5.9,2.0,1.0,0.0,0.0,7,2025-11-01 08:33:22.284665
1,2025-01-12 17:59:15,2025-01-12 18:04:20,N,1.0,41,74,1.0,0.9,7.2,0.0,1.5,0.0,0.0,,1.0,8.7,2.0,1.0,0.0,0.0,7,2025-11-01 08:33:22.284665
2,2025-01-12 17:44:03,2025-01-12 17:48:09,N,1.0,74,263,1.0,1.12,7.2,0.0,0.5,4.58,0.0,,1.0,16.03,1.0,1.0,2.75,0.0,7,2025-11-01 08:33:22.284665
2,2025-01-12 17:59:01,2025-01-12 18:02:46,N,1.0,75,236,1.0,0.56,5.8,0.0,0.5,2.51,0.0,,1.0,12.56,1.0,1.0,2.75,0.0,7,2025-11-01 08:33:22.284665
2,2025-01-12 17:53:49,2025-01-12 17:58:21,N,1.0,74,43,1.0,1.09,7.2,0.0,0.5,2.61,0.0,,1.0,11.31,1.0,1.0,0.0,0.0,7,2025-11-01 08:33:22.284665
2,2025-01-12 17:26:29,2025-01-12 17:36:00,N,1.0,223,7,5.0,1.11,9.3,0.0,0.5,0.0,0.0,,1.0,10.8,1.0,1.0,0.0,0.0,7,2025-11-01 08:33:22.284665
2,2025-01-12 17:04:17,2025-01-12 17:13:58,N,1.0,74,151,1.0,2.21,12.8,0.0,0.5,4.29,0.0,,1.0,18.59,1.0,1.0,0.0,0.0,7,2025-11-01 08:33:22.284665
2,2025-01-12 17:28:14,2025-01-12 17:34:19,N,1.0,74,75,1.0,1.31,8.6,0.0,0.5,0.0,0.0,,1.0,10.1,1.0,1.0,0.0,0.0,7,2025-11-01 08:33:22.284665
2,2025-01-12 17:24:10,2025-01-12 17:32:49,N,1.0,74,43,1.0,2.27,12.1,0.0,0.5,5.0,0.0,,1.0,21.35,1.0,1.0,2.75,0.0,7,2025-11-01 08:33:22.284665
2,2025-01-12 17:08:28,2025-01-12 17:25:52,N,1.0,166,74,1.0,2.45,17.0,0.0,0.5,3.0,0.0,,1.0,21.5,1.0,1.0,0.0,0.0,7,2025-11-01 08:33:22.284665
2,2025-01-12 17:25:52,2025-01-12 17:38:27,N,1.0,74,141,6.0,2.92,15.6,0.0,0.5,2.98,0.0,,1.0,22.83,1.0,1.0,2.75,0.0,7,2025-11-01 08:33:22.284665
2,2025-01-12 17:41:40,2025-01-12 18:08:29,N,1.0,97,85,1.0,4.29,26.1,0.0,0.5,5.52,0.0,,1.0,33.12,1.0,1.0,0.0,0.0,7,2025-11-01 08:33:22.284665
2,2025-01-12 17:20:28,2025-01-12 17:29:39,N,1.0,97,49,1.0,1.17,10.0,0.0,0.5,3.45,0.0,,1.0,14.95,1.0,1.0,0.0,0.0,7,2025-11-01 08:33:22.284665
2,2025-01-12 17:26:01,2025-01-12 17:40:06,N,1.0,74,151,1.0,2.08,14.9,0.0,0.5,3.28,0.0,,1.0,19.68,1.0,1.0,0.0,0.0,7,2025-11-01 08:33:22.284665
2,2025-01-12 17:59:12,2025-01-12 18:11:22,N,1.0,74,24,1.0,1.99,13.5,0.0,0.5,0.0,0.0,,1.0,15.0,1.0,1.0,0.0,0.0,7,2025-11-01 08:33:22.284665
2,2025-01-12 17:46:54,2025-01-12 17:52:21,N,1.0,97,25,1.0,0.78,7.2,0.0,0.5,2.61,0.0,,1.0,11.31,1.0,1.0,0.0,0.0,7,2025-11-01 08:33:22.284665
2,2025-01-12 18:00:09,2025-01-12 18:16:15,N,1.0,97,33,1.0,1.65,14.9,0.0,0.5,3.28,0.0,,1.0,19.68,1.0,1.0,0.0,0.0,7,2025-11-01 08:33:22.284665
2,2025-01-12 17:36:29,2025-01-12 18:00:29,N,1.0,97,107,1.0,6.17,30.3,0.0,0.5,8.82,0.0,,1.0,44.12,1.0,1.0,2.75,0.75,7,2025-11-01 08:33:22.284665
2,2025-01-12 17:41:02,2025-01-12 17:51:42,N,1.0,130,121,1.0,1.84,12.1,0.0,0.5,2.72,0.0,,1.0,16.32,1.0,1.0,0.0,0.0,7,2025-11-01 08:33:22.284665
2,2025-01-12 17:48:31,2025-01-12 17:57:36,N,1.0,97,97,1.0,0.87,10.0,0.0,0.5,2.3,0.0,,1.0,13.8,1.0,1.0,0.0,0.0,7,2025-11-01 08:33:22.284665
2,2025-01-12 17:24:24,2025-01-12 17:29:48,N,1.0,74,75,1.0,1.07,7.9,0.0,0.5,1.88,0.0,,1.0,11.28,1.0,1.0,0.0,0.0,7,2025-11-01 08:33:22.284665
2,2025-01-12 17:13:40,2025-01-12 17:31:12,N,1.0,97,17,2.0,2.14,16.3,0.0,0.5,8.0,0.0,,1.0,25.8,1.0,1.0,0.0,0.0,7,2025-11-01 08:33:22.284665
2,2025-01-12 17:29:33,2025-01-12 17:33:56,N,1.0,33,52,1.0,0.51,5.8,0.0,0.5,1.46,0.0,,1.0,8.76,1.0,1.0,0.0,0.0,7,2025-11-01 08:33:22.284665
2,2025-01-12 17:49:57,2025-01-12 17:58:50,N,1.0,65,195,1.0,1.86,10.7,0.0,0.5,3.05,0.0,,1.0,15.25,1.0,1.0,0.0,0.0,7,2025-11-01 08:33:22.284665
1,2025-01-12 17:25:05,2025-01-12 17:50:02,N,1.0,65,61,0.0,3.8,24.0,0.0,1.5,5.1,0.0,,1.0,30.6,1.0,1.0,0.0,0.0,7,2025-11-01 08:33:22.284665
2,2025-01-12 17:25:25,2025-01-12 17:34:49,N,1.0,74,236,2.0,1.98,11.4,0.0,0.5,3.13,0.0,,1.0,18.78,1.0,1.0,2.75,0.0,7,2025-11-01 08:33:22.284665
2,2025-01-12 17:30:20,2025-01-12 17:52:22,N,1.0,66,224,1.0,13.35,52.7,0.0,0.5,0.0,0.0,,1.0,57.7,1.0,1.0,2.75,0.75,7,2025-11-01 08:33:22.284665
2,2025-01-12 17:25:16,2025-01-12 17:36:14,N,1.0,74,263,1.0,2.55,14.2,0.0,0.5,3.69,0.0,,1.0,22.14,1.0,1.0,2.75,0.0,7,2025-11-01 08:33:22.284665
2,2025-01-12 17:26:52,2025-01-12 17:35:39,N,1.0,74,236,1.0,2.07,11.4,0.0,0.5,3.13,0.0,,1.0,18.78,1.0,1.0,2.75,0.0,7,2025-11-01 08:33:22.284665
2,2025-01-12 17:54:58,2025-01-12 18:18:27,N,1.0,97,133,1.0,4.66,26.8,0.0,0.5,5.66,0.0,,1.0,33.96,1.0,1.0,0.0,0.0,7,2025-11-01 08:33:22.284665
2,2025-01-12 17:51:42,2025-01-12 17:59:24,N,1.0,41,42,1.0,1.08,9.3,0.0,0.5,2.7,0.0,,1.0,13.5,1.0,1.0,0.0,0.0,7,2025-11-01 08:33:22.284665
2,2025-01-12 17:00:53,2025-01-12 17:13:37,N,1.0,74,239,1.0,3.26,16.3,0.0,0.5,0.0,0.0,,1.0,20.55,2.0,1.0,2.75,0.0,7,2025-11-01 08:33:22.284665
1,2025-01-12 17:39:53,2025-01-12 18:03:50,N,1.0,152,75,1.0,0.0,19.5,0.0,1.5,0.0,0.0,,1.0,21.0,1.0,1.0,0.0,0.0,7,2025-11-01 08:33:22.284665
2,2025-01-12 17:24:49,2025-01-12 17:32:58,N,1.0,74,263,1.0,1.9,10.7,0.0,0.5,2.0,0.0,,1.0,16.95,1.0,1.0,2.75,0.0,7,2025-11-01 08:33:22.284665
2,2025-01-12 17:29:56,2025-01-12 17:38:20,N,1.0,74,75,1.0,1.59,10.7,0.0,0.5,0.0,0.0,,1.0,12.2,2.0,1.0,0.0,0.0,7,2025-11-01 08:33:22.284665
2,2025-01-12 17:09:47,2025-01-12 17:15:09,N,1.0,75,151,1.0,1.34,7.9,0.0,0.5,0.0,0.0,,1.0,9.4,2.0,1.0,0.0,0.0,7,2025-11-01 08:33:22.284665
2,2025-01-12 17:26:55,2025-01-12 17:52:34,N,1.0,75,100,2.0,4.22,25.4,0.0,0.5,0.0,0.0,,1.0,30.4,2.0,1.0,2.75,0.75,7,2025-11-01 08:33:22.284665
2,2025-01-12 17:22:55,2025-01-12 17:32:06,N,1.0,74,263,1.0,2.23,12.1,0.0,0.5,3.27,0.0,,1.0,19.62,1.0,1.0,2.75,0.0,7,2025-11-01 08:33:22.284665
2,2025-01-12 17:56:19,2025-01-12 18:17:03,N,1.0,74,243,1.0,6.0,28.2,0.0,0.5,5.94,0.0,,1.0,35.64,1.0,1.0,0.0,0.0,7,2025-11-01 08:33:22.284665
2,2025-01-12 17:27:07,2025-01-12 17:35:03,N,1.0,74,236,1.0,1.91,10.7,0.0,0.5,2.99,0.0,,1.0,17.94,1.0,1.0,2.75,0.0,7,2025-11-01 08:33:22.284665
2,2025-01-12 17:58:38,2025-01-12 18:07:53,N,1.0,130,134,1.0,1.66,10.7,0.0,0.5,0.0,0.0,,1.0,12.2,2.0,1.0,0.0,0.0,7,2025-11-01 08:33:22.284665
1,2025-01-12 17:39:53,2025-01-12 18:09:19,N,1.0,75,65,1.0,9.7,41.5,3.75,1.5,11.65,0.0,,1.0,58.4,1.0,1.0,2.75,0.0,7,2025-11-01 08:33:22.284665
2,2025-01-12 17:26:25,2025-01-12 17:39:19,N,1.0,74,243,1.0,3.89,19.1,0.0,0.5,0.0,0.0,,1.0,20.6,1.0,1.0,0.0,0.0,7,2025-11-01 08:33:22.284665
2,2025-01-12 16:55:22,2025-01-12 17:07:09,N,1.0,74,239,1.0,3.15,15.6,0.0,0.5,3.97,0.0,,1.0,23.82,1.0,1.0,2.75,0.0,7,2025-11-01 08:33:22.284665
2,2025-01-12 17:27:18,2025-01-12 17:39:49,N,1.0,74,262,1.0,2.89,14.9,0.0,0.5,3.83,0.0,,1.0,22.98,1.0,1.0,2.75,0.0,7,2025-11-01 08:33:22.284665
1,2025-01-12 17:30:14,2025-01-12 17:40:34,N,1.0,65,65,1.0,1.1,9.3,0.0,1.5,2.7,0.0,,1.0,13.5,1.0,1.0,0.0,0.0,7,2025-11-01 08:33:22.284665
1,2025-01-12 17:48:53,2025-01-12 18:03:14,N,1.0,66,261,3.0,2.3,14.2,3.5,1.5,1.0,0.0,,1.0,20.2,1.0,1.0,2.75,0.75,7,2025-11-01 08:33:22.284665
2,2025-01-12 16:31:09,2025-01-12 16:31:26,N,1.0,75,74,1.0,0.14,3.0,0.0,0.5,0.0,0.0,,1.0,4.5,2.0,1.0,0.0,0.0,7,2025-11-01 08:33:22.284665
2,2025-01-12 16:40:44,2025-01-12 16:54:52,N,1.0,75,233,1.0,4.63,21.9,0.0,0.5,2.15,0.0,,1.0,29.05,1.0,1.0,2.75,0.75,7,2025-11-01 08:33:22.284665
2,2025-01-12 18:30:59,2025-01-12 18:40:15,N,1.0,97,49,1.0,1.22,10.0,0.0,0.5,2.3,0.0,,1.0,13.8,1.0,1.0,0.0,0.0,7,2025-11-01 08:33:22.284665
2,2025-01-12 18:35:18,2025-01-12 18:50:07,N,1.0,74,238,1.0,2.65,16.3,0.0,0.5,3.42,0.0,,0.3,20.52,1.0,1.0,0.0,0.0,7,2025-11-01 08:33:22.284665
2,2025-01-12 18:48:20,2025-01-12 19:01:35,N,1.0,74,239,1.0,3.58,17.0,0.0,0.5,6.38,0.0,,1.0,27.63,1.0,1.0,2.75,0.0,7,2025-11-01 08:33:22.284665
2,2025-01-12 18:03:35,2025-01-12 18:13:25,N,1.0,260,226,2.0,1.45,10.7,0.0,0.5,2.0,0.0,,1.0,14.2,1.0,1.0,0.0,0.0,7,2025-11-01 08:33:22.284665
2,2025-01-12 18:32:06,2025-01-12 18:40:16,N,1.0,74,41,1.0,1.46,10.0,0.0,0.5,1.72,0.0,,1.0,13.22,1.0,1.0,0.0,0.0,7,2025-11-01 08:33:22.284665
2,2025-01-12 18:25:48,2025-01-12 18:42:33,N,1.0,74,140,1.0,3.39,19.1,0.0,0.5,2.0,0.0,,1.0,25.35,1.0,1.0,2.75,0.0,7,2025-11-01 08:33:22.284665
2,2025-01-12 18:13:06,2025-01-12 18:32:46,N,1.0,41,244,1.0,3.17,19.8,0.0,0.5,0.0,0.0,,1.0,21.3,2.0,1.0,0.0,0.0,7,2025-11-01 08:33:22.284665
2,2025-01-12 18:37:37,2025-01-12 18:49:02,N,1.0,244,42,1.0,1.97,13.5,0.0,0.5,4.5,0.0,,1.0,19.5,1.0,1.0,0.0,0.0,7,2025-11-01 08:33:22.284665
2,2025-01-12 18:32:33,2025-01-12 18:43:16,N,1.0,74,166,2.0,1.37,11.4,0.0,0.5,3.22,0.0,,1.0,16.12,1.0,1.0,0.0,0.0,7,2025-11-01 08:33:22.284665
2,2025-01-12 17:25:14,2025-01-12 17:30:23,N,1.0,74,41,1.0,0.86,7.2,0.0,0.5,1.74,0.0,,1.0,10.44,1.0,1.0,0.0,0.0,7,2025-11-01 08:33:22.284665
2,2025-01-12 18:04:36,2025-01-12 18:13:36,N,1.0,97,49,2.0,1.25,10.0,0.0,0.5,2.3,0.0,,1.0,13.8,1.0,1.0,0.0,0.0,7,2025-11-01 08:33:22.284665
2,2025-01-12 19:02:15,2025-01-12 19:21:17,N,1.0,65,62,2.0,3.5,21.2,0.0,0.5,3.0,0.0,,1.0,25.7,1.0,1.0,0.0,0.0,7,2025-11-01 08:33:22.284665
2,2025-01-12 18:34:26,2025-01-12 18:45:04,N,1.0,74,263,1.0,2.22,12.1,0.0,0.5,3.27,0.0,,1.0,19.62,1.0,1.0,2.75,0.0,7,2025-11-01 08:33:22.284665
2,2025-01-12 18:16:42,2025-01-12 18:39:51,N,1.0,66,145,1.0,6.14,30.3,0.0,0.5,6.08,0.0,,1.0,37.88,1.0,1.0,0.0,0.0,7,2025-11-01 08:33:22.284665
2,2025-01-12 18:43:23,2025-01-12 18:49:40,N,1.0,134,197,1.0,1.27,9.3,0.0,0.5,0.0,0.0,,1.0,10.8,2.0,1.0,0.0,0.0,7,2025-11-01 08:33:22.284665
2,2025-01-12 18:10:24,2025-01-12 18:20:12,N,1.0,7,179,1.0,1.28,10.0,0.0,0.5,2.3,0.0,,1.0,13.8,1.0,1.0,0.0,0.0,7,2025-11-01 08:33:22.284665
2,2025-01-12 18:04:31,2025-01-12 18:09:02,N,1.0,41,41,1.0,0.33,5.1,0.0,0.5,0.0,0.0,,1.0,6.6,1.0,1.0,0.0,0.0,7,2025-11-01 08:33:22.284665
2,2025-01-12 18:20:17,2025-01-12 18:26:01,N,1.0,41,42,1.0,1.34,8.6,0.0,0.5,0.0,0.0,,1.0,10.1,2.0,1.0,0.0,0.0,7,2025-11-01 08:33:22.284665
2,2025-01-12 18:30:36,2025-01-12 18:35:53,N,1.0,42,166,1.0,0.65,7.2,0.0,0.5,0.87,0.0,,1.0,9.57,1.0,1.0,0.0,0.0,7,2025-11-01 08:33:22.284665
2,2025-01-12 18:08:59,2025-01-12 18:15:49,N,1.0,75,75,1.0,1.18,9.3,0.0,0.5,0.0,0.0,,1.0,10.8,2.0,1.0,0.0,0.0,7,2025-11-01 08:33:22.284665
2,2025-01-12 18:32:52,2025-01-12 18:44:56,N,1.0,74,24,1.0,2.02,13.5,0.0,0.5,3.0,0.0,,1.0,18.0,1.0,1.0,0.0,0.0,7,2025-11-01 08:33:22.284665
2,2025-01-12 18:16:13,2025-01-12 18:25:22,N,1.0,95,28,1.0,2.09,12.1,0.0,0.5,2.72,0.0,,1.0,16.32,1.0,1.0,0.0,0.0,7,2025-11-01 08:33:22.284665
2,2025-01-12 18:10:55,2025-01-12 18:20:05,N,1.0,166,239,2.0,1.95,12.1,0.0,0.5,3.27,0.0,,1.0,19.62,1.0,1.0,2.75,0.0,7,2025-11-01 08:33:22.284665
2,2025-01-12 18:31:10,2025-01-12 18:42:51,N,1.0,166,142,2.0,2.89,14.9,0.0,0.5,3.83,0.0,,1.0,22.98,1.0,1.0,2.75,0.0,7,2025-11-01 08:33:22.284665
2,2025-01-12 18:23:07,2025-01-12 18:46:25,N,1.0,65,188,2.0,3.07,22.6,0.0,0.5,4.82,0.0,,1.0,28.92,1.0,1.0,0.0,0.0,7,2025-11-01 08:33:22.284665
2,2025-01-12 18:12:47,2025-01-12 18:23:26,N,1.0,74,140,1.0,4.03,18.4,0.0,0.5,3.0,0.0,,1.0,25.65,1.0,1.0,2.75,0.0,7,2025-11-01 08:33:22.284665
2,2025-01-12 18:28:11,2025-01-12 18:34:29,N,1.0,116,41,1.0,1.15,8.6,0.0,0.5,0.0,0.0,,1.0,10.1,1.0,1.0,0.0,0.0,7,2025-11-01 08:33:22.284665
2,2025-01-12 18:19:26,2025-01-12 18:27:37,N,1.0,75,239,1.0,1.71,10.7,0.0,0.5,3.74,0.0,,1.0,18.69,1.0,1.0,2.75,0.0,7,2025-11-01 08:33:22.284665
2,2025-01-12 18:32:30,2025-01-12 18:40:25,N,1.0,74,75,1.0,1.44,10.0,0.0,0.5,2.0,0.0,,1.0,13.5,1.0,1.0,0.0,0.0,7,2025-11-01 08:33:22.284665
2,2025-01-12 17:58:53,2025-01-12 18:13:24,N,1.0,82,196,1.0,2.12,15.6,0.0,0.5,0.0,0.0,,1.0,17.1,2.0,1.0,0.0,0.0,7,2025-11-01 08:33:22.284665
2,2025-01-12 18:03:03,2025-01-12 18:26:35,N,1.0,66,162,2.0,7.17,33.1,0.0,0.5,7.62,0.0,,1.0,45.72,1.0,1.0,2.75,0.75,7,2025-11-01 08:33:22.284665
2,2025-01-12 18:31:53,2025-01-12 18:34:35,N,1.0,74,74,1.0,0.36,5.1,0.0,0.5,1.32,0.0,,1.0,7.92,1.0,1.0,0.0,0.0,7,2025-11-01 08:33:22.284665
2,2025-01-12 18:41:38,2025-01-12 18:53:46,N,1.0,74,42,1.0,1.97,13.5,0.0,0.5,3.0,0.0,,1.0,18.0,1.0,1.0,0.0,0.0,7,2025-11-01 08:33:22.284665
2,2025-01-12 18:46:35,2025-01-12 18:52:34,N,1.0,129,260,1.0,0.87,7.9,0.0,0.5,0.0,0.0,,1.0,9.4,2.0,1.0,0.0,0.0,7,2025-11-01 08:33:22.284665
2,2025-01-12 18:26:54,2025-01-12 18:40:02,N,1.0,74,151,1.0,2.39,14.2,0.0,0.5,3.14,0.0,,1.0,18.84,1.0,1.0,0.0,0.0,7,2025-11-01 08:33:22.284665
1,2025-01-12 18:25:19,2025-01-12 18:42:18,N,1.0,74,43,1.0,3.5,19.8,2.75,1.5,3.0,0.0,,1.0,27.05,1.0,1.0,2.75,0.0,7,2025-11-01 08:33:22.284665
2,2025-01-12 18:33:52,2025-01-12 18:43:01,N,1.0,74,74,1.0,2.38,12.8,0.0,0.5,0.0,0.0,,1.0,14.3,2.0,1.0,0.0,0.0,7,2025-11-01 08:33:22.284665
2,2025-01-12 18:51:05,2025-01-12 19:18:10,N,1.0,130,255,1.0,10.95,45.7,0.0,0.5,9.44,0.0,,1.0,56.64,1.0,1.0,0.0,0.0,7,2025-11-01 08:33:22.284665
2,2025-01-12 18:32:18,2025-01-12 18:42:17,N,1.0,74,263,1.0,2.02,12.1,0.0,0.5,3.27,0.0,,1.0,19.62,1.0,1.0,2.75,0.0,7,2025-11-01 08:33:22.284665
2,2025-01-12 18:14:48,2025-01-12 18:24:11,N,1.0,166,116,1.0,1.48,10.7,0.0,0.5,0.0,0.0,,1.0,12.2,2.0,1.0,0.0,0.0,7,2025-11-01 08:33:22.284665
2,2025-01-12 18:38:04,2025-01-12 18:52:23,N,1.0,74,238,1.0,2.83,16.3,0.0,0.5,4.0,0.0,,1.0,24.55,1.0,1.0,2.75,0.0,7,2025-11-01 08:33:22.284665
1,2025-01-12 18:03:42,2025-01-12 18:22:44,N,1.0,55,39,1.0,0.0,31.5,0.0,1.5,0.0,0.0,,1.0,33.0,1.0,1.0,0.0,0.0,7,2025-11-01 08:33:22.284665
2,2025-01-12 18:23:46,2025-01-12 18:35:20,N,1.0,66,40,1.0,1.9,12.1,0.0,0.5,0.0,0.0,,1.0,13.6,2.0,1.0,0.0,0.0,7,2025-11-01 08:33:22.284665
2,2025-01-12 18:24:55,2025-01-12 18:31:42,N,1.0,65,49,1.0,0.95,8.6,0.0,0.5,0.0,0.0,,1.0,10.1,2.0,1.0,0.0,0.0,7,2025-11-01 08:33:22.284665
2,2025-01-12 18:51:38,2025-01-12 19:02:17,N,1.0,82,138,1.0,3.74,18.4,5.0,0.5,0.0,0.0,,1.0,24.9,1.0,1.0,0.0,0.0,7,2025-11-01 08:33:22.284665
2,2025-01-12 18:28:57,2025-01-12 18:37:19,N,1.0,82,138,1.0,3.68,17.0,5.0,0.5,0.0,0.0,,1.0,23.5,2.0,1.0,0.0,0.0,7,2025-11-01 08:33:22.284665
2,2025-01-12 18:18:04,2025-01-12 18:31:26,N,1.0,97,52,1.0,1.66,13.5,0.0,0.5,4.5,0.0,,1.0,19.5,1.0,1.0,0.0,0.0,7,2025-11-01 08:33:22.284665
2,2025-01-12 18:35:21,2025-01-12 18:45:51,N,1.0,74,263,1.0,2.47,13.5,0.0,0.5,2.0,0.0,,1.0,19.75,1.0,1.0,2.75,0.0,7,2025-11-01 08:33:22.284665
2,2025-01-12 18:03:49,2025-01-12 18:12:03,N,1.0,74,75,2.0,1.28,9.3,0.0,0.5,0.0,0.0,,1.0,10.8,2.0,1.0,0.0,0.0,7,2025-11-01 08:33:22.284665
2,2025-01-12 18:33:32,2025-01-12 18:48:11,N,1.0,74,238,2.0,3.72,19.8,0.0,0.5,4.81,0.0,,1.0,28.86,1.0,1.0,2.75,0.0,7,2025-11-01 08:33:22.284665
2,2025-01-12 18:26:55,2025-01-12 18:35:48,N,1.0,74,74,1.0,1.25,10.0,0.0,0.5,1.0,0.0,,1.0,12.5,1.0,1.0,0.0,0.0,7,2025-11-01 08:33:22.284665
2,2025-01-12 18:11:58,2025-01-12 18:25:03,N,1.0,236,141,1.0,1.67,13.5,0.0,0.5,3.55,0.0,,1.0,21.3,1.0,1.0,2.75,0.0,7,2025-11-01 08:33:22.284665
2,2025-01-12 18:27:12,2025-01-12 18:37:32,N,1.0,74,262,1.0,2.42,13.5,0.0,0.5,1.78,0.0,,1.0,19.53,1.0,1.0,2.75,0.0,7,2025-11-01 08:33:22.284665
2,2025-01-12 18:26:17,2025-01-12 18:34:00,N,1.0,74,75,1.0,1.49,10.0,0.0,0.5,2.3,0.0,,1.0,13.8,1.0,1.0,0.0,0.0,7,2025-11-01 08:33:22.284665
2,2025-01-12 18:32:43,2025-01-12 18:47:19,N,1.0,74,151,1.0,2.38,15.6,0.0,0.5,0.0,0.0,,1.0,17.1,1.0,1.0,0.0,0.0,7,2025-11-01 08:33:22.284665
2,2025-01-12 18:18:04,2025-01-12 18:28:42,N,1.0,82,129,5.0,2.72,15.6,0.0,0.5,1.0,0.0,,1.0,18.1,1.0,1.0,0.0,0.0,7,2025-11-01 08:33:22.284665
2,2025-01-12 17:46:13,2025-01-12 17:49:46,N,1.0,41,75,1.0,0.98,6.5,0.0,0.5,1.6,0.0,,1.0,9.6,1.0,1.0,0.0,0.0,7,2025-11-01 08:33:22.284665
2,2025-01-12 18:04:15,2025-01-12 18:10:22,N,1.0,41,151,1.0,0.8,7.9,0.0,0.5,0.0,0.0,,1.0,9.4,2.0,1.0,0.0,0.0,7,2025-11-01 08:33:22.284665
2,2025-01-12 18:31:53,2025-01-12 18:44:02,N,1.0,82,129,6.0,1.36,12.1,0.0,0.5,0.0,0.0,,1.0,13.6,2.0,1.0,0.0,0.0,7,2025-11-01 08:33:22.284665
2,2025-01-12 18:03:23,2025-01-12 18:04:57,N,1.0,74,75,1.0,0.35,4.4,0.0,0.5,0.0,0.0,,1.0,5.9,2.0,1.0,0.0,0.0,7,2025-11-01 08:33:22.284665
2,2025-01-12 18:37:52,2025-01-12 18:43:49,N,5.0,82,129,1.0,1.26,16.0,0.0,0.0,3.4,0.0,,1.0,20.4,1.0,2.0,0.0,0.0,7,2025-11-01 08:33:22.284665
2,2025-01-12 18:25:59,2025-01-12 18:48:09,N,1.0,74,239,1.0,3.56,21.9,0.0,0.5,6.54,0.0,,1.0,32.69,1.0,1.0,2.75,0.0,7,2025-11-01 08:33:22.284665
2,2025-01-12 18:38:04,2025-01-12 18:52:36,N,1.0,130,82,1.0,5.64,24.7,0.0,0.5,0.01,0.0,,1.0,26.21,1.0,1.0,0.0,0.0,7,2025-11-01 08:33:22.284665
2,2025-01-12 18:34:15,2025-01-12 18:44:33,N,1.0,74,42,1.0,1.75,12.1,0.0,0.5,2.72,0.0,,1.0,16.32,1.0,1.0,0.0,0.0,7,2025-11-01 08:33:22.284665
2,2025-01-12 18:22:17,2025-01-12 18:30:36,N,1.0,260,7,1.0,1.28,10.0,0.0,0.5,3.45,0.0,,1.0,14.95,1.0,1.0,0.0,0.0,7,2025-11-01 08:33:22.284665
2,2025-01-12 18:55:47,2025-01-12 19:03:42,N,1.0,129,129,1.0,0.8,8.6,0.0,0.5,2.02,0.0,,1.0,12.12,1.0,1.0,0.0,0.0,7,2025-11-01 08:33:22.284665
2,2025-01-12 18:34:11,2025-01-12 18:42:57,N,1.0,74,75,1.0,1.98,11.4,0.0,0.5,3.87,0.0,,1.0,16.77,1.0,1.0,0.0,0.0,7,2025-11-01 08:33:22.284665
2,2025-01-12 18:33:42,2025-01-12 18:42:47,N,1.0,74,236,1.0,2.07,11.4,0.0,0.5,3.13,0.0,,1.0,18.78,1.0,1.0,2.75,0.0,7,2025-11-01 08:33:22.284665
2,2025-01-12 18:31:01,2025-01-12 18:37:12,N,1.0,95,95,1.0,0.52,7.2,0.0,0.5,1.74,0.0,,1.0,10.44,1.0,1.0,0.0,0.0,7,2025-11-01 08:33:22.284665
2,2025-01-12 18:23:22,2025-01-12 18:27:42,N,1.0,223,223,1.0,1.02,7.2,0.0,0.5,2.18,0.0,,1.0,10.88,1.0,1.0,0.0,0.0,7,2025-11-01 08:33:22.284665
1,2025-01-12 18:51:53,2025-01-12 18:56:52,N,1.0,97,181,1.0,0.7,6.5,0.0,1.5,1.6,0.0,,1.0,9.6,1.0,1.0,0.0,0.0,7,2025-11-01 08:33:22.284665
2,2025-01-12 18:33:49,2025-01-12 18:43:42,N,1.0,74,236,1.0,1.72,10.0,0.0,0.5,0.0,0.0,,1.0,14.25,2.0,1.0,2.75,0.0,7,2025-11-01 08:33:22.284665
2,2025-01-12 18:22:05,2025-01-12 18:38:21,N,1.0,42,238,1.0,2.89,17.7,0.0,0.5,0.0,0.0,,1.0,21.95,2.0,1.0,2.75,0.0,7,2025-11-01 08:33:22.284665
2,2025-01-12 18:24:11,2025-01-12 18:25:28,N,5.0,260,260,1.0,0.09,11.0,0.0,0.0,0.0,0.0,,1.0,12.0,1.0,2.0,0.0,0.0,7,2025-11-01 08:33:22.284665
2,2025-01-12 18:24:17,2025-01-12 18:32:37,N,1.0,95,95,1.0,1.09,10.0,0.0,0.5,2.3,0.0,,1.0,13.8,1.0,1.0,0.0,0.0,7,2025-11-01 08:33:22.284665
2,2025-01-12 18:00:39,2025-01-12 18:00:44,N,5.0,166,166,1.0,0.02,15.0,0.0,0.0,0.0,0.0,,1.0,16.0,1.0,2.0,0.0,0.0,7,2025-11-01 08:33:22.284665
2,2025-01-12 19:30:18,2025-01-12 19:45:37,N,1.0,42,239,1.0,3.23,17.7,0.0,0.5,2.0,0.0,,1.0,23.95,1.0,1.0,2.75,0.0,7,2025-11-01 08:33:22.284665
2,2025-01-12 19:06:54,2025-01-12 19:19:09,N,1.0,74,141,1.0,2.82,15.6,0.0,0.5,3.97,0.0,,1.0,23.82,1.0,1.0,2.75,0.0,7,2025-11-01 08:33:22.284665
1,2025-01-12 19:15:28,2025-01-12 19:22:32,N,1.0,65,189,0.0,1.1,9.3,0.0,1.5,0.0,0.0,,1.0,10.8,2.0,1.0,0.0,0.0,7,2025-11-01 08:33:22.284665
2,2025-01-12 19:22:20,2025-01-12 19:42:31,N,1.0,43,68,1.0,4.55,22.6,0.0,0.5,8.28,0.0,,1.0,35.88,1.0,1.0,2.75,0.75,7,2025-11-01 08:33:22.284665
2,2025-01-12 19:31:18,2025-01-12 19:39:49,N,1.0,74,263,1.0,2.07,11.4,0.0,0.5,2.0,0.0,,1.0,17.65,1.0,1.0,2.75,0.0,7,2025-11-01 08:33:22.284665
2,2025-01-12 19:58:44,2025-01-12 20:11:12,N,1.0,74,116,2.0,1.92,13.5,0.0,0.5,3.0,0.0,,1.0,18.0,1.0,1.0,0.0,0.0,7,2025-11-01 08:33:22.284665
2,2025-01-12 19:47:59,2025-01-12 20:06:17,N,1.0,74,244,1.0,3.89,22.6,0.0,0.5,2.0,0.0,,1.0,26.1,1.0,1.0,0.0,0.0,7,2025-11-01 08:33:22.284665
1,2025-01-12 19:23:05,2025-01-12 19:36:05,N,1.0,260,157,3.0,1.9,13.5,0.0,1.5,5.0,0.0,,1.0,20.0,1.0,1.0,0.0,0.0,7,2025-11-01 08:33:22.284665
2,2025-01-12 19:02:04,2025-01-12 19:11:37,N,1.0,65,97,1.0,1.19,10.0,0.0,0.5,2.3,0.0,,1.0,13.8,1.0,1.0,0.0,0.0,7,2025-11-01 08:33:22.284665
2,2025-01-12 19:51:22,2025-01-12 20:28:52,N,5.0,92,228,1.0,17.03,80.0,0.0,0.0,0.0,0.0,,1.0,81.0,2.0,2.0,0.0,0.0,7,2025-11-01 08:33:22.284665
2,2025-01-12 19:29:16,2025-01-12 19:45:05,N,1.0,74,141,2.0,3.24,18.4,0.0,0.5,2.0,0.0,,1.0,24.65,1.0,1.0,2.75,0.0,7,2025-11-01 08:33:22.284665
1,2025-01-12 19:16:39,2025-01-12 19:26:20,N,1.0,75,238,5.0,2.0,12.1,2.75,1.5,3.25,0.0,,1.0,19.6,1.0,1.0,2.75,0.0,7,2025-11-01 08:33:22.284665
2,2025-01-12 19:34:46,2025-01-12 19:44:30,N,1.0,166,239,5.0,1.64,12.1,0.0,0.5,3.27,0.0,,1.0,19.62,1.0,1.0,2.75,0.0,7,2025-11-01 08:33:22.284665
1,2025-01-12 19:34:26,2025-01-12 19:42:17,N,1.0,75,42,1.0,1.8,10.7,0.0,1.5,2.4,0.0,,1.0,14.6,1.0,1.0,0.0,0.0,7,2025-11-01 08:33:22.284665
2,2025-01-12 19:37:42,2025-01-12 19:42:09,N,1.0,75,74,1.0,1.32,7.9,0.0,0.5,2.5,0.0,,1.0,11.9,1.0,1.0,0.0,0.0,7,2025-11-01 08:33:22.284665
2,2025-01-12 19:09:26,2025-01-12 19:21:56,N,1.0,166,239,1.0,2.34,14.9,0.0,0.5,5.74,0.0,,1.0,24.89,1.0,1.0,2.75,0.0,7,2025-11-01 08:33:22.284665
1,2025-01-12 19:18:13,2025-01-12 19:32:09,N,1.0,75,237,1.0,2.1,13.5,2.75,1.5,4.4,0.0,,1.0,22.15,1.0,1.0,2.75,0.0,7,2025-11-01 08:33:22.284665
2,2025-01-12 19:18:42,2025-01-12 19:28:18,N,1.0,41,236,1.0,2.34,12.8,0.0,0.5,1.0,0.0,,1.0,18.05,1.0,1.0,2.75,0.0,7,2025-11-01 08:33:22.284665
2,2025-01-12 19:36:07,2025-01-12 19:49:54,N,1.0,74,116,1.0,2.39,14.9,0.0,0.5,1.0,0.0,,1.0,17.4,1.0,1.0,0.0,0.0,7,2025-11-01 08:33:22.284665
2,2025-01-12 19:13:48,2025-01-12 19:27:43,N,1.0,95,121,1.0,2.63,15.6,0.0,0.5,3.42,0.0,,1.0,20.52,1.0,1.0,0.0,0.0,7,2025-11-01 08:33:22.284665
2,2025-01-12 19:31:21,2025-01-13 00:00:00,N,1.0,75,166,2.0,3.17,16.3,0.0,0.5,3.56,0.0,,1.0,21.36,1.0,1.0,0.0,0.0,7,2025-11-01 08:33:22.284665
2,2025-01-12 19:45:49,2025-01-12 19:52:16,N,1.0,42,168,1.0,0.96,8.6,0.0,0.5,0.08,0.0,,1.0,10.18,1.0,1.0,0.0,0.0,7,2025-11-01 08:33:22.284665
2,2025-01-12 19:03:46,2025-01-12 19:13:18,N,1.0,74,75,1.0,1.71,10.7,0.0,0.5,0.0,0.0,,1.0,12.2,2.0,1.0,0.0,0.0,7,2025-11-01 08:33:22.284665
1,2025-01-12 19:31:15,2025-01-12 19:39:23,N,1.0,43,238,1.0,1.9,10.7,2.75,1.5,2.99,0.0,,1.0,17.94,1.0,1.0,2.75,0.0,7,2025-11-01 08:33:22.284665
2,2025-01-12 19:12:07,2025-01-12 19:14:23,N,1.0,43,238,1.0,0.76,5.1,0.0,0.5,0.99,0.0,,1.0,7.59,1.0,1.0,0.0,0.0,7,2025-11-01 08:33:22.284665
2,2025-01-12 19:37:12,2025-01-12 19:45:19,N,1.0,41,116,1.0,1.9,10.7,0.0,0.5,2.44,0.0,,1.0,14.64,1.0,1.0,0.0,0.0,7,2025-11-01 08:33:22.284665
2,2025-01-12 19:08:02,2025-01-12 19:20:12,N,1.0,130,216,1.0,2.91,15.6,0.0,0.5,0.0,0.0,,1.0,17.1,2.0,1.0,0.0,0.0,7,2025-11-01 08:33:22.284665
2,2025-01-12 19:29:51,2025-01-12 19:44:08,N,1.0,74,116,1.0,2.21,14.9,0.0,0.5,2.46,0.0,,1.0,18.86,1.0,1.0,0.0,0.0,7,2025-11-01 08:33:22.284665
2,2025-01-12 19:13:03,2025-01-12 19:15:13,N,5.0,256,256,3.0,0.0,40.0,0.0,0.0,0.01,0.0,,1.0,41.01,1.0,2.0,0.0,0.0,7,2025-11-01 08:33:22.284665
2,2025-01-12 19:32:24,2025-01-12 19:44:18,N,1.0,74,244,1.0,4.07,19.8,0.0,0.5,4.26,0.0,,1.0,25.56,1.0,1.0,0.0,0.0,7,2025-11-01 08:33:22.284665
1,2025-01-12 19:30:46,2025-01-12 19:36:27,N,1.0,74,41,2.0,1.1,7.9,0.0,1.5,1.6,0.0,,1.0,11.0,1.0,1.0,0.0,0.0,7,2025-11-01 08:33:22.284665
2,2025-01-12 19:29:59,2025-01-12 19:36:29,N,1.0,7,179,5.0,0.79,7.9,0.0,0.5,1.88,0.0,,1.0,11.28,1.0,1.0,0.0,0.0,7,2025-11-01 08:33:22.284665
2,2025-01-12 19:28:50,2025-01-12 19:43:04,N,1.0,95,135,1.0,2.57,15.6,0.0,0.5,0.0,0.0,,1.0,17.1,1.0,1.0,0.0,0.0,7,2025-11-01 08:33:22.284665
2,2025-01-12 19:54:41,2025-01-12 20:06:28,N,1.0,74,166,1.0,1.52,12.1,0.0,0.5,2.72,0.0,,1.0,16.32,1.0,1.0,0.0,0.0,7,2025-11-01 08:33:22.284665
2,2025-01-12 19:05:32,2025-01-12 19:37:41,N,1.0,65,68,1.0,5.9,33.8,0.0,0.5,3.88,0.0,,1.0,42.68,1.0,1.0,2.75,0.75,7,2025-11-01 08:33:22.284665
2,2025-01-12 19:38:16,2025-01-12 19:51:41,N,1.0,65,66,1.0,1.78,13.5,0.0,0.5,3.0,0.0,,1.0,18.0,1.0,1.0,0.0,0.0,7,2025-11-01 08:33:22.284665
2,2025-01-12 19:31:28,2025-01-12 19:52:24,N,1.0,130,37,1.0,6.76,29.6,0.0,0.5,6.22,0.0,,1.0,37.32,1.0,1.0,0.0,0.0,7,2025-11-01 08:33:22.284665
2,2025-01-12 19:50:16,2025-01-12 20:01:25,N,1.0,65,61,1.0,2.04,12.8,0.0,0.5,2.86,0.0,,1.0,17.16,1.0,1.0,0.0,0.0,7,2025-11-01 08:33:22.284665
2,2025-01-12 19:08:02,2025-01-12 19:09:53,N,1.0,33,33,1.0,0.3,4.4,0.0,0.5,1.18,0.0,,1.0,7.08,1.0,1.0,0.0,0.0,7,2025-11-01 08:33:22.284665
2,2025-01-12 19:28:16,2025-01-12 19:40:47,N,1.0,74,263,2.0,2.37,14.2,0.0,0.5,2.77,0.0,,1.0,21.22,1.0,1.0,2.75,0.0,7,2025-11-01 08:33:22.284665
2,2025-01-12 19:42:29,2025-01-12 19:47:49,N,1.0,75,74,5.0,1.33,8.6,0.0,0.5,2.02,0.0,,1.0,12.12,1.0,1.0,0.0,0.0,7,2025-11-01 08:33:22.284665
2,2025-01-12 19:00:54,2025-01-12 19:02:55,N,5.0,157,160,3.0,0.67,30.0,0.0,0.0,0.5,0.0,,1.0,31.5,1.0,2.0,0.0,0.0,7,2025-11-01 08:33:22.284665
2,2025-01-12 19:45:56,2025-01-12 19:49:58,N,1.0,75,74,1.0,0.82,6.5,0.0,0.5,0.0,0.0,,1.0,8.0,2.0,1.0,0.0,0.0,7,2025-11-01 08:33:22.284665
2,2025-01-12 19:21:22,2025-01-12 19:30:26,N,1.0,65,65,1.0,1.11,10.0,0.0,0.5,2.88,0.0,,1.0,14.38,1.0,1.0,0.0,0.0,7,2025-11-01 08:33:22.284665
2,2025-01-12 19:35:02,2025-01-12 19:45:46,N,1.0,74,263,1.0,2.1,12.8,0.0,0.5,2.5,0.0,,1.0,19.55,1.0,1.0,2.75,0.0,7,2025-11-01 08:33:22.284665
2,2025-01-12 19:59:22,2025-01-12 19:59:47,N,2.0,74,74,1.0,0.05,70.0,0.0,0.5,0.0,0.0,,1.0,71.5,2.0,1.0,0.0,0.0,7,2025-11-01 08:33:22.284665
2,2025-01-12 18:55:21,2025-01-12 19:10:54,N,1.0,65,79,1.0,3.41,18.4,0.0,0.5,7.02,0.0,,1.0,30.42,1.0,1.0,2.75,0.75,7,2025-11-01 08:33:22.284665
2,2025-01-12 19:31:00,2025-01-12 19:41:11,N,1.0,74,263,1.0,2.07,12.8,0.0,0.5,2.56,0.0,,1.0,19.61,1.0,1.0,2.75,0.0,7,2025-11-01 08:33:22.284665
2,2025-01-12 19:04:03,2025-01-12 19:11:51,N,1.0,41,116,1.0,1.46,9.3,0.0,0.5,2.7,0.0,,1.0,13.5,1.0,1.0,0.0,0.0,7,2025-11-01 08:33:22.284665
2,2025-01-12 19:37:21,2025-01-12 19:50:30,N,1.0,74,179,1.0,3.97,19.8,0.0,0.5,5.0,6.94,,1.0,33.24,1.0,1.0,0.0,0.0,7,2025-11-01 08:33:22.284665
2,2025-01-12 19:11:02,2025-01-12 19:11:05,N,5.0,42,264,1.0,0.15,15.0,0.0,0.0,0.0,0.0,,1.0,16.0,1.0,2.0,0.0,0.0,7,2025-11-01 08:33:22.284665
2,2025-01-12 19:59:57,2025-01-12 20:03:40,N,1.0,41,166,1.0,0.65,5.8,0.0,0.5,1.46,0.0,,1.0,8.76,1.0,1.0,0.0,0.0,7,2025-11-01 08:33:22.284665
2,2025-01-12 18:56:43,2025-01-12 19:17:35,N,1.0,83,198,6.0,3.42,19.1,0.0,0.5,0.0,0.0,,1.0,20.6,2.0,1.0,0.0,0.0,7,2025-11-01 08:33:22.284665
2,2025-01-12 19:07:35,2025-01-12 19:28:15,N,1.0,74,127,1.0,4.74,26.8,0.0,0.5,5.66,0.0,,1.0,33.96,1.0,1.0,0.0,0.0,7,2025-11-01 08:33:22.284665
2,2025-01-12 19:53:56,2025-01-12 20:12:28,N,1.0,74,151,1.0,2.65,18.4,0.0,0.5,4.98,0.0,,1.0,24.88,1.0,1.0,0.0,0.0,7,2025-11-01 08:33:22.284665
2,2025-01-12 18:56:53,2025-01-12 19:12:03,N,1.0,82,258,2.0,3.35,18.4,0.0,0.5,3.98,0.0,,1.0,23.88,1.0,1.0,0.0,0.0,7,2025-11-01 08:33:22.284665
2,2025-01-12 19:35:46,2025-01-12 19:41:18,N,1.0,74,168,1.0,1.2,7.9,0.0,0.5,2.0,0.0,,1.0,11.4,1.0,1.0,0.0,0.0,7,2025-11-01 08:33:22.284665
2,2025-01-12 19:54:43,2025-01-12 20:05:37,N,1.0,74,262,1.0,3.62,17.0,0.0,0.5,4.25,0.0,,1.0,25.5,1.0,1.0,2.75,0.0,7,2025-11-01 08:33:22.284665
2,2025-01-12 19:32:48,2025-01-12 19:41:40,N,1.0,74,236,1.0,1.94,11.4,0.0,0.5,3.13,0.0,,1.0,18.78,1.0,1.0,2.75,0.0,7,2025-11-01 08:33:22.284665
2,2025-01-12 19:54:51,2025-01-12 20:03:39,N,1.0,74,166,1.0,1.49,10.7,0.0,0.5,2.44,0.0,,1.0,14.64,1.0,1.0,0.0,0.0,7,2025-11-01 08:33:22.284665
1,2025-01-12 19:02:30,2025-01-12 19:08:56,N,1.0,75,74,1.0,0.0,7.2,0.0,1.5,2.15,0.0,,1.0,10.85,1.0,1.0,0.0,0.0,7,2025-11-01 08:33:22.284665
1,2025-01-12 19:42:09,2025-01-12 20:12:29,N,1.0,41,264,1.0,0.0,24.0,3.5,1.5,7.25,0.0,,1.0,36.25,1.0,1.0,2.75,0.75,7,2025-11-01 08:33:22.284665
2,2025-01-12 19:25:27,2025-01-12 19:32:35,N,1.0,74,236,1.0,1.89,10.0,0.0,0.5,2.85,0.0,,1.0,17.1,1.0,1.0,2.75,0.0,7,2025-11-01 08:33:22.284665
2,2025-01-12 19:20:53,2025-01-12 19:26:47,N,1.0,95,134,1.0,1.09,7.9,0.0,0.5,1.0,0.0,,1.0,10.4,1.0,1.0,0.0,0.0,7,2025-11-01 08:33:22.284665
1,2025-01-12 19:25:11,2025-01-12 19:38:29,N,1.0,66,37,2.0,4.1,19.1,0.0,1.5,4.1,0.0,,1.0,24.7,1.0,1.0,0.0,0.0,7,2025-11-01 08:33:22.284665
2,2025-01-12 19:50:10,2025-01-12 19:51:16,N,1.0,41,41,1.0,0.24,3.7,0.0,0.5,1.56,0.0,,1.0,6.76,1.0,1.0,0.0,0.0,7,2025-11-01 08:33:22.284665
2,2025-01-12 19:56:49,2025-01-12 20:05:21,N,1.0,97,49,1.0,1.23,10.0,1.0,0.5,2.5,0.0,,1.0,15.0,1.0,1.0,0.0,0.0,7,2025-11-01 08:33:22.284665
2,2025-01-12 20:30:43,2025-01-12 20:41:51,N,1.0,74,238,1.0,2.43,14.2,1.0,0.5,3.89,0.0,,1.0,23.34,1.0,1.0,2.75,0.0,7,2025-11-01 08:33:22.284665
2,2025-01-12 20:39:18,2025-01-12 20:44:50,N,1.0,66,45,1.0,1.58,9.3,1.0,0.5,0.0,0.0,,1.0,14.55,2.0,1.0,2.75,0.0,7,2025-11-01 08:33:22.284665
2,2025-01-12 20:11:14,2025-01-12 20:25:55,N,1.0,43,48,1.0,3.07,16.3,1.0,0.5,0.0,0.0,,1.0,22.3,2.0,1.0,2.75,0.75,7,2025-11-01 08:33:22.284665
2,2025-01-12 20:34:57,2025-01-12 20:44:03,N,1.0,74,42,1.0,2.32,12.1,1.0,0.5,0.0,0.0,,1.0,14.6,2.0,1.0,0.0,0.0,7,2025-11-01 08:33:22.284665
2,2025-01-12 20:14:10,2025-01-12 20:24:39,N,1.0,97,17,1.0,1.59,10.7,1.0,0.5,0.0,0.0,,1.0,13.2,2.0,1.0,0.0,0.0,7,2025-11-01 08:33:22.284665
2,2025-01-12 20:36:01,2025-01-12 20:56:53,N,1.0,61,33,1.0,3.52,21.2,1.0,0.5,4.74,0.0,,1.0,28.44,1.0,1.0,0.0,0.0,7,2025-11-01 08:33:22.284665
2,2025-01-12 20:06:12,2025-01-12 20:30:22,N,1.0,7,25,5.0,9.5,40.1,1.0,0.5,1.0,0.0,,1.0,43.6,1.0,1.0,0.0,0.0,7,2025-11-01 08:33:22.284665
2,2025-01-12 20:33:22,2025-01-12 20:57:17,N,1.0,25,11,5.0,8.22,36.6,1.0,0.5,0.0,0.0,,1.0,39.1,2.0,1.0,0.0,0.0,7,2025-11-01 08:33:22.284665
1,2025-01-12 20:30:58,2025-01-12 20:48:48,N,1.0,75,107,1.0,4.4,21.9,4.5,1.5,5.55,0.0,,1.0,33.45,1.0,1.0,2.75,0.75,7,2025-11-01 08:33:22.284665
1,2025-01-12 20:59:28,2025-01-12 21:28:28,N,1.0,81,75,1.0,0.0,39.5,0.0,1.5,0.0,6.94,,1.0,47.94,1.0,1.0,0.0,0.0,7,2025-11-01 08:33:22.284665
2,2025-01-12 20:57:14,2025-01-12 21:13:15,N,1.0,66,125,1.0,3.01,17.7,1.0,0.5,2.0,0.0,,1.0,25.7,1.0,1.0,2.75,0.75,7,2025-11-01 08:33:22.284665
2,2025-01-12 20:09:02,2025-01-12 20:18:18,N,1.0,82,260,1.0,1.43,10.7,1.0,0.5,0.0,0.0,,1.0,13.2,2.0,1.0,0.0,0.0,7,2025-11-01 08:33:22.284665
2,2025-01-12 20:47:02,2025-01-12 21:08:05,N,1.0,75,68,1.0,5.83,28.2,1.0,0.5,6.16,0.0,,1.0,40.36,1.0,1.0,2.75,0.75,7,2025-11-01 08:33:22.284665
1,2025-01-12 20:04:14,2025-01-12 20:20:36,N,1.0,65,62,1.0,2.9,18.4,1.0,1.5,4.15,0.0,,1.0,25.05,1.0,1.0,0.0,0.0,7,2025-11-01 08:33:22.284665
1,2025-01-12 20:03:24,2025-01-12 20:19:17,N,1.0,116,263,3.0,4.7,21.2,2.75,1.5,5.05,0.0,,1.0,30.5,1.0,1.0,2.75,0.0,7,2025-11-01 08:33:22.284665
2,2025-01-12 20:20:45,2025-01-13 00:00:00,N,1.0,260,129,1.0,1.52,11.4,1.0,0.5,0.0,0.0,,1.0,13.9,2.0,1.0,0.0,0.0,7,2025-11-01 08:33:22.284665
1,2025-01-12 20:59:35,2025-01-12 21:02:39,N,1.0,65,25,2.0,0.0,5.1,2.5,1.5,0.0,0.0,,1.0,9.1,1.0,1.0,0.0,0.0,7,2025-11-01 08:33:22.284665
2,2025-01-12 20:03:45,2025-01-12 20:18:26,N,1.0,244,48,1.0,6.98,28.2,1.0,0.5,6.84,0.0,,1.0,41.04,1.0,1.0,2.75,0.75,7,2025-11-01 08:33:22.284665
2,2025-01-12 20:18:22,2025-01-12 20:22:50,N,1.0,24,238,2.0,0.82,6.5,1.0,0.5,2.7,0.0,,1.0,11.7,1.0,1.0,0.0,0.0,7,2025-11-01 08:33:22.284665
2,2025-01-12 20:45:26,2025-01-12 20:54:01,N,1.0,236,142,2.0,2.39,12.8,1.0,0.5,3.61,0.0,,1.0,21.66,1.0,1.0,2.75,0.0,7,2025-11-01 08:33:22.284665
2,2025-01-12 19:05:56,2025-01-12 19:30:44,N,1.0,82,70,1.0,2.31,21.9,1.0,0.5,0.0,0.0,,1.0,24.4,2.0,1.0,0.0,0.0,7,2025-11-01 08:33:22.284665
2,2025-01-12 20:33:11,2025-01-12 20:39:20,N,1.0,42,152,1.0,0.93,7.9,1.0,0.5,0.0,0.0,,1.0,10.4,2.0,1.0,0.0,0.0,7,2025-11-01 08:33:22.284665
2,2025-01-12 20:40:27,2025-01-12 20:59:52,N,1.0,129,92,1.0,7.21,31.0,1.0,0.5,0.0,0.0,,1.0,33.5,2.0,1.0,0.0,0.0,7,2025-11-01 08:33:22.284665
2,2025-01-12 20:38:30,2025-01-12 20:48:28,N,1.0,74,166,1.0,1.41,10.7,1.0,0.5,2.64,0.0,,1.0,15.84,1.0,1.0,0.0,0.0,7,2025-11-01 08:33:22.284665
2,2025-01-12 20:26:52,2025-01-12 20:41:29,N,1.0,74,239,1.0,3.05,17.0,1.0,0.5,4.45,0.0,,1.0,26.7,1.0,1.0,2.75,0.0,7,2025-11-01 08:33:22.284665
2,2025-01-12 20:32:45,2025-01-12 20:40:12,N,1.0,74,236,1.0,1.68,10.0,1.0,0.5,3.81,0.0,,1.0,19.06,1.0,1.0,2.75,0.0,7,2025-11-01 08:33:22.284665
2,2025-01-12 20:32:39,2025-01-12 20:42:19,N,1.0,74,151,1.0,1.84,12.1,1.0,0.5,2.92,0.0,,1.0,17.52,1.0,1.0,0.0,0.0,7,2025-11-01 08:33:22.284665
2,2025-01-12 20:38:01,2025-01-12 20:44:54,N,1.0,7,260,5.0,2.52,12.8,1.0,0.5,3.06,0.0,,1.0,18.36,1.0,1.0,0.0,0.0,7,2025-11-01 08:33:22.284665
2,2025-01-12 20:58:04,2025-01-12 21:09:23,N,1.0,74,263,6.0,2.72,14.9,1.0,0.5,4.03,0.0,,1.0,24.18,1.0,1.0,2.75,0.0,7,2025-11-01 08:33:22.284665
2,2025-01-12 20:43:09,2025-01-12 20:57:17,N,1.0,66,4,5.0,4.14,19.8,1.0,0.5,0.0,0.0,,1.0,25.8,2.0,1.0,2.75,0.75,7,2025-11-01 08:33:22.284665
2,2025-01-12 20:43:26,2025-01-12 20:52:09,N,1.0,7,229,1.0,2.66,13.5,1.0,0.5,3.9,0.0,,1.0,23.4,1.0,1.0,2.75,0.75,7,2025-11-01 08:33:22.284665
2,2025-01-12 20:07:34,2025-01-12 20:14:24,N,1.0,65,49,1.0,0.98,7.9,1.0,0.5,2.08,0.0,,1.0,12.48,1.0,1.0,0.0,0.0,7,2025-11-01 08:33:22.284665
2,2025-01-12 20:24:58,2025-01-12 20:25:00,N,5.0,66,66,1.0,0.01,50.0,0.0,0.0,10.2,0.0,,1.0,61.2,1.0,2.0,0.0,0.0,7,2025-11-01 08:33:22.284665
2,2025-01-12 20:25:56,2025-01-12 20:38:38,N,1.0,95,95,1.0,1.22,12.8,1.0,0.5,3.06,0.0,,1.0,18.36,1.0,1.0,0.0,0.0,7,2025-11-01 08:33:22.284665
2,2025-01-12 20:28:39,2025-01-12 20:43:41,N,1.0,74,140,1.0,2.99,17.0,1.0,0.5,4.45,0.0,,1.0,26.7,1.0,1.0,2.75,0.0,7,2025-11-01 08:33:22.284665
2,2025-01-12 21:02:10,2025-01-12 21:12:50,N,1.0,97,106,1.0,1.68,12.1,1.0,0.5,2.0,0.0,,1.0,16.6,1.0,1.0,0.0,0.0,7,2025-11-01 08:33:22.284665
2,2025-01-12 19:58:00,2025-01-12 20:03:23,N,1.0,74,42,2.0,0.91,7.2,1.0,0.5,1.94,0.0,,1.0,11.64,1.0,1.0,0.0,0.0,7,2025-11-01 08:33:22.284665
2,2025-01-12 20:52:01,2025-01-12 21:00:13,N,1.0,75,262,5.0,1.28,9.3,1.0,0.5,0.0,0.0,,1.0,14.55,2.0,1.0,2.75,0.0,7,2025-11-01 08:33:22.284665
2,2025-01-12 20:03:14,2025-01-12 20:19:31,N,1.0,75,143,1.0,3.17,18.4,1.0,0.5,1.71,0.0,,1.0,26.11,1.0,1.0,2.75,0.75,7,2025-11-01 08:33:22.284665
2,2025-01-12 21:00:51,2025-01-12 21:13:40,N,1.0,74,42,1.0,2.05,13.5,1.0,0.5,3.2,0.0,,1.0,19.2,1.0,1.0,0.0,0.0,7,2025-11-01 08:33:22.284665
2,2025-01-12 20:32:34,2025-01-12 20:42:22,N,1.0,74,166,1.0,1.42,10.7,1.0,0.5,3.3,0.0,,1.0,16.5,1.0,1.0,0.0,0.0,7,2025-11-01 08:33:22.284665
2,2025-01-12 20:56:51,2025-01-12 21:18:08,N,1.0,97,257,1.0,4.07,24.0,1.0,0.5,3.0,0.0,,1.0,29.5,1.0,1.0,0.0,0.0,7,2025-11-01 08:33:22.284665
2,2025-01-12 20:27:15,2025-01-12 20:41:55,N,1.0,74,24,1.0,2.18,15.6,1.0,0.5,3.62,0.0,,1.0,21.72,1.0,1.0,0.0,0.0,7,2025-11-01 08:33:22.284665
2,2025-01-12 20:43:03,2025-01-12 20:49:26,N,1.0,24,151,1.0,0.83,8.6,1.0,0.5,1.0,0.0,,1.0,12.1,1.0,1.0,0.0,0.0,7,2025-11-01 08:33:22.284665
1,2025-01-12 20:19:49,2025-01-12 20:47:03,N,1.0,61,76,1.0,0.0,25.5,0.0,1.5,0.0,0.0,,1.0,27.0,1.0,1.0,0.0,0.0,7,2025-11-01 08:33:22.284665
2,2025-01-12 19:59:59,2025-01-12 20:14:41,N,1.0,74,116,1.0,2.3,14.9,1.0,0.5,0.0,0.0,,1.0,17.4,2.0,1.0,0.0,0.0,7,2025-11-01 08:33:22.284665
2,2025-01-12 20:29:52,2025-01-12 20:44:46,N,1.0,74,238,1.0,2.76,16.3,1.0,0.5,4.31,0.0,,1.0,25.86,1.0,1.0,2.75,0.0,7,2025-11-01 08:33:22.284665
2,2025-01-12 19:58:20,2025-01-12 20:07:58,N,1.0,82,129,6.0,2.45,14.2,1.0,0.5,0.0,0.0,,1.0,16.7,2.0,1.0,0.0,0.0,7,2025-11-01 08:33:22.284665
2,2025-01-12 20:46:39,2025-01-12 20:50:57,N,1.0,130,215,1.0,0.94,6.5,1.0,0.5,0.0,0.0,,1.0,9.0,1.0,1.0,0.0,0.0,7,2025-11-01 08:33:22.284665
2,2025-01-12 20:58:44,2025-01-12 21:14:37,N,1.0,74,262,1.0,2.92,17.0,1.0,0.5,4.0,0.0,,1.0,26.25,1.0,1.0,2.75,0.0,7,2025-11-01 08:33:22.284665
2,2025-01-12 20:06:33,2025-01-12 20:12:07,N,1.0,129,129,1.0,0.75,7.2,1.0,0.5,1.94,0.0,,1.0,11.64,1.0,1.0,0.0,0.0,7,2025-11-01 08:33:22.284665
1,2025-01-12 20:43:19,2025-01-12 20:48:57,N,1.0,210,210,1.0,0.8,6.5,1.0,1.5,0.0,0.0,,1.0,9.0,1.0,1.0,0.0,0.0,7,2025-11-01 08:33:22.284665
2,2025-01-12 20:32:38,2025-01-12 20:41:42,N,1.0,74,236,1.0,1.92,11.4,1.0,0.5,2.5,0.0,,1.0,19.15,1.0,1.0,2.75,0.0,7,2025-11-01 08:33:22.284665
2,2025-01-12 20:28:24,2025-01-12 20:38:05,N,1.0,74,262,1.0,2.41,12.8,1.0,0.5,3.61,0.0,,1.0,21.66,1.0,1.0,2.75,0.0,7,2025-11-01 08:33:22.284665
2,2025-01-12 20:27:10,2025-01-12 20:32:16,N,1.0,95,95,1.0,0.94,7.2,1.0,0.5,1.0,0.0,,1.0,10.7,1.0,1.0,0.0,0.0,7,2025-11-01 08:33:22.284665
1,2025-01-12 20:18:50,2025-01-12 20:47:04,N,1.0,40,68,2.0,5.9,31.0,4.5,1.5,7.4,0.0,,1.0,44.4,1.0,1.0,2.75,0.75,7,2025-11-01 08:33:22.284665
2,2025-01-12 20:35:53,2025-01-12 20:44:42,N,1.0,95,134,1.0,1.34,10.7,1.0,0.5,2.64,0.0,,1.0,15.84,1.0,1.0,0.0,0.0,7,2025-11-01 08:33:22.284665
2,2025-01-12 20:54:13,2025-01-12 21:15:27,N,1.0,260,102,1.0,4.51,23.3,1.0,0.5,0.0,0.0,,1.0,25.8,2.0,1.0,0.0,0.0,7,2025-11-01 08:33:22.284665
2,2025-01-12 21:07:48,2025-01-12 21:19:40,N,1.0,74,142,1.0,3.6,17.0,1.0,0.5,2.0,0.0,,1.0,24.25,1.0,1.0,2.75,0.0,7,2025-11-01 08:33:22.284665
1,2025-01-12 21:02:56,2025-01-12 21:14:43,N,1.0,97,181,2.0,2.2,14.2,1.0,1.5,0.0,0.0,,1.0,16.7,2.0,1.0,0.0,0.0,7,2025-11-01 08:33:22.284665
2,2025-01-12 21:09:07,2025-01-12 21:14:59,N,1.0,75,236,2.0,1.08,7.9,1.0,0.5,2.0,0.0,,1.0,15.15,1.0,1.0,2.75,0.0,7,2025-11-01 08:33:22.284665
2,2025-01-12 21:54:35,2025-01-12 22:03:09,N,1.0,75,262,1.0,1.33,10.0,1.0,0.5,3.05,0.0,,1.0,18.3,1.0,1.0,2.75,0.0,7,2025-11-01 08:33:22.284665
2,2025-01-12 21:33:51,2025-01-12 21:43:29,N,1.0,41,42,1.0,2.18,12.8,1.0,0.5,0.15,0.0,,1.0,15.45,1.0,1.0,0.0,0.0,7,2025-11-01 08:33:22.284665
2,2025-01-12 19:29:04,2025-01-12 19:31:58,N,1.0,43,43,1.0,1.14,6.5,1.0,0.5,5.29,0.0,,1.0,17.04,1.0,1.0,2.75,0.0,7,2025-11-01 08:33:22.284665
2,2025-01-12 19:48:47,2025-01-12 19:55:43,N,1.0,75,262,1.0,1.26,9.3,1.0,0.5,2.91,0.0,,1.0,17.46,1.0,1.0,2.75,0.0,7,2025-11-01 08:33:22.284665
2,2025-01-12 21:24:58,2025-01-12 21:32:15,N,1.0,127,127,1.0,1.34,8.6,1.0,0.5,0.0,0.0,,1.0,11.1,2.0,1.0,0.0,0.0,7,2025-11-01 08:33:22.284665
2,2025-01-12 21:58:27,2025-01-12 22:05:52,N,1.0,75,238,1.0,1.33,10.0,1.0,0.5,2.5,0.0,,1.0,15.0,1.0,1.0,0.0,0.0,7,2025-11-01 08:33:22.284665
2,2025-01-12 21:07:51,2025-01-12 21:17:03,N,1.0,75,263,1.0,1.5,11.4,1.0,0.5,3.33,0.0,,1.0,19.98,1.0,1.0,2.75,0.0,7,2025-11-01 08:33:22.284665
2,2025-01-12 21:39:53,2025-01-12 21:52:15,N,1.0,75,166,1.0,2.16,14.2,1.0,0.5,3.34,0.0,,1.0,20.04,1.0,1.0,0.0,0.0,7,2025-11-01 08:33:22.284665
1,2025-01-12 21:33:02,2025-01-12 22:04:25,N,1.0,66,48,2.0,0.0,24.7,6.0,1.5,0.0,0.0,,1.0,32.2,1.0,1.0,2.75,0.75,7,2025-11-01 08:33:22.284665
2,2025-01-12 21:35:00,2025-01-12 21:42:05,N,1.0,74,74,1.0,1.04,8.6,1.0,0.5,2.22,0.0,,1.0,13.32,1.0,1.0,0.0,0.0,7,2025-11-01 08:33:22.284665
2,2025-01-12 20:59:07,2025-01-12 21:24:19,N,1.0,223,49,5.0,8.95,38.7,1.0,0.5,10.3,0.0,,1.0,51.5,1.0,1.0,0.0,0.0,7,2025-11-01 08:33:22.284665
2,2025-01-12 21:26:25,2025-01-12 21:34:57,N,1.0,7,226,1.0,0.0,8.6,1.0,0.5,2.22,0.0,,1.0,13.32,1.0,1.0,0.0,0.0,7,2025-11-01 08:33:22.284665
2,2025-01-12 21:33:54,2025-01-12 21:47:24,N,1.0,95,197,1.0,2.57,15.6,1.0,0.5,0.0,0.0,,1.0,18.1,1.0,1.0,0.0,0.0,7,2025-11-01 08:33:22.284665
2,2025-01-12 21:11:54,2025-01-12 21:47:44,N,1.0,39,132,1.0,8.8,48.5,1.0,0.5,0.0,0.0,,1.0,51.0,2.0,1.0,0.0,0.0,7,2025-11-01 08:33:22.284665
2,2025-01-12 21:08:17,2025-01-12 21:20:55,N,1.0,74,262,1.0,2.3,14.2,1.0,0.5,2.0,0.0,,1.0,21.45,1.0,1.0,2.75,0.0,7,2025-11-01 08:33:22.284665
2,2025-01-12 21:34:48,2025-01-12 21:52:29,N,1.0,74,239,1.0,2.94,18.4,1.0,0.5,4.73,0.0,,1.0,28.38,1.0,1.0,2.75,0.0,7,2025-11-01 08:33:22.284665
2,2025-01-12 21:44:39,2025-01-12 21:55:36,N,1.0,95,258,1.0,2.11,13.5,1.0,0.5,0.0,0.0,,1.0,16.0,2.0,1.0,0.0,0.0,7,2025-11-01 08:33:22.284665
2,2025-01-12 21:33:23,2025-01-12 21:46:15,N,1.0,97,106,1.0,1.8,13.5,1.0,0.5,1.0,0.0,,1.0,17.0,1.0,1.0,0.0,0.0,7,2025-11-01 08:33:22.284665
2,2025-01-12 21:35:26,2025-01-12 21:49:26,N,1.0,66,148,1.0,3.16,17.7,1.0,0.5,4.74,0.0,,1.0,28.44,1.0,1.0,2.75,0.75,7,2025-11-01 08:33:22.284665
2,2025-01-12 21:07:23,2025-01-12 21:23:31,N,1.0,97,188,1.0,3.27,18.4,1.0,0.5,4.18,0.0,,1.0,25.08,1.0,1.0,0.0,0.0,7,2025-11-01 08:33:22.284665
2,2025-01-12 21:22:05,2025-01-12 22:06:29,N,1.0,97,14,1.0,3.26,33.8,1.0,0.5,2.0,0.0,,1.0,38.3,1.0,1.0,0.0,0.0,7,2025-11-01 08:33:22.284665
2,2025-01-12 21:48:34,2025-01-12 22:03:03,N,1.0,65,140,1.0,7.51,30.3,1.0,0.5,7.26,0.0,,1.0,43.56,1.0,1.0,2.75,0.75,7,2025-11-01 08:33:22.284665
2,2025-01-12 21:21:54,2025-01-12 21:37:03,N,1.0,74,167,1.0,2.4,16.3,1.0,0.5,3.76,0.0,,1.0,22.56,1.0,1.0,0.0,0.0,7,2025-11-01 08:33:22.284665
2,2025-01-12 21:53:44,2025-01-12 22:08:31,N,1.0,74,238,1.0,2.98,17.0,1.0,0.5,0.0,0.0,,1.0,22.25,1.0,1.0,2.75,0.0,7,2025-11-01 08:33:22.284665
2,2025-01-12 21:32:08,2025-01-12 21:48:24,N,1.0,74,143,1.0,3.89,19.8,1.0,0.5,6.26,0.0,,1.0,31.31,1.0,1.0,2.75,0.0,7,2025-11-01 08:33:22.284665
2,2025-01-12 21:06:13,2025-01-12 21:23:42,N,1.0,166,239,1.0,3.08,19.1,1.0,0.5,4.87,0.0,,1.0,29.22,1.0,1.0,2.75,0.0,7,2025-11-01 08:33:22.284665
1,2025-01-12 21:25:31,2025-01-12 21:49:57,N,1.0,95,164,1.0,0.0,31.5,0.0,1.5,0.0,0.0,,1.0,33.0,1.0,1.0,0.0,0.0,7,2025-11-01 08:33:22.284665
2,2025-01-12 21:57:32,2025-01-12 22:09:52,N,1.0,7,260,5.0,1.96,13.5,1.0,0.5,0.0,0.0,,1.0,16.0,2.0,1.0,0.0,0.0,7,2025-11-01 08:33:22.284665
2,2025-01-12 21:13:12,2025-01-12 21:19:41,N,1.0,75,41,1.0,1.04,7.9,1.0,0.5,0.0,0.0,,1.0,10.4,1.0,1.0,0.0,0.0,7,2025-11-01 08:33:22.284665
2,2025-01-12 21:03:44,2025-01-12 21:18:08,N,1.0,130,216,2.0,2.59,15.6,1.0,0.5,0.0,0.0,,1.0,18.1,1.0,1.0,0.0,0.0,7,2025-11-01 08:33:22.284665
2,2025-01-12 21:34:15,2025-01-12 21:50:58,N,1.0,74,151,1.0,2.54,17.0,1.0,0.5,3.9,0.0,,1.0,23.4,1.0,1.0,0.0,0.0,7,2025-11-01 08:33:22.284665
2,2025-01-12 21:04:23,2025-01-12 21:06:48,N,5.0,260,260,2.0,0.0,25.0,0.0,0.0,0.0,0.0,,1.0,26.0,2.0,2.0,0.0,0.0,7,2025-11-01 08:33:22.284665
2,2025-01-12 21:08:24,2025-01-12 21:09:45,N,5.0,260,260,2.0,0.0,25.0,0.0,0.0,0.0,0.0,,1.0,26.0,1.0,2.0,0.0,0.0,7,2025-11-01 08:33:22.284665
2,2025-01-12 21:06:36,2025-01-12 21:16:32,N,1.0,134,197,1.0,2.29,13.5,1.0,0.5,2.5,0.0,,1.0,18.5,1.0,1.0,0.0,0.0,7,2025-11-01 08:33:22.284665
2,2025-01-12 21:38:34,2025-01-12 21:45:18,N,1.0,134,134,1.0,0.93,8.6,1.0,0.5,0.0,0.0,,1.0,11.1,2.0,1.0,0.0,0.0,7,2025-11-01 08:33:22.284665
2,2025-01-12 21:26:42,2025-01-12 21:36:09,N,1.0,74,263,1.0,1.95,12.1,1.0,0.5,3.47,0.0,,1.0,20.82,1.0,1.0,2.75,0.0,7,2025-11-01 08:33:22.284665
2,2025-01-12 21:09:06,2025-01-12 21:19:12,N,1.0,74,238,1.0,2.58,13.5,1.0,0.5,3.2,0.0,,1.0,19.2,1.0,1.0,0.0,0.0,7,2025-11-01 08:33:22.284665
2,2025-01-12 21:04:22,2025-01-12 21:11:25,N,1.0,95,95,1.0,1.04,7.9,1.0,0.5,2.6,0.0,,1.0,13.0,1.0,1.0,0.0,0.0,7,2025-11-01 08:33:22.284665
1,2025-01-12 21:28:42,2025-01-12 21:36:29,N,1.0,66,65,1.0,1.1,9.3,1.0,1.5,0.0,0.0,,1.0,11.8,1.0,1.0,0.0,0.0,7,2025-11-01 08:33:22.284665
2,2025-01-12 22:26:31,2025-01-12 22:40:38,N,1.0,74,140,1.0,3.11,17.0,1.0,0.5,4.45,0.0,,1.0,26.7,1.0,1.0,2.75,0.0,7,2025-11-01 08:33:22.284665
2,2025-01-12 22:48:29,2025-01-12 22:58:39,N,1.0,129,82,1.0,0.84,10.0,1.0,0.5,0.0,0.0,,1.0,12.5,2.0,1.0,0.0,0.0,7,2025-11-01 08:33:22.284665
2,2025-01-12 23:03:10,2025-01-12 23:32:16,N,1.0,82,82,1.0,1.21,23.3,1.0,0.5,0.0,0.0,,1.0,25.8,2.0,1.0,0.0,0.0,7,2025-11-01 08:33:22.284665
2,2025-01-12 22:01:29,2025-01-12 22:13:33,N,1.0,82,70,1.0,3.26,17.0,1.0,0.5,2.2,0.0,,1.0,21.7,1.0,1.0,0.0,0.0,7,2025-11-01 08:33:22.284665
2,2025-01-12 22:13:28,2025-01-12 22:13:44,N,5.0,256,256,6.0,0.0,60.0,0.0,0.0,7.0,0.0,,1.0,68.0,1.0,2.0,0.0,0.0,7,2025-11-01 08:33:22.284665
2,2025-01-12 22:26:14,2025-01-12 22:31:05,N,1.0,74,41,1.0,0.87,7.2,1.0,0.5,1.94,0.0,,1.0,11.64,1.0,1.0,0.0,0.0,7,2025-11-01 08:33:22.284665
2,2025-01-12 22:11:00,2025-01-12 22:30:56,N,1.0,66,164,5.0,6.45,28.9,1.0,0.5,6.98,0.0,,1.0,41.88,1.0,1.0,2.75,0.75,7,2025-11-01 08:33:22.284665
2,2025-01-12 22:04:50,2025-01-12 22:16:40,N,1.0,74,24,1.0,2.31,14.2,1.0,0.5,3.34,0.0,,1.0,20.04,1.0,1.0,0.0,0.0,7,2025-11-01 08:33:22.284665
2,2025-01-12 22:01:36,2025-01-12 22:26:43,N,1.0,74,114,5.0,9.02,38.7,1.0,0.5,0.0,0.0,,1.0,44.7,2.0,1.0,2.75,0.75,7,2025-11-01 08:33:22.284665
2,2025-01-12 22:33:30,2025-01-12 22:47:29,N,1.0,181,49,1.0,1.3,12.8,1.0,0.5,0.0,0.0,,1.0,15.3,2.0,1.0,0.0,0.0,7,2025-11-01 08:33:22.284665
2,2025-01-12 22:31:47,2025-01-12 22:40:27,N,1.0,97,40,1.0,1.85,10.7,1.0,0.5,2.64,0.0,,1.0,15.84,1.0,1.0,0.0,0.0,7,2025-11-01 08:33:22.284665
2,2025-01-12 22:04:27,2025-01-12 22:08:18,N,1.0,55,55,1.0,0.01,5.1,1.0,0.5,0.0,0.0,,1.0,7.6,2.0,1.0,0.0,0.0,7,2025-11-01 08:33:22.284665
2,2025-01-12 22:25:46,2025-01-12 22:30:54,N,1.0,74,43,1.0,1.36,8.6,1.0,0.5,2.22,0.0,,1.0,13.32,1.0,1.0,0.0,0.0,7,2025-11-01 08:33:22.284665
2,2025-01-12 22:26:17,2025-01-12 22:31:29,N,1.0,74,41,1.0,0.93,7.2,1.0,0.5,1.94,0.0,,1.0,11.64,1.0,1.0,0.0,0.0,7,2025-11-01 08:33:22.284665
2,2025-01-12 23:06:09,2025-01-12 23:13:19,N,1.0,75,238,2.0,1.99,11.4,1.0,0.5,3.33,0.0,,1.0,19.98,1.0,1.0,2.75,0.0,7,2025-11-01 08:33:22.284665
2,2025-01-12 23:42:49,2025-01-12 23:49:23,N,1.0,82,260,1.0,1.06,8.6,1.0,0.5,2.22,0.0,,1.0,13.32,1.0,1.0,0.0,0.0,7,2025-11-01 08:33:22.284665
2,2025-01-12 23:40:59,2025-01-12 23:42:25,N,1.0,74,74,1.0,0.2,3.7,1.0,0.5,0.0,0.0,,1.0,6.2,2.0,1.0,0.0,0.0,7,2025-11-01 08:33:22.284665
2,2025-01-12 21:54:46,2025-01-12 22:00:39,N,1.0,166,151,1.0,1.18,8.6,1.0,0.5,3.33,0.0,,1.0,14.43,1.0,1.0,0.0,0.0,7,2025-11-01 08:33:22.284665
2,2025-01-12 23:06:57,2025-01-12 23:10:00,N,1.0,42,168,1.0,0.68,5.8,1.0,0.5,0.0,0.0,,1.0,8.3,1.0,1.0,0.0,0.0,7,2025-11-01 08:33:22.284665
2,2025-01-12 23:31:21,2025-01-12 23:33:23,N,1.0,260,260,1.0,0.24,4.4,1.0,0.5,0.0,0.0,,1.0,6.9,2.0,1.0,0.0,0.0,7,2025-11-01 08:33:22.284665
2,2025-01-12 23:35:46,2025-01-12 23:44:50,N,1.0,74,151,1.0,2.84,13.5,1.0,0.5,4.0,0.0,,1.0,20.0,1.0,1.0,0.0,0.0,7,2025-11-01 08:33:22.284665
2,2025-01-12 23:26:48,2025-01-12 23:48:03,N,1.0,66,148,5.0,3.36,21.9,1.0,0.5,5.58,0.0,,1.0,33.48,1.0,1.0,2.75,0.75,7,2025-11-01 08:33:22.284665
2,2025-01-12 23:13:20,2025-01-12 23:25:15,N,1.0,74,238,1.0,2.71,14.2,1.0,0.5,4.0,0.0,,1.0,23.45,1.0,1.0,2.75,0.0,7,2025-11-01 08:33:22.284665
2,2025-01-12 23:10:02,2025-01-12 23:10:05,N,5.0,181,181,1.0,0.0,20.0,0.0,0.0,6.3,0.0,,1.0,27.3,1.0,2.0,0.0,0.0,7,2025-11-01 08:33:22.284665
2,2025-01-12 23:34:22,2025-01-12 23:48:11,N,1.0,74,243,1.0,3.8,19.8,1.0,0.5,3.0,0.0,,1.0,25.3,1.0,1.0,0.0,0.0,7,2025-11-01 08:33:22.284665
2,2025-01-12 23:11:21,2025-01-12 23:24:27,N,1.0,74,262,1.0,2.86,16.3,1.0,0.5,4.31,0.0,,1.0,25.86,1.0,1.0,2.75,0.0,7,2025-11-01 08:33:22.284665
2,2025-01-12 23:32:58,2025-01-12 23:36:19,N,1.0,75,75,1.0,0.74,5.8,1.0,0.5,0.0,0.0,,1.0,8.3,2.0,1.0,0.0,0.0,7,2025-11-01 08:33:22.284665
2,2025-01-12 22:59:00,2025-01-12 22:59:03,N,5.0,42,264,1.0,0.0,7.0,0.0,0.0,0.0,0.0,,1.0,8.0,1.0,2.0,0.0,0.0,7,2025-11-01 08:33:22.284665
2,2025-01-12 23:38:43,2025-01-12 23:42:24,N,1.0,223,223,1.0,0.75,5.8,1.0,0.5,2.49,0.0,,1.0,10.79,1.0,1.0,0.0,0.0,7,2025-11-01 08:33:22.284665
2,2025-01-12 23:08:21,2025-01-12 23:15:11,N,1.0,43,230,1.0,2.66,12.1,1.0,0.5,3.62,0.0,,1.0,21.72,1.0,1.0,2.75,0.75,7,2025-11-01 08:33:22.284665
2,2025-01-12 23:58:12,2025-01-13 00:27:19,N,1.0,7,68,5.0,7.22,33.1,1.0,0.5,7.82,0.0,,1.0,46.92,1.0,1.0,2.75,0.75,7,2025-11-01 08:33:22.284665
2,2025-01-19 00:13:35,2025-01-19 00:23:11,N,1.0,74,236,1.0,2.1,12.8,1.0,0.5,3.61,0.0,,1.0,21.66,1.0,1.0,2.75,0.0,7,2025-11-01 08:33:22.284665
2,2025-01-12 00:56:38,2025-01-12 01:05:52,N,5.0,92,92,1.0,1.95,15.0,0.0,0.0,3.2,0.0,,1.0,19.2,1.0,2.0,0.0,0.0,7,2025-11-01 08:33:22.284665
2,2025-01-19 18:46:56,2025-01-19 18:57:38,N,1.0,130,130,1.0,1.5,11.4,0.0,0.5,2.58,0.0,,1.0,15.48,1.0,1.0,0.0,0.0,7,2025-11-01 08:33:22.284665
2,2025-01-19 18:33:09,2025-01-19 18:48:53,N,1.0,74,151,1.0,2.73,17.0,0.0,0.5,4.62,0.0,,1.0,23.12,1.0,1.0,0.0,0.0,7,2025-11-01 08:33:22.284665
2,2025-01-19 19:33:20,2025-01-19 20:21:05,N,1.0,130,142,1.0,14.32,60.4,0.0,0.5,10.85,6.94,,1.0,83.19,1.0,1.0,2.75,0.75,7,2025-11-01 08:33:22.284665
2,2025-01-19 20:01:19,2025-01-19 20:16:25,N,1.0,74,151,1.0,2.51,15.6,1.0,0.5,3.62,0.0,,1.0,21.72,1.0,1.0,0.0,0.0,7,2025-11-01 08:33:22.284665
2,2025-01-19 21:52:05,2025-01-19 22:02:27,N,1.0,74,24,1.0,2.25,12.1,1.0,0.5,2.19,0.0,,1.0,16.79,1.0,1.0,0.0,0.0,7,2025-11-01 08:33:22.284665
2,2025-01-19 00:35:13,2025-01-19 00:59:12,N,1.0,80,164,1.0,5.59,29.6,1.0,0.5,5.0,0.0,,1.0,40.6,1.0,1.0,2.75,0.75,7,2025-11-01 08:33:22.284665
2,2025-01-19 00:17:29,2025-01-19 00:33:24,N,1.0,97,90,1.0,4.2,20.5,1.0,0.5,5.3,0.0,,1.0,31.8,1.0,1.0,2.75,0.75,7,2025-11-01 08:33:22.284665
2,2025-01-19 00:54:31,2025-01-19 01:09:14,N,1.0,83,95,1.0,2.9,17.0,1.0,0.5,0.0,0.0,,1.0,19.5,2.0,1.0,0.0,0.0,7,2025-11-01 08:33:22.284665
2,2025-01-19 00:33:52,2025-01-19 00:58:10,N,1.0,82,180,1.0,5.94,29.6,1.0,0.5,0.0,0.0,,1.0,32.1,2.0,1.0,0.0,0.0,7,2025-11-01 08:33:22.284665
2,2025-01-19 00:51:14,2025-01-19 00:58:52,N,1.0,75,41,1.0,1.12,8.6,1.0,0.5,0.0,0.0,,1.0,11.1,2.0,1.0,0.0,0.0,7,2025-11-01 08:33:22.284665
2,2025-01-19 00:40:24,2025-01-19 01:02:46,N,1.0,112,239,1.0,5.71,28.2,1.0,0.5,6.69,0.0,,1.0,40.14,1.0,1.0,2.75,0.0,7,2025-11-01 08:33:22.284665
2,2025-01-19 00:24:27,2025-01-19 00:49:58,N,1.0,7,90,1.0,5.79,29.6,1.0,0.5,7.12,0.0,,1.0,42.72,1.0,1.0,2.75,0.75,7,2025-11-01 08:33:22.284665
2,2025-01-19 00:45:44,2025-01-19 01:06:27,N,1.0,130,7,1.0,9.83,40.1,1.0,0.5,8.52,0.0,,1.0,51.12,1.0,1.0,0.0,0.0,7,2025-11-01 08:33:22.284665
2,2025-01-19 00:50:25,2025-01-19 01:04:44,N,1.0,255,4,1.0,3.2,17.7,1.0,0.5,4.74,0.0,,1.0,28.44,1.0,1.0,2.75,0.75,7,2025-11-01 08:33:22.284665
2,2025-01-19 00:25:19,2025-01-19 00:31:08,N,1.0,74,75,1.0,1.17,7.9,1.0,0.5,0.0,0.0,,1.0,10.4,2.0,1.0,0.0,0.0,7,2025-11-01 08:33:22.284665
1,2025-01-19 00:33:35,2025-01-19 00:53:22,Y,1.0,97,257,2.0,0.0,16.3,1.0,1.5,4.7,0.0,,1.0,23.5,1.0,1.0,0.0,0.0,7,2025-11-01 08:33:22.284665
2,2025-01-19 00:21:50,2025-01-19 00:34:03,N,1.0,65,195,2.0,1.91,13.5,1.0,0.5,3.2,0.0,,1.0,19.2,1.0,1.0,0.0,0.0,7,2025-11-01 08:33:22.284665
1,2025-01-19 00:14:19,2025-01-19 00:26:22,N,1.0,83,129,1.0,1.5,10.7,1.0,1.5,2.6,0.0,,1.0,15.8,1.0,1.0,0.0,0.0,7,2025-11-01 08:33:22.284665
2,2025-01-19 00:27:11,2025-01-19 00:38:56,N,1.0,74,236,1.0,1.89,12.8,1.0,0.5,0.0,0.0,,1.0,18.05,2.0,1.0,2.75,0.0,7,2025-11-01 08:33:22.284665
2,2025-01-19 00:26:56,2025-01-19 00:27:01,N,1.0,130,130,1.0,0.0,3.0,1.0,0.5,0.0,0.0,,1.0,5.5,2.0,1.0,0.0,0.0,7,2025-11-01 08:33:22.284665
2,2025-01-19 00:48:09,2025-01-19 01:03:19,N,1.0,145,202,1.0,2.96,17.7,1.0,0.5,4.74,0.0,,1.0,28.44,1.0,1.0,2.75,0.75,7,2025-11-01 08:33:22.284665
2,2025-01-19 00:01:26,2025-01-19 00:09:17,N,1.0,74,152,1.0,0.04,7.9,1.0,0.5,2.6,0.0,,1.0,13.0,1.0,1.0,0.0,0.0,7,2025-11-01 08:33:22.284665
2,2025-01-19 00:59:11,2025-01-19 00:59:46,N,5.0,7,7,1.0,0.0,189.0,0.0,0.0,0.0,0.0,,1.0,190.0,2.0,2.0,0.0,0.0,7,2025-11-01 08:33:22.284665
2,2025-01-19 00:09:40,2025-01-19 00:18:00,N,1.0,95,135,1.0,1.59,10.7,1.0,0.5,3.3,0.0,,1.0,16.5,1.0,1.0,0.0,0.0,7,2025-11-01 08:33:22.284665
2,2025-01-19 00:06:22,2025-01-19 00:13:27,N,1.0,75,74,1.0,1.38,8.6,1.0,0.5,0.0,0.0,,1.0,11.1,2.0,1.0,0.0,0.0,7,2025-11-01 08:33:22.284665
2,2025-01-19 00:59:58,2025-01-19 01:20:22,N,1.0,157,25,1.0,5.78,26.8,1.0,0.5,3.5,0.0,,1.0,32.8,1.0,1.0,0.0,0.0,7,2025-11-01 08:33:22.284665
2,2025-01-19 00:54:04,2025-01-19 01:31:28,N,1.0,97,141,1.0,4.07,32.4,1.0,0.5,0.0,0.0,,1.0,38.4,2.0,1.0,2.75,0.75,7,2025-11-01 08:33:22.284665
2,2025-01-19 00:10:52,2025-01-19 00:31:11,N,1.0,97,37,1.0,3.59,19.8,1.0,0.5,2.0,0.0,,1.0,24.3,1.0,1.0,0.0,0.0,7,2025-11-01 08:33:22.284665
2,2025-01-19 00:16:24,2025-01-19 00:34:18,N,1.0,82,157,1.0,2.98,14.0,0.5,0.5,0.0,0.0,,0.3,15.3,2.0,1.0,0.0,0.0,7,2025-11-01 08:33:22.284665
2,2025-01-19 01:01:38,2025-01-19 01:09:28,N,1.0,82,129,1.0,2.36,9.5,0.5,0.5,2.16,0.0,,0.3,12.96,1.0,1.0,0.0,0.0,7,2025-11-01 08:33:22.284665
2,2025-01-19 00:36:07,2025-01-19 00:39:02,N,1.0,55,55,1.0,0.45,5.1,1.0,0.5,0.0,0.0,,1.0,7.6,2.0,1.0,0.0,0.0,7,2025-11-01 08:33:22.284665
2,2025-01-19 00:30:04,2025-01-19 00:36:06,N,1.0,92,73,2.0,1.38,8.6,1.0,0.5,1.0,0.0,,1.0,12.1,1.0,1.0,0.0,0.0,7,2025-11-01 08:33:22.284665
2,2025-01-19 00:18:25,2025-01-19 00:26:15,N,1.0,7,179,2.0,1.12,9.3,1.0,0.5,0.59,0.0,,1.0,12.39,1.0,1.0,0.0,0.0,7,2025-11-01 08:33:22.284665
2,2025-01-19 00:06:47,2025-01-19 00:30:01,N,1.0,65,36,1.0,7.75,36.6,1.0,0.5,0.0,0.0,,1.0,39.1,1.0,1.0,0.0,0.0,7,2025-11-01 08:33:22.284665
2,2025-01-19 00:11:23,2025-01-19 00:20:49,N,1.0,74,236,1.0,2.18,12.1,1.0,0.5,3.47,0.0,,1.0,20.82,1.0,1.0,2.75,0.0,7,2025-11-01 08:33:22.284665
2,2025-01-19 00:33:18,2025-01-19 00:58:17,N,5.0,255,13,1.0,6.79,50.0,0.0,0.0,10.9,0.0,,1.0,65.4,1.0,2.0,2.75,0.75,7,2025-11-01 08:33:22.284665
2,2025-01-19 00:09:20,2025-01-19 00:23:20,N,1.0,74,263,1.0,2.02,14.9,1.0,0.5,1.0,0.0,,1.0,21.15,1.0,1.0,2.75,0.0,7,2025-11-01 08:33:22.284665
1,2025-01-19 00:16:48,2025-01-19 00:41:16,N,1.0,116,164,2.0,0.0,19.8,4.5,1.5,5.0,0.0,,1.0,30.8,1.0,1.0,2.75,0.75,7,2025-11-01 08:33:22.284665
2,2025-01-19 00:27:57,2025-01-19 00:38:25,N,1.0,74,116,1.0,2.39,13.5,1.0,0.5,0.0,0.0,,1.0,16.0,2.0,1.0,0.0,0.0,7,2025-11-01 08:33:22.284665
2,2025-01-19 01:14:37,2025-01-19 01:34:08,N,1.0,65,89,1.0,3.43,20.5,1.0,0.5,2.0,0.0,,1.0,25.0,1.0,1.0,0.0,0.0,7,2025-11-01 08:33:22.284665
2,2025-01-19 01:12:58,2025-01-19 01:21:29,N,1.0,256,256,1.0,0.9,9.3,1.0,0.5,2.36,0.0,,1.0,14.16,1.0,1.0,0.0,0.0,7,2025-11-01 08:33:22.284665
1,2025-01-19 01:36:16,2025-01-19 02:00:24,N,1.0,260,102,1.0,4.6,25.4,1.0,1.5,0.0,0.0,,1.0,27.9,2.0,1.0,0.0,0.0,7,2025-11-01 08:33:22.284665
2,2025-01-19 01:06:37,2025-01-19 01:11:53,N,1.0,74,41,1.0,0.63,6.5,1.0,0.5,0.0,0.0,,1.0,9.0,2.0,1.0,0.0,0.0,7,2025-11-01 08:33:22.284665
2,2025-01-19 01:52:18,2025-01-19 02:02:44,N,1.0,112,226,1.0,2.47,13.5,1.0,0.5,3.2,0.0,,1.0,19.2,1.0,1.0,0.0,0.0,7,2025-11-01 08:33:22.284665
2,2025-01-19 01:06:18,2025-01-19 01:13:22,N,1.0,82,129,1.0,0.84,7.2,1.0,0.5,0.0,0.0,,1.0,9.7,2.0,1.0,0.0,0.0,7,2025-11-01 08:33:22.284665
2,2025-01-19 02:03:51,2025-01-19 02:44:28,N,1.0,226,226,1.0,5.51,34.5,1.0,0.5,0.0,0.0,,1.0,37.0,2.0,1.0,0.0,0.0,7,2025-11-01 08:33:22.284665
2,2025-01-19 01:44:31,2025-01-19 02:14:43,N,1.0,255,143,1.0,8.99,40.8,1.0,0.5,9.36,0.0,,1.0,56.16,1.0,1.0,2.75,0.75,7,2025-11-01 08:33:22.284665
2,2025-01-19 01:42:00,2025-01-19 01:46:21,N,1.0,243,235,1.0,1.02,7.2,1.0,0.5,0.0,0.0,,1.0,9.7,2.0,1.0,0.0,0.0,7,2025-11-01 08:33:22.284665
1,2025-01-19 01:22:09,2025-01-19 01:22:47,N,1.0,236,75,1.0,0.0,3.0,1.0,1.5,0.0,0.0,,1.0,5.5,4.0,1.0,0.0,0.0,7,2025-11-01 08:33:22.284665
2,2025-01-19 01:36:44,2025-01-19 01:51:48,N,1.0,255,79,2.0,3.3,17.7,1.0,0.5,0.0,0.0,,1.0,23.7,2.0,1.0,2.75,0.75,7,2025-11-01 08:33:22.284665
2,2025-01-19 01:33:34,2025-01-19 01:53:59,N,1.0,116,48,1.0,6.29,30.3,1.0,0.5,7.26,0.0,,1.0,43.56,1.0,1.0,2.75,0.75,7,2025-11-01 08:33:22.284665
2,2025-01-19 01:57:31,2025-01-19 02:08:10,N,1.0,112,37,1.0,1.58,12.1,1.0,0.5,2.92,0.0,,1.0,17.52,1.0,1.0,0.0,0.0,7,2025-11-01 08:33:22.284665
2,2025-01-19 01:08:55,2025-01-19 01:15:30,N,1.0,129,129,1.0,1.01,7.9,1.0,0.5,3.12,0.0,,1.0,13.52,1.0,1.0,0.0,0.0,7,2025-11-01 08:33:22.284665
2,2025-01-19 01:11:01,2025-01-19 01:11:04,N,5.0,74,264,2.0,0.01,25.0,0.0,0.0,5.2,0.0,,1.0,31.2,1.0,2.0,0.0,0.0,7,2025-11-01 08:33:22.284665
2,2025-01-19 01:12:50,2025-01-19 01:17:39,N,1.0,74,41,1.0,0.86,7.2,1.0,0.5,2.91,0.0,,1.0,12.61,1.0,1.0,0.0,0.0,7,2025-11-01 08:33:22.284665
2,2025-01-19 01:00:27,2025-01-19 01:06:50,N,1.0,95,95,1.0,1.09,8.6,1.0,0.5,3.33,0.0,,1.0,14.43,1.0,1.0,0.0,0.0,7,2025-11-01 08:33:22.284665
2,2025-01-19 01:39:21,2025-01-19 01:50:14,N,1.0,95,28,1.0,2.99,15.6,1.0,0.5,0.08,0.0,,1.0,18.18,1.0,1.0,0.0,0.0,7,2025-11-01 08:33:22.284665
2,2025-01-19 02:01:57,2025-01-19 02:23:37,N,1.0,82,198,1.0,6.91,23.0,0.5,0.5,0.0,0.0,,0.3,24.3,2.0,1.0,0.0,0.0,7,2025-11-01 08:33:22.284665
2,2025-01-19 01:11:47,2025-01-19 01:19:53,N,1.0,41,74,5.0,1.32,10.0,1.0,0.5,0.0,0.0,,1.0,12.5,2.0,1.0,0.0,0.0,7,2025-11-01 08:33:22.284665
1,2025-01-19 01:00:12,2025-01-19 01:00:36,N,1.0,129,129,1.0,1.5,3.0,1.0,1.5,0.0,0.0,,1.0,5.5,3.0,1.0,0.0,0.0,7,2025-11-01 08:33:22.284665
1,2025-01-19 01:12:36,2025-01-19 01:18:00,N,1.0,129,129,1.0,0.6,7.2,1.0,1.5,0.0,0.0,,1.0,9.7,1.0,1.0,0.0,0.0,7,2025-11-01 08:33:22.284665
2,2025-01-19 01:32:35,2025-01-19 01:44:54,N,1.0,83,157,1.0,2.9,15.6,1.0,0.5,1.0,0.0,,1.0,19.1,1.0,1.0,0.0,0.0,7,2025-11-01 08:33:22.284665
2,2025-01-19 01:18:55,2025-01-19 01:26:33,N,5.0,255,80,1.0,1.19,20.0,0.0,0.0,4.2,0.0,,1.0,25.2,1.0,2.0,0.0,0.0,7,2025-11-01 08:33:22.284665
2,2025-01-19 01:46:02,2025-01-19 02:09:12,N,5.0,255,137,4.0,5.92,55.0,0.0,0.0,11.9,0.0,,1.0,71.4,1.0,2.0,2.75,0.75,7,2025-11-01 08:33:22.284665
1,2025-01-19 01:05:08,2025-01-19 01:11:06,N,1.0,74,41,1.0,1.1,8.6,1.0,1.5,1.95,0.0,,1.0,13.05,1.0,1.0,0.0,0.0,7,2025-11-01 08:33:22.284665
2,2025-01-19 01:06:41,2025-01-19 01:12:16,N,1.0,74,41,1.0,1.07,7.9,1.0,0.5,0.0,0.0,,1.0,10.4,2.0,1.0,0.0,0.0,7,2025-11-01 08:33:22.284665
1,2025-01-19 01:09:59,2025-01-19 01:19:48,N,1.0,25,33,2.0,1.7,11.4,1.0,1.5,0.0,0.0,,1.0,13.9,2.0,1.0,0.0,0.0,7,2025-11-01 08:33:22.284665
2,2025-01-19 02:23:40,2025-01-19 02:56:04,N,1.0,80,142,1.0,9.87,43.6,1.0,0.5,1.0,0.0,,1.0,50.6,1.0,1.0,2.75,0.75,7,2025-11-01 08:33:22.284665
2,2025-01-19 02:34:08,2025-01-19 02:43:39,N,1.0,82,129,1.0,0.85,10.0,1.0,0.5,2.5,0.0,,1.0,15.0,1.0,1.0,0.0,0.0,7,2025-11-01 08:33:22.284665
2,2025-01-19 02:01:38,2025-01-19 02:07:43,N,1.0,41,75,1.0,1.12,8.6,1.0,0.5,0.0,0.0,,1.0,11.1,2.0,1.0,0.0,0.0,7,2025-11-01 08:33:22.284665
2,2025-01-19 02:51:33,2025-01-19 03:10:24,N,1.0,260,163,1.0,5.12,24.7,1.0,0.5,0.0,0.0,,1.0,30.7,2.0,1.0,2.75,0.75,7,2025-11-01 08:33:22.284665
2,2025-01-19 02:18:06,2025-01-19 02:39:53,N,1.0,255,113,2.0,4.11,23.3,1.0,0.5,5.27,0.0,,1.0,34.57,1.0,1.0,2.75,0.75,7,2025-11-01 08:33:22.284665
2,2025-01-19 02:45:38,2025-01-19 02:57:03,N,1.0,157,112,5.0,2.76,14.2,1.0,0.5,3.34,0.0,,1.0,20.04,1.0,1.0,0.0,0.0,7,2025-11-01 08:33:22.284665
2,2025-01-19 02:44:09,2025-01-19 02:44:11,N,5.0,179,264,1.0,0.0,34.0,0.0,0.0,7.0,0.0,,1.0,42.0,1.0,2.0,0.0,0.0,7,2025-11-01 08:33:22.284665
2,2025-01-19 02:13:13,2025-01-19 02:40:32,N,1.0,36,249,5.0,6.7,33.1,1.0,0.5,0.0,0.0,,1.0,39.1,1.0,1.0,2.75,0.75,7,2025-11-01 08:33:22.284665
2,2025-01-19 02:06:03,2025-01-19 02:15:23,N,1.0,95,135,1.0,1.39,10.7,1.0,0.5,2.0,0.0,,1.0,15.2,1.0,1.0,0.0,0.0,7,2025-11-01 08:33:22.284665
2,2025-01-19 02:30:22,2025-01-19 02:52:56,N,1.0,129,28,1.0,9.08,39.4,1.0,0.5,0.0,0.0,,1.0,41.9,2.0,1.0,0.0,0.0,7,2025-11-01 08:33:22.284665
2,2025-01-19 02:16:42,2025-01-19 02:44:09,N,5.0,80,234,1.0,7.27,50.0,0.0,0.0,0.0,0.0,,1.0,54.5,1.0,2.0,2.75,0.75,7,2025-11-01 08:33:22.284665
1,2025-01-19 02:16:17,2025-01-19 02:33:06,N,1.0,83,33,1.0,0.0,31.5,0.0,1.5,0.0,0.0,,1.0,33.0,1.0,1.0,0.0,0.0,7,2025-11-01 08:33:22.284665
2,2025-01-19 02:08:15,2025-01-19 02:21:16,N,5.0,80,145,2.0,6.36,45.0,0.0,0.0,0.0,6.94,,1.0,52.94,1.0,2.0,0.0,0.0,7,2025-11-01 08:33:22.284665
2,2025-01-19 02:58:25,2025-01-19 03:03:37,N,1.0,92,73,1.0,1.47,8.6,1.0,0.5,2.78,0.0,,1.0,13.88,1.0,1.0,0.0,0.0,7,2025-11-01 08:33:22.284665
2,2025-01-19 02:01:16,2025-01-19 02:08:30,N,1.0,74,41,1.0,1.29,9.3,1.0,0.5,2.36,0.0,,1.0,14.16,1.0,1.0,0.0,0.0,7,2025-11-01 08:33:22.284665
1,2025-01-19 02:21:01,2025-01-19 02:35:17,N,1.0,25,148,2.0,3.3,17.7,4.5,1.5,2.55,0.0,,1.0,26.25,1.0,1.0,2.75,0.75,7,2025-11-01 08:33:22.284665
2,2025-01-19 03:27:40,2025-01-19 03:34:45,N,1.0,157,80,1.0,2.13,10.7,1.0,0.5,3.96,0.0,,1.0,17.16,1.0,1.0,0.0,0.0,7,2025-11-01 08:33:22.284665
2,2025-01-19 03:31:38,2025-01-19 03:45:08,N,1.0,80,256,1.0,2.59,15.6,1.0,0.5,3.62,0.0,,1.0,21.72,1.0,1.0,0.0,0.0,7,2025-11-01 08:33:22.284665
2,2025-01-19 03:36:47,2025-01-19 03:56:17,N,1.0,83,92,1.0,6.81,29.6,1.0,0.5,0.0,0.0,,1.0,32.1,2.0,1.0,0.0,0.0,7,2025-11-01 08:33:22.284665
2,2025-01-19 03:12:37,2025-01-19 03:12:40,N,5.0,70,264,2.0,0.0,20.0,0.0,0.0,5.25,0.0,,1.0,26.25,1.0,2.0,0.0,0.0,7,2025-11-01 08:33:22.284665
2,2025-01-19 03:57:13,2025-01-19 04:23:52,N,1.0,216,83,1.0,10.37,43.6,1.0,0.5,0.0,0.0,,1.0,46.1,2.0,1.0,0.0,0.0,7,2025-11-01 08:33:22.284665
2,2025-01-19 03:34:23,2025-01-19 03:45:16,N,1.0,130,130,1.0,1.22,11.4,1.0,0.5,0.0,0.0,,1.0,13.9,2.0,1.0,0.0,0.0,7,2025-11-01 08:33:22.284665
2,2025-01-19 03:56:04,2025-01-19 03:56:41,N,5.0,130,130,1.0,0.01,45.0,0.0,0.0,0.0,0.0,,1.0,46.0,2.0,2.0,0.0,0.0,7,2025-11-01 08:33:22.284665
2,2025-01-19 03:57:23,2025-01-19 03:57:27,N,5.0,130,130,1.0,0.0,45.0,0.0,0.0,0.0,0.0,,1.0,46.0,1.0,2.0,0.0,0.0,7,2025-11-01 08:33:22.284665
2,2025-01-19 03:35:10,2025-01-19 03:54:09,N,1.0,80,66,1.0,5.04,25.4,1.0,0.5,5.58,0.0,,1.0,33.48,1.0,1.0,0.0,0.0,7,2025-11-01 08:33:22.284665
2,2025-01-19 03:56:05,2025-01-19 04:03:05,N,1.0,119,119,1.0,0.87,7.9,1.0,0.5,0.0,0.0,,1.0,10.4,2.0,1.0,0.0,0.0,7,2025-11-01 08:33:22.284665
1,2025-01-19 03:43:44,2025-01-19 03:57:18,Y,1.0,80,225,1.0,0.0,12.1,1.0,1.5,2.8,0.0,,1.0,17.4,1.0,1.0,0.0,0.0,7,2025-11-01 08:33:22.284665
2,2025-01-19 03:18:07,2025-01-19 03:18:09,N,1.0,264,264,1.0,0.0,3.0,1.0,0.5,1.38,0.0,,1.0,6.88,1.0,1.0,0.0,0.0,7,2025-11-01 08:33:22.284665
2,2025-01-19 03:57:36,2025-01-19 04:20:28,N,1.0,129,130,1.0,9.9,40.8,1.0,0.5,8.66,0.0,,1.0,51.96,1.0,1.0,0.0,0.0,7,2025-11-01 08:33:22.284665
2,2025-01-19 03:22:08,2025-01-19 03:36:08,N,1.0,112,148,1.0,3.94,19.8,1.0,0.5,5.16,0.0,,1.0,30.96,1.0,1.0,2.75,0.75,7,2025-11-01 08:33:22.284665
2,2025-01-19 03:52:06,2025-01-19 04:05:58,N,1.0,112,157,1.0,3.09,16.3,1.0,0.5,2.0,0.0,,1.0,20.8,1.0,1.0,0.0,0.0,7,2025-11-01 08:33:22.284665
2,2025-01-19 03:42:51,2025-01-19 03:49:26,N,1.0,74,75,1.0,1.65,10.0,1.0,0.5,2.5,0.0,,1.0,15.0,1.0,1.0,0.0,0.0,7,2025-11-01 08:33:22.284665
2,2025-01-19 03:24:31,2025-01-19 03:24:33,N,5.0,80,264,1.0,0.0,50.0,0.0,0.0,0.0,0.0,,1.0,51.0,1.0,2.0,0.0,0.0,7,2025-11-01 08:33:22.284665
2,2025-01-19 03:09:14,2025-01-19 03:33:42,N,1.0,80,229,1.0,7.65,33.8,1.0,0.5,8.0,0.0,,1.0,47.8,1.0,1.0,2.75,0.75,7,2025-11-01 08:33:22.284665
2,2025-01-19 03:39:06,2025-01-19 03:52:26,N,1.0,82,7,1.0,1.94,14.2,1.0,0.5,0.0,0.0,,1.0,16.7,2.0,1.0,0.0,0.0,7,2025-11-01 08:33:22.284665
2,2025-01-19 03:44:59,2025-01-19 03:57:39,N,1.0,256,181,1.0,4.62,15.5,0.5,0.5,3.36,0.0,,0.3,20.16,1.0,1.0,0.0,0.0,7,2025-11-01 08:33:22.284665
2,2025-01-19 03:06:58,2025-01-19 03:18:44,N,1.0,129,95,2.0,2.81,14.9,1.0,0.5,0.0,0.0,,1.0,17.4,1.0,1.0,0.0,0.0,7,2025-11-01 08:33:22.284665
2,2025-01-19 03:22:06,2025-01-19 03:57:17,N,1.0,93,49,1.0,24.89,91.2,1.0,0.5,0.0,0.0,,1.0,93.7,2.0,1.0,0.0,0.0,7,2025-11-01 08:33:22.284665
1,2025-01-19 03:06:27,2025-01-19 03:19:44,N,1.0,25,62,1.0,2.7,14.2,1.0,1.5,0.0,0.0,,1.0,16.7,2.0,1.0,0.0,0.0,7,2025-11-01 08:33:22.284665
2,2025-01-19 04:07:53,2025-01-19 04:12:34,N,1.0,256,112,1.0,0.88,7.2,1.0,0.5,2.0,0.0,,1.0,11.7,1.0,1.0,0.0,0.0,7,2025-11-01 08:33:22.284665
2,2025-01-19 04:23:58,2025-01-19 04:24:02,N,5.0,36,36,1.0,0.0,24.0,0.0,0.0,0.0,0.0,,1.0,25.0,1.0,2.0,0.0,0.0,7,2025-11-01 08:33:22.284665
2,2025-01-19 04:50:14,2025-01-19 04:50:18,N,5.0,112,112,2.0,0.0,25.0,0.0,0.0,5.2,0.0,,1.0,31.2,1.0,2.0,0.0,0.0,7,2025-11-01 08:33:22.284665
2,2025-01-19 04:40:11,2025-01-19 04:44:46,N,1.0,127,136,2.0,0.63,6.5,1.0,0.5,0.0,0.0,,1.0,9.0,2.0,1.0,0.0,0.0,7,2025-11-01 08:33:22.284665
2,2025-01-19 04:41:26,2025-01-19 04:58:09,N,1.0,157,7,1.0,7.64,31.7,1.0,0.5,1.0,0.0,,1.0,35.2,1.0,1.0,0.0,0.0,7,2025-11-01 08:33:22.284665
2,2025-01-19 04:27:06,2025-01-19 04:33:41,N,1.0,80,37,5.0,1.13,8.6,1.0,0.5,1.0,0.0,,1.0,12.1,1.0,1.0,0.0,0.0,7,2025-11-01 08:33:22.284665
2,2025-01-19 04:50:56,2025-01-19 05:13:37,N,1.0,80,48,5.0,7.42,32.4,1.0,0.5,0.0,6.94,,1.0,45.34,2.0,1.0,2.75,0.75,7,2025-11-01 08:33:22.284665
2,2025-01-19 04:35:02,2025-01-19 04:35:11,N,5.0,82,82,2.0,0.0,25.0,0.0,0.0,1.0,0.0,,1.0,27.0,1.0,2.0,0.0,0.0,7,2025-11-01 08:33:22.284665
2,2025-01-19 04:16:58,2025-01-19 04:27:07,N,1.0,82,129,1.0,1.52,11.4,1.0,0.5,0.0,0.0,,1.0,13.9,2.0,1.0,0.0,0.0,7,2025-11-01 08:33:22.284665
2,2025-01-19 04:24:37,2025-01-19 04:25:01,N,1.0,129,129,2.0,0.06,3.0,1.0,0.5,0.0,0.0,,1.0,5.5,2.0,1.0,0.0,0.0,7,2025-11-01 08:33:22.284665
2,2025-01-19 04:02:45,2025-01-19 04:19:09,N,5.0,36,56,2.0,5.23,50.0,0.0,0.0,10.2,0.0,,1.0,61.2,1.0,2.0,0.0,0.0,7,2025-11-01 08:33:22.284665
2,2025-01-19 04:38:36,2025-01-19 04:54:52,N,1.0,56,70,1.0,1.61,15.6,1.0,0.5,5.43,0.0,,1.0,23.53,1.0,1.0,0.0,0.0,7,2025-11-01 08:33:22.284665
2,2025-01-19 05:20:16,2025-01-19 05:37:37,N,1.0,157,25,1.0,5.67,26.1,1.0,0.5,5.72,0.0,,1.0,34.32,1.0,1.0,0.0,0.0,7,2025-11-01 08:33:22.284665
2,2025-01-19 05:14:39,2025-01-19 05:22:42,N,1.0,82,129,1.0,1.12,9.3,1.0,0.5,3.0,0.0,,1.0,14.8,1.0,1.0,0.0,0.0,7,2025-11-01 08:33:22.284665
2,2025-01-19 05:02:43,2025-01-19 05:22:37,N,1.0,157,114,1.0,5.83,26.8,1.0,0.5,6.56,0.0,,1.0,39.36,1.0,1.0,2.75,0.75,7,2025-11-01 08:33:22.284665
2,2025-01-19 05:21:18,2025-01-19 05:35:34,N,1.0,157,112,1.0,3.53,17.7,1.0,0.5,0.0,0.0,,1.0,20.2,2.0,1.0,0.0,0.0,7,2025-11-01 08:33:22.284665
2,2025-01-19 05:06:05,2025-01-19 05:15:13,N,1.0,235,60,1.0,2.94,14.9,1.0,0.5,0.0,0.0,,1.0,17.4,2.0,1.0,0.0,0.0,7,2025-11-01 08:33:22.284665
2,2025-01-19 05:28:52,2025-01-19 05:32:37,N,1.0,82,82,1.0,0.56,5.8,1.0,0.5,1.66,0.0,,1.0,9.96,1.0,1.0,0.0,0.0,7,2025-11-01 08:33:22.284665
2,2025-01-19 05:03:42,2025-01-19 05:12:02,N,1.0,70,223,1.0,2.27,12.1,1.0,0.5,0.0,0.0,,1.0,14.6,2.0,1.0,0.0,0.0,7,2025-11-01 08:33:22.284665
2,2025-01-19 06:24:52,2025-01-19 06:41:57,N,1.0,157,33,1.0,5.7,25.4,0.0,0.5,5.38,0.0,,1.0,32.28,1.0,1.0,0.0,0.0,7,2025-11-01 08:33:22.284665
2,2025-01-19 06:07:40,2025-01-19 06:25:32,N,1.0,157,61,1.0,4.42,21.9,0.0,0.5,5.85,0.0,,1.0,29.25,1.0,1.0,0.0,0.0,7,2025-11-01 08:33:22.284665
2,2025-01-19 06:34:17,2025-01-19 06:45:40,N,1.0,74,243,2.0,4.4,19.8,0.0,0.5,5.32,0.0,,1.0,26.62,1.0,1.0,0.0,0.0,7,2025-11-01 08:33:22.284665
2,2025-01-19 06:32:55,2025-01-19 06:33:01,N,5.0,42,42,1.0,0.07,4.0,0.0,0.0,0.0,0.0,,1.0,5.0,1.0,2.0,0.0,0.0,7,2025-11-01 08:33:22.284665
2,2025-01-19 06:59:06,2025-01-19 07:04:12,N,1.0,41,43,1.0,1.17,7.9,0.0,0.5,2.35,0.0,,1.0,11.75,1.0,1.0,0.0,0.0,7,2025-11-01 08:33:22.284665
2,2025-01-19 06:56:05,2025-01-19 07:05:59,N,1.0,95,135,1.0,2.36,13.5,0.0,0.5,0.0,0.0,,1.0,15.0,2.0,1.0,0.0,0.0,7,2025-11-01 08:33:22.284665
2,2025-01-19 06:12:15,2025-01-19 06:34:21,N,1.0,74,41,1.0,0.79,17.0,0.0,0.5,0.0,0.0,,1.0,18.5,1.0,1.0,0.0,0.0,7,2025-11-01 08:33:22.284665
2,2025-01-19 06:22:40,2025-01-19 06:23:53,N,1.0,226,226,1.0,0.07,-3.7,0.0,-0.5,0.0,0.0,,-1.0,-5.2,2.0,1.0,0.0,0.0,7,2025-11-01 08:33:22.284665
2,2025-01-19 06:22:40,2025-01-19 06:23:53,N,1.0,226,226,1.0,0.07,3.7,0.0,0.5,0.0,0.0,,1.0,5.2,2.0,1.0,0.0,0.0,7,2025-11-01 08:33:22.284665
1,2025-01-19 06:45:27,2025-01-19 06:53:57,N,1.0,82,70,0.0,3.1,14.9,1.0,1.5,1.0,0.0,,1.0,18.4,1.0,1.0,0.0,0.0,7,2025-11-01 08:33:22.284665
2,2025-01-19 06:36:26,2025-01-19 06:44:11,N,1.0,157,80,2.0,1.89,11.4,0.0,0.5,2.58,0.0,,1.0,15.48,1.0,1.0,0.0,0.0,7,2025-11-01 08:33:22.284665
2,2025-01-19 06:52:35,2025-01-19 06:59:15,N,1.0,74,236,1.0,2.12,10.7,0.0,0.5,1.0,0.0,,1.0,15.95,1.0,1.0,2.75,0.0,7,2025-11-01 08:33:22.284665
2,2025-01-19 06:43:45,2025-01-19 06:48:04,N,1.0,116,42,1.0,0.95,7.2,0.0,0.5,0.8,0.0,,1.0,9.5,1.0,1.0,0.0,0.0,7,2025-11-01 08:33:22.284665
2,2025-01-19 07:44:32,2025-01-19 07:51:31,N,1.0,157,36,1.0,1.53,9.3,0.0,0.5,1.0,0.0,,1.0,11.8,1.0,1.0,0.0,0.0,7,2025-11-01 08:33:22.284665
2,2025-01-19 07:56:39,2025-01-19 07:56:42,N,5.0,132,264,1.0,0.0,25.0,0.0,0.0,5.2,0.0,,1.0,31.2,1.0,2.0,0.0,0.0,7,2025-11-01 08:33:22.284665
2,2025-01-19 07:39:04,2025-01-19 07:46:33,N,1.0,74,166,1.0,1.55,10.0,0.0,0.5,0.0,0.0,,1.0,11.5,2.0,1.0,0.0,0.0,7,2025-11-01 08:33:22.284665
1,2025-01-19 07:32:51,2025-01-19 07:45:56,N,1.0,129,170,1.0,6.6,28.2,3.5,1.5,15.0,6.94,,1.0,55.14,1.0,1.0,2.75,0.75,7,2025-11-01 08:33:22.284665
2,2025-01-19 06:59:14,2025-01-19 07:08:54,N,1.0,74,140,1.0,3.95,17.7,0.0,0.5,4.39,0.0,,1.0,26.34,1.0,1.0,2.75,0.0,7,2025-11-01 08:33:22.284665
2,2025-01-19 07:14:30,2025-01-19 07:42:12,N,2.0,75,75,1.0,19.32,70.0,0.0,0.5,0.0,0.0,,1.0,71.5,2.0,1.0,0.0,0.0,7,2025-11-01 08:33:22.284665
2,2025-01-19 07:59:29,2025-01-19 08:02:04,N,1.0,75,75,1.0,0.58,5.1,0.0,0.5,0.0,0.0,,1.0,6.6,2.0,1.0,0.0,0.0,7,2025-11-01 08:33:22.284665
2,2025-01-19 07:07:15,2025-01-19 07:17:18,N,1.0,92,223,1.0,4.41,19.8,0.0,0.5,4.26,0.0,,1.0,25.56,1.0,1.0,0.0,0.0,7,2025-11-01 08:33:22.284665
2,2025-01-19 07:02:33,2025-01-19 07:06:04,N,1.0,75,74,1.0,1.44,7.9,0.0,0.5,0.0,0.0,,1.0,9.4,1.0,1.0,0.0,0.0,7,2025-11-01 08:33:22.284665
2,2025-01-19 07:26:52,2025-01-19 07:32:11,N,1.0,74,42,1.0,1.23,7.9,0.0,0.5,1.88,0.0,,1.0,11.28,1.0,1.0,0.0,0.0,7,2025-11-01 08:33:22.284665
2,2025-01-19 07:25:24,2025-01-19 07:32:32,N,1.0,74,75,1.0,1.42,9.3,0.0,0.5,0.0,0.0,,1.0,10.8,1.0,1.0,0.0,0.0,7,2025-11-01 08:33:22.284665
2,2025-01-19 07:37:12,2025-01-19 07:41:05,N,1.0,75,74,1.0,1.43,7.9,0.0,0.5,1.88,0.0,,1.0,11.28,1.0,1.0,0.0,0.0,7,2025-11-01 08:33:22.284665
2,2025-01-19 07:30:46,2025-01-19 07:57:01,N,1.0,95,238,1.0,14.37,56.2,0.0,0.5,0.0,6.94,,1.0,64.64,2.0,1.0,0.0,0.0,7,2025-11-01 08:33:22.284665
2,2025-01-19 07:45:16,2025-01-19 07:45:20,N,5.0,218,264,1.0,0.12,16.0,0.0,0.0,0.0,0.0,,1.0,17.0,1.0,2.0,0.0,0.0,7,2025-11-01 08:33:22.284665
2,2025-01-19 07:52:28,2025-01-19 08:09:47,N,1.0,41,107,1.0,7.0,29.6,0.0,0.5,2.0,0.0,,1.0,36.6,1.0,1.0,2.75,0.75,7,2025-11-01 08:33:22.284665
2,2025-01-19 08:24:07,2025-01-19 08:32:48,N,1.0,157,36,1.0,1.82,11.4,0.0,0.5,2.58,0.0,,1.0,15.48,1.0,1.0,0.0,0.0,7,2025-11-01 08:33:22.284665
2,2025-01-19 08:21:47,2025-01-19 08:29:10,N,5.0,223,223,1.0,1.44,11.0,0.0,0.0,0.01,0.0,,1.0,12.01,1.0,2.0,0.0,0.0,7,2025-11-01 08:33:22.284665
2,2025-01-19 08:32:05,2025-01-19 08:40:58,N,1.0,49,65,1.0,0.68,9.3,0.0,0.5,0.0,0.0,,1.0,10.8,2.0,1.0,0.0,0.0,7,2025-11-01 08:33:22.284665
2,2025-01-19 08:52:42,2025-01-19 08:57:57,N,1.0,74,75,1.0,1.44,8.6,0.0,0.5,2.02,0.0,,1.0,12.12,1.0,1.0,0.0,0.0,7,2025-11-01 08:33:22.284665
1,2025-01-19 08:05:15,2025-01-19 08:11:08,N,1.0,74,42,1.0,1.5,9.3,0.0,1.5,0.0,0.0,,1.0,10.8,3.0,1.0,0.0,0.0,7,2025-11-01 08:33:22.284665
1,2025-01-19 08:33:32,2025-01-19 08:49:45,N,1.0,74,264,1.0,4.9,22.6,2.75,1.5,0.0,0.0,,1.0,26.85,1.0,1.0,2.75,0.0,7,2025-11-01 08:33:22.284665
1,2025-01-19 08:19:36,2025-01-19 08:34:47,N,1.0,136,42,1.0,0.0,23.5,0.0,1.5,0.0,0.0,,1.0,25.0,1.0,1.0,0.0,0.0,7,2025-11-01 08:33:22.284665
1,2025-01-19 08:56:50,2025-01-19 09:15:26,N,1.0,119,116,1.0,0.0,17.5,0.0,1.5,0.0,0.0,,1.0,19.0,1.0,1.0,0.0,0.0,7,2025-11-01 08:33:22.284665
2,2025-01-19 06:26:51,2025-01-19 06:32:27,N,1.0,74,236,1.0,1.78,9.3,0.0,0.5,0.0,0.0,,1.0,13.55,2.0,1.0,2.75,0.0,7,2025-11-01 08:33:22.284665
2,2025-01-19 07:59:56,2025-01-19 08:14:23,N,1.0,166,142,1.0,3.02,17.7,0.0,0.5,2.0,0.0,,1.0,24.7,1.0,1.0,2.75,0.75,7,2025-11-01 08:33:22.284665
2,2025-01-19 08:40:46,2025-01-19 08:49:36,N,1.0,43,142,1.0,2.67,13.5,0.0,0.5,3.55,0.0,,1.0,21.3,1.0,1.0,2.75,0.0,7,2025-11-01 08:33:22.284665
2,2025-01-19 08:52:32,2025-01-19 08:56:24,N,1.0,42,42,1.0,0.66,6.5,0.0,0.5,0.8,0.0,,1.0,8.8,1.0,1.0,0.0,0.0,7,2025-11-01 08:33:22.284665
2,2025-01-19 08:05:23,2025-01-19 08:19:12,N,1.0,41,243,1.0,4.75,21.2,0.0,0.5,2.0,0.0,,1.0,24.7,1.0,1.0,0.0,0.0,7,2025-11-01 08:33:22.284665
2,2025-01-19 08:53:37,2025-01-19 09:06:41,N,1.0,74,230,1.0,4.09,18.4,0.0,0.5,1.0,0.0,,1.0,24.4,1.0,1.0,2.75,0.75,7,2025-11-01 08:33:22.284665
2,2025-01-19 08:51:28,2025-01-19 08:56:49,N,1.0,97,106,1.0,1.0,7.9,0.0,0.5,2.35,0.0,,1.0,11.75,1.0,1.0,0.0,0.0,7,2025-11-01 08:33:22.284665
1,2025-01-19 08:50:38,2025-01-19 09:28:31,N,1.0,167,48,1.0,0.0,37.5,0.0,1.5,0.0,0.0,,1.0,39.0,1.0,1.0,0.0,0.0,7,2025-11-01 08:33:22.284665
1,2025-01-19 08:26:14,2025-01-19 08:30:55,N,1.0,95,95,1.0,0.8,6.5,0.0,1.5,0.0,0.0,,1.0,8.0,2.0,1.0,0.0,0.0,7,2025-11-01 08:33:22.284665
1,2025-01-19 08:54:25,2025-01-19 09:03:05,N,1.0,26,26,1.0,0.0,16.5,0.0,1.5,0.0,0.0,,1.0,18.0,1.0,1.0,0.0,0.0,7,2025-11-01 08:33:22.284665
2,2025-01-19 08:26:43,2025-01-19 08:31:23,N,1.0,74,75,1.0,1.46,8.6,0.0,0.5,0.0,0.0,,1.0,10.1,2.0,1.0,0.0,0.0,7,2025-11-01 08:33:22.284665
2,2025-01-19 08:26:17,2025-01-19 08:31:21,N,1.0,74,41,1.0,0.83,7.2,0.0,0.5,0.0,0.0,,1.0,8.7,2.0,1.0,0.0,0.0,7,2025-11-01 08:33:22.284665
1,2025-01-19 08:46:09,2025-01-19 09:02:35,N,1.0,65,188,1.0,3.3,18.4,0.0,1.5,2.0,0.0,,1.0,21.9,1.0,1.0,0.0,0.0,7,2025-11-01 08:33:22.284665
2,2025-01-19 08:29:38,2025-01-19 08:38:58,N,1.0,74,236,1.0,2.33,12.8,0.0,0.5,3.41,0.0,,1.0,20.46,1.0,1.0,2.75,0.0,7,2025-11-01 08:33:22.284665
2,2025-01-19 08:27:24,2025-01-19 08:40:34,N,1.0,130,205,1.0,3.71,18.4,0.0,0.5,2.8,0.0,,1.0,22.7,1.0,1.0,0.0,0.0,7,2025-11-01 08:33:22.284665
2,2025-01-19 09:39:28,2025-01-19 09:50:56,N,1.0,74,138,1.0,6.62,26.8,5.0,0.5,8.05,6.94,,1.0,48.29,1.0,1.0,0.0,0.0,7,2025-11-01 08:33:22.284665
2,2025-01-19 09:53:18,2025-01-19 10:04:52,N,1.0,74,263,1.0,2.14,13.5,0.0,0.5,3.55,0.0,,1.0,21.3,1.0,1.0,2.75,0.0,7,2025-11-01 08:33:22.284665
2,2025-01-19 09:20:45,2025-01-19 09:35:02,N,1.0,95,121,3.0,2.74,17.0,0.0,0.5,3.7,0.0,,1.0,22.2,1.0,1.0,0.0,0.0,7,2025-11-01 08:33:22.284665
2,2025-01-19 10:05:07,2025-01-19 10:14:13,N,1.0,95,102,2.0,2.4,12.8,0.0,0.5,0.0,0.0,,1.0,14.3,2.0,1.0,0.0,0.0,7,2025-11-01 08:33:22.284665
2,2025-01-19 09:40:18,2025-01-19 09:49:34,N,1.0,41,238,1.0,1.55,10.7,0.0,0.5,1.5,0.0,,1.0,16.45,1.0,1.0,2.75,0.0,7,2025-11-01 08:33:22.284665
2,2025-01-19 09:55:55,2025-01-19 10:08:19,N,1.0,74,239,1.0,3.47,17.0,0.0,0.5,3.0,0.0,,1.0,24.25,1.0,1.0,2.75,0.0,7,2025-11-01 08:33:22.284665
1,2025-01-19 09:36:33,2025-01-19 09:51:38,N,1.0,94,42,1.0,0.0,24.5,0.0,1.5,0.0,0.0,,1.0,26.0,1.0,1.0,0.0,0.0,7,2025-11-01 08:33:22.284665
2,2025-01-19 09:50:54,2025-01-19 09:55:55,N,1.0,43,263,1.0,1.2,7.2,0.0,0.5,2.0,0.0,,1.0,13.45,1.0,1.0,2.75,0.0,7,2025-11-01 08:33:22.284665
2,2025-01-19 06:54:16,2025-01-19 06:59:16,N,1.0,74,41,1.0,0.92,7.2,0.0,0.5,0.0,0.0,,1.0,8.7,2.0,1.0,0.0,0.0,7,2025-11-01 08:33:22.284665
2,2025-01-19 09:48:52,2025-01-19 09:52:12,N,1.0,166,151,1.0,0.6,5.8,0.0,0.5,0.0,0.0,,1.0,7.3,1.0,1.0,0.0,0.0,7,2025-11-01 08:33:22.284665
2,2025-01-19 09:47:08,2025-01-19 10:01:06,N,1.0,95,131,1.0,3.67,18.4,0.0,0.5,2.0,0.0,,1.0,21.9,1.0,1.0,0.0,0.0,7,2025-11-01 08:33:22.284665
2,2025-01-19 09:29:36,2025-01-19 09:42:10,N,1.0,74,238,1.0,2.81,14.9,0.0,0.5,2.87,0.0,,1.0,22.02,1.0,1.0,2.75,0.0,7,2025-11-01 08:33:22.284665
2,2025-01-19 09:37:35,2025-01-19 09:44:05,N,1.0,75,43,1.0,0.99,8.6,0.0,0.5,0.0,0.0,,1.0,10.1,2.0,1.0,0.0,0.0,7,2025-11-01 08:33:22.284665
1,2025-01-19 09:52:10,2025-01-19 10:07:10,N,1.0,244,262,1.0,5.8,24.7,2.75,1.5,0.0,0.0,,1.0,28.95,2.0,1.0,2.75,0.0,7,2025-11-01 08:33:22.284665
2,2025-01-19 09:15:23,2025-01-19 09:27:24,N,1.0,74,239,1.0,3.15,16.3,0.0,0.5,6.16,0.0,,1.0,26.71,1.0,1.0,2.75,0.0,7,2025-11-01 08:33:22.284665
2,2025-01-19 09:49:11,2025-01-19 09:52:59,N,1.0,74,41,1.0,0.79,5.8,0.0,0.5,1.0,0.0,,1.0,8.3,1.0,1.0,0.0,0.0,7,2025-11-01 08:33:22.284665
1,2025-01-19 09:35:39,2025-01-19 09:51:32,N,1.0,74,151,1.0,2.7,15.6,0.0,1.5,3.4,0.0,,1.0,20.5,1.0,1.0,0.0,0.0,7,2025-11-01 08:33:22.284665
2,2025-01-19 09:52:13,2025-01-19 09:55:38,N,1.0,159,69,6.0,0.89,6.5,0.0,0.5,0.0,0.0,,1.0,8.0,2.0,1.0,0.0,0.0,7,2025-11-01 08:33:22.284665
1,2025-01-19 09:46:56,2025-01-19 09:50:35,N,1.0,24,151,1.0,0.6,5.1,0.0,1.5,0.79,0.0,,1.0,7.39,1.0,1.0,0.0,0.0,7,2025-11-01 08:33:22.284665
1,2025-01-19 09:48:07,2025-01-19 09:59:48,N,1.0,95,135,1.0,2.6,14.2,0.0,1.5,0.0,0.0,,1.0,15.7,2.0,1.0,0.0,0.0,7,2025-11-01 08:33:22.284665
2,2025-01-19 09:16:29,2025-01-19 09:16:32,N,5.0,264,264,1.0,0.12,13.0,0.0,0.0,0.0,0.0,,1.0,14.0,1.0,2.0,0.0,0.0,7,2025-11-01 08:33:22.284665
2,2025-01-19 09:38:36,2025-01-19 09:50:32,N,1.0,74,151,1.0,2.55,14.9,0.0,0.5,3.28,0.0,,1.0,19.68,1.0,1.0,0.0,0.0,7,2025-11-01 08:33:22.284665
1,2025-01-19 09:25:52,2025-01-19 09:31:07,N,1.0,61,189,1.0,0.0,15.5,0.0,1.5,0.0,0.0,,1.0,17.0,1.0,1.0,0.0,0.0,7,2025-11-01 08:33:22.284665
1,2025-01-19 09:53:58,2025-01-19 10:05:37,N,1.0,97,189,0.0,2.0,13.5,0.0,1.5,3.0,0.0,,1.0,18.0,1.0,1.0,0.0,0.0,7,2025-11-01 08:33:22.284665
2,2025-01-19 09:51:16,2025-01-19 10:13:19,N,1.0,121,191,2.0,5.39,27.5,0.0,0.5,0.0,0.0,,1.0,29.0,2.0,1.0,0.0,0.0,7,2025-11-01 08:33:22.284665
2,2025-01-19 09:16:40,2025-01-19 09:38:12,N,1.0,216,157,1.0,9.71,39.4,0.0,0.5,3.0,0.0,,1.0,43.9,1.0,1.0,0.0,0.0,7,2025-11-01 08:33:22.284665
2,2025-01-19 09:13:15,2025-01-19 09:13:18,N,1.0,74,264,1.0,0.0,3.0,0.0,0.5,0.0,0.0,,1.0,4.5,2.0,1.0,0.0,0.0,7,2025-11-01 08:33:22.284665
2,2025-01-19 09:58:59,2025-01-19 10:09:28,N,1.0,74,239,1.0,3.07,15.6,0.0,0.5,2.0,0.0,,1.0,21.85,1.0,1.0,2.75,0.0,7,2025-11-01 08:33:22.284665
2,2025-01-19 09:05:38,2025-01-19 09:29:13,N,5.0,65,132,1.0,17.79,80.0,0.0,0.0,20.25,0.0,,1.0,101.25,1.0,2.0,0.0,0.0,7,2025-11-01 08:33:22.284665
2,2025-01-19 09:41:13,2025-01-19 09:52:37,N,1.0,74,43,1.0,2.29,13.5,0.0,0.5,0.22,0.0,,1.0,17.97,1.0,1.0,2.75,0.0,7,2025-11-01 08:33:22.284665
1,2025-01-19 09:22:55,2025-01-19 09:54:43,N,1.0,78,48,1.0,0.0,35.5,0.0,1.5,0.0,0.0,,1.0,37.0,1.0,1.0,0.0,0.0,7,2025-11-01 08:33:22.284665
2,2025-01-19 09:47:51,2025-01-19 09:59:29,N,1.0,130,138,1.0,7.17,28.2,5.0,0.5,6.94,0.0,,1.0,41.64,1.0,1.0,0.0,0.0,7,2025-11-01 08:33:22.284665
2,2025-01-19 09:59:09,2025-01-19 10:06:51,N,1.0,74,42,1.0,1.37,10.0,0.0,0.5,0.0,0.0,,1.0,11.5,1.0,1.0,0.0,0.0,7,2025-11-01 08:33:22.284665
2,2025-01-19 09:41:09,2025-01-19 09:53:09,N,1.0,74,236,1.0,2.47,14.9,0.0,0.5,1.0,0.0,,1.0,20.15,1.0,1.0,2.75,0.0,7,2025-11-01 08:33:22.284665
2,2025-01-19 10:51:19,2025-01-19 11:07:48,N,1.0,43,234,1.0,3.53,19.1,0.0,0.5,2.0,0.0,,1.0,26.1,1.0,1.0,2.75,0.75,7,2025-11-01 08:33:22.284665
2,2025-01-19 10:07:36,2025-01-19 10:20:12,N,1.0,146,163,1.0,2.64,14.9,0.0,0.5,15.0,0.0,,1.0,34.9,1.0,1.0,2.75,0.75,7,2025-11-01 08:33:22.284665
2,2025-01-19 10:31:28,2025-01-19 10:55:54,N,1.0,260,16,2.0,11.78,47.8,0.0,0.5,0.0,0.0,,1.0,49.3,2.0,1.0,0.0,0.0,7,2025-11-01 08:33:22.284665
2,2025-01-19 10:38:39,2025-01-19 10:47:19,N,1.0,82,138,1.0,3.84,17.0,5.0,0.5,4.7,0.0,,1.0,28.2,1.0,1.0,0.0,0.0,7,2025-11-01 08:33:22.284665
2,2025-01-19 10:06:43,2025-01-19 10:16:26,N,1.0,74,236,1.0,1.79,12.1,0.0,0.5,3.27,0.0,,1.0,19.62,1.0,1.0,2.75,0.0,7,2025-11-01 08:33:22.284665
2,2025-01-19 10:22:56,2025-01-19 10:30:38,N,1.0,236,151,1.0,1.53,10.0,0.0,0.5,1.5,0.0,,1.0,13.0,1.0,1.0,0.0,0.0,7,2025-11-01 08:33:22.284665
2,2025-01-19 11:05:23,2025-01-19 11:16:51,N,1.0,95,130,1.0,2.62,14.9,0.0,0.5,3.28,0.0,,1.0,19.68,1.0,1.0,0.0,0.0,7,2025-11-01 08:33:22.284665
2,2025-01-19 10:24:35,2025-01-19 10:31:42,N,1.0,43,42,1.0,1.87,10.0,0.0,0.5,2.3,0.0,,1.0,13.8,1.0,1.0,0.0,0.0,7,2025-11-01 08:33:22.284665
2,2025-01-19 10:49:19,2025-01-19 10:54:36,N,1.0,41,151,1.0,1.03,7.2,0.0,0.5,1.0,0.0,,1.0,9.7,1.0,1.0,0.0,0.0,7,2025-11-01 08:33:22.284665
1,2025-01-19 10:07:09,2025-01-19 10:22:17,N,1.0,74,164,1.0,7.0,30.3,3.5,1.5,3.0,0.0,,1.0,38.3,1.0,1.0,2.75,0.75,7,2025-11-01 08:33:22.284665
2,2025-01-19 10:03:12,2025-01-19 10:11:54,N,1.0,236,237,1.0,1.8,12.1,0.0,0.5,3.27,0.0,,1.0,19.62,1.0,1.0,2.75,0.0,7,2025-11-01 08:33:22.284665
2,2025-01-19 10:26:15,2025-01-19 10:42:37,N,1.0,43,224,1.0,4.77,24.7,0.0,0.5,5.94,0.0,,1.0,35.64,1.0,1.0,2.75,0.75,7,2025-11-01 08:33:22.284665
2,2025-01-19 10:17:16,2025-01-19 10:23:44,N,1.0,75,74,2.0,1.26,8.6,0.0,0.5,0.0,0.0,,1.0,10.1,2.0,1.0,0.0,0.0,7,2025-11-01 08:33:22.284665
2,2025-01-19 10:19:26,2025-01-19 10:35:41,N,1.0,196,138,1.0,5.55,25.4,5.0,0.5,0.0,0.0,,1.0,31.9,2.0,1.0,0.0,0.0,7,2025-11-01 08:33:22.284665
2,2025-01-19 10:17:07,2025-01-19 10:32:04,N,1.0,95,192,1.0,3.33,19.1,0.0,0.5,0.0,0.0,,1.0,20.6,2.0,1.0,0.0,0.0,7,2025-11-01 08:33:22.284665
2,2025-01-19 10:37:12,2025-01-19 10:51:09,N,1.0,74,166,1.0,1.83,14.2,0.0,0.5,3.14,0.0,,1.0,18.84,1.0,1.0,0.0,0.0,7,2025-11-01 08:33:22.284665
1,2025-01-19 10:46:03,2025-01-19 10:52:07,N,1.0,75,263,1.0,1.0,7.2,2.75,1.5,3.43,0.0,,1.0,14.88,1.0,1.0,2.75,0.0,7,2025-11-01 08:33:22.284665
2,2025-01-19 10:35:09,2025-01-19 10:47:22,N,1.0,41,238,1.0,2.2,13.5,0.0,0.5,5.32,0.0,,1.0,23.07,1.0,1.0,2.75,0.0,7,2025-11-01 08:33:22.284665
2,2025-01-19 10:42:10,2025-01-19 10:55:49,N,1.0,166,239,1.0,2.59,16.3,0.0,0.5,3.0,0.0,,1.0,23.55,1.0,1.0,2.75,0.0,7,2025-11-01 08:33:22.284665
2,2025-01-19 10:03:12,2025-01-19 10:10:59,N,1.0,75,239,1.0,2.0,11.4,0.0,0.5,3.13,0.0,,1.0,18.78,1.0,1.0,2.75,0.0,7,2025-11-01 08:33:22.284665
2,2025-01-19 10:51:09,2025-01-19 11:35:09,N,1.0,74,49,1.0,12.95,60.4,0.0,0.5,12.93,0.0,,1.0,77.58,1.0,1.0,2.75,0.0,7,2025-11-01 08:33:22.284665
2,2025-01-19 10:18:24,2025-01-19 10:35:41,N,1.0,130,203,1.0,7.84,32.4,0.0,0.5,0.0,0.0,,1.0,33.9,1.0,1.0,0.0,0.0,7,2025-11-01 08:33:22.284665
2,2025-01-19 10:08:38,2025-01-19 10:23:55,N,1.0,7,162,1.0,3.87,19.8,0.0,0.5,4.96,0.0,,1.0,29.76,1.0,1.0,2.75,0.75,7,2025-11-01 08:33:22.284665
2,2025-01-19 10:26:45,2025-01-19 10:35:47,N,1.0,66,88,1.0,2.76,14.2,0.0,0.5,0.0,0.0,,1.0,18.45,2.0,1.0,2.75,0.0,7,2025-11-01 08:33:22.284665
2,2025-01-19 10:36:15,2025-01-19 10:45:24,N,1.0,74,236,1.0,2.24,12.1,0.0,0.5,3.27,0.0,,1.0,19.62,1.0,1.0,2.75,0.0,7,2025-11-01 08:33:22.284665
1,2025-01-19 10:16:44,2025-01-19 10:18:09,N,1.0,75,75,2.0,0.2,3.7,0.0,1.5,2.0,0.0,,1.0,7.2,1.0,1.0,0.0,0.0,7,2025-11-01 08:33:22.284665
1,2025-01-19 10:46:04,2025-01-19 10:57:04,N,1.0,74,167,1.0,0.0,23.5,0.0,1.5,0.0,0.0,,1.0,25.0,1.0,1.0,0.0,0.0,7,2025-11-01 08:33:22.284665
1,2025-01-19 10:32:10,2025-01-19 10:49:04,N,1.0,166,68,2.0,5.1,23.3,3.5,1.5,7.05,0.0,,1.0,35.35,1.0,1.0,2.75,0.75,7,2025-11-01 08:33:22.284665
1,2025-01-19 10:01:44,2025-01-19 10:08:18,N,1.0,95,95,1.0,1.0,8.6,0.0,1.5,2.5,0.0,,1.0,12.6,1.0,1.0,0.0,0.0,7,2025-11-01 08:33:22.284665
2,2025-01-19 10:00:34,2025-01-19 10:05:46,N,5.0,129,129,1.0,1.09,15.0,0.0,0.0,3.2,0.0,,1.0,19.2,1.0,2.0,0.0,0.0,7,2025-11-01 08:33:22.284665
2,2025-01-19 09:56:32,2025-01-19 10:05:35,N,1.0,236,140,1.0,1.57,11.4,0.0,0.5,3.91,0.0,,1.0,19.56,1.0,1.0,2.75,0.0,7,2025-11-01 08:33:22.284665
2,2025-01-19 10:06:24,2025-01-19 10:12:13,N,1.0,97,49,2.0,1.2,7.9,0.0,0.5,2.82,0.0,,1.0,12.22,1.0,1.0,0.0,0.0,7,2025-11-01 08:33:22.284665
1,2025-01-19 10:33:38,2025-01-19 10:47:56,N,1.0,189,225,1.0,0.0,19.5,0.0,1.5,0.0,0.0,,1.0,21.0,1.0,1.0,0.0,0.0,7,2025-11-01 08:33:22.284665
2,2025-01-19 10:30:56,2025-01-19 10:36:27,N,1.0,74,75,1.0,1.39,8.6,0.0,0.5,0.0,0.0,,1.0,10.1,2.0,1.0,0.0,0.0,7,2025-11-01 08:33:22.284665
2,2025-01-19 10:40:20,2025-01-19 10:41:43,N,1.0,74,74,1.0,0.52,4.4,0.0,0.5,1.77,0.0,,1.0,7.67,1.0,1.0,0.0,0.0,7,2025-11-01 08:33:22.284665
2,2025-01-19 10:29:19,2025-01-19 10:50:48,N,1.0,157,216,1.0,9.26,38.7,0.0,0.5,3.0,0.0,,1.0,43.2,1.0,1.0,0.0,0.0,7,2025-11-01 08:33:22.284665
2,2025-01-19 10:18:06,2025-01-19 10:27:53,N,1.0,236,142,1.0,2.5,13.5,0.0,0.5,1.5,0.0,,1.0,19.25,1.0,1.0,2.75,0.0,7,2025-11-01 08:33:22.284665
2,2025-01-19 10:52:46,2025-01-19 10:55:13,N,1.0,74,263,1.0,1.23,7.2,0.0,0.5,0.0,0.0,,1.0,11.45,2.0,1.0,2.75,0.0,7,2025-11-01 08:33:22.284665
2,2025-01-19 09:41:40,2025-01-19 09:48:23,N,1.0,41,151,1.0,1.26,9.3,0.0,0.5,1.0,0.0,,1.0,11.8,1.0,1.0,0.0,0.0,7,2025-11-01 08:33:22.284665
2,2025-01-19 10:43:57,2025-01-19 10:57:23,N,1.0,159,140,1.0,5.41,24.7,0.0,0.5,0.0,0.0,,1.0,28.95,1.0,1.0,2.75,0.0,7,2025-11-01 08:33:22.284665
2,2025-01-19 10:09:47,2025-01-19 10:22:48,N,1.0,82,138,1.0,2.52,15.6,5.0,0.5,4.42,0.0,,1.0,26.52,1.0,1.0,0.0,0.0,7,2025-11-01 08:33:22.284665
2,2025-01-19 10:41:59,2025-01-19 10:52:40,N,1.0,82,138,1.0,2.54,14.9,5.0,0.5,2.14,0.0,,1.0,23.54,1.0,1.0,0.0,0.0,7,2025-11-01 08:33:22.284665
2,2025-01-19 10:34:02,2025-01-19 10:47:03,N,1.0,74,138,1.0,6.81,28.2,5.0,0.5,8.33,6.94,,1.0,49.97,1.0,1.0,0.0,0.0,7,2025-11-01 08:33:22.284665
2,2025-01-19 10:29:45,2025-01-19 10:34:19,N,1.0,130,215,1.0,0.76,6.5,0.0,0.5,2.0,0.0,,1.0,10.0,1.0,1.0,0.0,0.0,7,2025-11-01 08:33:22.284665
2,2025-01-19 10:01:59,2025-01-19 10:08:52,N,1.0,240,265,1.0,1.76,10.7,0.0,0.5,0.0,0.0,,1.0,12.2,2.0,1.0,0.0,0.0,7,2025-11-01 08:33:22.284665
2,2025-01-19 10:16:26,2025-01-19 10:27:19,N,1.0,116,24,6.0,2.17,13.5,0.0,0.5,3.0,0.0,,1.0,18.0,1.0,1.0,0.0,0.0,7,2025-11-01 08:33:22.284665
2,2025-01-19 10:49:30,2025-01-19 10:55:41,N,1.0,75,74,6.0,1.6,9.3,0.0,0.5,2.7,0.0,,1.0,13.5,1.0,1.0,0.0,0.0,7,2025-11-01 08:33:22.284665
2,2025-01-19 10:56:20,2025-01-19 11:14:44,N,1.0,260,121,1.0,10.51,41.5,0.0,0.5,0.0,0.0,,1.0,43.0,2.0,1.0,0.0,0.0,7,2025-11-01 08:33:22.284665
2,2025-01-19 10:00:46,2025-01-19 10:06:37,N,1.0,244,244,1.0,1.06,7.9,0.0,0.5,1.88,0.0,,1.0,11.28,1.0,1.0,0.0,0.0,7,2025-11-01 08:33:22.284665
2,2025-01-19 11:18:11,2025-01-19 11:25:39,N,1.0,97,97,1.0,1.2,8.6,0.0,0.5,1.52,0.0,,1.0,11.62,1.0,1.0,0.0,0.0,7,2025-11-01 08:33:22.284665
2,2025-01-19 11:55:38,2025-01-19 12:04:04,N,1.0,43,239,1.0,2.06,12.1,0.0,0.5,3.27,0.0,,1.0,19.62,1.0,1.0,2.75,0.0,7,2025-11-01 08:33:22.284665
2,2025-01-19 11:40:11,2025-01-19 11:41:44,N,1.0,223,223,1.0,0.0,3.0,0.0,0.5,5.0,0.0,,1.0,9.5,1.0,1.0,0.0,0.0,7,2025-11-01 08:33:22.284665
2,2025-01-19 11:05:28,2025-01-19 11:15:21,N,1.0,74,263,2.0,2.17,12.1,0.0,0.5,0.0,0.0,,1.0,16.35,2.0,1.0,2.75,0.0,7,2025-11-01 08:33:22.284665
2,2025-01-19 11:14:03,2025-01-19 11:24:40,N,1.0,74,263,1.0,1.93,12.8,0.0,0.5,0.0,0.0,,1.0,17.05,2.0,1.0,2.75,0.0,7,2025-11-01 08:33:22.284665
2,2025-01-19 11:28:02,2025-01-19 11:32:54,N,1.0,74,74,1.0,1.11,7.2,0.0,0.5,1.74,0.0,,1.0,10.44,1.0,1.0,0.0,0.0,7,2025-11-01 08:33:22.284665
2,2025-01-19 11:35:56,2025-01-19 11:50:36,N,1.0,74,137,1.0,4.25,19.1,0.0,0.5,4.82,0.0,,1.0,28.92,1.0,1.0,2.75,0.75,7,2025-11-01 08:33:22.284665
2,2025-01-19 11:25:59,2025-01-19 11:31:33,N,1.0,43,239,1.0,1.22,8.6,0.0,0.5,2.57,0.0,,1.0,15.42,1.0,1.0,2.75,0.0,7,2025-11-01 08:33:22.284665
2,2025-01-19 11:41:50,2025-01-19 12:12:46,N,1.0,75,33,1.0,9.67,43.6,0.0,0.5,9.57,0.0,,1.0,57.42,1.0,1.0,2.75,0.0,7,2025-11-01 08:33:22.284665
2,2025-01-19 06:39:49,2025-01-19 06:47:18,N,1.0,74,42,1.0,1.07,8.6,0.0,0.5,2.02,0.0,,1.0,12.12,1.0,1.0,0.0,0.0,7,2025-11-01 08:33:22.284665
2,2025-01-19 11:44:48,2025-01-19 11:50:19,N,1.0,216,132,1.0,3.65,15.6,0.0,0.5,0.0,0.0,,1.0,17.1,2.0,1.0,0.0,0.0,7,2025-11-01 08:33:22.284665
2,2025-01-19 11:17:56,2025-01-19 11:21:46,N,1.0,41,166,1.0,0.76,5.8,0.0,0.5,1.46,0.0,,1.0,8.76,1.0,1.0,0.0,0.0,7,2025-11-01 08:33:22.284665
2,2025-01-19 11:12:43,2025-01-19 11:27:32,N,1.0,74,239,1.0,2.98,17.0,0.0,0.5,2.0,0.0,,1.0,23.25,1.0,1.0,2.75,0.0,7,2025-11-01 08:33:22.284665
2,2025-01-19 11:58:28,2025-01-19 12:10:05,N,1.0,244,74,1.0,2.88,15.6,0.0,0.5,0.0,0.0,,1.0,17.1,2.0,1.0,0.0,0.0,7,2025-11-01 08:33:22.284665
2,2025-01-19 11:16:27,2025-01-19 11:16:41,N,1.0,193,193,1.0,0.0,-3.0,0.0,-0.5,0.0,0.0,,-1.0,-4.5,3.0,1.0,0.0,0.0,7,2025-11-01 08:33:22.284665
2,2025-01-19 11:16:27,2025-01-19 11:16:41,N,1.0,193,193,1.0,0.0,3.0,0.0,0.5,0.0,0.0,,1.0,4.5,3.0,1.0,0.0,0.0,7,2025-11-01 08:33:22.284665
2,2025-01-19 11:17:40,2025-01-19 11:18:01,N,1.0,193,193,1.0,0.0,3.0,0.0,0.5,0.0,0.0,,1.0,4.5,2.0,1.0,0.0,0.0,7,2025-11-01 08:33:22.284665
2,2025-01-19 11:04:43,2025-01-19 11:19:57,N,1.0,74,238,1.0,2.37,16.3,0.0,0.5,0.0,0.0,,1.0,17.8,2.0,1.0,0.0,0.0,7,2025-11-01 08:33:22.284665
2,2025-01-19 11:17:56,2025-01-19 11:30:41,N,1.0,130,258,1.0,3.16,16.3,0.0,0.5,1.0,0.0,,1.0,18.8,1.0,1.0,0.0,0.0,7,2025-11-01 08:33:22.284665
2,2025-01-19 11:19:00,2025-01-19 11:27:20,N,1.0,166,239,2.0,1.6,11.4,0.0,0.5,3.13,0.0,,1.0,18.78,1.0,1.0,2.75,0.0,7,2025-11-01 08:33:22.284665
2,2025-01-19 11:20:00,2025-01-19 11:46:14,N,1.0,66,163,1.0,7.79,35.9,0.0,0.5,12.27,0.0,,1.0,53.17,1.0,1.0,2.75,0.75,7,2025-11-01 08:33:22.284665
2,2025-01-19 11:07:28,2025-01-19 11:19:00,N,1.0,74,151,1.0,2.54,14.2,0.0,0.5,3.14,0.0,,1.0,18.84,1.0,1.0,0.0,0.0,7,2025-11-01 08:33:22.284665
1,2025-01-19 11:17:05,2025-01-19 11:20:04,N,1.0,152,166,1.0,0.5,5.1,0.0,1.5,0.0,0.0,,1.0,6.6,2.0,1.0,0.0,0.0,7,2025-11-01 08:33:22.284665
2,2025-01-19 11:49:40,2025-01-19 12:19:45,N,1.0,24,41,1.0,2.46,17.0,0.0,0.5,1.85,0.0,,1.0,20.35,1.0,1.0,0.0,0.0,7,2025-11-01 08:33:22.284665
2,2025-01-19 11:28:02,2025-01-19 11:46:16,N,1.0,152,242,6.0,8.52,35.2,0.0,0.5,0.0,0.0,,1.0,36.7,1.0,1.0,0.0,0.0,7,2025-11-01 08:33:22.284665
2,2025-01-19 11:57:18,2025-01-19 12:19:24,N,1.0,78,265,6.0,13.12,49.9,0.0,0.5,0.0,0.0,,1.0,51.4,1.0,1.0,0.0,0.0,7,2025-11-01 08:33:22.284665
1,2025-01-19 11:11:08,2025-01-19 11:25:34,N,1.0,166,68,2.0,4.8,21.9,3.5,1.5,5.35,0.0,,1.0,32.25,1.0,1.0,2.75,0.75,7,2025-11-01 08:33:22.284665
1,2025-01-19 11:51:35,2025-01-19 12:04:51,N,1.0,166,75,2.0,2.2,13.5,0.0,1.5,0.0,0.0,,1.0,15.0,2.0,1.0,0.0,0.0,7,2025-11-01 08:33:22.284665
2,2025-01-19 11:01:58,2025-01-19 11:06:03,N,1.0,74,75,1.0,1.16,7.2,0.0,0.5,2.18,0.0,,1.0,10.88,1.0,1.0,0.0,0.0,7,2025-11-01 08:33:22.284665
2,2025-01-19 11:28:49,2025-01-19 11:40:07,N,1.0,74,24,1.0,2.04,13.5,0.0,0.5,3.0,0.0,,1.0,18.0,1.0,1.0,0.0,0.0,7,2025-11-01 08:33:22.284665
2,2025-01-19 11:39:42,2025-01-19 12:07:06,N,1.0,65,123,1.0,6.76,33.8,0.0,0.5,0.0,0.0,,1.0,35.3,2.0,1.0,0.0,0.0,7,2025-11-01 08:33:22.284665
2,2025-01-19 11:57:05,2025-01-19 12:19:40,N,1.0,65,35,1.0,4.59,25.4,0.0,0.5,0.0,0.0,,1.0,26.9,2.0,1.0,0.0,0.0,7,2025-11-01 08:33:22.284665
2,2025-01-19 11:40:52,2025-01-19 11:48:51,N,1.0,82,138,2.0,3.73,17.0,5.0,0.5,0.0,0.0,,1.0,23.5,1.0,1.0,0.0,0.0,7,2025-11-01 08:33:22.284665
2,2025-01-19 11:02:10,2025-01-19 11:09:41,N,1.0,75,238,1.0,2.05,11.4,0.0,0.5,3.13,0.0,,1.0,18.78,1.0,1.0,2.75,0.0,7,2025-11-01 08:33:22.284665
2,2025-01-19 10:20:26,2025-01-19 10:32:16,N,1.0,97,17,2.0,2.14,13.5,0.0,0.5,10.0,0.0,,1.0,25.0,1.0,1.0,0.0,0.0,7,2025-11-01 08:33:22.284665
2,2025-01-19 10:47:11,2025-01-19 11:08:13,N,1.0,97,35,2.0,4.14,24.0,0.0,0.5,0.0,0.0,,1.0,25.5,2.0,1.0,0.0,0.0,7,2025-11-01 08:33:22.284665
1,2025-01-19 11:49:25,2025-01-19 12:01:53,N,1.0,97,17,0.0,2.3,14.2,0.0,1.5,3.1,0.0,,1.0,18.8,1.0,1.0,0.0,0.0,7,2025-11-01 08:33:22.284665
2,2025-01-19 11:30:06,2025-01-19 11:37:28,N,1.0,74,263,1.0,1.89,10.7,0.0,0.5,2.99,0.0,,1.0,17.94,1.0,1.0,2.75,0.0,7,2025-11-01 08:33:22.284665
2,2025-01-19 11:22:03,2025-01-19 11:34:49,N,1.0,75,142,1.0,3.22,15.6,0.0,0.5,0.0,0.0,,1.0,20.6,2.0,1.0,2.75,0.75,7,2025-11-01 08:33:22.284665
2,2025-01-19 11:09:54,2025-01-19 11:22:19,N,1.0,191,93,2.0,6.12,25.4,0.0,0.5,0.0,0.0,,1.0,26.9,2.0,1.0,0.0,0.0,7,2025-11-01 08:33:22.284665
2,2025-01-19 11:57:05,2025-01-19 12:24:14,N,1.0,95,129,1.0,6.38,32.4,0.0,0.5,0.0,0.0,,1.0,33.9,2.0,1.0,0.0,0.0,7,2025-11-01 08:33:22.284665
2,2025-01-19 11:39:13,2025-01-19 11:52:15,N,1.0,74,262,1.0,2.88,16.3,0.0,0.5,0.0,0.0,,1.0,20.55,2.0,1.0,2.75,0.0,7,2025-11-01 08:33:22.284665
1,2025-01-19 11:36:54,2025-01-19 11:41:14,N,1.0,223,7,1.0,0.7,6.5,0.0,1.5,1.6,0.0,,1.0,9.6,1.0,1.0,0.0,0.0,7,2025-11-01 08:33:22.284665
2,2025-01-19 11:27:09,2025-01-19 11:33:28,N,1.0,92,92,1.0,0.82,7.9,0.0,0.5,0.0,0.0,,1.0,9.4,2.0,1.0,0.0,0.0,7,2025-11-01 08:33:22.284665
2,2025-01-19 11:37:00,2025-01-19 11:49:52,N,1.0,74,238,1.0,2.51,14.9,0.0,0.5,3.83,0.0,,1.0,22.98,1.0,1.0,2.75,0.0,7,2025-11-01 08:33:22.284665
2,2025-01-19 11:58:29,2025-01-19 12:02:33,N,1.0,75,42,1.0,1.5,7.9,0.0,0.5,0.0,0.0,,1.0,9.4,2.0,1.0,0.0,0.0,7,2025-11-01 08:33:22.284665
2,2025-01-19 11:05:27,2025-01-19 11:09:48,N,1.0,74,41,1.0,0.94,7.2,0.0,0.5,2.0,0.0,,1.0,10.7,1.0,1.0,0.0,0.0,7,2025-11-01 08:33:22.284665
2,2025-01-19 11:13:13,2025-01-19 11:29:11,N,1.0,43,234,1.0,4.44,21.2,0.0,0.5,1.0,0.0,,1.0,27.2,1.0,1.0,2.75,0.75,7,2025-11-01 08:33:22.284665
2,2025-01-19 11:20:04,2025-01-19 11:29:24,N,1.0,223,223,1.0,0.87,7.2,0.0,0.5,0.0,0.0,,1.0,8.7,2.0,1.0,0.0,0.0,7,2025-11-01 08:33:22.284665
2,2025-01-19 10:27:13,2025-01-19 10:33:02,N,1.0,41,236,1.0,1.55,9.3,0.0,0.5,2.71,0.0,,1.0,16.26,1.0,1.0,2.75,0.0,7,2025-11-01 08:33:22.284665
2,2025-01-19 11:32:14,2025-01-19 11:38:30,N,1.0,74,74,1.0,1.13,8.6,0.0,0.5,0.0,0.0,,1.0,10.1,1.0,1.0,0.0,0.0,7,2025-11-01 08:33:22.284665
2,2025-01-19 11:54:52,2025-01-19 12:06:25,N,1.0,74,116,1.0,2.38,14.2,0.0,0.5,0.0,0.0,,1.0,15.7,2.0,1.0,0.0,0.0,7,2025-11-01 08:33:22.284665
2,2025-01-19 11:12:33,2025-01-19 11:25:13,N,1.0,74,238,1.0,2.43,14.2,0.0,0.5,0.0,0.0,,1.0,15.7,2.0,1.0,0.0,0.0,7,2025-11-01 08:33:22.284665
2,2025-01-19 11:14:17,2025-01-19 11:22:18,N,1.0,41,116,1.0,2.03,11.4,0.0,0.5,2.58,0.0,,1.0,15.48,1.0,1.0,0.0,0.0,7,2025-11-01 08:33:22.284665
2,2025-01-19 11:08:36,2025-01-19 11:15:04,N,1.0,75,74,1.0,1.03,8.6,0.0,0.5,0.0,0.0,,1.0,10.1,1.0,1.0,0.0,0.0,7,2025-11-01 08:33:22.284665
2,2025-01-19 11:49:36,2025-01-19 11:57:11,N,1.0,41,74,1.0,1.55,9.3,0.0,0.5,2.7,0.0,,1.0,13.5,1.0,1.0,0.0,0.0,7,2025-11-01 08:33:22.284665
2,2025-01-19 11:26:27,2025-01-19 11:29:04,N,1.0,74,74,1.0,0.71,5.8,0.0,0.5,0.0,0.0,,1.0,7.3,2.0,1.0,0.0,0.0,7,2025-11-01 08:33:22.284665
2,2025-01-19 11:33:26,2025-01-19 11:44:19,N,1.0,74,74,1.0,1.74,12.1,0.0,0.5,2.72,0.0,,1.0,16.32,1.0,1.0,0.0,0.0,7,2025-11-01 08:33:22.284665
2,2025-01-19 11:25:31,2025-01-19 11:38:58,N,1.0,196,95,1.0,2.16,14.9,0.0,0.5,3.28,0.0,,1.0,19.68,1.0,1.0,0.0,0.0,7,2025-11-01 08:33:22.284665
2,2025-01-19 11:23:29,2025-01-19 11:39:40,N,1.0,95,160,1.0,3.24,18.4,0.0,0.5,3.98,0.0,,1.0,23.88,1.0,1.0,0.0,0.0,7,2025-11-01 08:33:22.284665
2,2025-01-19 11:04:01,2025-01-19 11:13:01,N,1.0,41,74,1.0,1.26,10.0,0.0,0.5,1.1,0.0,,1.0,12.6,1.0,1.0,0.0,0.0,7,2025-11-01 08:33:22.284665
2,2025-01-19 11:24:18,2025-01-19 11:31:03,N,1.0,42,41,1.0,1.15,9.3,0.0,0.5,0.0,0.0,,1.0,10.8,2.0,1.0,0.0,0.0,7,2025-11-01 08:33:22.284665
2,2025-01-19 11:59:35,2025-01-19 12:07:42,N,1.0,41,43,6.0,2.0,11.4,0.0,0.5,3.91,0.0,,1.0,19.56,1.0,1.0,2.75,0.0,7,2025-11-01 08:33:22.284665
2,2025-01-19 11:08:32,2025-01-19 11:20:22,N,1.0,74,127,1.0,4.94,22.6,0.0,0.5,0.0,0.0,,1.0,24.1,2.0,1.0,0.0,0.0,7,2025-11-01 08:33:22.284665
1,2025-01-19 12:52:53,2025-01-19 12:53:00,N,1.0,145,145,1.0,0.0,3.0,0.0,1.5,0.0,0.0,,1.0,4.5,2.0,1.0,0.0,0.0,7,2025-11-01 08:33:22.284665
2,2025-01-19 11:58:26,2025-01-19 12:07:51,N,1.0,97,181,1.0,1.68,12.1,0.0,0.5,2.72,0.0,,1.0,16.32,1.0,1.0,0.0,0.0,7,2025-11-01 08:33:22.284665
2,2025-01-19 12:32:30,2025-01-19 12:35:40,N,1.0,97,97,1.0,0.55,5.8,0.0,0.5,1.0,0.0,,1.0,8.3,1.0,1.0,0.0,0.0,7,2025-11-01 08:33:22.284665
2,2025-01-19 12:51:10,2025-01-19 13:25:32,N,1.0,97,163,1.0,6.86,37.3,0.0,0.5,0.0,0.0,,1.0,42.3,2.0,1.0,2.75,0.75,7,2025-11-01 08:33:22.284665
2,2025-01-19 12:20:28,2025-01-19 12:29:57,N,1.0,166,116,1.0,2.07,12.1,0.0,0.5,0.0,0.0,,1.0,13.6,2.0,1.0,0.0,0.0,7,2025-11-01 08:33:22.284665
2,2025-01-19 12:39:29,2025-01-19 13:00:21,N,1.0,152,90,1.0,7.06,32.4,0.0,0.5,0.0,0.0,,1.0,37.4,2.0,1.0,2.75,0.75,7,2025-11-01 08:33:22.284665
2,2025-01-19 12:21:22,2025-01-19 12:21:24,N,5.0,226,264,1.0,0.0,15.55,0.0,0.0,0.0,0.0,,1.0,16.55,1.0,2.0,0.0,0.0,7,2025-11-01 08:33:22.284665
2,2025-01-19 12:07:16,2025-01-19 12:27:35,N,1.0,97,228,2.0,3.6,21.9,0.0,0.5,0.01,0.0,,1.0,23.41,1.0,1.0,0.0,0.0,7,2025-11-01 08:33:22.284665
2,2025-01-19 12:01:22,2025-01-19 12:14:23,N,1.0,74,141,1.0,2.78,14.9,0.0,0.5,3.83,0.0,,1.0,22.98,1.0,1.0,2.75,0.0,7,2025-11-01 08:33:22.284665
2,2025-01-19 12:31:44,2025-01-19 12:45:37,N,1.0,74,244,1.0,2.66,15.6,0.0,0.5,4.28,0.0,,1.0,21.38,1.0,1.0,0.0,0.0,7,2025-11-01 08:33:22.284665
2,2025-01-19 12:03:41,2025-01-19 12:08:35,N,1.0,74,75,1.0,0.82,7.2,0.0,0.5,0.0,0.0,,1.0,8.7,2.0,1.0,0.0,0.0,7,2025-11-01 08:33:22.284665
2,2025-01-19 11:58:53,2025-01-19 12:24:41,N,1.0,42,78,1.0,6.33,31.0,0.0,0.5,0.0,0.0,,1.0,32.5,2.0,1.0,0.0,0.0,7,2025-11-01 08:33:22.284665
2,2025-01-19 12:37:35,2025-01-19 12:44:21,N,1.0,75,239,1.0,1.65,10.0,0.0,0.5,4.28,0.0,,1.0,18.53,1.0,1.0,2.75,0.0,7,2025-11-01 08:33:22.284665
1,2025-01-19 12:06:15,2025-01-19 12:15:20,N,1.0,129,129,1.0,0.9,10.0,0.0,1.5,1.0,0.0,,1.0,12.5,1.0,1.0,0.0,0.0,7,2025-11-01 08:33:22.284665
2,2025-01-19 06:40:02,2025-01-19 06:50:54,N,1.0,74,263,1.0,2.0,12.8,0.0,0.5,2.0,0.0,,1.0,19.05,1.0,1.0,2.75,0.0,7,2025-11-01 08:33:22.284665
2,2025-01-19 12:33:58,2025-01-19 12:47:00,N,1.0,74,236,1.0,2.15,14.2,0.0,0.5,3.69,0.0,,1.0,22.14,1.0,1.0,2.75,0.0,7,2025-11-01 08:33:22.284665
2,2025-01-19 12:52:04,2025-01-19 12:57:11,N,1.0,236,263,1.0,0.78,6.5,0.0,0.5,2.69,0.0,,1.0,13.44,1.0,1.0,2.75,0.0,7,2025-11-01 08:33:22.284665
1,2025-01-19 12:18:48,2025-01-19 12:28:46,N,1.0,222,35,1.0,0.0,23.5,0.0,1.5,0.0,0.0,,1.0,25.0,1.0,1.0,0.0,0.0,7,2025-11-01 08:33:22.284665
1,2025-01-19 12:57:10,2025-01-19 13:01:20,N,1.0,61,61,1.0,0.0,15.5,0.0,1.5,0.0,0.0,,1.0,17.0,1.0,1.0,0.0,0.0,7,2025-11-01 08:33:22.284665
1,2025-01-19 12:22:35,2025-01-19 12:55:28,N,1.0,166,144,4.0,8.0,36.6,3.5,1.5,8.3,0.0,,1.0,49.9,1.0,1.0,2.75,0.75,7,2025-11-01 08:33:22.284665
2,2025-01-19 12:08:12,2025-01-19 12:16:50,N,1.0,74,262,1.0,2.41,12.1,0.0,0.5,4.09,0.0,,1.0,20.44,1.0,1.0,2.75,0.0,7,2025-11-01 08:33:22.284665
2,2025-01-19 12:33:50,2025-01-19 12:45:56,N,1.0,74,138,1.0,6.63,27.5,5.0,0.5,8.19,6.94,,1.0,49.13,1.0,1.0,0.0,0.0,7,2025-11-01 08:33:22.284665
2,2025-01-19 11:27:09,2025-01-20 10:42:36,N,1.0,97,188,1.0,3.03,17.7,0.0,0.5,0.0,0.0,,1.0,19.2,2.0,1.0,0.0,0.0,7,2025-11-01 08:33:22.284665
2,2025-01-19 12:51:40,2025-01-19 12:55:47,N,1.0,75,236,1.0,0.76,6.5,0.0,0.5,2.15,0.0,,1.0,12.9,1.0,1.0,2.75,0.0,7,2025-11-01 08:33:22.284665
2,2025-01-19 12:49:32,2025-01-19 12:57:56,N,1.0,244,243,1.0,1.6,10.0,0.0,0.5,1.0,0.0,,1.0,12.5,1.0,1.0,0.0,0.0,7,2025-11-01 08:33:22.284665
2,2025-01-19 12:10:49,2025-01-19 12:23:51,N,1.0,24,42,1.0,1.99,14.2,0.0,0.5,1.0,0.0,,1.0,16.7,1.0,1.0,0.0,0.0,7,2025-11-01 08:33:22.284665
2,2025-01-19 12:14:20,2025-01-19 12:25:34,N,1.0,116,166,2.0,2.0,14.2,0.0,0.5,2.0,0.0,,1.0,17.7,1.0,1.0,0.0,0.0,7,2025-11-01 08:33:22.284665
1,2025-01-19 12:35:10,2025-01-19 12:45:15,N,1.0,74,263,1.0,2.8,13.5,2.75,1.5,5.3,0.0,,1.0,23.05,1.0,1.0,2.75,0.0,7,2025-11-01 08:33:22.284665
1,2025-01-19 12:17:11,2025-01-19 12:20:18,N,1.0,75,75,1.0,0.7,5.8,0.0,0.5,0.0,0.0,,0.0,6.3,2.0,1.0,0.0,0.0,7,2025-11-01 08:33:22.284665
1,2025-01-19 12:25:02,2025-01-19 12:29:31,N,1.0,75,75,1.0,0.6,6.5,0.0,1.5,0.0,0.0,,1.0,8.0,2.0,1.0,0.0,0.0,7,2025-11-01 08:33:22.284665
1,2025-01-19 12:59:39,2025-01-19 13:16:50,N,1.0,43,233,1.0,3.7,20.5,3.5,1.5,5.1,0.0,,1.0,30.6,1.0,1.0,2.75,0.75,7,2025-11-01 08:33:22.284665
1,2025-01-19 12:18:10,2025-01-19 12:39:14,N,1.0,116,246,1.0,0.0,27.5,0.0,1.5,0.0,0.0,,1.0,29.0,1.0,1.0,0.0,0.0,7,2025-11-01 08:33:22.284665
2,2025-01-19 12:17:26,2025-01-19 12:29:05,N,1.0,65,181,1.0,1.77,12.8,0.0,0.5,2.86,0.0,,1.0,17.16,1.0,1.0,0.0,0.0,7,2025-11-01 08:33:22.284665
2,2025-01-19 12:03:58,2025-01-19 12:16:16,N,1.0,74,243,1.0,4.2,20.5,0.0,0.5,4.4,0.0,,1.0,26.4,1.0,1.0,0.0,0.0,7,2025-11-01 08:33:22.284665
2,2025-01-19 12:31:32,2025-01-19 12:44:13,N,1.0,74,166,1.0,1.91,13.5,0.0,0.5,2.25,0.0,,1.0,17.25,1.0,1.0,0.0,0.0,7,2025-11-01 08:33:22.284665
2,2025-01-19 12:16:54,2025-01-19 12:27:25,N,1.0,95,130,1.0,2.69,14.2,0.0,0.5,3.0,0.0,,1.0,18.7,1.0,1.0,0.0,0.0,7,2025-11-01 08:33:22.284665
2,2025-01-19 12:45:57,2025-01-19 12:55:59,N,1.0,260,7,1.0,1.98,12.1,0.0,0.5,2.72,0.0,,1.0,16.32,1.0,1.0,0.0,0.0,7,2025-11-01 08:33:22.284665
2,2025-01-19 12:53:41,2025-01-19 13:00:31,N,1.0,97,49,1.0,1.15,8.6,0.0,0.5,2.02,0.0,,1.0,12.12,1.0,1.0,0.0,0.0,7,2025-11-01 08:33:22.284665
2,2025-01-19 12:00:53,2025-01-19 12:08:11,N,1.0,82,138,2.0,3.61,16.3,5.0,0.5,0.0,0.0,,1.0,22.8,2.0,1.0,0.0,0.0,7,2025-11-01 08:33:22.284665
2,2025-01-19 12:32:25,2025-01-19 12:40:36,N,1.0,74,236,1.0,1.96,11.4,0.0,0.5,2.35,0.0,,1.0,18.0,1.0,1.0,2.75,0.0,7,2025-11-01 08:33:22.284665
1,2025-01-19 12:42:35,2025-01-19 12:50:07,N,1.0,97,49,0.0,0.9,9.3,0.0,1.5,0.0,0.0,,1.0,10.8,2.0,1.0,0.0,0.0,7,2025-11-01 08:33:22.284665
2,2025-01-19 12:05:39,2025-01-19 12:11:35,N,1.0,74,236,1.0,1.69,9.3,0.0,0.5,2.71,0.0,,1.0,16.26,1.0,1.0,2.75,0.0,7,2025-11-01 08:33:22.284665
2,2025-01-19 12:35:56,2025-01-19 12:56:40,N,1.0,66,107,1.0,14.83,57.6,0.0,0.5,12.52,0.0,,1.0,75.12,1.0,1.0,2.75,0.75,7,2025-11-01 08:33:22.284665
2,2025-01-19 12:58:38,2025-01-19 13:28:58,N,5.0,65,132,1.0,17.92,75.0,0.0,0.0,15.2,0.0,,1.0,91.2,1.0,2.0,0.0,0.0,7,2025-11-01 08:33:22.284665
2,2025-01-19 12:15:54,2025-01-19 12:28:09,N,1.0,82,138,1.0,3.82,19.8,5.0,0.5,3.0,0.0,,1.0,29.3,1.0,1.0,0.0,0.0,7,2025-11-01 08:33:22.284665
2,2025-01-19 12:39:39,2025-01-19 12:49:33,N,1.0,74,166,1.0,1.81,11.4,0.0,0.5,2.58,0.0,,1.0,15.48,1.0,1.0,0.0,0.0,7,2025-11-01 08:33:22.284665
2,2025-01-19 12:52:01,2025-01-19 13:06:19,N,1.0,74,244,1.0,2.92,17.0,0.0,0.5,0.0,0.0,,1.0,18.5,2.0,1.0,0.0,0.0,7,2025-11-01 08:33:22.284665
1,2025-01-19 12:12:10,2025-01-19 12:21:41,N,1.0,33,40,1.0,0.0,17.5,0.0,1.5,0.0,0.0,,1.0,19.0,1.0,1.0,0.0,0.0,7,2025-11-01 08:33:22.284665
2,2025-01-19 12:08:15,2025-01-19 12:20:31,N,1.0,74,151,1.0,2.3,14.2,0.0,0.5,3.14,0.0,,1.0,18.84,1.0,1.0,0.0,0.0,7,2025-11-01 08:33:22.284665
2,2025-01-19 10:37:38,2025-01-19 10:48:44,N,1.0,74,236,1.0,2.48,14.2,0.0,0.5,3.69,0.0,,1.0,22.14,1.0,1.0,2.75,0.0,7,2025-11-01 08:33:22.284665
2,2025-01-19 12:41:39,2025-01-19 12:47:44,N,1.0,189,181,1.0,0.83,7.9,0.0,0.5,2.35,0.0,,1.0,11.75,1.0,1.0,0.0,0.0,7,2025-11-01 08:33:22.284665
2,2025-01-19 12:23:54,2025-01-19 12:35:48,N,1.0,130,205,1.0,2.78,14.9,0.0,0.5,0.0,0.0,,1.0,16.4,1.0,1.0,0.0,0.0,7,2025-11-01 08:33:22.284665
2,2025-01-19 12:57:10,2025-01-19 13:01:22,N,1.0,7,146,1.0,0.88,7.2,0.0,0.5,0.0,0.0,,1.0,8.7,2.0,1.0,0.0,0.0,7,2025-11-01 08:33:22.284665
2,2025-01-19 12:08:05,2025-01-19 12:15:42,N,1.0,41,166,1.0,1.2,9.3,0.0,0.5,2.08,0.0,,1.0,12.88,1.0,1.0,0.0,0.0,7,2025-11-01 08:33:22.284665
2,2025-01-19 12:28:06,2025-01-19 12:39:25,N,1.0,74,262,1.0,2.56,14.2,0.0,0.5,0.0,0.0,,1.0,18.45,2.0,1.0,2.75,0.0,7,2025-11-01 08:33:22.284665
2,2025-01-19 12:56:16,2025-01-19 13:01:21,N,1.0,82,129,1.0,0.88,7.2,0.0,0.5,2.61,0.0,,1.0,11.31,1.0,1.0,0.0,0.0,7,2025-11-01 08:33:22.284665
2,2025-01-19 12:06:44,2025-01-19 12:11:03,N,1.0,75,238,1.0,0.97,6.5,0.0,0.5,1.0,0.0,,1.0,11.75,1.0,1.0,2.75,0.0,7,2025-11-01 08:33:22.284665
2,2025-01-19 12:28:43,2025-01-19 12:42:39,N,1.0,74,140,1.0,3.26,17.0,0.0,0.5,4.25,0.0,,1.0,25.5,1.0,1.0,2.75,0.0,7,2025-11-01 08:33:22.284665
2,2025-01-19 12:53:43,2025-01-19 13:00:23,N,1.0,129,70,1.0,0.0,7.2,0.0,0.5,2.3,0.0,,1.0,11.0,1.0,1.0,0.0,0.0,7,2025-11-01 08:33:22.284665
2,2025-01-19 12:32:11,2025-01-19 12:32:13,N,5.0,215,264,1.0,0.0,70.0,0.0,0.0,0.0,0.0,,1.0,71.0,1.0,2.0,0.0,0.0,7,2025-11-01 08:33:22.284665
2,2025-01-19 12:37:29,2025-01-19 12:52:36,N,1.0,74,239,1.0,3.31,17.7,0.0,0.5,5.49,0.0,,1.0,27.44,1.0,1.0,2.75,0.0,7,2025-11-01 08:33:22.284665
2,2025-01-19 12:08:05,2025-01-19 12:15:52,N,1.0,83,83,1.0,1.03,8.6,0.0,0.5,3.03,0.0,,1.0,13.13,1.0,1.0,0.0,0.0,7,2025-11-01 08:33:22.284665
2,2025-01-19 12:22:32,2025-01-19 12:27:37,N,1.0,41,151,1.0,1.16,7.9,0.0,0.5,0.0,0.0,,1.0,9.4,1.0,1.0,0.0,0.0,7,2025-11-01 08:33:22.284665
2,2025-01-19 12:00:51,2025-01-19 12:11:15,N,1.0,74,238,1.0,2.43,13.5,0.0,0.5,3.55,0.0,,1.0,21.3,1.0,1.0,2.75,0.0,7,2025-11-01 08:33:22.284665
2,2025-01-19 12:30:34,2025-01-19 12:46:43,N,1.0,74,238,1.0,2.56,17.0,0.0,0.5,3.7,0.0,,1.0,22.2,1.0,1.0,0.0,0.0,7,2025-11-01 08:33:22.284665
2,2025-01-19 12:08:29,2025-01-19 12:20:48,N,1.0,74,262,1.0,2.66,14.9,0.0,0.5,3.83,0.0,,1.0,22.98,1.0,1.0,2.75,0.0,7,2025-11-01 08:33:22.284665
2,2025-01-19 12:17:02,2025-01-19 12:22:34,N,1.0,43,237,6.0,1.66,9.3,0.0,0.5,0.0,0.0,,1.0,13.55,2.0,1.0,2.75,0.0,7,2025-11-01 08:33:22.284665
2,2025-01-19 12:24:23,2025-01-19 12:31:33,N,1.0,166,24,1.0,1.23,8.6,0.0,0.5,0.0,0.0,,1.0,10.1,2.0,1.0,0.0,0.0,7,2025-11-01 08:33:22.284665
2,2025-01-19 13:56:29,2025-01-19 14:20:21,N,1.0,65,188,1.0,3.83,24.0,0.0,0.5,5.1,0.0,,1.0,30.6,1.0,1.0,0.0,0.0,7,2025-11-01 08:33:22.284665
2,2025-01-19 13:50:15,2025-01-19 13:57:38,N,1.0,75,236,1.0,1.37,9.3,0.0,0.5,2.71,0.0,,1.0,16.26,1.0,1.0,2.75,0.0,7,2025-11-01 08:33:22.284665
1,2025-01-19 13:41:20,2025-01-19 13:54:11,N,1.0,41,74,0.0,1.4,12.8,0.0,1.5,2.0,0.0,,1.0,16.3,1.0,1.0,0.0,0.0,7,2025-11-01 08:33:22.284665
2,2025-01-19 13:47:31,2025-01-19 14:13:25,N,1.0,152,141,1.0,4.77,28.2,0.0,0.5,3.24,0.0,,1.0,35.69,1.0,1.0,2.75,0.0,7,2025-11-01 08:33:22.284665
2,2025-01-19 13:16:00,2025-01-19 13:23:45,N,1.0,97,49,2.0,0.99,8.6,0.0,0.5,2.02,0.0,,1.0,12.12,1.0,1.0,0.0,0.0,7,2025-11-01 08:33:22.284665
2,2025-01-19 13:39:46,2025-01-19 14:13:37,N,1.0,65,76,2.0,6.43,34.5,0.0,0.5,7.2,0.0,,1.0,43.2,1.0,1.0,0.0,0.0,7,2025-11-01 08:33:22.284665
2,2025-01-19 13:13:35,2025-01-19 13:21:30,N,1.0,74,263,1.0,1.66,10.0,0.0,0.5,3.56,0.0,,1.0,17.81,1.0,1.0,2.75,0.0,7,2025-11-01 08:33:22.284665
2,2025-01-19 13:53:17,2025-01-19 14:04:34,N,1.0,74,263,1.0,2.21,13.5,0.0,0.5,3.55,0.0,,1.0,21.3,1.0,1.0,2.75,0.0,7,2025-11-01 08:33:22.284665
2,2025-01-19 13:21:41,2025-01-19 13:40:32,N,1.0,260,145,1.0,3.25,19.1,0.0,0.5,4.12,0.0,,1.0,24.72,1.0,1.0,0.0,0.0,7,2025-11-01 08:33:22.284665
2,2025-01-19 13:44:08,2025-01-19 13:52:43,N,1.0,145,170,1.0,2.1,12.1,0.0,0.5,4.0,6.94,,1.0,28.04,1.0,1.0,2.75,0.75,7,2025-11-01 08:33:22.284665
1,2025-01-19 13:05:37,2025-01-19 13:25:35,N,1.0,65,89,1.0,2.9,20.5,0.0,1.5,0.0,0.0,,1.0,22.0,1.0,1.0,0.0,0.0,7,2025-11-01 08:33:22.284665
2,2025-01-19 13:00:58,2025-01-19 13:12:43,N,1.0,74,238,1.0,2.11,13.5,0.0,0.5,0.0,0.0,,1.0,15.0,2.0,1.0,0.0,0.0,7,2025-11-01 08:33:22.284665
2,2025-01-19 13:41:07,2025-01-19 14:32:26,N,3.0,7,265,1.0,26.0,120.3,0.0,0.0,0.0,23.0,,1.0,144.3,2.0,1.0,0.0,0.0,7,2025-11-01 08:33:22.284665
2,2025-01-19 13:14:23,2025-01-19 13:24:54,N,1.0,74,43,1.0,2.35,13.5,0.0,0.5,0.0,0.0,,1.0,17.75,2.0,1.0,2.75,0.0,7,2025-11-01 08:33:22.284665
2,2025-01-19 13:07:11,2025-01-19 13:30:14,N,1.0,97,37,1.0,2.99,21.2,0.0,0.5,4.54,0.0,,1.0,27.24,1.0,1.0,0.0,0.0,7,2025-11-01 08:33:22.284665
2,2025-01-19 13:51:05,2025-01-19 14:03:25,N,1.0,97,33,1.0,1.44,12.1,0.0,0.5,3.4,0.0,,1.0,17.0,1.0,1.0,0.0,0.0,7,2025-11-01 08:33:22.284665
2,2025-01-19 13:38:45,2025-01-19 13:50:53,N,1.0,95,121,2.0,2.63,14.9,0.0,0.5,0.0,0.0,,1.0,16.4,2.0,1.0,0.0,0.0,7,2025-11-01 08:33:22.284665
2,2025-01-19 14:06:52,2025-01-19 14:20:57,N,1.0,95,192,2.0,3.3,17.7,0.0,0.5,0.0,0.0,,1.0,19.2,2.0,1.0,0.0,0.0,7,2025-11-01 08:33:22.284665
2,2025-01-19 13:17:56,2025-01-19 13:28:06,N,1.0,41,74,1.0,1.63,11.4,0.0,0.5,2.58,0.0,,1.0,15.48,1.0,1.0,0.0,0.0,7,2025-11-01 08:33:22.284665
2,2025-01-19 13:06:05,2025-01-19 13:14:57,N,1.0,43,41,5.0,2.04,12.1,0.0,0.5,1.5,0.0,,1.0,15.1,1.0,1.0,0.0,0.0,7,2025-11-01 08:33:22.284665
2,2025-01-19 13:29:32,2025-01-19 13:36:10,N,1.0,74,236,1.0,1.52,9.3,0.0,0.5,2.0,0.0,,1.0,15.55,1.0,1.0,2.75,0.0,7,2025-11-01 08:33:22.284665
1,2025-01-19 13:32:31,2025-01-19 13:53:36,N,1.0,89,65,1.0,0.0,20.5,0.0,1.5,0.0,0.0,,1.0,22.0,1.0,1.0,0.0,0.0,7,2025-11-01 08:33:22.284665
1,2025-01-19 13:54:54,2025-01-19 14:05:41,N,1.0,65,49,1.0,1.3,11.4,0.0,1.5,2.55,0.0,,1.0,15.45,1.0,1.0,0.0,0.0,7,2025-11-01 08:33:22.284665
1,2025-01-19 13:25:35,2025-01-19 13:32:22,N,1.0,75,238,3.0,1.1,7.9,0.0,1.5,1.85,0.0,,1.0,11.25,1.0,1.0,0.0,0.0,7,2025-11-01 08:33:22.284665
2,2025-01-19 13:30:37,2025-01-19 13:40:30,N,1.0,74,263,1.0,2.38,12.8,0.0,0.5,3.41,0.0,,1.0,20.46,1.0,1.0,2.75,0.0,7,2025-11-01 08:33:22.284665
2,2025-01-19 13:20:08,2025-01-19 13:40:03,N,1.0,97,257,1.0,3.91,22.6,0.0,0.5,4.82,0.0,,1.0,28.92,1.0,1.0,0.0,0.0,7,2025-11-01 08:33:22.284665
2,2025-01-19 13:07:27,2025-01-19 13:27:14,N,1.0,42,238,1.0,3.33,20.5,0.0,0.5,4.95,0.0,,1.0,29.7,1.0,1.0,2.75,0.0,7,2025-11-01 08:33:22.284665
2,2025-01-19 13:22:03,2025-01-19 13:22:18,N,1.0,7,7,1.0,0.0,3.0,0.0,0.5,0.0,0.0,,1.0,4.5,2.0,1.0,0.0,0.0,7,2025-11-01 08:33:22.284665
2,2025-01-19 13:38:56,2025-01-19 13:52:45,N,1.0,74,138,1.0,6.74,28.2,5.0,0.5,8.33,6.94,,1.0,49.97,1.0,1.0,0.0,0.0,7,2025-11-01 08:33:22.284665
2,2025-01-19 13:29:23,2025-01-19 13:42:38,N,1.0,74,141,1.0,2.77,15.6,0.0,0.5,3.97,0.0,,1.0,23.82,1.0,1.0,2.75,0.0,7,2025-11-01 08:33:22.284665
2,2025-01-19 13:08:18,2025-01-19 13:15:07,N,1.0,7,7,1.0,0.82,7.9,0.0,0.5,1.88,0.0,,1.0,11.28,1.0,1.0,0.0,0.0,7,2025-11-01 08:33:22.284665
2,2025-01-19 13:31:32,2025-01-19 13:45:35,N,1.0,74,24,1.0,2.12,15.6,0.0,0.5,3.42,0.0,,1.0,20.52,1.0,1.0,0.0,0.0,7,2025-11-01 08:33:22.284665
1,2025-01-19 13:16:25,2025-01-19 13:24:02,N,1.0,41,166,1.0,1.5,9.3,0.0,1.5,0.5,0.0,,1.0,11.3,1.0,1.0,0.0,0.0,7,2025-11-01 08:33:22.284665
1,2025-01-19 13:46:09,2025-01-19 13:57:52,N,1.0,42,43,2.0,2.7,14.2,2.75,1.5,3.65,0.0,,1.0,22.1,1.0,1.0,2.75,0.0,7,2025-11-01 08:33:22.284665
2,2025-01-19 13:10:22,2025-01-19 13:21:58,N,1.0,82,138,1.0,3.84,18.4,5.0,0.5,0.0,0.0,,1.0,24.9,2.0,1.0,0.0,0.0,7,2025-11-01 08:33:22.284665
1,2025-01-19 13:00:37,2025-01-19 13:02:43,N,1.0,41,166,3.0,0.3,4.4,0.0,1.5,0.0,0.0,,1.0,5.9,2.0,1.0,0.0,0.0,7,2025-11-01 08:33:22.284665
1,2025-01-19 13:26:41,2025-01-19 13:37:56,N,1.0,74,41,1.0,1.5,10.7,0.0,1.5,0.0,0.0,,1.0,12.2,2.0,1.0,0.0,0.0,7,2025-11-01 08:33:22.284665
2,2025-01-19 13:02:33,2025-01-19 13:12:45,N,1.0,129,129,1.0,1.34,10.7,0.0,0.5,0.0,0.0,,1.0,12.2,2.0,1.0,0.0,0.0,7,2025-11-01 08:33:22.284665
2,2025-01-19 13:45:06,2025-01-19 14:01:19,N,1.0,129,146,1.0,2.8,17.0,0.0,0.5,0.0,0.0,,1.0,18.5,2.0,1.0,0.0,0.0,7,2025-11-01 08:33:22.284665
2,2025-01-19 13:49:18,2025-01-19 14:00:06,N,1.0,82,138,1.0,3.59,17.7,5.0,0.5,4.84,0.0,,1.0,29.04,1.0,1.0,0.0,0.0,7,2025-11-01 08:33:22.284665
2,2025-01-19 13:37:48,2025-01-19 13:42:49,N,1.0,166,116,1.0,1.07,7.9,0.0,0.5,1.88,0.0,,1.0,11.28,1.0,1.0,0.0,0.0,7,2025-11-01 08:33:22.284665
2,2025-01-19 13:19:38,2025-01-19 13:28:33,N,1.0,97,33,1.0,0.76,9.3,0.0,0.5,2.16,0.0,,1.0,12.96,1.0,1.0,0.0,0.0,7,2025-11-01 08:33:22.284665
2,2025-01-19 13:42:13,2025-01-19 13:49:12,N,1.0,65,49,1.0,1.22,8.6,0.0,0.5,0.0,0.0,,1.0,10.1,2.0,1.0,0.0,0.0,7,2025-11-01 08:33:22.284665
2,2025-01-19 13:01:01,2025-01-19 13:14:10,N,1.0,74,151,1.0,2.09,14.2,0.0,0.5,3.14,0.0,,1.0,18.84,1.0,1.0,0.0,0.0,7,2025-11-01 08:33:22.284665
2,2025-01-19 13:20:15,2025-01-19 13:38:20,N,1.0,41,243,1.0,5.02,24.0,0.0,0.5,2.55,0.0,,1.0,28.05,1.0,1.0,0.0,0.0,7,2025-11-01 08:33:22.284665
2,2025-01-19 13:38:00,2025-01-19 13:53:38,N,1.0,181,65,1.0,2.2,16.3,0.0,0.5,2.0,0.0,,1.0,19.8,1.0,1.0,0.0,0.0,7,2025-11-01 08:33:22.284665
2,2025-01-19 13:23:31,2025-01-19 13:32:33,N,1.0,65,49,1.0,1.3,10.0,0.0,0.5,2.3,0.0,,1.0,13.8,1.0,1.0,0.0,0.0,7,2025-11-01 08:33:22.284665
2,2025-01-19 13:50:30,2025-01-19 14:00:10,N,1.0,41,238,1.0,1.94,12.1,0.0,0.5,3.27,0.0,,1.0,19.62,1.0,1.0,2.75,0.0,7,2025-11-01 08:33:22.284665
2,2025-01-19 13:16:51,2025-01-19 13:25:13,N,1.0,97,49,1.0,0.98,9.3,0.0,0.5,2.7,0.0,,1.0,13.5,1.0,1.0,0.0,0.0,7,2025-11-01 08:33:22.284665
2,2025-01-19 13:36:18,2025-01-19 13:45:09,N,1.0,65,49,1.0,1.19,10.0,0.0,0.5,2.3,0.0,,1.0,13.8,1.0,1.0,0.0,0.0,7,2025-11-01 08:33:22.284665
2,2025-01-19 13:57:38,2025-01-19 14:24:51,N,1.0,65,178,1.0,5.77,30.3,0.0,0.5,7.95,0.0,,1.0,39.75,1.0,1.0,0.0,0.0,7,2025-11-01 08:33:22.284665
2,2025-01-19 13:06:21,2025-01-19 13:17:00,N,1.0,97,181,1.0,1.29,12.1,0.0,0.5,1.0,0.0,,1.0,14.6,1.0,1.0,0.0,0.0,7,2025-11-01 08:33:22.284665
2,2025-01-19 13:35:59,2025-01-19 13:44:43,N,1.0,65,181,1.0,1.51,10.7,0.0,0.5,2.44,0.0,,1.0,14.64,1.0,1.0,0.0,0.0,7,2025-11-01 08:33:22.284665
2,2025-01-19 13:27:31,2025-01-19 13:36:11,N,1.0,82,83,2.0,1.24,10.0,0.0,0.5,0.0,0.0,,1.0,11.5,2.0,1.0,0.0,0.0,7,2025-11-01 08:33:22.284665
2,2025-01-19 12:41:56,2025-01-19 12:50:47,N,1.0,97,181,2.0,1.19,10.7,0.0,0.5,3.66,0.0,,1.0,15.86,1.0,1.0,0.0,0.0,7,2025-11-01 08:33:22.284665
1,2025-01-19 13:51:54,2025-01-19 14:03:06,N,1.0,80,80,1.0,0.0,16.5,0.0,1.5,0.0,0.0,,1.0,18.0,1.0,1.0,0.0,0.0,7,2025-11-01 08:33:22.284665
2,2025-01-19 13:29:43,2025-01-19 13:40:28,N,1.0,41,75,1.0,2.05,12.8,0.0,0.5,1.4,0.0,,1.0,15.7,1.0,1.0,0.0,0.0,7,2025-11-01 08:33:22.284665
2,2025-01-19 13:24:59,2025-01-19 13:29:46,N,1.0,75,74,1.0,1.38,7.9,0.0,0.5,0.0,0.0,,1.0,9.4,2.0,1.0,0.0,0.0,7,2025-11-01 08:33:22.284665
2,2025-01-19 13:39:20,2025-01-19 13:54:04,N,1.0,74,140,1.0,2.92,17.0,0.0,0.5,4.25,0.0,,1.0,25.5,1.0,1.0,2.75,0.0,7,2025-11-01 08:33:22.284665
2,2025-01-19 13:28:55,2025-01-19 13:41:24,N,1.0,74,262,1.0,2.55,14.9,0.0,0.5,3.83,0.0,,1.0,22.98,1.0,1.0,2.75,0.0,7,2025-11-01 08:33:22.284665
2,2025-01-19 13:29:08,2025-01-19 13:33:41,N,1.0,74,75,1.0,1.16,7.2,0.0,0.5,1.74,0.0,,1.0,10.44,1.0,1.0,0.0,0.0,7,2025-11-01 08:33:22.284665
2,2025-01-19 13:30:39,2025-01-19 13:34:41,N,1.0,74,75,1.0,1.34,7.2,0.0,0.5,1.3,0.0,,1.0,10.0,1.0,1.0,0.0,0.0,7,2025-11-01 08:33:22.284665
2,2025-01-19 13:39:18,2025-01-19 13:41:08,N,1.0,74,74,1.0,0.66,5.1,0.0,0.5,0.0,0.0,,1.0,6.6,2.0,1.0,0.0,0.0,7,2025-11-01 08:33:22.284665
2,2025-01-19 13:59:15,2025-01-19 14:17:12,N,1.0,74,244,1.0,3.71,19.8,0.0,0.5,5.32,0.0,,1.0,26.62,1.0,1.0,0.0,0.0,7,2025-11-01 08:33:22.284665
2,2025-01-19 13:46:26,2025-01-19 14:06:44,N,1.0,74,239,1.0,3.3,21.2,0.0,0.5,2.0,0.0,,1.0,27.45,1.0,1.0,2.75,0.0,7,2025-11-01 08:33:22.284665
2,2025-01-19 13:09:12,2025-01-19 13:17:26,N,1.0,74,42,1.0,1.37,10.0,0.0,0.5,0.0,0.0,,1.0,11.5,1.0,1.0,0.0,0.0,7,2025-11-01 08:33:22.284665
2,2025-01-19 13:31:53,2025-01-19 13:43:44,N,1.0,97,97,1.0,0.76,11.4,0.0,0.5,0.0,0.0,,1.0,12.9,1.0,1.0,0.0,0.0,7,2025-11-01 08:33:22.284665
2,2025-01-19 13:52:50,2025-01-19 14:12:19,N,1.0,97,188,1.0,3.23,20.5,0.0,0.5,4.4,0.0,,1.0,26.4,1.0,1.0,0.0,0.0,7,2025-11-01 08:33:22.284665
2,2025-01-19 10:26:26,2025-01-19 10:37:34,N,1.0,74,236,1.0,2.24,13.5,0.0,0.5,3.55,0.0,,1.0,21.3,1.0,1.0,2.75,0.0,7,2025-11-01 08:33:22.284665
2,2025-01-19 12:51:49,2025-01-19 13:01:12,N,1.0,74,151,2.0,2.0,12.1,0.0,0.5,0.0,0.0,,1.0,13.6,2.0,1.0,0.0,0.0,7,2025-11-01 08:33:22.284665
2,2025-01-19 13:08:53,2025-01-19 13:22:31,N,1.0,43,50,1.0,3.27,17.0,0.0,0.5,4.4,0.0,,1.0,26.4,1.0,1.0,2.75,0.75,7,2025-11-01 08:33:22.284665
2,2025-01-19 13:46:33,2025-01-19 13:51:28,N,1.0,130,197,1.0,0.87,7.2,0.0,0.5,2.18,0.0,,1.0,10.88,1.0,1.0,0.0,0.0,7,2025-11-01 08:33:22.284665
2,2025-01-19 13:27:33,2025-01-19 13:40:34,N,1.0,74,237,1.0,2.94,15.6,0.0,0.5,3.97,0.0,,1.0,23.82,1.0,1.0,2.75,0.0,7,2025-11-01 08:33:22.284665
2,2025-01-19 14:00:57,2025-01-19 14:12:01,N,1.0,74,236,1.0,2.3,13.5,0.0,0.5,3.55,0.0,,1.0,21.3,1.0,1.0,2.75,0.0,7,2025-11-01 08:33:22.284665
2,2025-01-19 13:08:39,2025-01-19 13:13:28,N,1.0,74,41,1.0,0.58,6.5,0.0,0.5,0.0,0.0,,1.0,8.0,1.0,1.0,0.0,0.0,7,2025-11-01 08:33:22.284665
2,2025-01-19 13:28:39,2025-01-19 13:37:33,N,1.0,74,263,1.0,1.7,10.7,0.0,0.5,2.44,0.0,,1.0,14.64,1.0,1.0,0.0,0.0,7,2025-11-01 08:33:22.284665
2,2025-01-19 13:06:39,2025-01-19 13:12:18,N,1.0,42,41,1.0,1.17,8.6,0.0,0.5,2.0,0.0,,1.0,12.1,1.0,1.0,0.0,0.0,7,2025-11-01 08:33:22.284665
2,2025-01-19 13:30:04,2025-01-19 13:39:37,N,1.0,74,263,1.0,2.24,12.1,0.0,0.5,0.0,0.0,,1.0,16.35,2.0,1.0,2.75,0.0,7,2025-11-01 08:33:22.284665
2,2025-01-19 13:47:19,2025-01-19 13:55:14,N,1.0,43,263,1.0,1.44,10.0,0.0,0.5,2.85,0.0,,1.0,17.1,1.0,1.0,2.75,0.0,7,2025-11-01 08:33:22.284665
2,2025-01-19 13:41:39,2025-01-19 13:51:50,N,1.0,129,138,1.0,4.21,18.4,0.0,0.5,0.0,0.0,,1.0,19.9,2.0,1.0,0.0,0.0,7,2025-11-01 08:33:22.284665
2,2025-01-19 13:00:54,2025-01-19 13:10:48,N,1.0,41,42,1.0,1.61,11.4,0.0,0.5,2.58,0.0,,1.0,15.48,1.0,1.0,0.0,0.0,7,2025-11-01 08:33:22.284665
2,2025-01-19 13:16:50,2025-01-19 13:26:00,N,1.0,42,166,1.0,1.34,10.7,0.0,0.5,0.0,0.0,,1.0,12.2,2.0,1.0,0.0,0.0,7,2025-11-01 08:33:22.284665
2,2025-01-19 13:08:11,2025-01-19 13:20:59,N,1.0,74,42,1.0,1.67,13.5,0.0,0.5,3.0,0.0,,1.0,18.0,1.0,1.0,0.0,0.0,7,2025-11-01 08:33:22.284665
2,2025-01-19 13:08:14,2025-01-19 13:21:59,N,1.0,74,262,1.0,2.7,16.3,0.0,0.5,4.11,0.0,,1.0,24.66,1.0,1.0,2.75,0.0,7,2025-11-01 08:33:22.284665
2,2025-01-19 13:45:45,2025-01-19 13:50:57,N,1.0,95,134,1.0,0.88,7.2,0.0,0.5,2.18,0.0,,1.0,10.88,1.0,1.0,0.0,0.0,7,2025-11-01 08:33:22.284665
2,2025-01-19 13:04:39,2025-01-19 13:09:39,N,1.0,75,151,1.0,1.04,7.9,0.0,0.5,0.0,0.0,,1.0,9.4,2.0,1.0,0.0,0.0,7,2025-11-01 08:33:22.284665
2,2025-01-19 13:27:53,2025-01-19 13:40:31,N,1.0,74,263,1.0,2.55,14.9,0.0,0.5,3.83,0.0,,1.0,22.98,1.0,1.0,2.75,0.0,7,2025-11-01 08:33:22.284665
2,2025-01-19 12:58:56,2025-01-19 13:09:31,N,1.0,223,7,1.0,1.41,11.4,0.0,0.5,2.58,0.0,,1.0,15.48,1.0,1.0,0.0,0.0,7,2025-11-01 08:33:22.284665
2,2025-01-19 14:13:34,2025-01-19 14:20:44,N,1.0,75,41,1.0,1.57,10.0,0.0,0.5,1.0,0.0,,1.0,12.5,1.0,1.0,0.0,0.0,7,2025-11-01 08:33:22.284665
2,2025-01-19 14:48:54,2025-01-19 14:52:25,N,1.0,75,75,1.0,0.84,6.5,0.0,0.5,0.0,0.0,,1.0,8.0,2.0,1.0,0.0,0.0,7,2025-11-01 08:33:22.284665
2,2025-01-19 15:01:01,2025-01-19 15:08:10,N,1.0,74,41,1.0,1.41,10.0,0.0,0.5,0.0,0.0,,1.0,11.5,2.0,1.0,0.0,0.0,7,2025-11-01 08:33:22.284665
1,2025-01-19 14:07:02,2025-01-19 14:20:32,N,1.0,41,237,0.0,2.9,16.3,2.75,1.5,4.1,0.0,,1.0,24.65,1.0,1.0,2.75,0.0,7,2025-11-01 08:33:22.284665
2,2025-01-19 14:33:18,2025-01-19 14:35:06,N,5.0,260,260,1.0,0.2,20.0,0.0,0.0,4.2,0.0,,1.0,25.2,1.0,2.0,0.0,0.0,7,2025-11-01 08:33:22.284665
2,2025-01-19 14:07:23,2025-01-19 14:15:22,N,1.0,75,151,1.0,1.26,10.0,0.0,0.5,1.5,0.0,,1.0,13.0,1.0,1.0,0.0,0.0,7,2025-11-01 08:33:22.284665
1,2025-01-19 14:00:56,2025-01-19 14:13:18,N,1.0,65,189,2.0,1.5,12.8,0.0,1.5,2.85,0.0,,1.0,17.15,1.0,1.0,0.0,0.0,7,2025-11-01 08:33:22.284665
1,2025-01-19 14:51:09,2025-01-19 14:55:56,N,1.0,181,181,0.0,1.1,7.2,0.0,1.5,1.7,0.0,,1.0,10.4,1.0,1.0,0.0,0.0,7,2025-11-01 08:33:22.284665
2,2025-01-19 14:10:24,2025-01-19 14:26:09,N,1.0,92,56,1.0,2.49,16.3,0.0,0.5,3.56,0.0,,1.0,21.36,1.0,1.0,0.0,0.0,7,2025-11-01 08:33:22.284665
2,2025-01-19 14:28:39,2025-01-19 14:41:16,N,1.0,74,166,1.0,2.04,13.5,0.0,0.5,3.0,0.0,,1.0,18.0,1.0,1.0,0.0,0.0,7,2025-11-01 08:33:22.284665
2,2025-01-19 14:45:43,2025-01-19 14:56:36,N,1.0,166,116,1.0,2.06,12.8,0.0,0.5,2.0,0.0,,1.0,16.3,1.0,1.0,0.0,0.0,7,2025-11-01 08:33:22.284665
2,2025-01-19 14:01:07,2025-01-19 14:14:58,N,1.0,74,141,1.0,2.89,16.3,0.0,0.5,4.11,0.0,,1.0,24.66,1.0,1.0,2.75,0.0,7,2025-11-01 08:33:22.284665
2,2025-01-19 14:21:13,2025-01-19 14:28:28,N,1.0,65,49,1.0,1.15,8.6,0.0,0.5,0.0,0.0,,1.0,10.1,2.0,1.0,0.0,0.0,7,2025-11-01 08:33:22.284665
2,2025-01-19 14:38:16,2025-01-19 14:50:48,N,1.0,65,97,1.0,0.79,12.1,0.0,0.5,2.72,0.0,,1.0,16.32,1.0,1.0,0.0,0.0,7,2025-11-01 08:33:22.284665
2,2025-01-19 14:08:03,2025-01-19 14:13:57,N,1.0,41,42,1.0,1.1,8.6,0.0,0.5,0.0,0.0,,1.0,10.1,2.0,1.0,0.0,0.0,7,2025-11-01 08:33:22.284665
2,2025-01-19 14:26:09,2025-01-19 14:33:06,N,1.0,41,74,1.0,0.68,7.9,0.0,0.5,1.88,0.0,,1.0,11.28,1.0,1.0,0.0,0.0,7,2025-11-01 08:33:22.284665
2,2025-01-19 14:37:49,2025-01-19 14:48:11,N,1.0,74,263,1.0,2.36,12.8,0.0,0.5,3.41,0.0,,1.0,20.46,1.0,1.0,2.75,0.0,7,2025-11-01 08:33:22.284665
2,2025-01-19 06:40:28,2025-01-19 06:45:45,N,1.0,74,74,1.0,1.1,7.9,0.0,0.5,3.0,0.0,,1.0,12.4,1.0,1.0,0.0,0.0,7,2025-11-01 08:33:22.284665
2,2025-01-19 14:23:38,2025-01-19 14:42:28,N,1.0,24,163,1.0,3.54,20.5,0.0,0.5,5.1,0.0,,1.0,30.6,1.0,1.0,2.75,0.75,7,2025-11-01 08:33:22.284665
2,2025-01-19 14:03:50,2025-01-19 14:13:09,N,1.0,130,135,1.0,2.34,13.5,0.0,0.5,3.0,0.0,,1.0,18.0,1.0,1.0,0.0,0.0,7,2025-11-01 08:33:22.284665
2,2025-01-19 14:31:05,2025-01-19 14:43:41,N,1.0,74,238,1.0,2.57,14.9,0.0,0.5,4.92,0.0,,1.0,21.32,1.0,1.0,0.0,0.0,7,2025-11-01 08:33:22.284665
2,2025-01-19 14:51:56,2025-01-19 14:52:04,N,5.0,49,49,0.0,0.0,20.0,0.0,0.0,4.2,0.0,,1.0,25.2,1.0,2.0,0.0,0.0,7,2025-11-01 08:33:22.284665
1,2025-01-19 14:26:50,2025-01-19 14:32:24,N,1.0,65,25,0.0,0.8,7.2,0.0,1.5,2.0,0.0,,1.0,10.7,1.0,1.0,0.0,0.0,7,2025-11-01 08:33:22.284665
1,2025-01-19 14:41:20,2025-01-19 15:08:06,N,1.0,65,133,1.0,4.6,29.6,0.0,1.5,0.0,0.0,,1.0,31.1,1.0,1.0,0.0,0.0,7,2025-11-01 08:33:22.284665
1,2025-01-19 14:32:12,2025-01-19 14:41:36,N,1.0,75,237,1.0,1.6,10.7,2.75,1.5,2.95,0.0,,1.0,17.9,1.0,1.0,2.75,0.0,7,2025-11-01 08:33:22.284665
1,2025-01-19 14:51:06,2025-01-19 14:57:30,N,1.0,75,74,1.0,1.4,8.6,0.0,1.5,2.0,0.0,,1.0,12.1,1.0,1.0,0.0,0.0,7,2025-11-01 08:33:22.284665
2,2025-01-19 14:00:14,2025-01-19 14:13:43,N,1.0,74,263,1.0,2.01,14.2,0.0,0.5,5.54,0.0,,1.0,23.99,1.0,1.0,2.75,0.0,7,2025-11-01 08:33:22.284665
2,2025-01-19 14:39:41,2025-01-19 14:50:37,N,1.0,74,236,1.0,1.93,12.1,0.0,0.5,3.27,0.0,,1.0,19.62,1.0,1.0,2.75,0.0,7,2025-11-01 08:33:22.284665
2,2025-01-19 13:20:40,2025-01-19 13:31:21,N,1.0,97,181,1.0,0.64,10.0,0.0,0.5,2.3,0.0,,1.0,13.8,1.0,1.0,0.0,0.0,7,2025-11-01 08:33:22.284665
2,2025-01-19 14:29:44,2025-01-19 14:39:50,N,1.0,74,263,1.0,2.4,12.8,0.0,0.5,3.41,0.0,,1.0,20.46,1.0,1.0,2.75,0.0,7,2025-11-01 08:33:22.284665
2,2025-01-19 14:26:08,2025-01-19 14:34:38,N,1.0,74,236,1.0,1.92,11.4,0.0,0.5,1.56,0.0,,1.0,17.21,1.0,1.0,2.75,0.0,7,2025-11-01 08:33:22.284665
1,2025-01-19 14:17:30,2025-01-19 14:20:55,N,4.0,240,265,1.0,2.0,12.1,0.0,1.5,0.0,0.0,,1.0,13.6,2.0,1.0,0.0,0.0,7,2025-11-01 08:33:22.284665
2,2025-01-19 14:40:13,2025-01-19 15:00:37,N,1.0,260,121,2.0,8.71,35.2,0.0,0.5,7.34,0.0,,1.0,44.04,1.0,1.0,0.0,0.0,7,2025-11-01 08:33:22.284665
2,2025-01-19 14:40:09,2025-01-19 14:58:49,N,1.0,43,48,1.0,4.2,21.9,0.0,0.5,0.0,0.0,,1.0,26.9,2.0,1.0,2.75,0.75,7,2025-11-01 08:33:22.284665
2,2025-01-19 14:10:00,2025-01-19 14:30:56,N,1.0,65,61,2.0,2.0,19.8,0.0,0.5,0.0,0.0,,1.0,21.3,2.0,1.0,0.0,0.0,7,2025-11-01 08:33:22.284665
2,2025-01-19 14:57:48,2025-01-19 15:10:13,N,1.0,74,120,1.0,3.42,18.4,0.0,0.5,3.98,0.0,,1.0,23.88,1.0,1.0,0.0,0.0,7,2025-11-01 08:33:22.284665
1,2025-01-19 14:03:29,2025-01-19 14:27:37,N,1.0,75,88,1.0,9.0,37.3,3.5,1.5,10.55,0.0,,1.0,52.85,1.0,1.0,2.75,0.75,7,2025-11-01 08:33:22.284665
1,2025-01-19 14:50:18,2025-01-19 14:55:39,N,1.0,74,74,1.0,1.4,8.6,0.0,1.5,0.0,0.0,,1.0,10.1,2.0,1.0,0.0,0.0,7,2025-11-01 08:33:22.284665
2,2025-01-19 14:20:05,2025-01-19 14:49:59,N,1.0,82,132,1.0,13.83,53.4,0.0,0.5,16.47,0.0,,1.0,71.37,1.0,1.0,0.0,0.0,7,2025-11-01 08:33:22.284665
2,2025-01-19 14:18:13,2025-01-19 14:40:36,N,1.0,130,130,1.0,4.21,22.6,0.0,0.5,0.0,0.0,,1.0,24.1,2.0,1.0,0.0,0.0,7,2025-11-01 08:33:22.284665
1,2025-01-19 14:34:50,2025-01-19 14:41:49,N,1.0,75,239,1.0,1.6,10.0,2.75,1.5,0.0,0.0,,1.0,14.25,2.0,1.0,2.75,0.0,7,2025-11-01 08:33:22.284665
1,2025-01-19 14:41:31,2025-01-19 14:45:43,N,1.0,42,247,1.0,0.6,6.5,0.0,1.5,0.0,0.0,,1.0,8.0,2.0,1.0,0.0,0.0,7,2025-11-01 08:33:22.284665
2,2025-01-19 14:19:56,2025-01-19 14:28:41,N,1.0,82,138,1.0,3.53,17.0,5.0,0.5,0.0,0.0,,1.0,23.5,1.0,1.0,0.0,0.0,7,2025-11-01 08:33:22.284665
1,2025-01-19 14:11:17,2025-01-19 14:27:11,N,1.0,166,143,2.0,2.4,14.9,2.75,1.5,3.83,0.0,,1.0,22.98,1.0,1.0,2.75,0.0,7,2025-11-01 08:33:22.284665
2,2025-01-19 14:13:22,2025-01-19 14:30:46,N,1.0,97,61,1.0,2.22,17.0,0.0,0.5,3.7,0.0,,1.0,22.2,1.0,1.0,0.0,0.0,7,2025-11-01 08:33:22.284665
2,2025-01-19 14:48:51,2025-01-19 15:04:20,N,1.0,65,61,1.0,2.09,16.3,0.0,0.5,3.56,0.0,,1.0,21.36,1.0,1.0,0.0,0.0,7,2025-11-01 08:33:22.284665
2,2025-01-19 14:34:14,2025-01-19 15:07:45,N,1.0,130,66,1.0,14.03,54.8,0.0,0.5,0.0,0.0,,1.0,56.3,1.0,1.0,0.0,0.0,7,2025-11-01 08:33:22.284665
2,2025-01-19 14:28:36,2025-01-19 14:40:33,N,1.0,74,141,1.0,2.78,14.9,0.0,0.5,0.0,0.0,,1.0,19.15,2.0,1.0,2.75,0.0,7,2025-11-01 08:33:22.284665
2,2025-01-19 14:39:15,2025-01-19 14:46:38,N,1.0,95,95,1.0,1.18,9.3,0.0,0.5,0.0,0.0,,1.0,10.8,2.0,1.0,0.0,0.0,7,2025-11-01 08:33:22.284665
2,2025-01-19 14:10:38,2025-01-19 14:19:07,N,1.0,97,25,1.0,0.89,9.3,0.0,0.5,0.0,0.0,,1.0,10.8,1.0,1.0,0.0,0.0,7,2025-11-01 08:33:22.284665
2,2025-01-19 14:34:55,2025-01-19 14:42:41,N,1.0,65,49,1.0,1.17,9.3,0.0,0.5,2.16,0.0,,1.0,12.96,1.0,1.0,0.0,0.0,7,2025-11-01 08:33:22.284665
2,2025-01-19 14:53:15,2025-01-19 15:06:06,N,1.0,166,74,5.0,1.8,13.5,0.0,0.5,0.0,0.0,,1.0,15.0,2.0,1.0,0.0,0.0,7,2025-11-01 08:33:22.284665
2,2025-01-19 14:23:01,2025-01-19 14:51:28,N,1.0,65,225,1.0,4.37,28.2,0.0,0.5,0.0,0.0,,1.0,29.7,2.0,1.0,0.0,0.0,7,2025-11-01 08:33:22.284665
1,2025-01-19 14:45:33,2025-01-19 15:00:38,N,1.0,82,173,2.0,1.7,12.1,0.0,1.5,0.0,0.0,,1.0,13.6,2.0,1.0,0.0,0.0,7,2025-11-01 08:33:22.284665
2,2025-01-19 14:19:21,2025-01-19 14:29:48,N,1.0,65,181,1.0,0.65,10.0,0.0,0.5,2.88,0.0,,1.0,14.38,1.0,1.0,0.0,0.0,7,2025-11-01 08:33:22.284665
2,2025-01-19 14:46:30,2025-01-19 14:52:39,N,1.0,97,97,1.0,0.49,7.2,0.0,0.5,0.0,0.0,,1.0,8.7,2.0,1.0,0.0,0.0,7,2025-11-01 08:33:22.284665
2,2025-01-19 14:45:30,2025-01-19 14:53:16,N,1.0,82,160,1.0,1.56,10.0,0.0,0.5,2.88,0.0,,1.0,14.38,1.0,1.0,0.0,0.0,7,2025-11-01 08:33:22.284665
2,2025-01-19 14:03:36,2025-01-19 14:21:59,N,1.0,82,70,2.0,1.66,17.0,0.0,0.5,0.0,0.0,,1.0,18.5,2.0,1.0,0.0,0.0,7,2025-11-01 08:33:22.284665
1,2025-01-19 14:50:35,2025-01-19 15:07:34,N,1.0,65,87,0.0,2.8,18.4,3.5,1.5,4.65,0.0,,1.0,28.05,1.0,1.0,2.75,0.75,7,2025-11-01 08:33:22.284665
2,2025-01-19 14:28:32,2025-01-19 14:37:29,N,1.0,145,145,2.0,1.32,10.0,0.0,0.5,0.0,0.0,,1.0,11.5,2.0,1.0,0.0,0.0,7,2025-11-01 08:33:22.284665
2,2025-01-19 14:55:05,2025-01-19 15:02:11,N,1.0,74,75,1.0,1.43,9.3,0.0,0.5,2.16,0.0,,1.0,12.96,1.0,1.0,0.0,0.0,7,2025-11-01 08:33:22.284665
2,2025-01-19 14:12:00,2025-01-19 14:37:51,N,1.0,7,144,1.0,6.57,30.3,0.0,0.5,3.0,0.0,,1.0,38.3,1.0,1.0,2.75,0.75,7,2025-11-01 08:33:22.284665
1,2025-01-19 14:37:03,2025-01-19 14:44:43,N,1.0,74,263,1.0,2.0,11.4,2.75,1.5,3.13,0.0,,1.0,18.78,1.0,1.0,2.75,0.0,7,2025-11-01 08:33:22.284665
2,2025-01-19 14:13:05,2025-01-19 14:28:49,N,1.0,196,82,2.0,2.21,15.6,0.0,0.5,0.0,0.0,,1.0,17.1,2.0,1.0,0.0,0.0,7,2025-11-01 08:33:22.284665
2,2025-01-19 14:01:06,2025-01-19 14:09:47,N,1.0,74,24,1.0,1.7,10.7,0.0,0.5,3.66,0.0,,1.0,15.86,1.0,1.0,0.0,0.0,7,2025-11-01 08:33:22.284665
2,2025-01-19 14:29:37,2025-01-19 14:38:13,N,1.0,74,238,1.0,2.25,12.1,0.0,0.5,2.72,0.0,,1.0,16.32,1.0,1.0,0.0,0.0,7,2025-11-01 08:33:22.284665
2,2025-01-19 14:45:06,2025-01-19 14:46:53,N,1.0,74,42,1.0,0.54,4.4,0.0,0.5,1.48,0.0,,1.0,7.38,1.0,1.0,0.0,0.0,7,2025-11-01 08:33:22.284665
2,2025-01-19 14:31:03,2025-01-19 14:47:41,N,1.0,74,262,1.0,2.84,17.7,0.0,0.5,0.0,0.0,,1.0,21.95,2.0,1.0,2.75,0.0,7,2025-11-01 08:33:22.284665
2,2025-01-19 14:34:53,2025-01-19 14:45:34,N,1.0,74,263,1.0,2.47,13.5,0.0,0.5,3.55,0.0,,1.0,21.3,1.0,1.0,2.75,0.0,7,2025-11-01 08:33:22.284665
2,2025-01-19 14:18:53,2025-01-19 14:26:55,N,1.0,74,41,1.0,0.98,8.6,0.0,0.5,0.0,0.0,,1.0,10.1,1.0,1.0,0.0,0.0,7,2025-11-01 08:33:22.284665
2,2025-01-19 14:40:20,2025-01-19 14:56:51,N,1.0,74,138,1.0,6.63,28.2,5.0,0.5,8.33,6.94,,1.0,49.97,1.0,1.0,0.0,0.0,7,2025-11-01 08:33:22.284665
2,2025-01-19 14:10:36,2025-01-19 14:20:58,N,1.0,82,138,5.0,3.71,17.7,5.0,0.5,4.84,0.0,,1.0,29.04,1.0,1.0,0.0,0.0,7,2025-11-01 08:33:22.284665
2,2025-01-19 10:37:18,2025-01-19 10:41:26,N,1.0,74,75,1.0,1.35,7.9,0.0,0.5,0.0,0.0,,1.0,9.4,2.0,1.0,0.0,0.0,7,2025-11-01 08:33:22.284665
2,2025-01-19 13:42:11,2025-01-19 13:53:04,N,1.0,43,237,1.0,1.93,12.1,0.0,0.5,4.09,0.0,,1.0,20.44,1.0,1.0,2.75,0.0,7,2025-11-01 08:33:22.284665
2,2025-01-19 14:46:45,2025-01-19 14:52:31,N,1.0,75,75,1.0,0.65,7.2,0.0,0.5,1.74,0.0,,1.0,10.44,1.0,1.0,0.0,0.0,7,2025-11-01 08:33:22.284665
2,2025-01-19 14:28:44,2025-01-19 14:37:17,N,1.0,74,238,1.0,2.33,12.1,0.0,0.5,0.0,0.0,,1.0,13.6,2.0,1.0,0.0,0.0,7,2025-11-01 08:33:22.284665
2,2025-01-19 14:38:26,2025-01-19 14:44:34,N,1.0,263,236,1.0,0.87,7.9,0.0,0.5,0.0,0.0,,1.0,12.15,2.0,1.0,2.75,0.0,7,2025-11-01 08:33:22.284665
2,2025-01-19 14:24:26,2025-01-19 14:33:08,N,1.0,82,129,1.0,0.0,8.6,0.0,0.5,0.0,0.0,,1.0,10.1,2.0,1.0,0.0,0.0,7,2025-11-01 08:33:22.284665
2,2025-01-19 14:40:03,2025-01-19 14:40:07,N,5.0,130,130,4.0,0.0,40.0,0.0,0.0,8.2,0.0,,1.0,49.2,1.0,2.0,0.0,0.0,7,2025-11-01 08:33:22.284665
2,2025-01-19 14:26:28,2025-01-19 14:41:37,N,1.0,43,142,1.0,2.6,16.3,0.0,0.5,4.11,0.0,,1.0,24.66,1.0,1.0,2.75,0.0,7,2025-11-01 08:33:22.284665
2,2025-01-19 14:33:11,2025-01-19 14:52:47,N,1.0,129,226,1.0,3.12,19.8,0.0,0.5,4.26,0.0,,1.0,25.56,1.0,1.0,0.0,0.0,7,2025-11-01 08:33:22.284665
2,2025-01-19 14:13:46,2025-01-19 14:15:18,N,1.0,41,41,1.0,0.31,4.4,0.0,0.5,1.18,0.0,,1.0,7.08,1.0,1.0,0.0,0.0,7,2025-11-01 08:33:22.284665
2,2025-01-19 13:57:56,2025-01-19 14:04:56,N,1.0,74,236,1.0,1.7,10.0,0.0,0.5,0.0,0.0,,1.0,14.25,2.0,1.0,2.75,0.0,7,2025-11-01 08:33:22.284665
2,2025-01-19 14:35:59,2025-01-19 14:49:20,N,1.0,74,140,1.0,2.94,15.6,0.0,0.5,3.97,0.0,,1.0,23.82,1.0,1.0,2.75,0.0,7,2025-11-01 08:33:22.284665
2,2025-01-19 14:51:01,2025-01-19 14:56:49,N,1.0,95,134,1.0,1.11,7.9,0.0,0.5,1.0,0.0,,1.0,10.4,1.0,1.0,0.0,0.0,7,2025-11-01 08:33:22.284665
2,2025-01-19 14:22:43,2025-01-19 14:31:11,N,1.0,75,151,1.0,1.39,10.0,0.0,0.5,2.3,0.0,,1.0,13.8,1.0,1.0,0.0,0.0,7,2025-11-01 08:33:22.284665
2,2025-01-19 14:40:44,2025-01-19 14:57:37,N,1.0,43,162,6.0,2.9,18.4,0.0,0.5,0.0,0.0,,1.0,23.4,2.0,1.0,2.75,0.75,7,2025-11-01 08:33:22.284665
2,2025-01-19 14:02:13,2025-01-19 14:17:47,N,1.0,74,151,1.0,2.71,17.0,0.0,0.5,3.0,0.0,,1.0,21.5,1.0,1.0,0.0,0.0,7,2025-11-01 08:33:22.284665
2,2025-01-19 14:38:04,2025-01-19 14:49:43,N,1.0,74,236,1.0,2.49,14.2,0.0,0.5,3.8,0.0,,1.0,22.25,1.0,1.0,2.75,0.0,7,2025-11-01 08:33:22.284665
2,2025-01-19 14:58:24,2025-01-19 15:06:19,N,1.0,75,74,1.0,1.64,9.3,0.0,0.5,2.7,0.0,,1.0,13.5,1.0,1.0,0.0,0.0,7,2025-11-01 08:33:22.284665
2,2025-01-19 15:09:39,2025-01-19 15:16:18,N,1.0,41,42,1.0,0.96,8.6,0.0,0.5,0.0,0.0,,1.0,10.1,2.0,1.0,0.0,0.0,7,2025-11-01 08:33:22.284665
2,2025-01-19 15:30:10,2025-01-19 15:37:51,N,1.0,260,260,2.0,1.06,9.3,0.0,0.5,3.0,0.0,,1.0,13.8,1.0,1.0,0.0,0.0,7,2025-11-01 08:33:22.284665
2,2025-01-19 15:14:05,2025-01-19 15:21:10,N,1.0,75,262,2.0,1.25,8.6,0.0,0.5,2.57,0.0,,1.0,15.42,1.0,1.0,2.75,0.0,7,2025-11-01 08:33:22.284665
2,2025-01-19 15:43:45,2025-01-19 15:47:56,N,1.0,75,74,1.0,1.33,7.9,0.0,0.5,1.88,0.0,,1.0,11.28,1.0,1.0,0.0,0.0,7,2025-11-01 08:33:22.284665
2,2025-01-19 15:29:55,2025-01-19 15:37:30,N,1.0,97,49,2.0,1.05,8.6,0.0,0.5,2.02,0.0,,1.0,12.12,1.0,1.0,0.0,0.0,7,2025-11-01 08:33:22.284665
1,2025-01-19 15:28:40,2025-01-19 15:46:22,N,1.0,65,89,1.0,0.0,14.9,0.0,1.5,0.0,0.0,,1.0,16.4,2.0,1.0,0.0,0.0,7,2025-11-01 08:33:22.284665
1,2025-01-19 15:32:01,2025-01-19 15:48:14,N,1.0,97,61,2.0,2.8,17.7,0.0,1.5,4.75,0.0,,1.0,23.95,1.0,1.0,0.0,0.0,7,2025-11-01 08:33:22.284665
2,2025-01-19 15:18:59,2025-01-19 15:31:15,N,1.0,74,166,1.0,1.85,12.8,0.0,0.5,2.86,0.0,,1.0,17.16,1.0,1.0,0.0,0.0,7,2025-11-01 08:33:22.284665
2,2025-01-19 15:46:01,2025-01-19 15:53:49,N,1.0,24,41,3.0,1.04,8.6,0.0,0.5,1.52,0.0,,1.0,11.62,1.0,1.0,0.0,0.0,7,2025-11-01 08:33:22.284665
2,2025-01-19 15:28:51,2025-01-19 15:37:14,N,1.0,74,152,2.0,1.31,10.0,0.0,0.5,1.0,0.0,,1.0,12.5,1.0,1.0,0.0,0.0,7,2025-11-01 08:33:22.284665
2,2025-01-19 15:40:40,2025-01-19 15:51:38,N,1.0,74,166,1.0,1.47,11.4,0.0,0.5,1.55,0.0,,1.0,14.45,1.0,1.0,0.0,0.0,7,2025-11-01 08:33:22.284665
2,2025-01-19 15:55:52,2025-01-19 16:27:02,N,1.0,166,162,1.0,4.95,31.0,0.0,0.5,9.0,0.0,,1.0,45.0,1.0,1.0,2.75,0.75,7,2025-11-01 08:33:22.284665
2,2025-01-19 15:10:25,2025-01-19 15:31:24,N,1.0,65,89,1.0,3.54,21.9,0.0,0.5,4.68,0.0,,1.0,28.08,1.0,1.0,0.0,0.0,7,2025-11-01 08:33:22.284665
2,2025-01-19 15:41:50,2025-01-19 15:58:36,N,1.0,95,258,3.0,3.19,19.1,0.0,0.5,0.0,0.0,,1.0,20.6,2.0,1.0,0.0,0.0,7,2025-11-01 08:33:22.284665
2,2025-01-19 15:25:05,2025-01-19 15:32:17,N,1.0,166,41,1.0,1.21,9.3,0.0,0.5,2.16,0.0,,1.0,12.96,1.0,1.0,0.0,0.0,7,2025-11-01 08:33:22.284665
2,2025-01-19 15:08:49,2025-01-19 15:30:01,N,1.0,75,234,1.0,3.74,21.9,0.0,0.5,5.38,0.0,,1.0,32.28,1.0,1.0,2.75,0.75,7,2025-11-01 08:33:22.284665
2,2025-01-19 06:27:05,2025-01-19 06:40:50,N,1.0,74,263,1.0,2.5,15.6,0.0,0.5,3.97,0.0,,1.0,23.82,1.0,1.0,2.75,0.0,7,2025-11-01 08:33:22.284665
2,2025-01-19 16:00:06,2025-01-19 16:04:55,N,1.0,41,152,1.0,0.65,6.5,0.0,0.5,2.4,0.0,,1.0,10.4,1.0,1.0,0.0,0.0,7,2025-11-01 08:33:22.284665
2,2025-01-19 15:48:37,2025-01-19 16:01:34,N,1.0,43,141,4.0,1.86,13.5,0.0,0.5,2.66,0.0,,1.0,20.41,1.0,1.0,2.75,0.0,7,2025-11-01 08:33:22.284665
2,2025-01-19 15:51:10,2025-01-19 16:02:50,N,1.0,95,258,1.0,2.34,14.2,0.0,0.5,0.0,0.0,,1.0,15.7,2.0,1.0,0.0,0.0,7,2025-11-01 08:33:22.284665
2,2025-01-19 15:19:56,2025-01-19 15:23:01,N,5.0,49,49,0.0,0.0,-14.0,0.0,0.0,0.0,0.0,,-1.0,-15.0,3.0,2.0,0.0,0.0,7,2025-11-01 08:33:22.284665
2,2025-01-19 15:19:56,2025-01-19 15:23:01,N,5.0,49,49,0.0,0.0,14.0,0.0,0.0,0.0,0.0,,1.0,15.0,3.0,2.0,0.0,0.0,7,2025-11-01 08:33:22.284665
2,2025-01-19 15:43:21,2025-01-19 16:14:59,N,1.0,66,163,1.0,7.87,39.4,0.0,0.5,8.88,0.0,,1.0,53.28,1.0,1.0,2.75,0.75,7,2025-11-01 08:33:22.284665
2,2025-01-19 15:55:03,2025-01-19 16:04:40,N,1.0,41,236,1.0,1.6,11.4,0.0,0.5,0.0,0.0,,1.0,15.65,2.0,1.0,2.75,0.0,7,2025-11-01 08:33:22.284665
2,2025-01-19 15:08:07,2025-01-19 15:11:33,N,1.0,41,74,2.0,0.58,5.8,0.0,0.5,1.46,0.0,,1.0,8.76,1.0,1.0,0.0,0.0,7,2025-11-01 08:33:22.284665
1,2025-01-19 15:17:37,2025-01-19 15:35:31,N,1.0,75,162,2.0,2.9,17.0,3.5,1.5,4.0,0.0,,1.0,26.0,1.0,1.0,2.75,0.75,7,2025-11-01 08:33:22.284665
2,2025-01-19 15:37:42,2025-01-19 15:54:45,N,1.0,74,166,1.0,2.49,17.7,0.0,0.5,3.84,0.0,,1.0,23.04,1.0,1.0,0.0,0.0,7,2025-11-01 08:33:22.284665
2,2025-01-19 15:57:54,2025-01-19 16:05:22,N,1.0,24,239,1.0,1.33,10.0,0.0,0.5,2.14,0.0,,1.0,16.39,1.0,1.0,2.75,0.0,7,2025-11-01 08:33:22.284665
2,2025-01-19 15:37:19,2025-01-19 15:41:53,N,1.0,41,42,1.0,0.78,7.2,0.0,0.5,0.5,0.0,,1.0,9.2,1.0,1.0,0.0,0.0,7,2025-11-01 08:33:22.284665
2,2025-01-19 15:21:31,2025-01-19 15:46:56,N,1.0,152,107,1.0,7.83,35.9,0.0,0.5,8.18,0.0,,1.0,49.08,1.0,1.0,2.75,0.75,7,2025-11-01 08:33:22.284665
2,2025-01-19 15:03:40,2025-01-19 15:25:18,N,1.0,82,130,1.0,6.58,28.9,0.0,0.5,6.08,0.0,,1.0,36.48,1.0,1.0,0.0,0.0,7,2025-11-01 08:33:22.284665
2,2025-01-19 15:03:00,2025-01-19 15:14:52,N,1.0,74,238,1.0,2.62,14.2,0.0,0.5,3.14,0.0,,1.0,18.84,1.0,1.0,0.0,0.0,7,2025-11-01 08:33:22.284665
2,2025-01-19 15:40:23,2025-01-19 15:44:04,N,1.0,263,75,1.0,0.75,5.8,0.0,0.5,2.01,0.0,,1.0,12.06,1.0,1.0,2.75,0.0,7,2025-11-01 08:33:22.284665
2,2025-01-19 15:20:48,2025-01-19 15:23:02,N,1.0,75,74,1.0,0.72,5.1,0.0,0.5,0.99,0.0,,1.0,7.59,1.0,1.0,0.0,0.0,7,2025-11-01 08:33:22.284665
2,2025-01-19 16:00:38,2025-01-19 16:07:36,N,1.0,74,236,2.0,1.8,10.0,0.0,0.5,2.85,0.0,,1.0,17.1,1.0,1.0,2.75,0.0,7,2025-11-01 08:33:22.284665
2,2025-01-19 15:34:43,2025-01-19 15:48:28,N,1.0,74,243,1.0,4.69,21.2,0.0,0.5,3.0,0.0,,1.0,25.7,1.0,1.0,0.0,0.0,7,2025-11-01 08:33:22.284665
2,2025-01-19 15:28:19,2025-01-19 15:31:53,N,1.0,74,75,1.0,1.19,7.2,0.0,0.5,1.74,0.0,,1.0,10.44,1.0,1.0,0.0,0.0,7,2025-11-01 08:33:22.284665
2,2025-01-19 15:41:41,2025-01-19 15:53:16,N,1.0,74,262,1.0,2.57,14.9,0.0,0.5,3.83,0.0,,1.0,22.98,1.0,1.0,2.75,0.0,7,2025-11-01 08:33:22.284665
1,2025-01-19 15:11:59,2025-01-19 15:24:39,N,1.0,41,151,1.0,2.0,13.5,0.0,1.5,0.0,0.0,,1.0,15.0,2.0,1.0,0.0,0.0,7,2025-11-01 08:33:22.284665
1,2025-01-19 15:37:08,2025-01-19 15:54:35,N,1.0,43,239,1.0,2.8,17.7,2.75,1.5,4.35,0.0,,1.0,26.3,1.0,1.0,2.75,0.0,7,2025-11-01 08:33:22.284665
1,2025-01-19 15:14:14,2025-01-19 15:25:24,N,1.0,75,142,1.0,2.9,14.9,3.5,1.5,3.95,0.0,,1.0,23.85,1.0,1.0,2.75,0.75,7,2025-11-01 08:33:22.284665
2,2025-01-19 15:44:02,2025-01-19 16:12:39,N,1.0,66,100,2.0,7.39,35.9,0.0,0.5,8.18,0.0,,1.0,49.08,1.0,1.0,2.75,0.75,7,2025-11-01 08:33:22.284665
2,2025-01-19 15:24:58,2025-01-19 15:45:43,N,1.0,129,255,1.0,4.93,26.8,0.0,0.5,0.0,0.0,,1.0,28.3,2.0,1.0,0.0,0.0,7,2025-11-01 08:33:22.284665
1,2025-01-19 15:33:08,2025-01-19 15:36:31,N,1.0,74,41,2.0,0.9,6.5,0.0,1.5,0.0,0.0,,1.0,8.0,2.0,1.0,0.0,0.0,7,2025-11-01 08:33:22.284665
2,2025-01-19 15:25:03,2025-01-19 15:31:16,N,1.0,41,166,6.0,0.94,7.9,0.0,0.5,0.0,0.0,,1.0,9.4,2.0,1.0,0.0,0.0,7,2025-11-01 08:33:22.284665
2,2025-01-19 15:07:28,2025-01-19 15:17:08,N,1.0,74,236,1.0,2.21,12.1,0.0,0.5,3.27,0.0,,1.0,19.62,1.0,1.0,2.75,0.0,7,2025-11-01 08:33:22.284665
2,2025-01-19 15:28:01,2025-01-19 15:35:37,N,1.0,193,145,1.0,1.23,9.3,0.0,0.5,2.16,0.0,,1.0,12.96,1.0,1.0,0.0,0.0,7,2025-11-01 08:33:22.284665
2,2025-01-19 15:03:00,2025-01-19 15:20:49,N,1.0,74,239,1.0,3.2,19.1,0.0,0.5,3.5,0.0,,1.0,26.85,1.0,1.0,2.75,0.0,7,2025-11-01 08:33:22.284665
2,2025-01-19 15:12:05,2025-01-19 16:02:20,N,1.0,95,95,1.0,4.17,40.8,0.0,0.5,0.0,0.0,,1.0,42.3,2.0,1.0,0.0,0.0,7,2025-11-01 08:33:22.284665
2,2025-01-19 14:58:23,2025-01-19 15:23:07,N,1.0,65,61,1.0,3.22,23.3,0.0,0.5,4.96,0.0,,1.0,29.76,1.0,1.0,0.0,0.0,7,2025-11-01 08:33:22.284665
2,2025-01-19 15:27:19,2025-01-19 15:36:40,N,1.0,74,41,5.0,1.25,10.7,0.0,0.5,2.44,0.0,,1.0,14.64,1.0,1.0,0.0,0.0,7,2025-11-01 08:33:22.284665
2,2025-01-19 15:42:51,2025-01-19 16:02:06,N,1.0,43,116,5.0,3.87,21.2,0.0,0.5,4.0,0.0,,1.0,26.7,1.0,1.0,0.0,0.0,7,2025-11-01 08:33:22.284665
2,2025-01-19 15:37:49,2025-01-19 15:45:59,N,1.0,97,65,1.0,0.9,9.3,0.0,0.5,3.24,0.0,,1.0,14.04,1.0,1.0,0.0,0.0,7,2025-11-01 08:33:22.284665
2,2025-01-19 15:09:59,2025-01-19 15:25:49,N,1.0,82,145,1.0,5.93,26.1,0.0,0.5,3.0,0.0,,1.0,30.6,1.0,1.0,0.0,0.0,7,2025-11-01 08:33:22.284665
2,2025-01-19 15:31:30,2025-01-19 15:36:25,N,1.0,82,129,2.0,0.74,6.5,0.0,0.5,2.0,0.0,,1.0,10.0,1.0,1.0,0.0,0.0,7,2025-11-01 08:33:22.284665
2,2025-01-19 14:53:51,2025-01-19 15:06:28,N,1.0,74,263,1.0,2.39,14.9,0.0,0.5,2.0,0.0,,1.0,21.15,1.0,1.0,2.75,0.0,7,2025-11-01 08:33:22.284665
2,2025-01-19 15:14:06,2025-01-19 15:21:44,N,1.0,74,41,1.0,1.13,9.3,0.0,0.5,0.0,0.0,,1.0,10.8,2.0,1.0,0.0,0.0,7,2025-11-01 08:33:22.284665
2,2025-01-19 15:31:39,2025-01-19 15:40:16,N,1.0,74,262,1.0,2.54,13.5,0.0,0.5,3.55,0.0,,1.0,21.3,1.0,1.0,2.75,0.0,7,2025-11-01 08:33:22.284665
2,2025-01-19 15:07:53,2025-01-19 15:27:54,N,1.0,75,143,1.0,3.4,21.2,0.0,0.5,5.24,0.0,,1.0,31.44,1.0,1.0,2.75,0.75,7,2025-11-01 08:33:22.284665
2,2025-01-19 15:07:32,2025-01-19 15:08:13,N,5.0,92,92,1.0,0.01,15.0,0.0,0.0,0.01,0.0,,1.0,16.01,1.0,2.0,0.0,0.0,7,2025-11-01 08:33:22.284665
1,2025-01-19 15:00:32,2025-01-19 15:08:49,N,1.0,75,42,1.0,2.3,12.1,0.0,1.5,0.0,0.0,,1.0,13.6,1.0,1.0,0.0,0.0,7,2025-11-01 08:33:22.284665
2,2025-01-19 15:19:15,2025-01-19 15:23:03,N,1.0,196,95,2.0,0.66,5.8,0.0,0.5,1.46,0.0,,1.0,8.76,1.0,1.0,0.0,0.0,7,2025-11-01 08:33:22.284665
2,2025-01-19 15:03:02,2025-01-19 15:24:15,N,1.0,74,143,1.0,4.01,21.9,0.0,0.5,5.23,0.0,,1.0,31.38,1.0,1.0,2.75,0.0,7,2025-11-01 08:33:22.284665
2,2025-01-19 15:33:56,2025-01-19 15:44:53,N,1.0,97,49,1.0,1.41,11.4,0.0,0.5,2.58,0.0,,1.0,15.48,1.0,1.0,0.0,0.0,7,2025-11-01 08:33:22.284665
2,2025-01-19 15:03:39,2025-01-19 15:09:03,N,1.0,74,43,1.0,0.99,7.9,0.0,0.5,2.35,0.0,,1.0,11.75,1.0,1.0,0.0,0.0,7,2025-11-01 08:33:22.284665
2,2025-01-19 15:27:37,2025-01-19 15:39:46,N,1.0,74,151,1.0,2.6,14.9,0.0,0.5,3.28,0.0,,1.0,19.68,1.0,1.0,0.0,0.0,7,2025-11-01 08:33:22.284665
2,2025-01-19 15:26:27,2025-01-19 15:34:58,N,1.0,74,236,1.0,1.86,11.4,0.0,0.5,3.13,0.0,,1.0,18.78,1.0,1.0,2.75,0.0,7,2025-11-01 08:33:22.284665
2,2025-01-19 15:42:40,2025-01-19 16:17:40,N,1.0,74,234,1.0,5.44,33.1,0.0,0.5,9.52,0.0,,1.0,47.62,1.0,1.0,2.75,0.75,7,2025-11-01 08:33:22.284665
2,2025-01-19 15:41:21,2025-01-19 15:55:14,N,1.0,82,160,5.0,2.36,14.2,0.0,0.5,0.0,0.0,,1.0,15.7,2.0,1.0,0.0,0.0,7,2025-11-01 08:33:22.284665
2,2025-01-19 15:34:03,2025-01-20 14:48:38,N,1.0,74,263,1.0,2.0,13.5,0.0,0.5,3.0,0.0,,1.0,18.0,1.0,1.0,0.0,0.0,7,2025-11-01 08:33:22.284665
2,2025-01-19 15:02:54,2025-01-19 15:10:50,N,1.0,74,166,1.0,1.78,10.7,0.0,0.5,3.05,0.0,,1.0,15.25,1.0,1.0,0.0,0.0,7,2025-11-01 08:33:22.284665
2,2025-01-19 15:50:42,2025-01-19 15:58:29,N,1.0,130,216,1.0,1.8,10.7,0.0,0.5,2.44,0.0,,1.0,14.64,1.0,1.0,0.0,0.0,7,2025-11-01 08:33:22.284665
2,2025-01-19 15:26:33,2025-01-19 15:37:18,N,1.0,74,43,1.0,2.77,14.2,0.0,0.5,0.0,0.0,,1.0,18.45,2.0,1.0,2.75,0.0,7,2025-11-01 08:33:22.284665
2,2025-01-19 15:01:50,2025-01-19 15:09:02,N,1.0,74,236,1.0,2.09,10.7,0.0,0.5,2.99,0.0,,1.0,17.94,1.0,1.0,2.75,0.0,7,2025-11-01 08:33:22.284665
2,2025-01-19 15:26:07,2025-01-19 15:38:10,N,1.0,74,262,1.0,2.74,14.9,0.0,0.5,3.83,0.0,,1.0,22.98,1.0,1.0,2.75,0.0,7,2025-11-01 08:33:22.284665
2,2025-01-19 15:36:20,2025-01-19 15:43:37,N,1.0,74,41,1.0,1.03,8.6,0.0,0.5,2.02,0.0,,1.0,12.12,1.0,1.0,0.0,0.0,7,2025-11-01 08:33:22.284665
2,2025-01-19 15:46:24,2025-01-19 15:49:13,N,1.0,41,41,1.0,0.45,5.1,0.0,0.5,1.32,0.0,,1.0,7.92,1.0,1.0,0.0,0.0,7,2025-11-01 08:33:22.284665
2,2025-01-19 15:03:52,2025-01-19 15:09:21,N,1.0,43,262,1.0,1.3,7.9,0.0,0.5,2.43,0.0,,1.0,14.58,1.0,1.0,2.75,0.0,7,2025-11-01 08:33:22.284665
2,2025-01-19 15:27:51,2025-01-19 15:31:44,N,1.0,43,151,1.0,1.01,7.2,0.0,0.5,1.74,0.0,,1.0,10.44,1.0,1.0,0.0,0.0,7,2025-11-01 08:33:22.284665
2,2025-01-19 15:32:22,2025-01-19 15:48:44,N,1.0,41,236,1.0,2.61,17.7,0.0,0.5,4.39,0.0,,1.0,26.34,1.0,1.0,2.75,0.0,7,2025-11-01 08:33:22.284665
2,2025-01-19 16:00:34,2025-01-19 16:23:46,N,1.0,130,82,1.0,6.2,31.0,0.0,0.5,0.0,0.0,,1.0,32.5,2.0,1.0,0.0,0.0,7,2025-11-01 08:33:22.284665
2,2025-01-19 14:58:20,2025-01-19 15:17:30,N,1.0,75,116,1.0,3.17,19.8,0.0,0.5,3.0,0.0,,1.0,24.3,1.0,1.0,0.0,0.0,7,2025-11-01 08:33:22.284665
2,2025-01-19 15:36:18,2025-01-19 15:40:57,N,1.0,74,74,1.0,0.76,6.5,0.0,0.5,4.0,0.0,,1.0,12.0,1.0,1.0,0.0,0.0,7,2025-11-01 08:33:22.284665
2,2025-01-19 15:24:05,2025-01-19 15:32:27,N,1.0,74,236,1.0,1.81,10.7,0.0,0.5,2.99,0.0,,1.0,17.94,1.0,1.0,2.75,0.0,7,2025-11-01 08:33:22.284665
2,2025-01-19 15:52:22,2025-01-19 16:01:08,N,1.0,74,166,1.0,1.02,9.3,0.0,0.5,2.7,0.0,,1.0,13.5,1.0,1.0,0.0,0.0,7,2025-11-01 08:33:22.284665
2,2025-01-19 14:09:46,2025-01-19 14:24:33,N,1.0,75,244,1.0,5.8,25.4,0.0,0.5,4.0,0.0,,1.0,30.9,1.0,1.0,0.0,0.0,7,2025-11-01 08:33:22.284665
2,2025-01-19 14:45:18,2025-01-19 14:48:15,N,1.0,75,75,1.0,0.64,5.8,0.0,0.5,1.46,0.0,,1.0,8.76,1.0,1.0,0.0,0.0,7,2025-11-01 08:33:22.284665
2,2025-01-19 14:50:22,2025-01-19 14:56:12,N,1.0,75,236,1.0,1.27,7.9,0.0,0.5,2.43,0.0,,1.0,14.58,1.0,1.0,2.75,0.0,7,2025-11-01 08:33:22.284665
2,2025-01-19 16:12:12,2025-01-19 16:20:24,N,1.0,75,262,1.0,1.63,10.7,0.0,0.5,2.0,0.0,,1.0,16.95,1.0,1.0,2.75,0.0,7,2025-11-01 08:33:22.284665
2,2025-01-19 16:24:05,2025-01-19 16:29:01,N,1.0,7,7,1.0,0.36,5.8,0.0,0.5,0.36,0.0,,1.0,7.66,1.0,1.0,0.0,0.0,7,2025-11-01 08:33:22.284665
2,2025-01-19 16:13:08,2025-01-19 16:13:20,N,5.0,226,226,1.0,0.0,10.0,0.0,0.0,2.75,0.0,,1.0,13.75,1.0,2.0,0.0,0.0,7,2025-11-01 08:33:22.284665
2,2025-01-19 16:00:53,2025-01-19 16:21:23,N,1.0,75,7,1.0,5.67,26.8,0.0,0.5,0.0,6.94,,1.0,35.24,2.0,1.0,0.0,0.0,7,2025-11-01 08:33:22.284665
2,2025-01-19 16:25:50,2025-01-19 16:32:34,N,1.0,97,25,2.0,0.88,7.9,0.0,0.5,5.0,0.0,,1.0,14.4,1.0,1.0,0.0,0.0,7,2025-11-01 08:33:22.284665
2,2025-01-19 16:26:28,2025-01-19 16:38:47,N,1.0,74,42,1.0,1.95,13.5,0.0,0.5,3.5,0.0,,1.0,18.5,1.0,1.0,0.0,0.0,7,2025-11-01 08:33:22.284665
2,2025-01-19 16:06:03,2025-01-19 16:26:25,N,1.0,260,255,1.0,5.26,26.8,0.0,0.5,5.66,0.0,,1.0,33.96,1.0,1.0,0.0,0.0,7,2025-11-01 08:33:22.284665
2,2025-01-19 16:26:20,2025-01-19 16:33:00,N,1.0,82,160,1.0,0.98,7.9,0.0,0.5,1.88,0.0,,1.0,11.28,1.0,1.0,0.0,0.0,7,2025-11-01 08:33:22.284665
2,2025-01-19 16:08:26,2025-01-19 16:23:33,N,1.0,74,151,2.0,2.42,15.6,0.0,0.5,1.0,0.0,,1.0,18.1,1.0,1.0,0.0,0.0,7,2025-11-01 08:33:22.284665
2,2025-01-19 16:24:41,2025-01-19 16:38:44,N,1.0,74,244,1.0,3.9,19.8,0.0,0.5,3.0,0.0,,1.0,24.3,1.0,1.0,0.0,0.0,7,2025-11-01 08:33:22.284665
2,2025-01-19 16:51:57,2025-01-19 17:01:55,N,1.0,74,75,1.0,1.95,12.1,0.0,0.5,3.4,0.0,,1.0,17.0,1.0,1.0,0.0,0.0,7,2025-11-01 08:33:22.284665
2,2025-01-19 16:18:26,2025-01-19 16:29:15,N,1.0,166,116,1.0,2.06,13.5,0.0,0.5,3.0,0.0,,1.0,18.0,1.0,1.0,0.0,0.0,7,2025-11-01 08:33:22.284665
2,2025-01-19 16:36:20,2025-01-19 16:46:33,N,1.0,75,142,4.0,2.58,13.5,0.0,0.5,3.55,0.0,,1.0,21.3,1.0,1.0,2.75,0.0,7,2025-11-01 08:33:22.284665
1,2025-01-19 16:01:54,2025-01-19 16:08:43,N,1.0,210,29,1.0,1.0,8.6,0.0,1.5,0.0,0.0,,1.0,10.1,1.0,1.0,0.0,0.0,7,2025-11-01 08:33:22.284665
1,2025-01-19 16:31:12,2025-01-19 16:42:13,N,1.0,65,17,1.0,1.4,11.4,0.0,1.5,3.2,0.0,,1.0,16.1,1.0,1.0,0.0,0.0,7,2025-11-01 08:33:22.284665
2,2025-01-19 16:33:11,2025-01-19 16:42:42,N,1.0,166,116,1.0,2.14,12.8,0.0,0.5,2.0,0.0,,1.0,16.3,1.0,1.0,0.0,0.0,7,2025-11-01 08:33:22.284665
2,2025-01-19 16:43:36,2025-01-19 16:47:39,N,1.0,166,238,1.0,0.96,7.2,0.0,0.5,1.74,0.0,,1.0,10.44,1.0,1.0,0.0,0.0,7,2025-11-01 08:33:22.284665
2,2025-01-19 16:52:02,2025-01-19 17:09:39,N,1.0,166,140,1.0,3.55,19.8,0.0,0.5,3.0,0.0,,1.0,27.05,1.0,1.0,2.75,0.0,7,2025-11-01 08:33:22.284665
2,2025-01-19 16:37:22,2025-01-19 16:52:09,N,1.0,74,24,1.0,1.96,14.9,0.0,0.5,2.46,0.0,,1.0,18.86,1.0,1.0,0.0,0.0,7,2025-11-01 08:33:22.284665
2,2025-01-19 17:00:34,2025-01-19 17:10:31,N,1.0,75,140,1.0,1.46,11.4,0.0,0.5,3.13,0.0,,1.0,18.78,1.0,1.0,2.75,0.0,7,2025-11-01 08:33:22.284665
2,2025-01-19 16:47:47,2025-01-19 16:57:15,N,1.0,95,28,1.0,1.86,12.1,0.0,0.5,3.4,0.0,,1.0,17.0,1.0,1.0,0.0,0.0,7,2025-11-01 08:33:22.284665
2,2025-01-19 16:02:47,2025-01-19 16:12:39,N,1.0,95,28,1.0,1.71,10.7,0.0,0.5,0.0,0.0,,1.0,12.2,2.0,1.0,0.0,0.0,7,2025-11-01 08:33:22.284665
2,2025-01-19 16:15:09,2025-01-19 16:24:34,N,1.0,236,74,2.0,1.76,11.4,0.0,0.5,2.0,0.0,,1.0,14.9,1.0,1.0,0.0,0.0,7,2025-11-01 08:33:22.284665
2,2025-01-19 16:30:07,2025-01-19 16:38:05,N,1.0,74,236,2.0,1.74,10.7,0.0,0.5,2.44,0.0,,1.0,14.64,1.0,1.0,0.0,0.0,7,2025-11-01 08:33:22.284665
2,2025-01-19 16:47:54,2025-01-19 16:54:14,N,1.0,75,42,2.0,1.71,9.3,0.0,0.5,1.62,0.0,,1.0,12.42,1.0,1.0,0.0,0.0,7,2025-11-01 08:33:22.284665
2,2025-01-19 17:01:07,2025-01-19 17:14:51,N,1.0,74,24,2.0,2.15,14.2,0.0,0.5,3.14,0.0,,1.0,18.84,1.0,1.0,0.0,0.0,7,2025-11-01 08:33:22.284665
2,2025-01-19 16:26:32,2025-01-19 16:36:13,N,1.0,74,116,1.0,2.26,12.1,0.0,0.5,3.4,0.0,,1.0,17.0,1.0,1.0,0.0,0.0,7,2025-11-01 08:33:22.284665
2,2025-01-19 16:09:32,2025-01-19 16:16:38,N,1.0,116,116,1.0,1.12,8.6,0.0,0.5,2.02,0.0,,1.0,12.12,1.0,1.0,0.0,0.0,7,2025-11-01 08:33:22.284665
1,2025-01-19 16:28:52,2025-01-19 16:38:36,N,1.0,74,41,1.0,1.8,11.4,0.0,1.5,0.0,0.0,,1.0,12.9,1.0,1.0,0.0,0.0,7,2025-11-01 08:33:22.284665
1,2025-01-19 16:57:44,2025-01-19 17:00:36,N,1.0,41,41,1.0,0.6,5.1,0.0,1.5,0.0,0.0,,1.0,6.6,2.0,1.0,0.0,0.0,7,2025-11-01 08:33:22.284665
2,2025-01-19 16:47:48,2025-01-19 16:55:11,N,1.0,7,223,1.0,0.85,8.6,0.0,0.5,2.02,0.0,,1.0,12.12,1.0,1.0,0.0,0.0,7,2025-11-01 08:33:22.284665
2,2025-01-19 16:32:54,2025-01-19 16:40:32,N,1.0,74,236,1.0,2.05,10.7,0.0,0.5,2.99,0.0,,1.0,17.94,1.0,1.0,2.75,0.0,7,2025-11-01 08:33:22.284665
1,2025-01-19 16:00:17,2025-01-19 16:06:15,N,1.0,75,263,1.0,1.0,7.9,2.75,1.5,2.0,0.0,,1.0,14.15,1.0,1.0,2.75,0.0,7,2025-11-01 08:33:22.284665
1,2025-01-19 16:15:56,2025-01-19 16:25:57,N,1.0,166,74,1.0,1.3,9.3,0.0,1.5,0.0,0.0,,1.0,10.8,2.0,1.0,0.0,0.0,7,2025-11-01 08:33:22.284665
2,2025-01-19 16:34:52,2025-01-19 16:45:20,N,1.0,41,236,1.0,2.14,12.1,0.0,0.5,4.08,0.0,,1.0,17.68,1.0,1.0,0.0,0.0,7,2025-11-01 08:33:22.284665
2,2025-01-19 16:56:16,2025-01-19 17:07:07,N,1.0,74,262,1.0,2.58,14.2,0.0,0.5,4.61,0.0,,1.0,23.06,1.0,1.0,2.75,0.0,7,2025-11-01 08:33:22.284665
2,2025-01-19 16:06:28,2025-01-19 16:15:33,N,1.0,74,263,1.0,2.06,11.4,0.0,0.5,1.56,0.0,,1.0,17.21,1.0,1.0,2.75,0.0,7,2025-11-01 08:33:22.284665
2,2025-01-19 16:30:46,2025-01-19 16:41:48,N,1.0,74,140,1.0,2.98,14.9,0.0,0.5,3.83,0.0,,1.0,22.98,1.0,1.0,2.75,0.0,7,2025-11-01 08:33:22.284665
1,2025-01-19 16:28:08,2025-01-19 16:40:20,N,1.0,74,239,1.0,3.4,16.3,2.75,1.5,4.1,0.0,,1.0,24.65,1.0,1.0,2.75,0.0,7,2025-11-01 08:33:22.284665
1,2025-01-19 16:56:42,2025-01-19 17:07:31,N,1.0,74,140,1.0,2.9,14.9,2.75,1.5,3.8,0.0,,1.0,22.95,1.0,1.0,2.75,0.0,7,2025-11-01 08:33:22.284665
2,2025-01-19 16:38:16,2025-01-19 16:52:40,N,1.0,74,229,1.0,2.91,14.9,0.0,0.5,0.0,0.0,,1.0,19.9,2.0,1.0,2.75,0.75,7,2025-11-01 08:33:22.284665
2,2025-01-19 16:16:55,2025-01-19 16:32:05,N,1.0,82,129,1.0,1.38,14.2,0.0,0.5,0.0,0.0,,1.0,15.7,2.0,1.0,0.0,0.0,7,2025-11-01 08:33:22.284665
1,2025-01-19 16:12:05,2025-01-19 16:21:26,N,1.0,95,95,1.0,0.9,10.0,0.0,1.5,2.0,0.0,,1.0,13.5,1.0,1.0,0.0,0.0,7,2025-11-01 08:33:22.284665
2,2025-01-19 16:15:55,2025-01-19 16:35:42,N,1.0,97,61,1.0,3.51,21.2,0.0,0.5,4.54,0.0,,1.0,27.24,1.0,1.0,0.0,0.0,7,2025-11-01 08:33:22.284665
2,2025-01-19 16:48:56,2025-01-19 16:49:31,N,5.0,181,181,1.0,0.0,15.0,0.0,0.0,0.01,0.0,,1.0,16.01,1.0,2.0,0.0,0.0,7,2025-11-01 08:33:22.284665
2,2025-01-19 16:23:07,2025-01-19 16:38:17,N,1.0,95,56,1.0,2.41,16.3,0.0,0.5,0.0,0.0,,1.0,17.8,2.0,1.0,0.0,0.0,7,2025-11-01 08:33:22.284665
2,2025-01-19 16:43:58,2025-01-19 16:57:24,N,1.0,97,17,1.0,1.96,14.2,0.0,0.5,1.0,0.0,,1.0,16.7,1.0,1.0,0.0,0.0,7,2025-11-01 08:33:22.284665
2,2025-01-19 16:47:44,2025-01-19 17:15:10,N,1.0,97,62,1.0,1.6,21.9,0.0,0.5,0.0,0.0,,1.0,23.4,2.0,1.0,0.0,0.0,7,2025-11-01 08:33:22.284665
1,2025-01-19 16:19:29,2025-01-19 16:30:34,N,1.0,264,56,2.0,1.2,9.3,2.5,1.5,0.0,0.0,,1.0,13.3,2.0,1.0,0.0,0.0,7,2025-11-01 08:33:22.284665
1,2025-01-19 16:47:58,2025-01-19 17:03:52,N,1.0,82,129,2.0,2.0,12.8,2.5,1.5,0.0,0.0,,1.0,16.8,2.0,1.0,0.0,0.0,7,2025-11-01 08:33:22.284665
2,2025-01-19 16:09:31,2025-01-19 16:14:26,N,1.0,65,97,1.0,0.67,6.5,0.0,0.5,0.0,0.0,,1.0,8.0,2.0,1.0,0.0,0.0,7,2025-11-01 08:33:22.284665
1,2025-01-19 16:14:16,2025-01-19 16:23:37,N,1.0,97,40,0.0,1.4,10.7,0.0,1.5,0.0,0.0,,1.0,12.2,2.0,1.0,0.0,0.0,7,2025-11-01 08:33:22.284665
2,2025-01-19 16:25:25,2025-01-19 16:29:10,N,1.0,75,74,1.0,1.2,7.2,0.0,0.5,2.18,0.0,,1.0,10.88,1.0,1.0,0.0,0.0,7,2025-11-01 08:33:22.284665
2,2025-01-19 16:44:34,2025-01-19 16:49:33,N,1.0,74,41,1.0,1.29,7.9,0.0,0.5,0.0,0.0,,1.0,9.4,2.0,1.0,0.0,0.0,7,2025-11-01 08:33:22.284665
2,2025-01-19 16:44:43,2025-01-19 16:55:25,N,1.0,7,223,1.0,1.29,10.7,0.0,0.5,2.44,0.0,,1.0,14.64,1.0,1.0,0.0,0.0,7,2025-11-01 08:33:22.284665
2,2025-01-19 16:42:55,2025-01-19 17:00:10,N,1.0,97,61,1.0,2.23,16.3,0.0,0.5,3.56,0.0,,1.0,21.36,1.0,1.0,0.0,0.0,7,2025-11-01 08:33:22.284665
1,2025-01-19 16:50:10,2025-01-19 17:03:42,N,1.0,218,265,1.0,0.0,22.5,0.0,1.5,0.0,0.0,,1.0,24.0,1.0,1.0,0.0,0.0,7,2025-11-01 08:33:22.284665
2,2025-01-19 16:26:47,2025-01-19 16:36:34,N,1.0,74,263,1.0,2.25,12.8,0.0,0.5,1.5,0.0,,1.0,18.55,1.0,1.0,2.75,0.0,7,2025-11-01 08:33:22.284665
2,2025-01-19 16:06:42,2025-01-19 16:10:43,N,1.0,74,42,1.0,0.84,6.5,0.0,0.5,0.0,0.0,,1.0,8.0,2.0,1.0,0.0,0.0,7,2025-11-01 08:33:22.284665
2,2025-01-19 16:27:23,2025-01-19 16:34:43,N,1.0,74,41,1.0,0.93,8.6,0.0,0.5,2.02,0.0,,1.0,12.12,1.0,1.0,0.0,0.0,7,2025-11-01 08:33:22.284665
2,2025-01-19 16:46:31,2025-01-19 16:57:19,N,1.0,74,41,1.0,1.26,11.4,0.0,0.5,2.58,0.0,,1.0,15.48,1.0,1.0,0.0,0.0,7,2025-11-01 08:33:22.284665
2,2025-01-19 16:38:25,2025-01-19 17:00:33,N,1.0,74,237,1.0,3.79,23.3,0.0,0.5,2.0,0.0,,1.0,29.55,1.0,1.0,2.75,0.0,7,2025-11-01 08:33:22.284665
2,2025-01-19 16:20:36,2025-01-19 16:21:44,N,5.0,197,197,1.0,0.29,27.0,0.0,0.0,0.25,0.0,,1.0,28.25,1.0,2.0,0.0,0.0,7,2025-11-01 08:33:22.284665
2,2025-01-19 16:06:07,2025-01-19 16:13:41,N,1.0,223,223,1.0,1.04,8.6,0.0,0.5,0.0,0.0,,1.0,10.1,1.0,1.0,0.0,0.0,7,2025-11-01 08:33:22.284665
2,2025-01-19 15:31:05,2025-01-19 15:39:26,N,1.0,74,166,1.0,1.93,11.4,0.0,0.5,2.58,0.0,,1.0,15.48,1.0,1.0,0.0,0.0,7,2025-11-01 08:33:22.284665
1,2025-01-19 16:48:22,2025-01-19 17:45:43,N,1.0,230,35,1.0,0.0,35.5,0.0,1.5,0.0,6.94,,1.0,43.94,1.0,1.0,0.0,0.0,7,2025-11-01 08:33:22.284665
2,2025-01-19 16:37:11,2025-01-19 16:43:23,N,5.0,152,166,1.0,1.14,15.0,0.0,0.0,0.0,0.0,,1.0,16.0,2.0,2.0,0.0,0.0,7,2025-11-01 08:33:22.284665
2,2025-01-19 16:28:09,2025-01-19 16:43:18,N,1.0,74,239,1.0,3.62,18.4,0.0,0.5,4.53,0.0,,1.0,27.18,1.0,1.0,2.75,0.0,7,2025-11-01 08:33:22.284665
2,2025-01-19 16:34:42,2025-01-19 16:47:02,N,1.0,74,263,1.0,2.22,14.2,0.0,0.5,3.69,0.0,,1.0,22.14,1.0,1.0,2.75,0.0,7,2025-11-01 08:33:22.284665
2,2025-01-19 16:13:41,2025-01-19 16:13:41,N,5.0,264,264,1.0,0.0,16.0,0.0,0.0,1.0,0.0,,0.0,17.0,1.0,2.0,0.0,0.0,7,2025-11-01 08:33:22.284665
2,2025-01-19 16:24:30,2025-01-19 16:32:11,N,1.0,74,42,1.0,1.14,9.3,0.0,0.5,0.0,0.0,,1.0,10.8,2.0,1.0,0.0,0.0,7,2025-11-01 08:33:22.284665
2,2025-01-19 16:10:50,2025-01-19 16:10:57,N,5.0,166,166,1.0,0.0,10.0,0.0,0.0,2.2,0.0,,1.0,13.2,1.0,2.0,0.0,0.0,7,2025-11-01 08:33:22.284665
2,2025-01-19 15:59:38,2025-01-19 16:08:23,N,1.0,74,24,1.0,1.87,11.4,0.0,0.5,2.58,0.0,,1.0,15.48,1.0,1.0,0.0,0.0,7,2025-11-01 08:33:22.284665
2,2025-01-19 16:27:50,2025-01-19 16:38:34,N,1.0,74,140,1.0,3.69,17.7,0.0,0.5,4.39,0.0,,1.0,26.34,1.0,1.0,2.75,0.0,7,2025-11-01 08:33:22.284665
2,2025-01-19 16:31:53,2025-01-19 16:37:46,N,1.0,74,74,1.0,1.43,8.6,0.0,0.5,2.02,0.0,,1.0,12.12,1.0,1.0,0.0,0.0,7,2025-11-01 08:33:22.284665
2,2025-01-19 16:43:51,2025-01-19 17:12:57,N,1.0,75,90,1.0,4.37,28.2,0.0,0.5,6.64,0.0,,1.0,39.84,1.0,1.0,2.75,0.75,7,2025-11-01 08:33:22.284665
2,2025-01-19 16:32:44,2025-01-19 16:48:46,N,1.0,74,239,1.0,3.44,18.4,0.0,0.5,4.53,0.0,,1.0,27.18,1.0,1.0,2.75,0.0,7,2025-11-01 08:33:22.284665
2,2025-01-19 16:11:35,2025-01-19 16:20:29,N,1.0,95,95,1.0,0.87,10.0,0.0,0.5,2.3,0.0,,1.0,13.8,1.0,1.0,0.0,0.0,7,2025-11-01 08:33:22.284665
2,2025-01-19 16:28:39,2025-01-19 16:40:48,N,1.0,41,238,1.0,2.2,14.2,0.0,0.5,2.0,0.0,,1.0,20.45,1.0,1.0,2.75,0.0,7,2025-11-01 08:33:22.284665
2,2025-01-19 15:09:53,2025-01-19 15:17:38,N,1.0,43,236,1.0,1.51,9.3,0.0,0.5,2.71,0.0,,1.0,16.26,1.0,1.0,2.75,0.0,7,2025-11-01 08:33:22.284665
2,2025-01-19 15:33:43,2025-01-19 15:38:16,N,1.0,75,74,1.0,1.29,7.9,0.0,0.5,2.0,0.0,,1.0,11.4,1.0,1.0,0.0,0.0,7,2025-11-01 08:33:22.284665
2,2025-01-19 15:59:11,2025-01-19 16:09:07,N,1.0,75,74,1.0,1.97,12.1,0.0,0.5,2.72,0.0,,1.0,16.32,1.0,1.0,0.0,0.0,7,2025-11-01 08:33:22.284665
2,2025-01-19 17:40:46,2025-01-19 17:49:15,N,1.0,97,97,1.0,0.83,9.3,0.0,0.5,0.0,0.0,,1.0,10.8,2.0,1.0,0.0,0.0,7,2025-11-01 08:33:22.284665
2,2025-01-19 17:09:54,2025-01-19 17:19:53,N,1.0,193,179,1.0,1.06,10.0,0.0,0.5,2.3,0.0,,1.0,13.8,1.0,1.0,0.0,0.0,7,2025-11-01 08:33:22.284665
2,2025-01-19 17:34:25,2025-01-19 17:47:46,N,1.0,260,7,2.0,3.05,16.3,0.0,0.5,2.0,0.0,,1.0,19.8,1.0,1.0,0.0,0.0,7,2025-11-01 08:33:22.284665
2,2025-01-19 17:46:24,2025-01-19 18:00:10,N,1.0,166,74,1.0,1.99,14.2,0.0,0.5,0.0,0.0,,1.0,15.7,2.0,1.0,0.0,0.0,7,2025-11-01 08:33:22.284665
2,2025-01-19 17:57:23,2025-01-19 18:06:40,N,1.0,74,236,1.0,1.82,10.7,0.0,0.5,0.0,0.0,,1.0,14.95,2.0,1.0,2.75,0.0,7,2025-11-01 08:33:22.284665
1,2025-01-19 17:28:27,2025-01-19 17:32:30,N,1.0,97,97,1.0,0.4,5.8,0.0,1.5,0.0,0.0,,1.0,7.3,1.0,1.0,0.0,0.0,7,2025-11-01 08:33:22.284665
2,2025-01-19 17:32:15,2025-01-19 17:51:15,N,1.0,74,236,3.0,2.64,18.4,0.0,0.5,4.53,0.0,,1.0,27.18,1.0,1.0,2.75,0.0,7,2025-11-01 08:33:22.284665
2,2025-01-19 17:49:17,2025-01-19 17:56:43,N,1.0,74,263,1.0,1.86,10.0,0.0,0.5,2.0,0.0,,1.0,16.25,1.0,1.0,2.75,0.0,7,2025-11-01 08:33:22.284665
2,2025-01-19 17:26:37,2025-01-19 17:32:40,N,1.0,74,75,1.0,1.52,8.6,0.0,0.5,0.0,0.0,,1.0,10.1,2.0,1.0,0.0,0.0,7,2025-11-01 08:33:22.284665
2,2025-01-19 16:57:42,2025-01-19 17:34:17,N,1.0,97,202,1.0,7.81,39.4,0.0,0.5,8.18,0.0,,1.0,49.08,1.0,1.0,0.0,0.0,7,2025-11-01 08:33:22.284665
2,2025-01-19 17:36:28,2025-01-19 17:47:16,N,1.0,74,238,1.0,2.59,13.5,0.0,0.5,4.44,0.0,,1.0,22.19,1.0,1.0,2.75,0.0,7,2025-11-01 08:33:22.284665
2,2025-01-19 07:02:28,2025-01-20 06:21:31,N,1.0,74,142,1.0,3.97,20.5,0.0,0.5,1.24,0.0,,1.0,25.99,1.0,1.0,2.75,0.0,7,2025-11-01 08:33:22.284665
1,2025-01-19 17:35:21,2025-01-19 18:03:39,N,1.0,244,249,1.0,9.3,40.8,3.5,1.5,9.15,0.0,,1.0,54.95,1.0,1.0,2.75,0.75,7,2025-11-01 08:33:22.284665
2,2025-01-19 17:21:43,2025-01-19 17:44:55,N,1.0,66,161,1.0,7.11,31.7,0.0,0.5,0.0,0.0,,1.0,36.7,2.0,1.0,2.75,0.75,7,2025-11-01 08:33:22.284665
1,2025-01-19 17:26:13,2025-01-19 17:29:05,N,1.0,75,236,1.0,0.4,4.4,2.75,1.5,2.0,0.0,,1.0,10.65,1.0,1.0,2.75,0.0,7,2025-11-01 08:33:22.284665
2,2025-01-19 17:06:32,2025-01-19 17:13:58,N,1.0,7,146,1.0,1.29,9.3,0.0,0.5,2.16,0.0,,1.0,12.96,1.0,1.0,0.0,0.0,7,2025-11-01 08:33:22.284665
2,2025-01-19 17:27:08,2025-01-19 17:40:11,N,1.0,74,239,1.0,3.08,15.6,0.0,0.5,2.98,0.0,,1.0,22.83,1.0,1.0,2.75,0.0,7,2025-11-01 08:33:22.284665
2,2025-01-19 17:58:57,2025-01-19 18:05:39,N,1.0,75,263,1.0,1.11,8.6,0.0,0.5,0.0,0.0,,1.0,12.85,2.0,1.0,2.75,0.0,7,2025-11-01 08:33:22.284665
2,2025-01-19 17:04:40,2025-01-19 17:17:54,N,1.0,74,239,1.0,3.11,16.3,0.0,0.5,4.11,0.0,,1.0,24.66,1.0,1.0,2.75,0.0,7,2025-11-01 08:33:22.284665
2,2025-01-19 17:26:15,2025-01-19 17:39:13,N,1.0,95,56,1.0,2.28,13.5,0.0,0.5,0.0,0.0,,1.0,15.0,2.0,1.0,0.0,0.0,7,2025-11-01 08:33:22.284665
2,2025-01-19 17:37:35,2025-01-19 17:52:34,N,1.0,95,197,1.0,2.76,17.0,0.0,0.5,0.0,0.0,,1.0,18.5,2.0,1.0,0.0,0.0,7,2025-11-01 08:33:22.284665
2,2025-01-19 17:21:08,2025-01-19 17:30:49,N,1.0,166,42,2.0,1.79,11.4,0.0,0.5,0.0,0.0,,1.0,12.9,2.0,1.0,0.0,0.0,7,2025-11-01 08:33:22.284665
2,2025-01-19 17:57:43,2025-01-19 18:12:47,N,1.0,74,262,2.0,2.56,16.3,0.0,0.5,4.11,0.0,,1.0,24.66,1.0,1.0,2.75,0.0,7,2025-11-01 08:33:22.284665
2,2025-01-19 17:43:11,2025-01-19 17:59:09,N,1.0,7,92,1.0,6.23,26.1,0.0,0.5,2.0,0.0,,1.0,29.6,1.0,1.0,0.0,0.0,7,2025-11-01 08:33:22.284665
2,2025-01-19 17:57:30,2025-01-19 18:05:22,N,1.0,223,223,1.0,0.9,8.6,0.0,0.5,2.02,0.0,,1.0,12.12,1.0,1.0,0.0,0.0,7,2025-11-01 08:33:22.284665
1,2025-01-19 17:16:51,2025-01-19 17:31:04,N,1.0,43,262,2.0,2.4,14.2,2.75,1.5,0.0,0.0,,1.0,18.45,2.0,1.0,2.75,0.0,7,2025-11-01 08:33:22.284665
2,2025-01-19 17:08:50,2025-01-19 17:16:06,N,1.0,130,28,1.0,0.87,7.9,0.0,0.5,1.88,0.0,,1.0,11.28,1.0,1.0,0.0,0.0,7,2025-11-01 08:33:22.284665
2,2025-01-19 17:00:27,2025-01-19 17:20:58,N,1.0,74,142,1.0,3.62,21.2,0.0,0.5,2.54,0.0,,1.0,27.99,1.0,1.0,2.75,0.0,7,2025-11-01 08:33:22.284665
1,2025-01-19 17:27:20,2025-01-19 17:54:09,N,1.0,179,182,1.0,0.0,31.5,0.0,1.5,0.0,6.94,,1.0,39.94,1.0,1.0,0.0,0.0,7,2025-11-01 08:33:22.284665
2,2025-01-19 17:58:14,2025-01-19 18:23:05,N,5.0,66,234,2.0,4.49,37.0,0.0,0.0,8.3,0.0,,1.0,49.8,1.0,2.0,2.75,0.75,7,2025-11-01 08:33:22.284665
2,2025-01-19 17:32:54,2025-01-19 17:39:20,N,1.0,74,74,1.0,1.23,8.6,0.0,0.5,0.0,0.0,,1.0,10.1,1.0,1.0,0.0,0.0,7,2025-11-01 08:33:22.284665
2,2025-01-19 17:05:53,2025-01-19 17:23:09,N,1.0,82,112,1.0,4.11,21.9,0.0,0.5,0.0,0.0,,1.0,23.4,1.0,1.0,0.0,0.0,7,2025-11-01 08:33:22.284665
2,2025-01-19 17:03:39,2025-01-19 17:16:38,N,1.0,74,239,1.0,3.41,16.3,0.0,0.5,4.11,0.0,,1.0,24.66,1.0,1.0,2.75,0.0,7,2025-11-01 08:33:22.284665
2,2025-01-19 17:00:00,2025-01-19 17:19:31,N,5.0,82,263,1.0,7.64,30.03,0.0,0.5,3.31,6.94,,1.0,44.53,1.0,1.0,2.75,0.0,7,2025-11-01 08:33:22.284665
1,2025-01-19 17:16:57,2025-01-19 17:22:52,N,1.0,95,95,1.0,0.9,7.2,0.0,1.5,2.15,0.0,,1.0,10.85,1.0,1.0,0.0,0.0,7,2025-11-01 08:33:22.284665
2,2025-01-19 17:52:39,2025-01-19 18:04:26,N,1.0,97,189,1.0,1.6,12.8,0.0,0.5,3.58,0.0,,1.0,17.88,1.0,1.0,0.0,0.0,7,2025-11-01 08:33:22.284665
2,2025-01-19 17:02:19,2025-01-19 17:08:08,N,1.0,130,130,1.0,0.83,7.2,0.0,0.5,0.0,0.0,,1.0,8.7,2.0,1.0,0.0,0.0,7,2025-11-01 08:33:22.284665
2,2025-01-19 17:23:21,2025-01-19 17:36:00,N,1.0,95,135,1.0,1.88,12.8,0.0,0.5,0.0,0.0,,1.0,14.3,2.0,1.0,0.0,0.0,7,2025-11-01 08:33:22.284665
2,2025-01-19 17:21:13,2025-01-19 17:32:31,N,1.0,65,65,1.0,0.77,10.7,0.0,0.5,0.0,0.0,,1.0,12.2,2.0,1.0,0.0,0.0,7,2025-11-01 08:33:22.284665
2,2025-01-19 17:25:04,2025-01-19 17:42:05,N,1.0,97,225,1.0,2.83,17.7,0.0,0.5,3.84,0.0,,1.0,23.04,1.0,1.0,0.0,0.0,7,2025-11-01 08:33:22.284665
2,2025-01-19 17:27:52,2025-01-19 17:55:22,N,1.0,97,89,1.0,4.48,26.8,0.0,0.5,7.08,0.0,,1.0,35.38,1.0,1.0,0.0,0.0,7,2025-11-01 08:33:22.284665
2,2025-01-19 17:21:12,2025-01-19 17:26:35,N,1.0,97,97,1.0,0.66,7.2,0.0,0.5,13.0,0.0,,1.0,21.7,1.0,1.0,0.0,0.0,7,2025-11-01 08:33:22.284665
2,2025-01-19 17:54:13,2025-01-19 18:02:53,N,1.0,97,25,1.0,0.33,8.6,0.0,0.5,2.02,0.0,,1.0,12.12,1.0,1.0,0.0,0.0,7,2025-11-01 08:33:22.284665
2,2025-01-19 17:51:50,2025-01-19 17:58:00,N,1.0,74,75,1.0,1.4,8.6,0.0,0.5,0.0,0.0,,1.0,10.1,2.0,1.0,0.0,0.0,7,2025-11-01 08:33:22.284665
2,2025-01-19 17:49:34,2025-01-19 17:59:52,N,1.0,129,129,1.0,1.18,10.7,0.0,0.5,2.44,0.0,,1.0,14.64,1.0,1.0,0.0,0.0,7,2025-11-01 08:33:22.284665
2,2025-01-19 17:57:49,2025-01-19 18:05:46,N,1.0,74,41,1.0,1.22,9.3,0.0,0.5,2.7,0.0,,1.0,13.5,1.0,1.0,0.0,0.0,7,2025-11-01 08:33:22.284665
2,2025-01-19 17:04:43,2025-01-19 17:23:07,N,1.0,92,9,1.0,2.8,17.7,0.0,0.5,3.84,0.0,,1.0,23.04,1.0,1.0,0.0,0.0,7,2025-11-01 08:33:22.284665
1,2025-01-19 17:30:23,2025-01-19 17:38:32,N,1.0,75,151,2.0,1.5,10.0,0.0,1.5,2.3,0.0,,1.0,13.8,1.0,1.0,0.0,0.0,7,2025-11-01 08:33:22.284665
1,2025-01-19 17:48:10,2025-01-19 17:58:29,N,1.0,236,239,2.0,1.9,12.8,2.75,1.5,3.4,0.0,,1.0,20.45,1.0,1.0,2.75,0.0,7,2025-11-01 08:33:22.284665
2,2025-01-19 17:17:23,2025-01-19 17:32:20,N,1.0,97,65,1.0,1.69,14.9,0.0,0.5,3.28,0.0,,1.0,19.68,1.0,1.0,0.0,0.0,7,2025-11-01 08:33:22.284665
2,2025-01-19 17:55:39,2025-01-19 17:59:33,N,1.0,97,97,1.0,0.95,7.2,0.0,0.5,2.61,0.0,,1.0,11.31,1.0,1.0,0.0,0.0,7,2025-11-01 08:33:22.284665
2,2025-01-19 17:00:33,2025-01-19 17:10:46,N,1.0,74,237,1.0,2.55,13.5,0.0,0.5,3.55,0.0,,1.0,21.3,1.0,1.0,2.75,0.0,7,2025-11-01 08:33:22.284665
2,2025-01-19 17:32:20,2025-01-19 17:47:38,N,1.0,74,262,1.0,2.69,16.3,0.0,0.5,5.14,0.0,,1.0,25.69,1.0,1.0,2.75,0.0,7,2025-11-01 08:33:22.284665
2,2025-01-19 17:58:45,2025-01-19 18:17:43,N,1.0,74,238,1.0,3.47,20.5,0.0,0.5,4.95,0.0,,1.0,29.7,1.0,1.0,2.75,0.0,7,2025-11-01 08:33:22.284665
2,2025-01-19 17:02:19,2025-01-19 17:18:06,N,1.0,97,189,1.0,1.25,14.2,0.0,0.5,2.0,0.0,,1.0,17.7,1.0,1.0,0.0,0.0,7,2025-11-01 08:33:22.284665
2,2025-01-19 17:51:51,2025-01-19 18:18:24,N,1.0,97,85,1.0,4.5,26.8,0.0,0.5,5.66,0.0,,1.0,33.96,1.0,1.0,0.0,0.0,7,2025-11-01 08:33:22.284665
2,2025-01-19 17:40:36,2025-01-19 17:49:39,N,1.0,74,166,1.0,1.31,10.0,0.0,0.5,2.88,0.0,,1.0,14.38,1.0,1.0,0.0,0.0,7,2025-11-01 08:33:22.284665
2,2025-01-19 17:53:16,2025-01-19 17:59:14,N,1.0,166,116,1.0,0.97,7.9,0.0,0.5,5.0,0.0,,1.0,14.4,1.0,1.0,0.0,0.0,7,2025-11-01 08:33:22.284665
2,2025-01-19 17:29:39,2025-01-19 17:38:33,N,1.0,74,262,1.0,2.91,14.2,0.0,0.5,0.0,0.0,,1.0,18.45,2.0,1.0,2.75,0.0,7,2025-11-01 08:33:22.284665
2,2025-01-19 15:07:20,2025-01-19 15:18:19,N,1.0,74,238,1.0,2.49,13.5,0.0,0.5,3.0,0.0,,1.0,18.0,1.0,1.0,0.0,0.0,7,2025-11-01 08:33:22.284665
2,2025-01-19 15:23:29,2025-01-19 15:28:20,N,1.0,166,166,1.0,0.76,7.2,0.0,0.5,1.74,0.0,,1.0,10.44,1.0,1.0,0.0,0.0,7,2025-11-01 08:33:22.284665
2,2025-01-19 15:29:45,2025-01-20 14:45:38,N,1.0,166,239,1.0,2.24,15.6,0.0,0.5,3.97,0.0,,1.0,23.82,1.0,1.0,2.75,0.0,7,2025-11-01 08:33:22.284665
2,2025-01-19 16:29:18,2025-01-19 16:42:08,N,1.0,41,237,1.0,3.05,16.3,0.0,0.5,4.11,0.0,,1.0,24.66,1.0,1.0,2.75,0.0,7,2025-11-01 08:33:22.284665
2,2025-01-19 16:53:16,2025-01-19 17:01:34,N,1.0,75,262,1.0,1.4,10.0,0.0,0.5,0.0,0.0,,1.0,14.25,2.0,1.0,2.75,0.0,7,2025-11-01 08:33:22.284665
2,2025-01-19 17:47:56,2025-01-19 17:49:45,N,5.0,75,236,1.0,0.38,20.0,0.0,0.0,0.88,0.0,,1.0,21.88,1.0,2.0,0.0,0.0,7,2025-11-01 08:33:22.284665
2,2025-01-19 17:02:19,2025-01-19 17:14:51,N,1.0,74,263,1.0,2.46,14.9,0.0,0.5,10.0,0.0,,1.0,29.15,1.0,1.0,2.75,0.0,7,2025-11-01 08:33:22.284665
2,2025-01-19 17:18:05,2025-01-19 17:40:19,N,5.0,195,79,1.0,5.64,35.0,0.0,0.0,7.9,0.0,,1.0,47.4,1.0,2.0,2.75,0.75,7,2025-11-01 08:33:22.284665
2,2025-01-19 17:11:13,2025-01-19 17:20:33,N,5.0,82,129,1.0,0.95,16.0,0.0,0.0,0.0,0.0,,1.0,17.0,1.0,2.0,0.0,0.0,7,2025-11-01 08:33:22.284665
2,2025-01-19 17:07:47,2025-01-19 17:24:57,N,1.0,74,142,1.0,3.56,18.4,0.0,0.5,0.0,0.0,,1.0,22.65,1.0,1.0,2.75,0.0,7,2025-11-01 08:33:22.284665
2,2025-01-19 17:28:46,2025-01-19 17:48:12,N,1.0,74,75,1.0,3.2,19.8,0.0,0.5,4.26,0.0,,1.0,25.56,1.0,1.0,0.0,0.0,7,2025-11-01 08:33:22.284665
1,2025-01-19 17:06:04,2025-01-19 17:21:23,N,1.0,65,181,1.0,1.0,11.4,0.0,1.5,0.0,0.0,,1.0,12.9,2.0,1.0,0.0,0.0,7,2025-11-01 08:33:22.284665
1,2025-01-19 17:53:34,2025-01-19 18:12:46,N,1.0,65,228,1.0,3.1,17.7,0.0,1.5,3.8,0.0,,1.0,23.0,1.0,1.0,0.0,0.0,7,2025-11-01 08:33:22.284665
2,2025-01-19 16:24:26,2025-01-19 16:32:57,N,1.0,75,238,1.0,1.24,10.0,0.0,0.5,3.0,0.0,,1.0,14.5,1.0,1.0,0.0,0.0,7,2025-11-01 08:33:22.284665
2,2025-01-19 18:25:21,2025-01-19 18:36:03,N,1.0,65,65,1.0,1.2,10.0,0.0,0.5,0.0,0.0,,1.0,11.5,2.0,1.0,0.0,0.0,7,2025-11-01 08:33:22.284665
2,2025-01-19 18:14:10,2025-01-19 18:14:15,N,5.0,219,219,1.0,0.0,3.0,0.0,0.0,0.0,0.0,,1.0,4.0,1.0,2.0,0.0,0.0,7,2025-11-01 08:33:22.284665
2,2025-01-19 18:40:46,2025-01-19 18:53:04,N,1.0,152,74,1.0,1.53,12.1,0.0,0.5,4.08,0.0,,1.0,17.68,1.0,1.0,0.0,0.0,7,2025-11-01 08:33:22.284665
2,2025-01-19 18:51:39,2025-01-19 19:05:28,N,1.0,82,92,1.0,4.48,21.2,0.0,0.5,0.0,0.0,,1.0,22.7,2.0,1.0,0.0,0.0,7,2025-11-01 08:33:22.284665
2,2025-01-19 18:10:44,2025-01-19 18:26:02,N,1.0,43,230,1.0,3.0,17.0,0.0,0.5,3.3,0.0,,1.0,25.3,1.0,1.0,2.75,0.75,7,2025-11-01 08:33:22.284665
2,2025-01-19 18:45:40,2025-01-19 18:49:05,N,1.0,75,238,1.0,0.82,6.5,0.0,0.5,2.0,0.0,,1.0,10.0,1.0,1.0,0.0,0.0,7,2025-11-01 08:33:22.284665
2,2025-01-19 18:38:57,2025-01-19 18:56:15,N,1.0,74,116,1.0,2.3,17.0,0.0,0.5,3.7,0.0,,1.0,22.2,1.0,1.0,0.0,0.0,7,2025-11-01 08:33:22.284665
2,2025-01-19 18:40:33,2025-01-19 18:44:22,N,1.0,75,238,1.0,0.96,6.5,0.0,0.5,1.0,0.0,,1.0,11.75,1.0,1.0,2.75,0.0,7,2025-11-01 08:33:22.284665
2,2025-01-19 18:37:46,2025-01-19 18:49:24,N,1.0,74,152,1.0,1.71,12.1,0.0,0.5,2.72,0.0,,1.0,16.32,1.0,1.0,0.0,0.0,7,2025-11-01 08:33:22.284665
2,2025-01-19 18:58:53,2025-01-19 19:21:31,N,1.0,166,230,1.0,5.14,26.8,0.0,0.5,6.36,0.0,,1.0,38.16,1.0,1.0,2.75,0.75,7,2025-11-01 08:33:22.284665
2,2025-01-19 18:40:25,2025-01-19 18:50:20,N,1.0,74,166,1.0,1.39,10.7,0.0,0.5,2.44,0.0,,1.0,14.64,1.0,1.0,0.0,0.0,7,2025-11-01 08:33:22.284665
1,2025-01-19 18:40:35,2025-01-19 18:53:15,N,1.0,74,238,1.0,2.8,14.9,2.75,1.5,3.0,0.0,,1.0,22.15,1.0,1.0,2.75,0.0,7,2025-11-01 08:33:22.284665
2,2025-01-19 18:18:09,2025-01-19 18:34:43,N,1.0,66,87,1.0,3.84,20.5,0.0,0.5,0.05,0.0,,1.0,25.55,1.0,1.0,2.75,0.75,7,2025-11-01 08:33:22.284665
1,2025-01-19 18:07:38,2025-01-19 18:17:41,N,1.0,75,237,1.0,1.9,10.7,2.75,1.5,3.7,0.0,,1.0,18.65,1.0,1.0,2.75,0.0,7,2025-11-01 08:33:22.284665
2,2025-01-19 18:24:40,2025-01-19 18:29:01,N,1.0,74,75,1.0,0.91,6.5,0.0,0.5,0.0,0.0,,1.0,8.0,2.0,1.0,0.0,0.0,7,2025-11-01 08:33:22.284665
2,2025-01-19 18:33:59,2025-01-19 18:40:28,N,1.0,74,41,1.0,0.95,7.9,0.0,0.5,1.88,0.0,,1.0,11.28,1.0,1.0,0.0,0.0,7,2025-11-01 08:33:22.284665
2,2025-01-19 18:44:44,2025-01-19 18:56:43,N,1.0,43,161,1.0,3.03,15.6,0.0,0.5,2.06,0.0,,1.0,22.66,1.0,1.0,2.75,0.75,7,2025-11-01 08:33:22.284665
2,2025-01-19 18:47:56,2025-01-19 18:55:30,N,1.0,95,134,1.0,1.19,8.6,0.0,0.5,2.02,0.0,,1.0,12.12,1.0,1.0,0.0,0.0,7,2025-11-01 08:33:22.284665
2,2025-01-19 18:44:18,2025-01-19 18:58:44,N,1.0,95,82,1.0,2.24,15.6,0.0,0.5,0.0,0.0,,1.0,17.1,1.0,1.0,0.0,0.0,7,2025-11-01 08:33:22.284665
2,2025-01-19 19:01:34,2025-01-19 19:14:31,N,1.0,95,134,1.0,1.68,12.8,0.0,0.5,0.0,0.0,,1.0,14.3,2.0,1.0,0.0,0.0,7,2025-11-01 08:33:22.284665
2,2025-01-19 18:34:23,2025-01-19 18:46:39,N,1.0,75,239,2.0,2.29,14.2,0.0,0.5,5.54,0.0,,1.0,23.99,1.0,1.0,2.75,0.0,7,2025-11-01 08:33:22.284665
2,2025-01-19 18:55:03,2025-01-19 19:00:51,N,1.0,24,151,2.0,0.89,7.9,0.0,0.5,2.82,0.0,,1.0,12.22,1.0,1.0,0.0,0.0,7,2025-11-01 08:33:22.284665
2,2025-01-19 18:02:51,2025-01-19 18:24:11,N,1.0,25,61,2.0,2.91,20.5,0.0,0.5,0.0,0.0,,1.0,22.0,1.0,1.0,0.0,0.0,7,2025-11-01 08:33:22.284665
2,2025-01-19 18:35:20,2025-01-19 18:43:15,N,1.0,74,75,1.0,1.66,10.0,0.0,0.5,2.3,0.0,,1.0,13.8,1.0,1.0,0.0,0.0,7,2025-11-01 08:33:22.284665
2,2025-01-19 18:51:59,2025-01-19 18:57:59,N,1.0,95,95,1.0,0.9,7.2,0.0,0.5,0.0,0.0,,1.0,8.7,2.0,1.0,0.0,0.0,7,2025-11-01 08:33:22.284665
2,2025-01-19 17:57:38,2025-01-19 18:09:29,N,1.0,74,236,1.0,1.75,12.8,0.0,0.5,0.85,0.0,,1.0,17.9,1.0,1.0,2.75,0.0,7,2025-11-01 08:33:22.284665
1,2025-01-19 18:26:27,2025-01-19 18:33:53,N,1.0,75,75,1.0,1.2,9.3,0.0,1.5,0.0,0.0,,1.0,10.8,2.0,1.0,0.0,0.0,7,2025-11-01 08:33:22.284665
2,2025-01-19 18:02:21,2025-01-19 18:07:33,N,1.0,74,42,1.0,1.06,7.2,0.0,0.5,0.0,0.0,,1.0,8.7,1.0,1.0,0.0,0.0,7,2025-11-01 08:33:22.284665
2,2025-01-19 18:52:38,2025-01-19 18:58:39,N,1.0,74,74,1.0,1.22,7.9,0.0,0.5,1.88,0.0,,1.0,11.28,1.0,1.0,0.0,0.0,7,2025-11-01 08:33:22.284665
2,2025-01-19 18:24:25,2025-01-19 18:34:09,N,1.0,74,263,1.0,2.28,12.8,0.0,0.5,0.85,0.0,,1.0,17.9,1.0,1.0,2.75,0.0,7,2025-11-01 08:33:22.284665
1,2025-01-19 18:39:18,2025-01-19 18:45:18,N,1.0,74,75,1.0,1.6,9.3,0.0,1.5,3.2,0.0,,1.0,14.0,1.0,1.0,0.0,0.0,7,2025-11-01 08:33:22.284665
2,2025-01-19 18:51:12,2025-01-19 18:53:31,N,1.0,7,7,5.0,0.46,4.4,0.0,0.5,1.18,0.0,,1.0,7.08,1.0,1.0,0.0,0.0,7,2025-11-01 08:33:22.284665
2,2025-01-19 18:23:01,2025-01-19 18:31:28,N,1.0,146,179,1.0,1.57,10.7,0.0,0.5,0.0,0.0,,1.0,12.2,1.0,1.0,0.0,0.0,7,2025-11-01 08:33:22.284665
2,2025-01-19 18:09:46,2025-01-19 18:19:49,N,1.0,97,49,1.0,1.64,11.4,0.0,0.5,3.22,0.0,,1.0,16.12,1.0,1.0,0.0,0.0,7,2025-11-01 08:33:22.284665
2,2025-01-19 18:27:10,2025-01-19 18:47:21,N,1.0,65,62,1.0,3.58,21.2,0.0,0.5,4.54,0.0,,1.0,27.24,1.0,1.0,0.0,0.0,7,2025-11-01 08:33:22.284665
2,2025-01-19 18:15:14,2025-01-19 18:22:49,N,1.0,97,189,1.0,0.82,8.6,0.0,0.5,2.52,0.0,,1.0,12.62,1.0,1.0,0.0,0.0,7,2025-11-01 08:33:22.284665
2,2025-01-19 18:26:33,2025-01-19 18:35:07,N,1.0,189,49,1.0,1.67,10.0,0.0,0.5,2.3,0.0,,1.0,13.8,1.0,1.0,0.0,0.0,7,2025-11-01 08:33:22.284665
2,2025-01-19 18:55:27,2025-01-19 19:38:06,N,1.0,65,140,1.0,3.86,33.1,0.0,0.5,5.88,0.0,,1.0,43.98,1.0,1.0,2.75,0.75,7,2025-11-01 08:33:22.284665
1,2025-01-19 18:06:43,2025-01-19 18:20:51,N,1.0,82,173,2.0,1.6,11.4,2.5,1.5,0.0,0.0,,1.0,15.4,2.0,1.0,0.0,0.0,7,2025-11-01 08:33:22.284665
2,2025-01-19 18:12:41,2025-01-19 18:21:28,N,1.0,82,138,1.0,3.87,17.7,5.0,0.5,4.84,0.0,,1.0,29.04,1.0,1.0,0.0,0.0,7,2025-11-01 08:33:22.284665
2,2025-01-19 18:32:30,2025-01-19 18:40:15,N,1.0,82,129,1.0,0.56,8.6,0.0,0.5,2.02,0.0,,1.0,12.12,1.0,1.0,0.0,0.0,7,2025-11-01 08:33:22.284665
2,2025-01-19 18:49:12,2025-01-19 18:59:36,N,1.0,82,112,1.0,4.09,18.4,0.0,0.5,4.98,0.0,,1.0,24.88,1.0,1.0,0.0,0.0,7,2025-11-01 08:33:22.284665
2,2025-01-19 18:48:50,2025-01-19 18:53:54,N,1.0,7,179,1.0,0.82,6.5,0.0,0.5,2.0,0.0,,1.0,10.0,1.0,1.0,0.0,0.0,7,2025-11-01 08:33:22.284665
2,2025-01-19 18:33:11,2025-01-19 19:01:11,N,1.0,65,165,1.0,9.68,43.6,0.0,0.5,9.02,0.0,,1.0,54.12,1.0,1.0,0.0,0.0,7,2025-11-01 08:33:22.284665
2,2025-01-19 18:53:34,2025-01-19 19:03:50,N,1.0,74,166,1.0,1.66,11.4,0.0,0.5,2.58,0.0,,1.0,15.48,1.0,1.0,0.0,0.0,7,2025-11-01 08:33:22.284665
2,2025-01-19 18:39:08,2025-01-19 18:58:04,N,1.0,74,238,1.0,3.09,19.8,0.0,0.5,4.81,0.0,,1.0,28.86,1.0,1.0,2.75,0.0,7,2025-11-01 08:33:22.284665
2,2025-01-19 18:15:11,2025-01-19 18:28:22,N,1.0,42,116,1.0,2.31,14.2,0.0,0.5,0.0,0.0,,1.0,15.7,2.0,1.0,0.0,0.0,7,2025-11-01 08:33:22.284665
2,2025-01-19 17:52:52,2025-01-19 18:00:02,N,1.0,75,238,1.0,1.38,9.3,0.0,0.5,2.71,0.0,,1.0,16.26,1.0,1.0,2.75,0.0,7,2025-11-01 08:33:22.284665
2,2025-01-19 18:15:18,2025-01-19 18:23:58,N,5.0,82,82,1.0,1.45,20.0,0.0,0.0,2.0,0.0,,1.0,23.0,1.0,2.0,0.0,0.0,7,2025-11-01 08:33:22.284665
2,2025-01-19 18:31:22,2025-01-19 18:46:04,N,1.0,74,151,1.0,2.28,14.9,0.0,0.5,4.1,0.0,,1.0,20.5,1.0,1.0,0.0,0.0,7,2025-11-01 08:33:22.284665
2,2025-01-19 17:58:36,2025-01-19 18:10:50,N,1.0,74,166,1.0,1.73,12.8,0.0,0.5,2.86,0.0,,1.0,17.16,1.0,1.0,0.0,0.0,7,2025-11-01 08:33:22.284665
2,2025-01-19 18:36:00,2025-01-19 18:42:37,N,1.0,74,41,1.0,1.08,7.9,0.0,0.5,1.88,0.0,,1.0,11.28,1.0,1.0,0.0,0.0,7,2025-11-01 08:33:22.284665
2,2025-01-19 18:09:30,2025-01-19 18:21:23,N,1.0,130,10,1.0,2.87,14.9,0.0,0.5,3.28,0.0,,1.0,19.68,1.0,1.0,0.0,0.0,7,2025-11-01 08:33:22.284665
2,2025-01-19 18:43:12,2025-01-19 19:02:31,N,1.0,82,75,2.0,7.82,33.1,0.0,0.5,8.31,6.94,,1.0,49.85,1.0,1.0,0.0,0.0,7,2025-11-01 08:33:22.284665
2,2025-01-19 18:55:06,2025-01-19 18:55:10,N,5.0,82,82,2.0,0.0,25.0,0.0,0.0,2.0,0.0,,1.0,28.0,1.0,2.0,0.0,0.0,7,2025-11-01 08:33:22.284665
2,2025-01-19 18:07:05,2025-01-19 18:21:50,N,1.0,95,95,1.0,2.08,14.2,0.0,0.5,2.0,0.0,,1.0,17.7,1.0,1.0,0.0,0.0,7,2025-11-01 08:33:22.284665
2,2025-01-19 17:56:56,2025-01-19 18:05:34,N,1.0,74,236,1.0,1.64,10.7,0.0,0.5,2.99,0.0,,1.0,17.94,1.0,1.0,2.75,0.0,7,2025-11-01 08:33:22.284665
2,2025-01-19 18:20:55,2025-01-19 18:25:13,N,1.0,75,74,1.0,1.0,7.2,0.0,0.5,2.18,0.0,,1.0,10.88,1.0,1.0,0.0,0.0,7,2025-11-01 08:33:22.284665
2,2025-01-19 19:25:33,2025-01-19 19:29:53,N,1.0,166,41,1.0,0.76,6.5,0.0,0.5,1.0,0.0,,1.0,9.0,1.0,1.0,0.0,0.0,7,2025-11-01 08:33:22.284665
2,2025-01-19 18:58:48,2025-01-19 19:04:51,N,1.0,74,75,1.0,1.19,7.9,0.0,0.5,1.88,0.0,,1.0,11.28,1.0,1.0,0.0,0.0,7,2025-11-01 08:33:22.284665
2,2025-01-19 19:39:54,2025-01-19 19:48:57,N,1.0,43,238,1.0,1.56,10.7,0.0,0.5,2.99,0.0,,1.0,17.94,1.0,1.0,2.75,0.0,7,2025-11-01 08:33:22.284665
1,2025-01-19 19:28:25,2025-01-19 19:43:10,N,1.0,97,66,2.0,1.6,13.5,0.0,1.5,3.0,0.0,,1.0,18.0,1.0,1.0,0.0,0.0,7,2025-11-01 08:33:22.284665
2,2025-01-19 19:25:02,2025-01-19 19:31:20,N,1.0,75,42,1.0,1.46,8.6,0.0,0.5,2.02,0.0,,1.0,12.12,1.0,1.0,0.0,0.0,7,2025-11-01 08:33:22.284665
2,2025-01-19 19:53:00,2025-01-19 20:12:21,N,1.0,75,137,1.0,4.99,24.0,0.0,0.5,5.8,0.0,,1.0,34.8,1.0,1.0,2.75,0.75,7,2025-11-01 08:33:22.284665
2,2025-01-19 19:50:49,2025-01-19 19:54:57,N,1.0,223,223,1.0,0.48,5.8,0.0,0.5,5.0,0.0,,1.0,12.3,1.0,1.0,0.0,0.0,7,2025-11-01 08:33:22.284665
2,2025-01-19 19:28:06,2025-01-19 19:44:27,N,1.0,74,141,1.0,3.12,17.7,0.0,0.5,4.39,0.0,,1.0,26.34,1.0,1.0,2.75,0.0,7,2025-11-01 08:33:22.284665
2,2025-01-19 19:11:31,2025-01-19 19:18:36,N,1.0,75,41,1.0,1.52,9.3,0.0,0.5,1.5,0.0,,1.0,12.3,1.0,1.0,0.0,0.0,7,2025-11-01 08:33:22.284665
2,2025-01-19 19:19:32,2025-01-19 19:34:29,N,1.0,97,33,1.0,1.43,13.5,0.0,0.5,3.0,0.0,,1.0,18.0,1.0,1.0,0.0,0.0,7,2025-11-01 08:33:22.284665
2,2025-01-19 18:08:12,2025-01-19 18:16:18,N,1.0,236,141,1.0,1.77,10.0,0.0,0.5,0.0,0.0,,1.0,14.25,2.0,1.0,2.75,0.0,7,2025-11-01 08:33:22.284665
1,2025-01-19 19:28:58,2025-01-19 19:34:53,N,1.0,74,75,1.0,1.3,8.6,0.0,1.5,2.0,0.0,,1.0,12.1,1.0,1.0,0.0,0.0,7,2025-11-01 08:33:22.284665
2,2025-01-19 19:28:44,2025-01-19 19:39:30,N,1.0,74,236,1.0,2.14,12.1,0.0,0.5,3.27,0.0,,1.0,19.62,1.0,1.0,2.75,0.0,7,2025-11-01 08:33:22.284665
2,2025-01-19 19:15:51,2025-01-19 19:23:02,N,1.0,75,236,5.0,1.15,8.6,0.0,0.5,1.0,0.0,,1.0,13.85,1.0,1.0,2.75,0.0,7,2025-11-01 08:33:22.284665
2,2025-01-19 19:38:33,2025-01-19 19:54:37,N,1.0,75,140,4.0,2.39,16.3,0.0,0.5,2.0,0.0,,1.0,22.55,1.0,1.0,2.75,0.0,7,2025-11-01 08:33:22.284665
1,2025-01-19 19:55:17,2025-01-19 19:59:50,N,1.0,244,244,3.0,1.0,7.2,0.0,1.5,2.0,0.0,,1.0,10.7,1.0,1.0,0.0,0.0,7,2025-11-01 08:33:22.284665
1,2025-01-19 19:23:04,2025-01-19 19:51:02,N,1.0,97,188,2.0,3.9,25.4,0.0,1.5,0.0,0.0,,1.0,26.9,2.0,1.0,0.0,0.0,7,2025-11-01 08:33:22.284665
2,2025-01-19 19:21:41,2025-01-19 19:35:56,N,1.0,134,197,1.0,2.2,13.5,0.0,0.5,3.0,0.0,,1.0,18.0,1.0,1.0,0.0,0.0,7,2025-11-01 08:33:22.284665
2,2025-01-19 19:29:39,2025-01-19 19:48:12,N,1.0,244,140,1.0,8.26,32.4,0.0,0.5,6.0,0.0,,1.0,42.65,1.0,1.0,2.75,0.0,7,2025-11-01 08:33:22.284665
2,2025-01-19 19:58:33,2025-01-19 20:09:25,N,1.0,134,134,1.0,0.76,7.9,0.0,0.5,0.0,0.0,,1.0,9.4,2.0,1.0,0.0,0.0,7,2025-11-01 08:33:22.284665
2,2025-01-19 19:05:03,2025-01-19 19:08:27,N,1.0,24,41,2.0,0.65,5.8,0.0,0.5,0.0,0.0,,1.0,7.3,2.0,1.0,0.0,0.0,7,2025-11-01 08:33:22.284665
2,2025-01-19 19:18:26,2025-01-19 19:47:08,N,1.0,166,249,2.0,7.41,35.9,0.0,0.5,8.18,0.0,,1.0,49.08,1.0,1.0,2.75,0.75,7,2025-11-01 08:33:22.284665
2,2025-01-19 19:00:08,2025-01-19 19:14:11,N,1.0,25,106,2.0,1.61,13.5,0.0,0.5,0.0,0.0,,1.0,15.0,2.0,1.0,0.0,0.0,7,2025-11-01 08:33:22.284665
2,2025-01-19 19:23:03,2025-01-19 19:41:00,N,1.0,25,181,2.0,2.39,17.0,0.0,0.5,3.7,0.0,,1.0,22.2,1.0,1.0,0.0,0.0,7,2025-11-01 08:33:22.284665
2,2025-01-19 19:24:30,2025-01-19 19:31:51,N,1.0,95,95,1.0,0.82,7.9,0.0,0.5,2.35,0.0,,1.0,11.75,1.0,1.0,0.0,0.0,7,2025-11-01 08:33:22.284665
2,2025-01-19 19:59:23,2025-01-19 20:22:02,N,5.0,95,121,1.0,2.62,19.0,0.0,0.0,0.0,0.0,,1.0,20.0,1.0,2.0,0.0,0.0,7,2025-11-01 08:33:22.284665
1,2025-01-19 19:08:17,2025-01-19 19:15:40,N,1.0,75,74,1.0,1.5,9.3,0.0,1.5,0.0,0.0,,1.0,10.8,2.0,1.0,0.0,0.0,7,2025-11-01 08:33:22.284665
2,2025-01-19 19:20:33,2025-01-19 19:42:52,N,1.0,130,173,1.0,6.88,29.6,0.0,0.5,0.0,0.0,,1.0,31.1,2.0,1.0,0.0,0.0,7,2025-11-01 08:33:22.284665
2,2025-01-19 19:11:03,2025-01-19 19:33:58,N,1.0,66,181,2.0,2.5,19.8,0.0,0.5,4.26,0.0,,1.0,25.56,1.0,1.0,0.0,0.0,7,2025-11-01 08:33:22.284665
2,2025-01-19 19:24:01,2025-01-19 19:32:53,N,1.0,129,129,1.0,1.09,9.3,0.0,0.5,0.0,0.0,,1.0,10.8,2.0,1.0,0.0,0.0,7,2025-11-01 08:33:22.284665
2,2025-01-19 19:36:47,2025-01-20 00:00:00,N,1.0,74,238,1.0,2.73,16.3,0.0,0.5,2.06,0.0,,1.0,22.61,1.0,1.0,2.75,0.0,7,2025-11-01 08:33:22.284665
2,2025-01-19 19:27:04,2025-01-19 19:34:09,N,1.0,74,41,1.0,1.55,9.3,0.0,0.5,2.16,0.0,,1.0,12.96,1.0,1.0,0.0,0.0,7,2025-11-01 08:33:22.284665
1,2025-01-19 19:11:33,2025-01-19 19:20:06,N,1.0,74,166,2.0,1.1,9.3,0.0,1.5,0.0,0.0,,1.0,10.8,2.0,1.0,0.0,0.0,7,2025-11-01 08:33:22.284665
1,2025-01-19 19:31:01,2025-01-19 19:41:45,N,1.0,74,238,1.0,2.4,12.8,0.0,1.5,3.55,0.0,,1.0,17.85,1.0,1.0,0.0,0.0,7,2025-11-01 08:33:22.284665
2,2025-01-19 19:15:00,2025-01-19 19:21:38,N,1.0,65,97,1.0,0.87,7.9,0.0,0.5,1.88,0.0,,1.0,11.28,1.0,1.0,0.0,0.0,7,2025-11-01 08:33:22.284665
2,2025-01-19 19:58:05,2025-01-19 20:24:06,N,1.0,82,256,1.0,6.86,33.1,0.0,0.5,6.92,0.0,,1.0,41.52,1.0,1.0,0.0,0.0,7,2025-11-01 08:33:22.284665
2,2025-01-19 19:57:08,2025-01-19 19:57:12,N,5.0,135,135,1.0,0.0,20.0,0.0,0.0,2.0,0.0,,1.0,23.0,1.0,2.0,0.0,0.0,7,2025-11-01 08:33:22.284665
2,2025-01-19 19:22:32,2025-01-19 19:41:20,N,1.0,97,189,1.0,1.9,17.0,0.0,0.5,3.7,0.0,,1.0,22.2,1.0,1.0,0.0,0.0,7,2025-11-01 08:33:22.284665
2,2025-01-19 19:17:49,2025-01-19 19:21:31,N,1.0,66,33,1.0,0.89,5.8,0.0,0.5,1.82,0.0,,1.0,9.12,1.0,1.0,0.0,0.0,7,2025-11-01 08:33:22.284665
2,2025-01-19 19:26:36,2025-01-19 19:42:22,N,1.0,33,87,1.0,2.38,16.3,0.0,0.5,4.26,0.0,,1.0,25.56,1.0,1.0,2.75,0.75,7,2025-11-01 08:33:22.284665
2,2025-01-19 19:27:05,2025-01-19 19:49:28,N,1.0,97,225,1.0,3.48,20.5,0.0,0.5,4.4,0.0,,1.0,26.4,1.0,1.0,0.0,0.0,7,2025-11-01 08:33:22.284665
1,2025-01-19 19:07:08,2025-01-19 19:15:30,N,1.0,82,82,1.0,0.8,7.9,2.5,1.5,0.0,0.0,,1.0,11.9,2.0,1.0,0.0,0.0,7,2025-11-01 08:33:22.284665
2,2025-01-19 19:17:22,2025-01-19 19:31:35,N,1.0,75,140,5.0,2.31,14.9,0.0,0.5,3.83,0.0,,1.0,22.98,1.0,1.0,2.75,0.0,7,2025-11-01 08:33:22.284665
2,2025-01-19 19:17:35,2025-01-19 19:23:31,N,1.0,7,179,1.0,0.82,7.2,0.0,0.5,1.0,0.0,,1.0,9.7,1.0,1.0,0.0,0.0,7,2025-11-01 08:33:22.284665
2,2025-01-19 19:08:55,2025-01-19 19:17:40,N,1.0,65,49,1.0,1.01,9.3,0.0,0.5,0.0,0.0,,1.0,10.8,1.0,1.0,0.0,0.0,7,2025-11-01 08:33:22.284665
2,2025-01-19 19:37:53,2025-01-19 19:48:56,N,1.0,65,49,1.0,0.94,10.7,0.0,0.5,0.0,0.0,,1.0,12.2,1.0,1.0,0.0,0.0,7,2025-11-01 08:33:22.284665
2,2025-01-19 19:08:53,2025-01-19 19:27:36,N,1.0,24,243,1.0,5.84,26.8,0.0,0.5,0.0,0.0,,1.0,28.3,2.0,1.0,0.0,0.0,7,2025-11-01 08:33:22.284665
2,2025-01-19 19:47:05,2025-01-19 19:52:56,N,1.0,116,166,1.0,0.97,7.9,0.0,0.5,1.88,0.0,,1.0,11.28,1.0,1.0,0.0,0.0,7,2025-11-01 08:33:22.284665
2,2025-01-19 19:26:52,2025-01-19 19:40:27,N,1.0,97,225,1.0,2.57,14.2,0.0,0.5,2.5,0.0,,1.0,18.2,1.0,1.0,0.0,0.0,7,2025-11-01 08:33:22.284665
2,2025-01-19 19:29:11,2025-01-19 19:29:34,N,1.0,74,74,1.0,0.01,-3.0,0.0,-0.5,0.0,0.0,,-1.0,-4.5,3.0,1.0,0.0,0.0,7,2025-11-01 08:33:22.284665
2,2025-01-19 19:29:11,2025-01-19 19:29:34,N,1.0,74,74,1.0,0.01,3.0,0.0,0.5,0.0,0.0,,1.0,4.5,3.0,1.0,0.0,0.0,7,2025-11-01 08:33:22.284665
2,2025-01-19 19:52:39,2025-01-19 20:01:37,N,1.0,74,75,1.0,1.27,10.7,0.0,0.5,2.44,0.0,,1.0,14.64,1.0,1.0,0.0,0.0,7,2025-11-01 08:33:22.284665
2,2025-01-19 19:02:59,2025-01-19 19:17:13,N,1.0,74,140,1.0,4.03,19.8,0.0,0.5,4.81,0.0,,1.0,28.86,1.0,1.0,2.75,0.0,7,2025-11-01 08:33:22.284665
2,2025-01-19 19:34:16,2025-01-19 19:49:02,N,1.0,74,244,1.0,4.07,20.5,0.0,0.5,4.4,0.0,,1.0,26.4,1.0,1.0,0.0,0.0,7,2025-11-01 08:33:22.284665
2,2025-01-19 19:29:55,2025-01-19 19:47:55,N,5.0,130,205,1.0,2.9,20.0,0.0,0.0,1.0,0.0,,1.0,22.0,1.0,2.0,0.0,0.0,7,2025-11-01 08:33:22.284665
2,2025-01-19 19:20:51,2025-01-19 19:26:03,N,1.0,7,7,1.0,0.64,6.5,0.0,0.5,2.0,0.0,,1.0,10.0,1.0,1.0,0.0,0.0,7,2025-11-01 08:33:22.284665
2,2025-01-19 19:55:22,2025-01-19 20:01:26,N,1.0,7,179,1.0,0.79,6.5,0.0,0.5,1.6,0.0,,1.0,9.6,1.0,1.0,0.0,0.0,7,2025-11-01 08:33:22.284665
2,2025-01-19 19:01:54,2025-01-19 19:12:11,N,1.0,74,116,1.0,2.38,12.8,0.0,0.5,2.86,0.0,,1.0,17.16,1.0,1.0,0.0,0.0,7,2025-11-01 08:33:22.284665
2,2025-01-19 19:29:31,2025-01-19 19:45:25,N,1.0,74,239,1.0,3.57,18.4,0.0,0.5,4.53,0.0,,1.0,27.18,1.0,1.0,2.75,0.0,7,2025-11-01 08:33:22.284665
2,2025-01-19 19:26:30,2025-01-19 19:29:39,N,5.0,43,238,1.0,0.87,20.0,0.0,0.0,4.2,0.0,,1.0,25.2,1.0,2.0,0.0,0.0,7,2025-11-01 08:33:22.284665
2,2025-01-19 19:09:34,2025-01-19 19:15:26,N,1.0,83,82,1.0,0.8,7.2,0.0,0.5,0.0,0.0,,1.0,8.7,2.0,1.0,0.0,0.0,7,2025-11-01 08:33:22.284665
2,2025-01-19 19:23:47,2025-01-19 19:32:39,N,1.0,74,42,1.0,1.03,9.3,0.0,0.5,2.16,0.0,,1.0,12.96,1.0,1.0,0.0,0.0,7,2025-11-01 08:33:22.284665
2,2025-01-19 19:46:35,2025-01-19 20:07:26,N,1.0,74,244,1.0,2.79,19.8,0.0,0.5,4.26,0.0,,1.0,25.56,1.0,1.0,0.0,0.0,7,2025-11-01 08:33:22.284665
2,2025-01-19 19:28:48,2025-01-19 19:34:14,N,1.0,74,42,1.0,0.93,7.2,0.0,0.5,0.0,0.0,,1.0,8.7,2.0,1.0,0.0,0.0,7,2025-11-01 08:33:22.284665
2,2025-01-19 19:42:36,2025-01-19 19:57:37,N,1.0,74,116,1.0,2.2,14.9,0.0,0.5,3.28,0.0,,1.0,19.68,1.0,1.0,0.0,0.0,7,2025-11-01 08:33:22.284665
2,2025-01-19 19:28:35,2025-01-19 19:48:17,N,1.0,74,141,1.0,3.22,19.8,0.0,0.5,5.0,0.0,,1.0,29.05,1.0,1.0,2.75,0.0,7,2025-11-01 08:33:22.284665
2,2025-01-19 19:30:51,2025-01-19 19:36:18,N,1.0,74,41,1.0,0.65,6.5,0.0,0.5,0.0,0.0,,1.0,8.0,2.0,1.0,0.0,0.0,7,2025-11-01 08:33:22.284665
2,2025-01-19 20:36:09,2025-01-19 20:50:26,N,1.0,74,262,1.0,2.53,15.6,1.0,0.5,4.17,0.0,,1.0,25.02,1.0,1.0,2.75,0.0,7,2025-11-01 08:33:22.284665
2,2025-01-19 19:58:23,2025-01-19 20:02:31,N,1.0,75,236,1.0,0.67,6.5,1.0,0.5,2.35,0.0,,1.0,14.1,1.0,1.0,2.75,0.0,7,2025-11-01 08:33:22.284665
2,2025-01-19 20:24:20,2025-01-19 20:35:27,N,1.0,74,151,1.0,2.04,12.1,1.0,0.5,2.92,0.0,,1.0,17.52,1.0,1.0,0.0,0.0,7,2025-11-01 08:33:22.284665
2,2025-01-19 20:43:35,2025-01-19 20:52:06,N,1.0,75,74,1.0,1.25,9.3,1.0,0.5,1.08,0.0,,1.0,12.88,1.0,1.0,0.0,0.0,7,2025-11-01 08:33:22.284665
1,2025-01-19 20:07:28,2025-01-19 20:19:22,N,1.0,65,25,2.0,1.4,12.1,1.0,1.5,2.0,0.0,,1.0,16.6,1.0,1.0,0.0,0.0,7,2025-11-01 08:33:22.284665
1,2025-01-19 20:52:54,2025-01-19 21:05:48,N,1.0,257,89,1.0,2.0,12.8,1.0,1.5,0.0,0.0,,1.0,15.3,2.0,1.0,0.0,0.0,7,2025-11-01 08:33:22.284665
2,2025-01-19 20:36:19,2025-01-19 20:39:26,N,5.0,75,75,1.0,0.58,11.92,0.0,0.5,1.06,0.0,,1.0,14.48,1.0,1.0,0.0,0.0,7,2025-11-01 08:33:22.284665
1,2025-01-19 20:38:08,2025-01-19 20:59:20,N,1.0,181,89,1.0,3.5,20.5,1.0,1.5,5.75,0.0,,1.0,28.75,1.0,1.0,0.0,0.0,7,2025-11-01 08:33:22.284665
2,2025-01-19 20:21:35,2025-01-19 20:21:39,N,5.0,61,61,1.0,0.0,12.0,0.0,0.0,0.0,0.0,,1.0,13.0,1.0,2.0,0.0,0.0,7,2025-11-01 08:33:22.284665
2,2025-01-19 18:51:10,2025-01-19 18:54:40,N,1.0,75,236,1.0,0.58,5.8,1.0,0.5,2.76,0.0,,1.0,13.81,1.0,1.0,2.75,0.0,7,2025-11-01 08:33:22.284665
2,2025-01-19 20:48:36,2025-01-19 21:05:00,N,1.0,75,166,4.0,2.38,15.6,1.0,0.5,0.0,0.0,,1.0,18.1,2.0,1.0,0.0,0.0,7,2025-11-01 08:33:22.284665
2,2025-01-19 20:04:15,2025-01-19 20:04:48,N,1.0,130,130,1.0,0.09,3.0,1.0,0.5,0.0,0.0,,1.0,5.5,2.0,1.0,0.0,0.0,7,2025-11-01 08:33:22.284665
2,2025-01-19 20:05:10,2025-01-19 20:11:45,N,1.0,74,43,1.0,0.99,8.6,1.0,0.5,0.0,0.0,,1.0,11.1,2.0,1.0,0.0,0.0,7,2025-11-01 08:33:22.284665
2,2025-01-19 20:57:44,2025-01-19 21:20:45,N,1.0,66,79,1.0,3.14,21.9,1.0,0.5,7.0,0.0,,1.0,34.9,1.0,1.0,2.75,0.75,7,2025-11-01 08:33:22.284665
2,2025-01-19 20:13:12,2025-01-19 20:20:44,N,1.0,75,263,1.0,1.09,8.6,1.0,0.5,3.0,0.0,,1.0,16.85,1.0,1.0,2.75,0.0,7,2025-11-01 08:33:22.284665
2,2025-01-19 20:48:12,2025-01-19 21:07:52,N,1.0,75,4,1.0,6.89,30.3,1.0,0.5,4.0,0.0,,1.0,40.3,1.0,1.0,2.75,0.75,7,2025-11-01 08:33:22.284665
2,2025-01-19 20:46:01,2025-01-19 20:46:09,N,5.0,260,260,1.0,0.09,12.0,0.0,0.0,2.6,0.0,,1.0,15.6,1.0,2.0,0.0,0.0,7,2025-11-01 08:33:22.284665
2,2025-01-19 21:02:28,2025-01-19 21:14:01,N,1.0,260,112,2.0,3.64,17.0,1.0,0.5,3.9,0.0,,1.0,23.4,1.0,1.0,0.0,0.0,7,2025-11-01 08:33:22.284665
2,2025-01-19 20:39:13,2025-01-19 20:47:41,N,1.0,95,135,1.0,1.29,9.3,1.0,0.5,3.0,0.0,,1.0,14.8,1.0,1.0,0.0,0.0,7,2025-11-01 08:33:22.284665
2,2025-01-19 20:03:16,2025-01-19 20:05:32,N,1.0,43,151,1.0,0.71,5.1,1.0,0.5,1.52,0.0,,1.0,9.12,1.0,1.0,0.0,0.0,7,2025-11-01 08:33:22.284665
2,2025-01-19 20:45:53,2025-01-19 21:00:43,N,1.0,75,162,1.0,2.87,16.3,1.0,0.5,5.58,0.0,,1.0,27.88,1.0,1.0,2.75,0.75,7,2025-11-01 08:33:22.284665
2,2025-01-19 20:34:31,2025-01-19 20:40:56,N,1.0,95,28,1.0,1.36,8.6,1.0,0.5,0.0,0.0,,1.0,11.1,1.0,1.0,0.0,0.0,7,2025-11-01 08:33:22.284665
2,2025-01-19 20:15:10,2025-01-19 20:19:54,N,1.0,166,166,2.0,0.9,7.2,1.0,0.5,1.94,0.0,,1.0,11.64,1.0,1.0,0.0,0.0,7,2025-11-01 08:33:22.284665
2,2025-01-19 20:22:26,2025-01-19 20:23:50,N,1.0,166,152,2.0,0.37,4.4,1.0,0.5,0.0,0.0,,1.0,6.9,2.0,1.0,0.0,0.0,7,2025-11-01 08:33:22.284665
2,2025-01-19 20:34:57,2025-01-19 20:40:33,N,1.0,166,238,2.0,0.98,7.9,1.0,0.5,0.0,0.0,,1.0,13.15,2.0,1.0,2.75,0.0,7,2025-11-01 08:33:22.284665
2,2025-01-19 20:07:02,2025-01-19 20:17:15,N,1.0,65,40,2.0,1.41,10.7,1.0,0.5,2.64,0.0,,1.0,15.84,1.0,1.0,0.0,0.0,7,2025-11-01 08:33:22.284665
2,2025-01-19 20:09:07,2025-01-19 20:17:20,N,1.0,130,134,1.0,2.21,11.4,1.0,0.5,1.0,0.0,,1.0,14.9,1.0,1.0,0.0,0.0,7,2025-11-01 08:33:22.284665
2,2025-01-19 20:30:20,2025-01-19 20:51:08,N,1.0,130,102,1.0,5.9,26.1,1.0,0.5,5.72,0.0,,1.0,34.32,1.0,1.0,0.0,0.0,7,2025-11-01 08:33:22.284665
2,2025-01-19 20:25:15,2025-01-19 20:33:36,N,1.0,146,179,1.0,1.51,10.0,1.0,0.5,2.0,0.0,,1.0,14.5,1.0,1.0,0.0,0.0,7,2025-11-01 08:33:22.284665
1,2025-01-19 20:01:54,2025-01-19 20:08:46,N,1.0,74,75,1.0,1.2,7.9,1.0,1.5,1.0,0.0,,1.0,11.4,1.0,1.0,0.0,0.0,7,2025-11-01 08:33:22.284665
2,2025-01-19 19:58:32,2025-01-19 20:09:16,N,1.0,24,42,1.0,1.59,12.1,1.0,0.5,1.0,0.0,,1.0,15.6,1.0,1.0,0.0,0.0,7,2025-11-01 08:33:22.284665
2,2025-01-19 20:48:57,2025-01-19 21:00:31,N,1.0,97,189,1.0,1.13,12.1,1.0,0.5,2.92,0.0,,1.0,17.52,1.0,1.0,0.0,0.0,7,2025-11-01 08:33:22.284665
2,2025-01-19 20:23:36,2025-01-19 20:32:42,N,1.0,97,181,1.0,0.6,9.3,1.0,0.5,3.54,0.0,,1.0,15.34,1.0,1.0,0.0,0.0,7,2025-11-01 08:33:22.284665
2,2025-01-19 20:02:39,2025-01-19 20:16:56,N,1.0,65,33,1.0,1.45,12.8,1.0,0.5,3.06,0.0,,1.0,18.36,1.0,1.0,0.0,0.0,7,2025-11-01 08:33:22.284665
2,2025-01-19 20:44:33,2025-01-19 20:57:03,N,1.0,65,49,1.0,1.43,12.1,1.0,0.5,2.92,0.0,,1.0,17.52,1.0,1.0,0.0,0.0,7,2025-11-01 08:33:22.284665
1,2025-01-19 20:46:52,2025-01-19 20:48:13,N,5.0,82,82,2.0,0.1,0.0,0.0,0.0,0.0,0.0,,0.0,0.0,3.0,2.0,0.0,0.0,7,2025-11-01 08:33:22.284665
1,2025-01-19 20:48:48,2025-01-19 21:09:35,N,5.0,82,129,1.0,1.8,0.0,0.0,0.0,0.0,0.0,,0.0,0.0,3.0,2.0,0.0,0.0,7,2025-11-01 08:33:22.284665
2,2025-01-19 20:07:35,2025-01-19 20:17:54,N,1.0,74,24,1.0,2.02,12.1,1.0,0.5,2.92,0.0,,1.0,17.52,1.0,1.0,0.0,0.0,7,2025-11-01 08:33:22.284665
2,2025-01-19 20:42:14,2025-01-19 21:02:29,N,5.0,157,7,1.0,7.65,45.0,0.0,0.0,9.2,0.0,,1.0,55.2,1.0,2.0,0.0,0.0,7,2025-11-01 08:33:22.284665
2,2025-01-19 20:27:54,2025-01-19 20:48:52,N,1.0,74,244,1.0,3.41,21.2,1.0,0.5,4.74,0.0,,1.0,28.44,1.0,1.0,0.0,0.0,7,2025-11-01 08:33:22.284665
2,2025-01-19 15:00:04,2025-01-19 15:12:13,N,1.0,74,238,1.0,2.46,14.2,1.0,0.5,4.86,0.0,,1.0,24.31,1.0,1.0,2.75,0.0,7,2025-11-01 08:33:22.284665
1,2025-01-19 20:36:41,2025-01-19 20:48:21,N,1.0,260,7,1.0,1.6,11.4,1.0,1.5,2.0,0.0,,1.0,15.9,1.0,1.0,0.0,0.0,7,2025-11-01 08:33:22.284665
2,2025-01-19 20:09:41,2025-01-19 20:15:02,N,1.0,75,74,1.0,1.23,7.9,1.0,0.5,10.0,0.0,,1.0,20.4,1.0,1.0,0.0,0.0,7,2025-11-01 08:33:22.284665
2,2025-01-19 20:24:46,2025-01-19 20:34:42,N,1.0,74,152,1.0,1.6,11.4,1.0,0.5,0.0,0.0,,1.0,13.9,1.0,1.0,0.0,0.0,7,2025-11-01 08:33:22.284665
2,2025-01-19 20:56:26,2025-01-19 20:59:22,N,5.0,225,264,1.0,0.0,35.0,0.0,0.0,0.88,0.0,,1.0,36.88,1.0,2.0,0.0,0.0,7,2025-11-01 08:33:22.284665
2,2025-01-19 21:55:28,2025-01-19 22:47:47,N,5.0,265,265,1.0,8.83,90.0,0.0,0.0,0.0,0.0,,1.0,91.0,1.0,2.0,0.0,0.0,7,2025-11-01 08:33:22.284665
2,2025-01-19 21:28:01,2025-01-19 21:35:40,N,1.0,74,75,1.0,1.49,9.3,1.0,0.5,3.0,0.0,,1.0,14.8,1.0,1.0,0.0,0.0,7,2025-11-01 08:33:22.284665
2,2025-01-19 19:17:58,2025-01-19 19:20:29,N,1.0,43,151,1.0,0.79,5.8,1.0,0.5,1.24,0.0,,1.0,9.54,1.0,1.0,0.0,0.0,7,2025-11-01 08:33:22.284665
2,2025-01-19 19:28:53,2025-01-19 19:39:20,N,1.0,75,166,1.0,2.05,12.1,1.0,0.5,2.92,0.0,,1.0,17.52,1.0,1.0,0.0,0.0,7,2025-11-01 08:33:22.284665
2,2025-01-19 19:44:54,2025-01-19 20:01:53,N,1.0,24,263,1.0,2.51,17.0,1.0,0.5,4.45,0.0,,1.0,26.7,1.0,1.0,2.75,0.0,7,2025-11-01 08:33:22.284665
1,2025-01-19 21:18:49,2025-01-19 21:43:12,N,1.0,142,69,1.0,0.0,25.5,0.0,1.5,0.0,0.0,,1.0,27.0,1.0,1.0,0.0,0.0,7,2025-11-01 08:33:22.284665
2,2025-01-19 21:14:01,2025-01-19 21:26:18,N,1.0,75,262,1.0,1.79,12.8,1.0,0.5,3.61,0.0,,1.0,21.66,1.0,1.0,2.75,0.0,7,2025-11-01 08:33:22.284665
2,2025-01-19 21:48:22,2025-01-19 21:57:30,N,1.0,75,262,1.0,1.74,11.4,1.0,0.5,3.33,0.0,,1.0,19.98,1.0,1.0,2.75,0.0,7,2025-11-01 08:33:22.284665
2,2025-01-19 21:43:14,2025-01-19 21:52:59,N,1.0,75,75,1.0,1.16,10.7,1.0,0.5,0.0,0.0,,1.0,13.2,2.0,1.0,0.0,0.0,7,2025-11-01 08:33:22.284665
1,2025-01-19 21:35:27,2025-01-19 21:55:18,N,1.0,220,75,1.0,0.0,31.5,0.0,1.5,0.0,0.0,,1.0,33.0,1.0,1.0,0.0,0.0,7,2025-11-01 08:33:22.284665
2,2025-01-19 21:35:26,2025-01-19 21:40:24,N,1.0,260,226,2.0,0.85,7.2,1.0,0.5,0.0,0.0,,1.0,9.7,2.0,1.0,0.0,0.0,7,2025-11-01 08:33:22.284665
2,2025-01-19 20:58:38,2025-01-19 21:04:39,N,1.0,95,28,1.0,1.37,8.6,1.0,0.5,3.33,0.0,,1.0,14.43,1.0,1.0,0.0,0.0,7,2025-11-01 08:33:22.284665
2,2025-01-19 21:10:39,2025-01-19 21:24:55,N,1.0,95,98,1.0,5.53,24.0,1.0,0.5,0.0,0.0,,1.0,26.5,2.0,1.0,0.0,0.0,7,2025-11-01 08:33:22.284665
2,2025-01-19 21:24:45,2025-01-19 21:32:56,N,5.0,130,216,1.0,1.47,15.0,0.0,0.0,0.0,0.0,,1.0,16.0,2.0,2.0,0.0,0.0,7,2025-11-01 08:33:22.284665
2,2025-01-19 21:35:14,2025-01-19 21:35:17,N,5.0,216,264,1.0,0.0,14.0,0.0,0.0,0.0,0.0,,1.0,15.0,1.0,2.0,0.0,0.0,7,2025-11-01 08:33:22.284665
2,2025-01-19 21:05:21,2025-01-19 21:06:22,N,5.0,226,226,2.0,0.0,44.0,0.0,0.0,0.0,0.0,,1.0,45.0,1.0,2.0,0.0,0.0,7,2025-11-01 08:33:22.284665
2,2025-01-19 21:25:43,2025-01-19 21:32:49,N,1.0,74,236,1.0,1.73,10.0,1.0,0.5,3.05,0.0,,1.0,18.3,1.0,1.0,2.75,0.0,7,2025-11-01 08:33:22.284665
2,2025-01-19 21:19:16,2025-01-19 21:26:57,N,1.0,7,223,5.0,0.98,8.6,1.0,0.5,2.22,0.0,,1.0,13.32,1.0,1.0,0.0,0.0,7,2025-11-01 08:33:22.284665
2,2025-01-19 20:57:19,2025-01-19 21:15:59,N,1.0,130,122,1.0,3.19,19.1,1.0,0.5,0.0,0.0,,1.0,21.6,1.0,1.0,0.0,0.0,7,2025-11-01 08:33:22.284665
2,2025-01-19 21:26:03,2025-01-19 21:29:23,N,1.0,97,25,1.0,0.46,5.8,1.0,0.5,1.66,0.0,,1.0,9.96,1.0,1.0,0.0,0.0,7,2025-11-01 08:33:22.284665
2,2025-01-19 21:31:12,2025-01-19 21:52:49,N,1.0,25,255,1.0,6.16,29.6,1.0,0.5,6.42,0.0,,1.0,38.52,1.0,1.0,0.0,0.0,7,2025-11-01 08:33:22.284665
2,2025-01-19 21:02:32,2025-01-19 21:24:00,N,1.0,97,89,1.0,1.54,17.7,1.0,0.5,1.8,0.0,,1.0,22.0,1.0,1.0,0.0,0.0,7,2025-11-01 08:33:22.284665
2,2025-01-19 21:51:01,2025-01-19 22:10:05,N,1.0,97,89,1.0,1.64,16.3,1.0,0.5,0.0,0.0,,1.0,18.8,2.0,1.0,0.0,0.0,7,2025-11-01 08:33:22.284665
2,2025-01-19 21:25:13,2025-01-19 21:37:23,N,1.0,74,166,1.0,1.9,12.1,1.0,0.5,2.92,0.0,,1.0,17.52,1.0,1.0,0.0,0.0,7,2025-11-01 08:33:22.284665
2,2025-01-19 21:47:54,2025-01-19 21:58:16,N,1.0,65,181,1.0,1.08,10.7,1.0,0.5,2.0,0.0,,1.0,15.2,1.0,1.0,0.0,0.0,7,2025-11-01 08:33:22.284665
2,2025-01-19 21:53:09,2025-01-19 22:10:21,N,1.0,42,238,1.0,3.13,19.1,1.0,0.5,0.0,0.0,,1.0,24.35,1.0,1.0,2.75,0.0,7,2025-11-01 08:33:22.284665
1,2025-01-19 21:05:44,2025-01-19 21:26:03,N,1.0,29,91,1.0,0.0,0.0,0.0,0.0,0.0,0.0,,0.0,0.0,1.0,1.0,0.0,0.0,7,2025-11-01 08:33:22.284665
2,2025-01-19 21:21:16,2025-01-19 21:27:44,N,1.0,166,238,1.0,1.32,9.3,1.0,0.5,2.91,0.0,,1.0,17.46,1.0,1.0,2.75,0.0,7,2025-11-01 08:33:22.284665
2,2025-01-19 21:34:15,2025-01-19 21:50:25,N,5.0,157,112,4.0,3.39,44.0,0.0,0.0,9.0,0.0,,1.0,54.0,1.0,2.0,0.0,0.0,7,2025-11-01 08:33:22.284665
2,2025-01-19 21:07:45,2025-01-19 21:24:09,N,1.0,95,121,1.0,2.78,17.0,1.0,0.5,3.9,0.0,,1.0,23.4,1.0,1.0,0.0,0.0,7,2025-11-01 08:33:22.284665
2,2025-01-19 21:42:08,2025-01-19 21:51:17,N,1.0,74,69,1.0,1.9,11.4,1.0,0.5,2.78,0.0,,1.0,16.68,1.0,1.0,0.0,0.0,7,2025-11-01 08:33:22.284665
1,2025-01-19 21:48:38,2025-01-19 22:04:46,N,1.0,41,161,1.0,0.0,14.2,4.5,1.5,0.0,0.0,,1.0,20.2,2.0,1.0,2.75,0.75,7,2025-11-01 08:33:22.284665
2,2025-01-19 21:34:36,2025-01-19 21:40:15,N,1.0,74,74,1.0,1.01,7.9,1.0,0.5,2.6,0.0,,1.0,13.0,1.0,1.0,0.0,0.0,7,2025-11-01 08:33:22.284665
2,2025-01-19 22:01:24,2025-01-19 22:01:27,N,5.0,42,42,1.0,0.0,9.0,0.0,0.0,2.0,0.0,,1.0,12.0,1.0,2.0,0.0,0.0,7,2025-11-01 08:33:22.284665
2,2025-01-19 22:15:18,2025-01-19 22:45:19,N,1.0,157,188,1.0,5.56,29.6,1.0,0.5,4.9,0.0,,1.0,37.0,1.0,1.0,0.0,0.0,7,2025-11-01 08:33:22.284665
2,2025-01-19 22:10:20,2025-01-19 22:19:22,N,1.0,75,237,1.0,1.82,11.4,1.0,0.5,3.33,0.0,,1.0,19.98,1.0,1.0,2.75,0.0,7,2025-11-01 08:33:22.284665
1,2025-01-19 22:07:24,2025-01-19 22:30:58,N,1.0,213,152,1.0,0.0,27.5,0.0,1.5,0.0,0.0,,1.0,29.0,1.0,1.0,0.0,0.0,7,2025-11-01 08:33:22.284665
2,2025-01-19 22:19:37,2025-01-19 22:28:38,N,1.0,130,197,1.0,2.12,12.1,1.0,0.5,3.65,0.0,,1.0,18.25,1.0,1.0,0.0,0.0,7,2025-11-01 08:33:22.284665
2,2025-01-19 22:45:08,2025-01-19 22:45:11,N,5.0,130,130,1.0,0.0,12.0,0.0,0.0,0.0,0.0,,1.0,13.0,1.0,2.0,0.0,0.0,7,2025-11-01 08:33:22.284665
2,2025-01-19 22:53:17,2025-01-19 23:14:28,N,5.0,130,191,1.0,4.6,20.0,0.0,0.0,0.0,0.0,,1.0,21.0,2.0,2.0,0.0,0.0,7,2025-11-01 08:33:22.284665
2,2025-01-19 22:22:59,2025-01-19 22:27:42,N,1.0,82,129,2.0,0.46,5.8,1.0,0.5,2.08,0.0,,1.0,10.38,1.0,1.0,0.0,0.0,7,2025-11-01 08:33:22.284665
2,2025-01-19 22:37:22,2025-01-19 22:40:56,N,1.0,47,94,1.0,1.16,7.2,1.0,0.5,0.0,0.0,,1.0,9.7,2.0,1.0,0.0,0.0,7,2025-11-01 08:33:22.284665
2,2025-01-19 22:51:02,2025-01-19 22:57:59,N,1.0,243,243,1.0,0.86,7.9,1.0,0.5,0.0,0.0,,1.0,10.4,2.0,1.0,0.0,0.0,7,2025-11-01 08:33:22.284665
2,2025-01-19 22:25:35,2025-01-19 22:36:38,N,1.0,95,95,1.0,1.16,10.7,1.0,0.5,0.0,0.0,,1.0,13.2,1.0,1.0,0.0,0.0,7,2025-11-01 08:33:22.284665
2,2025-01-19 22:01:52,2025-01-19 22:12:46,N,1.0,260,179,1.0,3.15,15.6,1.0,0.5,2.72,0.0,,1.0,20.82,1.0,1.0,0.0,0.0,7,2025-11-01 08:33:22.284665
2,2025-01-19 22:16:57,2025-01-19 22:29:47,N,1.0,179,145,1.0,3.23,16.3,1.0,0.5,0.0,0.0,,1.0,18.8,2.0,1.0,0.0,0.0,7,2025-11-01 08:33:22.284665
2,2025-01-19 22:50:22,2025-01-19 22:56:41,N,1.0,7,7,1.0,0.88,7.9,1.0,0.5,2.08,0.0,,1.0,12.48,1.0,1.0,0.0,0.0,7,2025-11-01 08:33:22.284665
2,2025-01-19 22:05:58,2025-01-19 22:10:49,N,1.0,7,7,5.0,0.66,6.5,1.0,0.5,1.0,0.0,,1.0,10.0,1.0,1.0,0.0,0.0,7,2025-11-01 08:33:22.284665
2,2025-01-19 22:17:22,2025-01-19 22:22:31,N,1.0,7,7,5.0,1.01,7.2,1.0,0.5,1.94,0.0,,1.0,11.64,1.0,1.0,0.0,0.0,7,2025-11-01 08:33:22.284665
2,2025-01-19 22:29:59,2025-01-19 22:46:43,N,1.0,7,255,5.0,7.4,31.0,1.0,0.5,6.7,0.0,,1.0,40.2,1.0,1.0,0.0,0.0,7,2025-11-01 08:33:22.284665
2,2025-01-19 22:18:05,2025-01-19 22:23:58,N,1.0,129,129,1.0,0.96,7.9,1.0,0.5,2.08,0.0,,1.0,12.48,1.0,1.0,0.0,0.0,7,2025-11-01 08:33:22.284665
2,2025-01-19 22:24:15,2025-01-19 22:37:05,N,1.0,65,188,1.0,2.34,14.9,1.0,0.5,2.0,0.0,,1.0,19.4,1.0,1.0,0.0,0.0,7,2025-11-01 08:33:22.284665
2,2025-01-19 22:27:21,2025-01-19 22:39:42,N,1.0,181,256,1.0,1.84,12.8,1.0,0.5,3.06,0.0,,1.0,18.36,1.0,1.0,0.0,0.0,7,2025-11-01 08:33:22.284665
2,2025-01-19 22:03:16,2025-01-19 22:15:30,N,1.0,74,236,1.0,2.49,14.2,1.0,0.5,3.89,0.0,,1.0,23.34,1.0,1.0,2.75,0.0,7,2025-11-01 08:33:22.284665
2,2025-01-19 22:22:06,2025-01-19 22:43:59,N,5.0,157,7,1.0,6.67,50.0,0.0,0.0,10.2,0.0,,1.0,61.2,1.0,2.0,0.0,0.0,7,2025-11-01 08:33:22.284665
2,2025-01-19 22:30:08,2025-01-19 22:40:25,N,1.0,74,262,1.0,2.63,14.2,1.0,0.5,3.89,0.0,,1.0,23.34,1.0,1.0,2.75,0.0,7,2025-11-01 08:33:22.284665
2,2025-01-19 22:52:40,2025-01-19 23:00:46,N,1.0,7,179,1.0,1.18,9.3,1.0,0.5,0.0,0.0,,1.0,11.8,1.0,1.0,0.0,0.0,7,2025-11-01 08:33:22.284665
2,2025-01-19 22:31:47,2025-01-19 22:37:21,N,1.0,74,166,1.0,1.21,7.9,1.0,0.5,1.25,0.0,,1.0,11.65,1.0,1.0,0.0,0.0,7,2025-11-01 08:33:22.284665
2,2025-01-19 22:08:15,2025-01-19 22:14:29,N,1.0,75,238,1.0,1.27,8.6,1.0,0.5,2.77,0.0,,1.0,16.62,1.0,1.0,2.75,0.0,7,2025-11-01 08:33:22.284665
2,2025-01-19 22:35:09,2025-01-19 22:39:20,N,1.0,75,74,1.0,1.31,7.2,1.0,0.5,1.94,0.0,,1.0,11.64,1.0,1.0,0.0,0.0,7,2025-11-01 08:33:22.284665
2,2025-01-19 22:47:01,2025-01-19 22:56:23,N,1.0,74,236,1.0,1.8,11.4,1.0,0.5,3.33,0.0,,1.0,19.98,1.0,1.0,2.75,0.0,7,2025-11-01 08:33:22.284665
2,2025-01-19 21:54:35,2025-01-19 22:03:29,N,1.0,74,42,1.0,1.42,10.0,1.0,0.5,2.0,0.0,,1.0,14.5,1.0,1.0,0.0,0.0,7,2025-11-01 08:33:22.284665
2,2025-01-19 22:26:30,2025-01-19 22:33:54,N,1.0,74,75,1.0,1.52,10.0,1.0,0.5,0.0,0.0,,1.0,12.5,2.0,1.0,0.0,0.0,7,2025-11-01 08:33:22.284665
1,2025-01-19 22:49:13,2025-01-19 22:53:53,N,1.0,33,181,1.0,0.8,7.2,1.0,1.5,0.0,0.0,,1.0,9.7,1.0,1.0,0.0,0.0,7,2025-11-01 08:33:22.284665
2,2025-01-19 23:52:17,2025-01-20 00:24:42,N,1.0,83,188,1.0,9.67,43.6,1.0,0.5,11.52,0.0,,1.0,57.62,1.0,1.0,0.0,0.0,7,2025-11-01 08:33:22.284665
2,2025-01-19 23:25:23,2025-01-19 23:54:16,N,1.0,7,113,1.0,7.07,33.8,1.0,0.5,0.03,0.0,,1.0,39.83,1.0,1.0,2.75,0.75,7,2025-11-01 08:33:22.284665
2,2025-01-19 23:11:38,2025-01-19 23:30:15,N,1.0,66,90,1.0,4.7,22.6,1.0,0.5,5.72,0.0,,1.0,34.32,1.0,1.0,2.75,0.75,7,2025-11-01 08:33:22.284665
2,2025-01-19 23:10:02,2025-01-19 23:27:01,N,1.0,83,145,1.0,4.96,23.3,1.0,0.5,6.45,0.0,,1.0,32.25,1.0,1.0,0.0,0.0,7,2025-11-01 08:33:22.284665
1,2025-01-19 23:07:37,2025-01-19 23:23:31,N,1.0,260,112,2.0,4.4,19.8,1.0,1.5,6.65,0.0,,1.0,28.95,1.0,1.0,0.0,0.0,7,2025-11-01 08:33:22.284665
2,2025-01-19 23:01:55,2025-01-19 23:02:32,N,1.0,243,243,1.0,0.09,-3.0,-1.0,-0.5,0.0,0.0,,-1.0,-5.5,3.0,1.0,0.0,0.0,7,2025-11-01 08:33:22.284665
2,2025-01-19 23:01:55,2025-01-19 23:02:32,N,1.0,243,243,1.0,0.09,3.0,1.0,0.5,0.0,0.0,,1.0,5.5,3.0,1.0,0.0,0.0,7,2025-11-01 08:33:22.284665
2,2025-01-19 23:27:37,2025-01-19 23:33:57,N,1.0,243,235,2.0,1.28,9.3,1.0,0.5,0.0,0.0,,1.0,11.8,2.0,1.0,0.0,0.0,7,2025-11-01 08:33:22.284665
2,2025-01-19 23:46:03,2025-01-19 23:58:20,N,1.0,243,74,1.0,4.03,18.4,1.0,0.5,0.0,0.0,,1.0,20.9,2.0,1.0,0.0,0.0,7,2025-11-01 08:33:22.284665
2,2025-01-19 23:22:13,2025-01-19 23:31:03,N,1.0,95,56,1.0,1.77,11.4,1.0,0.5,2.78,0.0,,1.0,16.68,1.0,1.0,0.0,0.0,7,2025-11-01 08:33:22.284665
2,2025-01-19 19:01:50,2025-01-20 18:24:54,N,1.0,129,53,1.0,7.9,35.2,1.0,0.5,0.0,0.0,,1.0,37.7,1.0,1.0,0.0,0.0,7,2025-11-01 08:33:22.284665
2,2025-01-19 23:36:28,2025-01-19 23:47:11,N,5.0,130,121,1.0,1.87,15.0,0.0,0.0,0.0,0.0,,1.0,16.0,1.0,2.0,0.0,0.0,7,2025-11-01 08:33:22.284665
1,2025-01-19 23:27:32,2025-01-19 23:34:06,N,1.0,210,150,1.0,1.4,8.6,1.0,1.5,2.2,0.0,,1.0,13.3,1.0,1.0,0.0,0.0,7,2025-11-01 08:33:22.284665
2,2025-01-19 23:44:23,2025-01-20 00:08:23,N,1.0,82,198,1.0,4.52,24.7,1.0,0.5,3.5,0.0,,1.0,30.7,1.0,1.0,0.0,0.0,7,2025-11-01 08:33:22.284665
2,2025-01-19 23:17:15,2025-01-19 23:28:12,N,1.0,97,40,1.0,0.96,10.0,1.0,0.5,3.12,0.0,,1.0,15.62,1.0,1.0,0.0,0.0,7,2025-11-01 08:33:22.284665
2,2025-01-19 23:54:04,2025-01-20 00:32:47,N,1.0,97,14,1.0,2.89,29.6,1.0,0.5,6.42,0.0,,1.0,38.52,1.0,1.0,0.0,0.0,7,2025-11-01 08:33:22.284665
2,2025-01-19 23:23:03,2025-01-19 23:23:21,N,1.0,82,82,1.0,0.0,3.0,1.0,0.5,0.0,0.0,,1.0,5.5,2.0,1.0,0.0,0.0,7,2025-11-01 08:33:22.284665
2,2025-01-19 23:06:59,2025-01-19 23:20:33,N,1.0,74,244,1.0,4.55,21.9,1.0,0.5,6.1,0.0,,1.0,30.5,1.0,1.0,0.0,0.0,7,2025-11-01 08:33:22.284665
2,2025-01-19 23:09:42,2025-01-19 23:17:35,N,1.0,82,129,1.0,0.79,8.6,1.0,0.5,1.5,0.0,,1.0,12.6,1.0,1.0,0.0,0.0,7,2025-11-01 08:33:22.284665
2,2025-01-19 23:33:02,2025-01-19 23:44:51,N,1.0,74,116,1.0,1.88,13.5,1.0,0.5,2.0,0.0,,1.0,18.0,1.0,1.0,0.0,0.0,7,2025-11-01 08:33:22.284665
2,2025-01-19 23:54:45,2025-01-19 23:54:47,N,1.0,42,264,1.0,0.03,3.0,1.0,0.5,5.0,0.0,,1.0,10.5,1.0,1.0,0.0,0.0,7,2025-11-01 08:33:22.284665
2,2025-01-19 23:31:54,2025-01-19 23:40:16,N,1.0,74,24,1.0,1.13,10.0,1.0,0.5,5.0,0.0,,1.0,17.5,1.0,1.0,0.0,0.0,7,2025-11-01 08:33:22.284665
1,2025-01-19 23:16:04,2025-01-19 23:25:33,N,1.0,75,262,1.0,0.0,9.3,3.75,1.5,2.18,0.0,,1.0,16.73,1.0,1.0,2.75,0.0,7,2025-11-01 08:33:22.284665
2,2025-01-19 23:35:42,2025-01-19 23:39:57,N,1.0,223,223,1.0,0.63,5.8,1.0,0.5,2.49,0.0,,1.0,10.79,1.0,1.0,0.0,0.0,7,2025-11-01 08:33:22.284665
2,2025-01-19 23:56:29,2025-01-20 00:04:06,N,1.0,223,223,1.0,1.26,8.6,1.0,0.5,5.0,0.0,,1.0,16.1,1.0,1.0,0.0,0.0,7,2025-11-01 08:33:22.284665
2,2025-01-19 23:58:37,2025-01-20 00:01:32,N,1.0,223,223,1.0,0.58,5.1,1.0,0.5,1.9,0.0,,1.0,9.5,1.0,1.0,0.0,0.0,7,2025-11-01 08:33:22.284665
2,2025-01-19 22:29:50,2025-01-19 22:50:15,N,1.0,75,78,1.0,6.86,30.3,1.0,0.5,8.2,0.0,,1.0,41.0,1.0,1.0,0.0,0.0,7,2025-11-01 08:33:22.284665
2,2025-01-19 23:45:28,2025-01-19 23:48:43,N,1.0,74,75,1.0,1.1,6.5,1.0,0.5,5.0,0.0,,1.0,14.0,1.0,1.0,0.0,0.0,7,2025-11-01 08:33:22.284665
2,2025-01-26 00:03:00,2025-01-26 00:07:57,N,1.0,66,65,1.0,1.03,7.2,0.0,0.5,2.61,0.0,,1.0,11.31,1.0,1.0,0.0,0.0,7,2025-11-01 08:33:22.284665
2,2025-01-26 01:21:36,2025-01-26 01:33:41,N,1.0,80,61,1.0,3.14,16.3,0.0,0.5,4.45,0.0,,1.0,22.25,1.0,1.0,0.0,0.0,7,2025-11-01 08:33:22.284665
2,2025-01-26 02:50:09,2025-01-26 03:01:49,N,1.0,255,4,1.0,3.26,16.3,0.0,0.5,4.26,0.0,,1.0,25.56,1.0,1.0,2.75,0.75,7,2025-11-01 08:33:22.284665
2,2025-01-26 19:28:34,2025-01-26 19:55:46,N,1.0,66,230,1.0,7.28,34.5,0.0,0.5,7.9,0.0,,1.0,47.4,1.0,1.0,2.75,0.75,7,2025-11-01 08:33:22.284665
2,2025-01-26 21:34:46,2025-01-26 21:57:24,N,1.0,66,163,1.0,7.7,35.2,0.0,0.5,6.03,0.0,,1.0,46.23,1.0,1.0,2.75,0.75,7,2025-11-01 08:33:22.284665
2,2025-01-26 23:06:31,2025-01-26 23:22:27,N,1.0,66,90,1.0,4.28,20.5,0.0,0.5,5.1,0.0,,1.0,30.6,1.0,1.0,2.75,0.75,7,2025-11-01 08:33:22.284665
2,2025-01-26 00:28:26,2025-01-26 00:34:09,N,1.0,74,43,1.0,1.11,7.9,1.0,0.5,2.08,0.0,,1.0,12.48,1.0,1.0,0.0,0.0,7,2025-11-01 08:33:22.284665
2,2025-01-26 02:19:19,2025-01-26 02:32:28,N,1.0,41,138,1.0,7.25,28.9,6.0,0.5,0.0,6.94,,1.0,43.34,2.0,1.0,0.0,0.0,7,2025-11-01 08:33:22.284665
2,2025-01-26 08:54:37,2025-01-26 08:59:57,N,1.0,78,78,1.0,0.87,7.2,0.0,0.5,0.0,0.0,,1.0,8.7,1.0,1.0,0.0,0.0,7,2025-11-01 08:33:22.284665
2,2025-01-26 20:03:13,2025-01-26 20:11:50,N,1.0,74,151,1.0,1.89,11.4,1.0,0.5,2.78,0.0,,1.0,16.68,1.0,1.0,0.0,0.0,7,2025-11-01 08:33:22.284665
2,2025-01-26 21:54:58,2025-01-26 21:57:14,N,1.0,41,41,2.0,0.59,5.1,1.0,0.5,1.9,0.0,,1.0,9.5,1.0,1.0,0.0,0.0,7,2025-11-01 08:33:22.284665
2,2025-01-26 00:31:35,2025-01-26 00:41:37,N,1.0,74,116,1.0,2.28,12.8,1.0,0.5,3.06,0.0,,1.0,18.36,1.0,1.0,0.0,0.0,7,2025-11-01 08:33:22.284665
1,2025-01-26 00:21:30,2025-01-26 00:31:35,N,1.0,65,61,2.0,2.3,12.1,1.0,1.5,2.9,0.0,,1.0,17.5,1.0,1.0,0.0,0.0,7,2025-11-01 08:33:22.284665
1,2025-01-26 00:10:03,2025-01-26 00:18:16,N,1.0,255,256,1.0,0.7,8.6,1.0,1.5,2.75,0.0,,1.0,13.85,1.0,1.0,0.0,0.0,7,2025-11-01 08:33:22.284665
2,2025-01-26 00:55:55,2025-01-26 00:56:59,N,1.0,129,129,1.0,0.06,3.0,1.0,0.5,0.0,0.0,,1.0,5.5,2.0,1.0,0.0,0.0,7,2025-11-01 08:33:22.284665
1,2025-01-26 00:12:34,2025-01-26 00:41:04,N,1.0,242,205,1.0,0.0,48.5,0.0,1.5,0.0,6.94,,1.0,56.94,1.0,1.0,0.0,0.0,7,2025-11-01 08:33:22.284665
2,2025-01-26 00:10:17,2025-01-26 00:18:10,N,1.0,255,112,1.0,1.1,9.3,1.0,0.5,2.36,0.0,,1.0,14.16,1.0,1.0,0.0,0.0,7,2025-11-01 08:33:22.284665
2,2025-01-26 00:33:04,2025-01-26 00:37:38,N,1.0,255,255,1.0,0.76,6.5,1.0,0.5,1.8,0.0,,1.0,10.8,1.0,1.0,0.0,0.0,7,2025-11-01 08:33:22.284665
2,2025-01-26 00:51:03,2025-01-26 01:07:35,N,1.0,255,249,1.0,4.08,20.5,1.0,0.5,4.24,0.0,,1.0,30.74,1.0,1.0,2.75,0.75,7,2025-11-01 08:33:22.284665
2,2025-01-26 00:22:57,2025-01-26 00:26:45,N,1.0,243,235,1.0,0.76,6.5,1.0,0.5,0.0,0.0,,1.0,9.0,1.0,1.0,0.0,0.0,7,2025-11-01 08:33:22.284665
2,2025-01-26 00:52:22,2025-01-26 01:00:34,N,1.0,166,74,2.0,1.41,10.0,1.0,0.5,0.0,0.0,,1.0,12.5,2.0,1.0,0.0,0.0,7,2025-11-01 08:33:22.284665
2,2025-01-26 00:13:37,2025-01-26 00:22:39,N,1.0,95,56,1.0,1.58,10.7,1.0,0.5,2.64,0.0,,1.0,15.84,1.0,1.0,0.0,0.0,7,2025-11-01 08:33:22.284665
2,2025-01-26 00:07:20,2025-01-26 00:13:07,N,1.0,130,216,1.0,2.43,12.1,1.0,0.5,0.0,0.0,,1.0,14.6,1.0,1.0,0.0,0.0,7,2025-11-01 08:33:22.284665
2,2025-01-26 00:38:01,2025-01-26 00:44:52,N,1.0,112,80,2.0,1.03,7.9,1.0,0.5,2.6,0.0,,1.0,13.0,1.0,1.0,0.0,0.0,7,2025-11-01 08:33:22.284665
2,2025-01-26 00:40:38,2025-01-26 00:40:43,N,5.0,255,255,2.0,0.0,15.0,0.0,0.0,2.0,0.0,,1.0,18.0,1.0,2.0,0.0,0.0,7,2025-11-01 08:33:22.284665
2,2025-01-26 00:58:48,2025-01-26 00:58:53,N,5.0,255,255,1.0,0.0,40.0,0.0,0.0,8.2,0.0,,1.0,49.2,1.0,2.0,0.0,0.0,7,2025-11-01 08:33:22.284665
2,2025-01-26 00:01:46,2025-01-26 00:08:18,N,1.0,129,129,1.0,0.97,7.9,1.0,0.5,3.12,0.0,,1.0,13.52,1.0,1.0,0.0,0.0,7,2025-11-01 08:33:22.284665
2,2025-01-26 00:09:07,2025-01-26 00:24:26,N,1.0,74,151,1.0,2.43,17.0,1.0,0.5,3.9,0.0,,1.0,23.4,1.0,1.0,0.0,0.0,7,2025-11-01 08:33:22.284665
2,2025-01-26 00:08:18,2025-01-26 00:17:06,N,1.0,74,75,1.0,1.58,10.7,1.0,0.5,2.64,0.0,,1.0,15.84,1.0,1.0,0.0,0.0,7,2025-11-01 08:33:22.284665
2,2025-01-26 00:18:08,2025-01-26 00:25:57,N,1.0,223,179,1.0,1.23,9.3,1.0,0.5,2.36,0.0,,1.0,14.16,1.0,1.0,0.0,0.0,7,2025-11-01 08:33:22.284665
2,2025-01-26 00:31:10,2025-01-26 00:44:06,N,1.0,7,263,5.0,4.13,18.4,1.0,0.5,4.88,0.0,,1.0,29.28,1.0,1.0,2.75,0.75,7,2025-11-01 08:33:22.284665
2,2025-01-26 00:24:38,2025-01-26 00:27:55,N,5.0,255,255,2.0,3.2,63.0,0.0,0.0,0.0,0.0,,1.0,64.0,2.0,2.0,0.0,0.0,7,2025-11-01 08:33:22.284665
2,2025-01-26 00:02:55,2025-01-26 00:09:19,N,1.0,65,97,1.0,1.24,8.6,1.0,0.5,2.22,0.0,,1.0,13.32,1.0,1.0,0.0,0.0,7,2025-11-01 08:33:22.284665
2,2025-01-26 00:28:35,2025-01-26 00:28:39,N,5.0,255,255,1.0,0.21,35.0,0.0,0.0,7.2,0.0,,1.0,43.2,1.0,2.0,0.0,0.0,7,2025-11-01 08:33:22.284665
2,2025-01-26 00:54:42,2025-01-26 01:12:16,N,1.0,82,160,1.0,3.78,15.0,0.5,0.5,0.0,0.0,,0.3,16.3,2.0,1.0,0.0,0.0,7,2025-11-01 08:33:22.284665
2,2025-01-26 00:38:13,2025-01-26 00:38:59,N,1.0,181,181,1.0,0.1,3.0,1.0,0.5,0.0,0.0,,1.0,5.5,2.0,1.0,0.0,0.0,7,2025-11-01 08:33:22.284665
2,2025-01-26 00:10:31,2025-01-26 00:30:23,N,1.0,66,211,1.0,4.58,24.0,1.0,0.5,6.0,0.0,,1.0,36.0,1.0,1.0,2.75,0.75,7,2025-11-01 08:33:22.284665
2,2025-01-26 00:47:07,2025-01-26 00:54:42,N,1.0,97,49,1.0,1.06,8.6,1.0,0.5,2.22,0.0,,1.0,13.32,1.0,1.0,0.0,0.0,7,2025-11-01 08:33:22.284665
2,2025-01-26 00:55:48,2025-01-26 01:10:17,N,1.0,97,226,1.0,12.71,47.8,1.0,0.5,10.06,0.0,,1.0,60.36,1.0,1.0,0.0,0.0,7,2025-11-01 08:33:22.284665
2,2025-01-26 00:10:21,2025-01-26 00:28:13,N,1.0,74,238,1.0,3.27,19.8,1.0,0.5,5.01,0.0,,1.0,30.06,1.0,1.0,2.75,0.0,7,2025-11-01 08:33:22.284665
2,2025-01-26 00:36:43,2025-01-26 00:51:05,N,1.0,166,168,1.0,2.84,17.0,1.0,0.5,0.0,0.0,,1.0,19.5,2.0,1.0,0.0,0.0,7,2025-11-01 08:33:22.284665
2,2025-01-26 00:08:03,2025-01-26 00:29:33,N,5.0,255,263,1.0,5.64,55.5,0.0,0.0,0.0,0.0,,1.0,59.25,2.0,2.0,2.75,0.0,7,2025-11-01 08:33:22.284665
2,2025-01-26 00:40:36,2025-01-26 00:51:18,N,1.0,134,135,1.0,2.15,12.8,1.0,0.5,0.0,0.0,,1.0,15.3,2.0,1.0,0.0,0.0,7,2025-11-01 08:33:22.284665
2,2025-01-26 00:43:52,2025-01-26 00:52:10,N,5.0,130,219,1.0,4.74,22.0,0.0,0.0,4.6,0.0,,1.0,27.6,1.0,2.0,0.0,0.0,7,2025-11-01 08:33:22.284665
2,2025-01-26 00:08:14,2025-01-26 00:23:21,N,1.0,74,236,1.0,2.29,16.3,1.0,0.5,3.0,0.0,,1.0,24.55,1.0,1.0,2.75,0.0,7,2025-11-01 08:33:22.284665
1,2025-01-26 00:51:11,2025-01-26 01:02:58,N,1.0,264,263,1.0,0.0,10.7,3.75,1.5,4.75,0.0,,1.0,20.7,1.0,1.0,2.75,0.0,7,2025-11-01 08:33:22.284665
2,2025-01-26 00:07:56,2025-01-26 00:19:03,N,1.0,74,263,1.0,2.35,13.5,1.0,0.5,3.75,0.0,,1.0,22.5,1.0,1.0,2.75,0.0,7,2025-11-01 08:33:22.284665
2,2025-01-26 01:16:20,2025-01-26 01:32:07,N,1.0,255,144,1.0,3.15,18.4,1.0,0.5,4.88,0.0,,1.0,29.28,1.0,1.0,2.75,0.75,7,2025-11-01 08:33:22.284665
2,2025-01-26 01:47:07,2025-01-26 01:55:07,N,1.0,255,112,1.0,1.47,10.0,1.0,0.5,2.5,0.0,,1.0,15.0,1.0,1.0,0.0,0.0,7,2025-11-01 08:33:22.284665
1,2025-01-26 01:34:37,2025-01-26 01:44:17,N,1.0,260,223,2.0,2.3,13.5,1.0,1.5,3.2,0.0,,1.0,19.2,1.0,1.0,0.0,0.0,7,2025-11-01 08:33:22.284665
2,2025-01-26 01:04:05,2025-01-26 01:12:03,N,1.0,66,65,1.0,1.1,8.6,1.0,0.5,0.0,0.0,,1.0,11.1,2.0,1.0,0.0,0.0,7,2025-11-01 08:33:22.284665
2,2025-01-26 01:43:51,2025-01-26 01:56:02,N,1.0,82,260,1.0,1.49,12.1,1.0,0.5,0.0,0.0,,1.0,14.6,2.0,1.0,0.0,0.0,7,2025-11-01 08:33:22.284665
2,2025-01-26 01:01:39,2025-01-26 01:08:42,N,1.0,7,223,1.0,0.82,7.9,1.0,0.5,3.0,0.0,,1.0,13.4,1.0,1.0,0.0,0.0,7,2025-11-01 08:33:22.284665
2,2025-01-26 01:20:05,2025-01-26 01:25:36,N,1.0,166,166,2.0,1.17,7.9,1.0,0.5,0.0,0.0,,1.0,10.4,2.0,1.0,0.0,0.0,7,2025-11-01 08:33:22.284665
2,2025-01-26 01:42:27,2025-01-26 01:57:21,N,1.0,244,18,1.0,4.24,20.5,1.0,0.5,0.0,0.0,,1.0,23.0,2.0,1.0,0.0,0.0,7,2025-11-01 08:33:22.284665
2,2025-01-26 01:07:30,2025-01-26 01:15:52,N,1.0,75,166,1.0,2.39,12.1,1.0,0.5,0.0,0.0,,1.0,14.6,2.0,1.0,0.0,0.0,7,2025-11-01 08:33:22.284665
2,2025-01-26 00:54:48,2025-01-26 01:24:35,N,4.0,130,265,1.0,17.96,87.7,1.0,0.5,0.0,0.0,,1.0,90.2,1.0,1.0,0.0,0.0,7,2025-11-01 08:33:22.284665
2,2025-01-26 01:18:16,2025-01-26 01:41:35,N,1.0,145,7,1.0,3.75,23.3,1.0,0.5,5.16,0.0,,1.0,30.96,1.0,1.0,0.0,0.0,7,2025-11-01 08:33:22.284665
2,2025-01-26 01:56:51,2025-01-26 02:22:00,N,1.0,145,68,1.0,4.55,27.5,1.0,0.5,8.09,6.94,,1.0,48.53,1.0,1.0,2.75,0.75,7,2025-11-01 08:33:22.284665
2,2025-01-26 01:06:22,2025-01-26 01:19:29,N,1.0,74,140,1.0,2.6,15.6,1.0,0.5,4.17,0.0,,1.0,25.02,1.0,1.0,2.75,0.0,7,2025-11-01 08:33:22.284665
2,2025-01-26 01:35:39,2025-01-26 01:39:34,N,1.0,223,223,1.0,0.59,5.8,1.0,0.5,0.0,0.0,,1.0,8.3,2.0,1.0,0.0,0.0,7,2025-11-01 08:33:22.284665
2,2025-01-26 01:07:42,2025-01-26 01:07:48,N,5.0,179,179,1.0,0.0,180.0,0.0,0.0,0.0,0.0,,1.0,181.0,2.0,2.0,0.0,0.0,7,2025-11-01 08:33:22.284665
2,2025-01-26 01:10:51,2025-01-26 01:38:42,N,1.0,36,90,5.0,7.61,35.2,1.0,0.5,9.63,6.94,,1.0,57.77,1.0,1.0,2.75,0.75,7,2025-11-01 08:33:22.284665
2,2025-01-26 01:25:13,2025-01-26 01:35:09,N,1.0,255,65,1.0,3.46,15.6,1.0,0.5,3.62,0.0,,1.0,21.72,1.0,1.0,0.0,0.0,7,2025-11-01 08:33:22.284665
2,2025-01-26 01:17:54,2025-01-26 01:38:12,N,1.0,255,249,2.0,6.15,28.9,1.0,0.5,5.0,0.0,,1.0,39.9,1.0,1.0,2.75,0.75,7,2025-11-01 08:33:22.284665
2,2025-01-26 01:07:15,2025-01-26 01:10:33,N,1.0,260,226,1.0,0.76,5.8,1.0,0.5,1.24,0.0,,1.0,9.54,1.0,1.0,0.0,0.0,7,2025-11-01 08:33:22.284665
2,2025-01-26 01:47:39,2025-01-26 02:01:36,N,5.0,80,112,2.0,2.14,61.0,0.0,0.0,12.4,0.0,,1.0,74.4,1.0,2.0,0.0,0.0,7,2025-11-01 08:33:22.284665
2,2025-01-26 01:02:12,2025-01-26 01:02:17,N,5.0,150,150,1.0,0.0,9.0,0.0,0.0,2.0,0.0,,1.0,12.0,1.0,2.0,0.0,0.0,7,2025-11-01 08:33:22.284665
2,2025-01-26 01:21:24,2025-01-26 01:32:43,N,5.0,255,145,1.0,2.2,25.0,0.0,0.0,3.9,0.0,,1.0,29.9,1.0,2.0,0.0,0.0,7,2025-11-01 08:33:22.284665
2,2025-01-26 01:01:05,2025-01-26 01:06:01,N,1.0,55,55,1.0,0.78,7.2,1.0,0.5,0.0,0.0,,1.0,9.7,2.0,1.0,0.0,0.0,7,2025-11-01 08:33:22.284665
2,2025-01-26 01:45:52,2025-01-26 02:00:02,N,1.0,255,97,1.0,4.19,20.5,1.0,0.5,4.6,0.0,,1.0,27.6,1.0,1.0,0.0,0.0,7,2025-11-01 08:33:22.284665
2,2025-01-26 01:26:53,2025-01-26 01:56:44,N,1.0,97,243,1.0,31.75,114.3,1.0,0.5,23.91,0.0,,1.0,143.46,1.0,1.0,2.75,0.0,7,2025-11-01 08:33:22.284665
2,2025-01-26 01:10:01,2025-01-26 01:19:07,N,1.0,7,223,5.0,1.74,11.4,1.0,0.5,2.78,0.0,,1.0,16.68,1.0,1.0,0.0,0.0,7,2025-11-01 08:33:22.284665
2,2025-01-26 01:19:23,2025-01-26 01:37:43,N,5.0,255,237,1.0,4.91,55.0,0.0,0.0,11.75,0.0,,1.0,70.5,1.0,2.0,2.75,0.0,7,2025-11-01 08:33:22.284665
2,2025-01-26 01:01:21,2025-01-26 01:01:25,N,5.0,256,256,1.0,0.0,20.0,0.0,0.0,0.0,0.0,,1.0,21.0,1.0,2.0,0.0,0.0,7,2025-11-01 08:33:22.284665
2,2025-01-26 01:33:24,2025-01-26 01:37:28,N,1.0,134,134,1.0,0.84,6.5,1.0,0.5,3.0,0.0,,1.0,12.0,1.0,1.0,0.0,0.0,7,2025-11-01 08:33:22.284665
1,2025-01-26 01:05:40,2025-01-26 01:14:54,N,1.0,25,33,1.0,1.4,10.0,1.0,1.5,2.5,0.0,,1.0,15.0,1.0,1.0,0.0,0.0,7,2025-11-01 08:33:22.284665
1,2025-01-26 01:42:21,2025-01-26 01:49:39,N,1.0,25,181,4.0,1.5,9.3,1.0,1.5,2.35,0.0,,1.0,14.15,1.0,1.0,0.0,0.0,7,2025-11-01 08:33:22.284665
2,2025-01-26 01:38:44,2025-01-26 01:44:53,N,1.0,152,244,1.0,1.4,9.3,1.0,0.5,2.36,0.0,,1.0,14.16,1.0,1.0,0.0,0.0,7,2025-11-01 08:33:22.284665
2,2025-01-26 02:34:04,2025-01-26 02:42:04,N,1.0,135,57,1.0,3.94,17.0,1.0,0.5,0.0,0.0,,1.0,19.5,2.0,1.0,0.0,0.0,7,2025-11-01 08:33:22.284665
2,2025-01-26 02:59:25,2025-01-26 03:02:19,N,1.0,112,112,1.0,0.47,5.1,1.0,0.5,1.52,0.0,,1.0,9.12,1.0,1.0,0.0,0.0,7,2025-11-01 08:33:22.284665
2,2025-01-26 02:01:26,2025-01-26 02:01:32,N,5.0,256,256,0.0,0.01,15.0,0.0,0.0,3.2,0.0,,1.0,19.2,1.0,2.0,0.0,0.0,7,2025-11-01 08:33:22.284665
2,2025-01-26 02:40:40,2025-01-26 03:04:44,N,5.0,255,90,0.0,5.42,45.0,0.0,0.0,9.2,0.0,,1.0,55.2,1.0,2.0,0.0,0.0,7,2025-11-01 08:33:22.284665
2,2025-01-26 02:23:52,2025-01-26 02:36:24,N,1.0,255,148,4.0,2.96,16.3,1.0,0.5,1.0,0.0,,1.0,23.3,1.0,1.0,2.75,0.75,7,2025-11-01 08:33:22.284665
2,2025-01-26 02:44:34,2025-01-26 02:55:07,N,1.0,243,244,1.0,2.07,12.8,1.0,0.5,0.0,0.0,,1.0,15.3,2.0,1.0,0.0,0.0,7,2025-11-01 08:33:22.284665
2,2025-01-26 02:36:48,2025-01-26 02:36:50,N,5.0,264,264,5.0,0.0,20.0,0.0,0.0,0.0,0.0,,1.0,21.0,1.0,2.0,0.0,0.0,7,2025-11-01 08:33:22.284665
2,2025-01-26 02:29:33,2025-01-26 02:52:37,N,1.0,255,237,2.0,5.32,26.1,1.0,0.5,0.0,0.0,,1.0,32.1,2.0,1.0,2.75,0.75,7,2025-11-01 08:33:22.284665
2,2025-01-26 02:44:37,2025-01-26 02:45:03,N,1.0,145,145,1.0,0.0,3.0,1.0,0.5,0.0,0.0,,1.0,5.5,2.0,1.0,0.0,0.0,7,2025-11-01 08:33:22.284665
2,2025-01-26 02:09:47,2025-01-26 02:09:50,N,5.0,80,264,1.0,0.0,10.0,0.0,0.0,2.2,0.0,,1.0,13.2,1.0,2.0,0.0,0.0,7,2025-11-01 08:33:22.284665
2,2025-01-26 02:47:50,2025-01-26 02:53:56,N,1.0,179,223,2.0,0.94,7.9,1.0,0.5,0.0,0.0,,1.0,10.4,2.0,1.0,0.0,0.0,7,2025-11-01 08:33:22.284665
2,2025-01-26 02:18:06,2025-01-26 02:25:23,N,1.0,95,102,1.0,1.35,10.0,1.0,0.5,2.5,0.0,,1.0,15.0,1.0,1.0,0.0,0.0,7,2025-11-01 08:33:22.284665
2,2025-01-26 02:24:57,2025-01-26 02:47:19,N,1.0,36,45,5.0,5.43,26.1,1.0,0.5,6.42,0.0,,1.0,38.52,1.0,1.0,2.75,0.75,7,2025-11-01 08:33:22.284665
2,2025-01-26 02:16:40,2025-01-26 02:22:48,N,1.0,95,95,1.0,0.94,8.6,1.0,0.5,2.22,0.0,,1.0,13.32,1.0,1.0,0.0,0.0,7,2025-11-01 08:33:22.284665
2,2025-01-26 02:05:07,2025-01-26 02:24:24,N,5.0,255,233,2.0,5.32,43.0,0.0,0.0,7.12,0.0,,1.0,54.62,1.0,2.0,2.75,0.75,7,2025-11-01 08:33:22.284665
2,2025-01-26 02:47:42,2025-01-26 02:47:46,N,5.0,255,255,1.0,6.69,45.0,0.0,0.0,0.0,0.0,,1.0,46.0,1.0,2.0,0.0,0.0,7,2025-11-01 08:33:22.284665
2,2025-01-26 02:10:48,2025-01-26 02:21:18,N,1.0,80,112,1.0,1.72,11.4,1.0,0.5,0.0,0.0,,1.0,13.9,2.0,1.0,0.0,0.0,7,2025-11-01 08:33:22.284665
2,2025-01-26 02:33:07,2025-01-26 02:45:17,N,1.0,255,148,2.0,3.79,18.4,1.0,0.5,4.88,0.0,,1.0,29.28,1.0,1.0,2.75,0.75,7,2025-11-01 08:33:22.284665
2,2025-01-26 01:40:04,2025-01-26 02:04:37,N,1.0,129,56,1.0,3.08,23.3,1.0,0.5,0.0,0.0,,1.0,25.8,2.0,1.0,0.0,0.0,7,2025-11-01 08:33:22.284665
2,2025-01-26 02:45:20,2025-01-26 02:48:07,N,5.0,255,255,4.0,0.0,55.0,0.0,0.0,0.0,0.0,,1.0,56.0,2.0,2.0,0.0,0.0,7,2025-11-01 08:33:22.284665
2,2025-01-26 02:58:36,2025-01-26 03:11:01,N,5.0,255,97,1.0,3.22,30.0,0.0,0.0,6.2,0.0,,1.0,37.2,1.0,2.0,0.0,0.0,7,2025-11-01 08:33:22.284665
2,2025-01-26 02:43:40,2025-01-26 02:56:08,N,1.0,82,160,1.0,2.15,10.5,0.5,0.5,0.0,0.0,,0.3,11.8,2.0,1.0,0.0,0.0,7,2025-11-01 08:33:22.284665
2,2025-01-26 02:21:03,2025-01-26 02:32:42,N,5.0,255,79,2.0,3.5,35.0,0.0,0.0,1.0,0.0,,1.0,40.5,1.0,2.0,2.75,0.75,7,2025-11-01 08:33:22.284665
2,2025-01-26 02:27:14,2025-01-26 02:39:01,N,1.0,25,181,1.0,5.42,24.0,1.0,0.5,6.62,0.0,,1.0,33.12,1.0,1.0,0.0,0.0,7,2025-11-01 08:33:22.284665
2,2025-01-26 02:53:30,2025-01-26 03:16:15,N,5.0,36,256,1.0,5.09,35.0,0.0,0.0,7.2,0.0,,1.0,43.2,1.0,2.0,0.0,0.0,7,2025-11-01 08:33:22.284665
2,2025-01-26 02:57:49,2025-01-26 03:02:01,N,5.0,255,256,1.0,0.89,20.0,0.0,0.0,4.2,0.0,,1.0,25.2,1.0,2.0,0.0,0.0,7,2025-11-01 08:33:22.284665
2,2025-01-26 02:43:43,2025-01-26 02:59:44,N,1.0,82,56,1.0,1.8,14.9,1.0,0.5,0.0,0.0,,1.0,17.4,2.0,1.0,0.0,0.0,7,2025-11-01 08:33:22.284665
2,2025-01-26 01:58:38,2025-01-26 02:10:02,N,1.0,256,225,2.0,2.22,13.5,1.0,0.5,3.0,0.0,,1.0,19.0,1.0,1.0,0.0,0.0,7,2025-11-01 08:33:22.284665
2,2025-01-26 02:51:12,2025-01-26 03:00:54,N,1.0,243,244,1.0,1.55,10.0,1.0,0.5,0.0,0.0,,1.0,12.5,2.0,1.0,0.0,0.0,7,2025-11-01 08:33:22.284665
2,2025-01-26 01:55:16,2025-01-26 02:03:39,N,1.0,41,236,1.0,2.38,12.1,1.0,0.5,5.2,0.0,,1.0,22.55,1.0,1.0,2.75,0.0,7,2025-11-01 08:33:22.284665
2,2025-01-26 02:39:26,2025-01-26 02:56:26,N,1.0,74,159,1.0,2.39,14.2,1.0,0.5,5.01,0.0,,1.0,21.71,1.0,1.0,0.0,0.0,7,2025-11-01 08:33:22.284665
2,2025-01-26 01:58:45,2025-01-26 02:05:55,N,1.0,260,82,1.0,0.75,7.9,1.0,0.5,2.08,0.0,,1.0,12.48,1.0,1.0,0.0,0.0,7,2025-11-01 08:33:22.284665
2,2025-01-26 03:07:16,2025-01-26 03:26:24,N,1.0,255,198,1.0,4.05,21.2,1.0,0.5,4.74,0.0,,1.0,28.44,1.0,1.0,0.0,0.0,7,2025-11-01 08:33:22.284665
2,2025-01-26 03:44:46,2025-01-26 04:03:25,N,1.0,157,33,1.0,6.66,28.9,1.0,0.5,4.71,0.0,,1.0,36.11,1.0,1.0,0.0,0.0,7,2025-11-01 08:33:22.284665
2,2025-01-26 03:02:12,2025-01-26 03:33:50,N,1.0,71,83,1.0,10.72,47.1,1.0,0.5,0.0,0.0,,1.0,49.6,2.0,1.0,0.0,0.0,7,2025-11-01 08:33:22.284665
2,2025-01-26 03:46:25,2025-01-26 03:52:59,N,1.0,255,112,2.0,1.22,8.6,1.0,0.5,2.78,0.0,,1.0,13.88,1.0,1.0,0.0,0.0,7,2025-11-01 08:33:22.284665
2,2025-01-26 03:20:37,2025-01-26 03:20:40,N,5.0,73,264,1.0,0.0,10.0,0.0,0.0,0.0,0.0,,1.0,11.0,1.0,2.0,0.0,0.0,7,2025-11-01 08:33:22.284665
2,2025-01-26 03:49:08,2025-01-26 04:01:34,N,1.0,129,57,1.0,1.85,12.8,1.0,0.5,3.06,0.0,,1.0,18.36,1.0,1.0,0.0,0.0,7,2025-11-01 08:33:22.284665
1,2025-01-26 03:10:52,2025-01-26 03:20:38,N,1.0,256,37,1.0,1.6,10.7,1.0,1.5,3.25,0.0,,1.0,16.45,1.0,1.0,0.0,0.0,7,2025-11-01 08:33:22.284665
2,2025-01-26 03:47:17,2025-01-26 04:02:46,N,1.0,255,231,2.0,6.0,26.1,1.0,0.5,6.42,0.0,,1.0,38.52,1.0,1.0,2.75,0.75,7,2025-11-01 08:33:22.284665
2,2025-01-26 03:53:37,2025-01-26 04:05:36,N,1.0,243,42,1.0,3.54,17.0,1.0,0.5,0.0,0.0,,1.0,19.5,2.0,1.0,0.0,0.0,7,2025-11-01 08:33:22.284665
2,2025-01-26 03:26:50,2025-01-26 03:42:50,N,1.0,146,234,5.0,4.69,21.9,1.0,0.5,0.0,0.0,,1.0,27.9,1.0,1.0,2.75,0.75,7,2025-11-01 08:33:22.284665
2,2025-01-26 02:59:58,2025-01-26 03:03:35,N,1.0,256,80,5.0,0.62,5.8,1.0,0.5,1.08,0.0,,1.0,9.38,1.0,1.0,0.0,0.0,7,2025-11-01 08:33:22.284665
2,2025-01-26 03:30:21,2025-01-26 03:30:32,N,5.0,255,255,2.0,0.0,16.0,0.0,0.0,0.0,0.0,,1.0,17.0,1.0,2.0,0.0,0.0,7,2025-11-01 08:33:22.284665
2,2025-01-26 03:46:30,2025-01-26 03:47:30,N,5.0,255,255,4.0,0.05,40.0,0.0,0.0,0.0,0.0,,1.0,41.0,2.0,2.0,0.0,0.0,7,2025-11-01 08:33:22.284665
2,2025-01-26 03:52:48,2025-01-26 03:53:46,N,5.0,255,255,1.0,0.48,30.0,0.0,0.0,0.0,0.0,,1.0,31.0,2.0,2.0,0.0,0.0,7,2025-11-01 08:33:22.284665
2,2025-01-26 03:26:30,2025-01-26 03:48:30,N,1.0,129,171,2.0,4.71,26.1,1.0,0.5,0.0,0.0,,1.0,28.6,2.0,1.0,0.0,0.0,7,2025-11-01 08:33:22.284665
2,2025-01-26 03:14:50,2025-01-26 03:28:18,N,1.0,212,18,2.0,4.8,21.2,1.0,0.5,0.0,0.0,,1.0,23.7,2.0,1.0,0.0,0.0,7,2025-11-01 08:33:22.284665
2,2025-01-26 03:39:27,2025-01-26 03:42:12,N,1.0,82,83,1.0,0.51,5.1,1.0,0.5,0.0,0.0,,1.0,7.6,2.0,1.0,0.0,0.0,7,2025-11-01 08:33:22.284665
2,2025-01-26 03:05:28,2025-01-26 03:05:42,N,1.0,157,157,1.0,0.0,-3.0,-1.0,-0.5,0.0,0.0,,-1.0,-5.5,3.0,1.0,0.0,0.0,7,2025-11-01 08:33:22.284665
2,2025-01-26 03:05:28,2025-01-26 03:05:42,N,1.0,157,157,1.0,0.0,3.0,1.0,0.5,0.0,0.0,,1.0,5.5,3.0,1.0,0.0,0.0,7,2025-11-01 08:33:22.284665
2,2025-01-26 03:09:16,2025-01-26 03:13:45,N,5.0,157,198,2.0,0.7,19.0,0.0,0.0,4.0,0.0,,1.0,24.0,1.0,2.0,0.0,0.0,7,2025-11-01 08:33:22.284665
2,2025-01-26 03:21:46,2025-01-26 03:31:13,N,5.0,157,112,1.0,2.29,34.0,0.0,0.0,7.0,0.0,,1.0,42.0,1.0,2.0,0.0,0.0,7,2025-11-01 08:33:22.284665
2,2025-01-26 03:20:54,2025-01-26 03:46:50,N,5.0,157,90,2.0,9.4,65.0,0.0,0.0,6.95,0.0,,1.0,76.45,1.0,2.0,2.75,0.75,7,2025-11-01 08:33:22.284665
2,2025-01-26 03:42:41,2025-01-26 03:42:47,N,5.0,171,171,1.0,0.0,9.0,0.0,0.0,0.0,0.0,,1.0,10.0,1.0,2.0,0.0,0.0,7,2025-11-01 08:33:22.284665
2,2025-01-26 03:10:16,2025-01-26 03:27:00,N,1.0,112,107,1.0,5.32,24.0,1.0,0.5,6.0,0.0,,1.0,36.0,1.0,1.0,2.75,0.75,7,2025-11-01 08:33:22.284665
2,2025-01-26 03:43:13,2025-01-26 03:50:00,N,1.0,220,244,1.0,4.75,19.1,1.0,0.5,0.0,0.0,,1.0,21.6,1.0,1.0,0.0,0.0,7,2025-11-01 08:33:22.284665
1,2025-01-26 03:08:03,2025-01-26 03:23:59,N,1.0,25,137,2.0,6.5,26.8,4.5,1.5,9.8,0.0,,1.0,42.6,1.0,1.0,2.75,0.75,7,2025-11-01 08:33:22.284665
1,2025-01-26 03:42:47,2025-01-26 03:47:21,N,1.0,25,189,4.0,0.9,6.5,1.0,1.5,1.8,0.0,,1.0,10.8,1.0,1.0,0.0,0.0,7,2025-11-01 08:33:22.284665
2,2025-01-26 04:22:03,2025-01-26 04:28:07,N,1.0,157,198,1.0,1.5,8.6,1.0,0.5,2.22,0.0,,1.0,13.32,1.0,1.0,0.0,0.0,7,2025-11-01 08:33:22.284665
2,2025-01-26 04:25:27,2025-01-26 04:29:44,N,1.0,82,260,1.0,1.0,6.5,1.0,0.5,1.8,0.0,,1.0,10.8,1.0,1.0,0.0,0.0,7,2025-11-01 08:33:22.284665
2,2025-01-26 04:25:45,2025-01-26 04:52:13,N,1.0,157,142,1.0,8.05,35.9,1.0,0.5,10.29,0.0,,1.0,51.44,1.0,1.0,2.75,0.0,7,2025-11-01 08:33:22.284665
2,2025-01-26 04:43:20,2025-01-26 04:43:24,N,5.0,83,264,2.0,0.0,20.0,0.0,0.0,0.0,0.0,,1.0,21.0,1.0,2.0,0.0,0.0,7,2025-11-01 08:33:22.284665
2,2025-01-26 02:49:47,2025-01-26 02:59:35,N,1.0,75,166,1.0,2.02,12.1,1.0,0.5,2.92,0.0,,1.0,17.52,1.0,1.0,0.0,0.0,7,2025-11-01 08:33:22.284665
1,2025-01-26 04:56:39,2025-01-26 05:28:23,N,1.0,210,264,1.0,16.1,61.8,1.0,1.5,5.0,0.0,,1.0,69.3,1.0,1.0,0.0,0.0,7,2025-11-01 08:33:22.284665
2,2025-01-26 04:24:46,2025-01-26 04:32:11,N,1.0,82,129,2.0,1.51,9.3,1.0,0.5,4.0,0.0,,1.0,15.8,1.0,1.0,0.0,0.0,7,2025-11-01 08:33:22.284665
2,2025-01-26 04:06:33,2025-01-26 04:09:29,N,1.0,75,74,1.0,0.83,5.8,1.0,0.5,1.66,0.0,,1.0,9.96,1.0,1.0,0.0,0.0,7,2025-11-01 08:33:22.284665
2,2025-01-26 04:52:44,2025-01-26 05:01:06,N,1.0,82,260,1.0,1.06,9.3,1.0,0.5,2.36,0.0,,1.0,14.16,1.0,1.0,0.0,0.0,7,2025-11-01 08:33:22.284665
2,2025-01-26 04:28:55,2025-01-26 05:07:45,N,1.0,7,75,1.0,6.44,38.0,1.0,0.5,1.0,6.94,,1.0,48.44,1.0,1.0,0.0,0.0,7,2025-11-01 08:33:22.284665
2,2025-01-26 04:05:58,2025-01-26 04:28:27,N,1.0,36,145,5.0,4.81,24.0,1.0,0.5,5.3,0.0,,1.0,31.8,1.0,1.0,0.0,0.0,7,2025-11-01 08:33:22.284665
2,2025-01-26 04:30:59,2025-01-26 04:51:32,N,5.0,255,68,2.0,5.95,50.0,0.0,0.0,0.0,0.0,,1.0,54.5,1.0,2.0,2.75,0.75,7,2025-11-01 08:33:22.284665
2,2025-01-26 04:06:38,2025-01-26 04:21:37,N,1.0,255,79,1.0,3.61,19.1,1.0,0.5,0.0,0.0,,1.0,25.1,2.0,1.0,2.75,0.75,7,2025-11-01 08:33:22.284665
2,2025-01-26 04:50:40,2025-01-26 04:56:38,N,1.0,255,80,1.0,1.11,7.9,1.0,0.5,0.0,0.0,,1.0,10.4,2.0,1.0,0.0,0.0,7,2025-11-01 08:33:22.284665
2,2025-01-26 04:14:11,2025-01-26 04:14:15,N,5.0,179,179,1.0,0.0,9.0,0.0,0.0,2.0,0.0,,1.0,12.0,1.0,2.0,0.0,0.0,7,2025-11-01 08:33:22.284665
2,2025-01-26 04:12:24,2025-01-26 04:20:03,N,1.0,129,260,1.0,1.17,7.0,0.5,0.5,0.0,0.0,,0.3,8.3,2.0,1.0,0.0,0.0,7,2025-11-01 08:33:22.284665
2,2025-01-26 04:20:54,2025-01-26 04:26:03,N,1.0,129,83,1.0,0.84,7.2,1.0,0.5,0.0,0.0,,1.0,9.7,2.0,1.0,0.0,0.0,7,2025-11-01 08:33:22.284665
2,2025-01-26 04:20:36,2025-01-26 04:20:39,N,5.0,264,264,1.0,0.0,10.0,0.0,0.0,0.0,0.0,,1.0,11.0,1.0,2.0,0.0,0.0,7,2025-11-01 08:33:22.284665
2,2025-01-26 04:04:46,2025-01-26 04:14:53,N,1.0,112,80,1.0,1.94,12.1,1.0,0.5,2.92,0.0,,1.0,17.52,1.0,1.0,0.0,0.0,7,2025-11-01 08:33:22.284665
2,2025-01-26 05:21:31,2025-01-26 05:21:35,N,5.0,260,260,1.0,0.0,10.0,0.0,0.0,2.75,0.0,,1.0,13.75,1.0,2.0,0.0,0.0,7,2025-11-01 08:33:22.284665
2,2025-01-26 05:46:51,2025-01-26 05:54:24,N,1.0,157,36,1.0,1.6,10.0,1.0,0.5,3.12,0.0,,1.0,15.62,1.0,1.0,0.0,0.0,7,2025-11-01 08:33:22.284665
2,2025-01-26 05:26:53,2025-01-26 05:35:40,N,1.0,219,197,1.0,4.46,19.1,1.0,0.5,0.0,0.0,,1.0,21.6,2.0,1.0,0.0,0.0,7,2025-11-01 08:33:22.284665
2,2025-01-26 05:52:42,2025-01-26 05:57:24,N,1.0,95,95,1.0,1.06,7.9,1.0,0.5,0.0,0.0,,1.0,10.4,2.0,1.0,0.0,0.0,7,2025-11-01 08:33:22.284665
2,2025-01-26 05:20:25,2025-01-26 05:28:20,N,1.0,75,238,1.0,1.57,10.7,1.0,0.5,3.19,0.0,,1.0,19.14,1.0,1.0,2.75,0.0,7,2025-11-01 08:33:22.284665
2,2025-01-26 05:10:36,2025-01-26 05:13:05,N,1.0,255,255,2.0,0.43,4.4,1.0,0.5,1.38,0.0,,1.0,8.28,1.0,1.0,0.0,0.0,7,2025-11-01 08:33:22.284665
2,2025-01-26 05:20:38,2025-01-26 05:28:32,N,1.0,82,56,1.0,1.25,7.0,0.5,0.5,0.0,0.0,,0.3,8.3,2.0,1.0,0.0,0.0,7,2025-11-01 08:33:22.284665
2,2025-01-26 05:35:39,2025-01-26 06:02:48,N,1.0,157,151,1.0,13.3,52.7,1.0,0.5,3.0,6.94,,1.0,65.14,1.0,1.0,0.0,0.0,7,2025-11-01 08:33:22.284665
2,2025-01-26 05:14:05,2025-01-26 05:34:23,N,1.0,157,224,1.0,5.94,27.5,1.0,0.5,6.7,0.0,,1.0,40.2,1.0,1.0,2.75,0.75,7,2025-11-01 08:33:22.284665
2,2025-01-26 06:05:04,2025-01-26 06:35:58,N,1.0,157,246,1.0,8.51,39.4,0.0,0.5,8.88,0.0,,1.0,53.28,1.0,1.0,2.75,0.75,7,2025-11-01 08:33:22.284665
2,2025-01-26 06:34:01,2025-01-26 06:45:01,N,1.0,74,243,1.0,4.41,19.8,0.0,0.5,5.32,0.0,,1.0,26.62,1.0,1.0,0.0,0.0,7,2025-11-01 08:33:22.284665
2,2025-01-26 06:07:19,2025-01-26 06:20:06,N,1.0,95,129,1.0,6.86,28.9,0.0,0.5,6.08,0.0,,1.0,36.48,1.0,1.0,0.0,0.0,7,2025-11-01 08:33:22.284665
2,2025-01-26 06:55:32,2025-01-26 07:06:54,N,1.0,95,160,1.0,2.74,14.9,0.0,0.5,3.28,0.0,,1.0,19.68,1.0,1.0,0.0,0.0,7,2025-11-01 08:33:22.284665
2,2025-01-26 07:01:40,2025-01-26 07:23:51,N,1.0,191,223,1.0,11.69,45.7,0.0,0.5,0.0,0.0,,1.0,47.2,2.0,1.0,0.0,0.0,7,2025-11-01 08:33:22.284665
2,2025-01-26 05:44:06,2025-01-26 05:47:45,N,1.0,157,36,1.0,0.86,6.5,0.0,0.5,2.0,0.0,,1.0,10.0,1.0,1.0,0.0,0.0,7,2025-11-01 08:33:22.284665
2,2025-01-26 06:11:42,2025-01-26 06:21:55,N,1.0,157,198,1.0,2.41,13.5,0.0,0.5,0.0,0.0,,1.0,15.0,2.0,1.0,0.0,0.0,7,2025-11-01 08:33:22.284665
1,2025-01-26 06:52:10,2025-01-26 06:59:44,N,5.0,157,36,1.0,1.6,30.0,0.0,0.0,0.0,0.0,,0.0,30.0,3.0,2.0,0.0,0.0,7,2025-11-01 08:33:22.284665
2,2025-01-26 07:44:08,2025-01-26 07:47:27,N,5.0,157,80,2.0,0.63,14.0,0.0,0.0,3.0,0.0,,1.0,18.0,1.0,2.0,0.0,0.0,7,2025-11-01 08:33:22.284665
2,2025-01-26 07:37:12,2025-01-26 07:45:20,N,1.0,92,92,1.0,1.18,10.0,0.0,0.5,0.0,0.0,,1.0,11.5,2.0,1.0,0.0,0.0,7,2025-11-01 08:33:22.284665
2,2025-01-26 07:49:35,2025-01-26 07:58:01,N,1.0,74,166,1.0,1.45,10.0,0.0,0.5,1.0,0.0,,1.0,12.5,1.0,1.0,0.0,0.0,7,2025-11-01 08:33:22.284665
1,2025-01-26 07:22:50,2025-01-26 07:45:53,N,1.0,219,7,0.0,15.4,58.3,0.0,1.5,14.9,0.0,,1.0,74.7,1.0,1.0,0.0,0.0,7,2025-11-01 08:33:22.284665
2,2025-01-26 07:27:54,2025-01-26 07:32:01,N,1.0,24,238,1.0,0.93,7.2,0.0,0.5,1.74,0.0,,1.0,10.44,1.0,1.0,0.0,0.0,7,2025-11-01 08:33:22.284665
2,2025-01-26 07:50:35,2025-01-26 08:08:37,N,1.0,41,138,1.0,7.83,33.1,5.0,0.5,9.31,6.94,,1.0,55.85,1.0,1.0,0.0,0.0,7,2025-11-01 08:33:22.284665
2,2025-01-26 07:25:41,2025-01-26 07:36:49,N,1.0,166,142,5.0,2.11,13.5,0.0,0.5,0.0,0.0,,1.0,17.75,2.0,1.0,2.75,0.0,7,2025-11-01 08:33:22.284665
2,2025-01-26 07:44:49,2025-01-26 07:55:56,N,1.0,74,43,1.0,1.32,12.1,0.0,0.5,0.0,0.0,,1.0,13.6,1.0,1.0,0.0,0.0,7,2025-11-01 08:33:22.284665
2,2025-01-26 07:28:21,2025-01-26 07:28:35,N,1.0,223,223,1.0,0.0,3.0,0.0,0.5,0.0,0.0,,1.0,4.5,2.0,1.0,0.0,0.0,7,2025-11-01 08:33:22.284665
2,2025-01-26 07:28:19,2025-01-26 07:35:08,N,1.0,75,151,1.0,1.41,10.0,0.0,0.5,0.0,0.0,,1.0,11.5,2.0,1.0,0.0,0.0,7,2025-11-01 08:33:22.284665
2,2025-01-26 07:28:59,2025-01-26 07:32:56,N,1.0,82,82,1.0,0.74,6.5,0.0,0.5,1.6,0.0,,1.0,9.6,1.0,1.0,0.0,0.0,7,2025-11-01 08:33:22.284665
2,2025-01-26 06:53:30,2025-01-26 07:03:08,N,1.0,74,140,1.0,3.2,15.6,0.0,0.5,5.96,0.0,,1.0,25.81,1.0,1.0,2.75,0.0,7,2025-11-01 08:33:22.284665
2,2025-01-26 07:27:05,2025-01-26 07:32:20,N,1.0,74,42,1.0,1.24,7.9,0.0,0.5,1.88,0.0,,1.0,11.28,1.0,1.0,0.0,0.0,7,2025-11-01 08:33:22.284665
2,2025-01-26 07:26:24,2025-01-26 07:54:18,N,1.0,95,238,1.0,14.42,56.9,0.0,0.5,0.0,6.94,,1.0,65.34,2.0,1.0,0.0,0.0,7,2025-11-01 08:33:22.284665
2,2025-01-26 07:23:28,2025-01-26 07:43:35,N,5.0,157,48,1.0,6.73,80.0,0.0,0.0,1.5,6.94,,1.0,92.94,1.0,2.0,2.75,0.75,7,2025-11-01 08:33:22.284665
2,2025-01-26 07:33:33,2025-01-26 07:43:42,N,1.0,41,236,1.0,2.48,13.5,0.0,0.5,3.55,0.0,,1.0,21.3,1.0,1.0,2.75,0.0,7,2025-11-01 08:33:22.284665
2,2025-01-26 07:19:30,2025-01-26 07:24:53,N,1.0,130,28,1.0,1.94,10.0,0.0,0.5,0.0,0.0,,1.0,11.5,1.0,1.0,0.0,0.0,7,2025-11-01 08:33:22.284665
2,2025-01-26 08:13:35,2025-01-26 08:23:03,N,1.0,92,252,1.0,2.35,13.5,0.0,0.5,1.0,0.0,,1.0,16.0,1.0,1.0,0.0,0.0,7,2025-11-01 08:33:22.284665
2,2025-01-26 09:00:47,2025-01-26 09:06:16,N,1.0,74,166,1.0,1.0,7.9,0.0,0.5,2.82,0.0,,1.0,12.22,1.0,1.0,0.0,0.0,7,2025-11-01 08:33:22.284665
2,2025-01-26 08:32:15,2025-01-26 08:40:40,N,1.0,74,236,1.0,1.89,11.4,0.0,0.5,0.0,0.0,,1.0,15.65,2.0,1.0,2.75,0.0,7,2025-11-01 08:33:22.284665
2,2025-01-26 06:37:16,2025-01-26 06:43:44,N,1.0,74,43,1.0,1.34,8.6,0.0,0.5,2.52,0.0,,1.0,12.62,1.0,1.0,0.0,0.0,7,2025-11-01 08:33:22.284665
2,2025-01-26 08:36:12,2025-01-26 08:38:48,N,1.0,75,74,1.0,0.62,5.1,0.0,0.5,1.32,0.0,,1.0,7.92,1.0,1.0,0.0,0.0,7,2025-11-01 08:33:22.284665
2,2025-01-26 08:44:35,2025-01-26 09:00:45,N,1.0,74,230,1.0,4.32,20.5,0.0,0.5,1.0,0.0,,1.0,26.5,1.0,1.0,2.75,0.75,7,2025-11-01 08:33:22.284665
2,2025-01-26 08:00:18,2025-01-26 08:13:13,N,1.0,166,142,5.0,2.61,16.3,0.0,0.5,4.11,0.0,,1.0,24.66,1.0,1.0,2.75,0.0,7,2025-11-01 08:33:22.284665
2,2025-01-26 08:58:18,2025-01-26 09:01:08,N,1.0,166,151,5.0,0.57,5.8,0.0,0.5,1.1,0.0,,1.0,8.4,1.0,1.0,0.0,0.0,7,2025-11-01 08:33:22.284665
2,2025-01-26 08:45:05,2025-01-26 08:49:25,N,1.0,95,95,1.0,0.9,7.2,0.0,0.5,1.74,0.0,,1.0,10.44,1.0,1.0,0.0,0.0,7,2025-11-01 08:33:22.284665
2,2025-01-26 08:35:49,2025-01-26 08:46:27,N,1.0,74,24,1.0,1.6,12.1,0.0,0.5,2.0,0.0,,1.0,15.6,1.0,1.0,0.0,0.0,7,2025-11-01 08:33:22.284665
2,2025-01-26 08:06:57,2025-01-26 08:22:21,N,1.0,41,243,1.0,4.75,21.9,0.0,0.5,2.0,0.0,,1.0,25.4,1.0,1.0,0.0,0.0,7,2025-11-01 08:33:22.284665
2,2025-01-26 08:34:17,2025-01-26 08:46:56,N,1.0,82,56,1.0,2.02,13.5,0.0,0.5,3.0,0.0,,1.0,18.0,1.0,1.0,0.0,0.0,7,2025-11-01 08:33:22.284665
2,2025-01-26 10:34:17,2025-01-26 10:45:39,N,1.0,75,42,1.0,2.48,12.8,0.0,0.5,1.0,0.0,,1.0,15.3,1.0,1.0,0.0,0.0,7,2025-11-01 08:33:22.284665
2,2025-01-26 08:19:42,2025-01-26 08:23:06,N,1.0,75,74,1.0,1.48,7.9,0.0,0.5,1.88,0.0,,1.0,11.28,1.0,1.0,0.0,0.0,7,2025-11-01 08:33:22.284665
2,2025-01-26 08:57:58,2025-01-26 09:05:41,N,1.0,55,55,1.0,1.32,9.3,0.0,0.5,0.0,0.0,,1.0,10.8,1.0,1.0,0.0,0.0,7,2025-11-01 08:33:22.284665
2,2025-01-26 08:05:11,2025-01-26 08:18:33,N,1.0,74,262,1.0,2.77,16.3,0.0,0.5,5.14,0.0,,1.0,25.69,1.0,1.0,2.75,0.0,7,2025-11-01 08:33:22.284665
2,2025-01-26 08:37:05,2025-01-26 08:46:43,N,1.0,74,263,1.0,2.05,12.1,0.0,0.5,3.27,0.0,,1.0,19.62,1.0,1.0,2.75,0.0,7,2025-11-01 08:33:22.284665
2,2025-01-26 08:34:31,2025-01-26 08:40:02,N,1.0,74,75,1.0,1.51,8.6,0.0,0.5,0.0,0.0,,1.0,10.1,2.0,1.0,0.0,0.0,7,2025-11-01 08:33:22.284665
2,2025-01-26 08:10:09,2025-01-26 08:25:52,N,5.0,65,138,1.0,10.58,50.0,5.0,0.0,14.0,0.0,,1.0,70.0,1.0,2.0,0.0,0.0,7,2025-11-01 08:33:22.284665
2,2025-01-26 08:32:42,2025-01-26 08:47:39,N,1.0,74,238,1.0,3.27,18.4,0.0,0.5,4.53,0.0,,1.0,27.18,1.0,1.0,2.75,0.0,7,2025-11-01 08:33:22.284665
1,2025-01-26 08:23:24,2025-01-26 08:41:32,N,1.0,35,49,1.0,0.0,21.5,0.0,1.5,0.0,0.0,,1.0,23.0,1.0,1.0,0.0,0.0,7,2025-11-01 08:33:22.284665
2,2025-01-26 08:07:42,2025-01-26 08:12:34,N,1.0,92,171,1.0,0.93,7.2,0.0,0.5,1.74,0.0,,1.0,10.44,1.0,1.0,0.0,0.0,7,2025-11-01 08:33:22.284665
2,2025-01-26 08:22:30,2025-01-26 08:22:32,N,5.0,83,264,1.0,0.0,30.0,0.0,0.0,0.0,0.0,,1.0,31.0,1.0,2.0,0.0,0.0,7,2025-11-01 08:33:22.284665
2,2025-01-26 08:35:07,2025-01-26 08:46:20,N,1.0,74,236,1.0,2.63,14.2,0.0,0.5,3.69,0.0,,1.0,22.14,1.0,1.0,2.75,0.0,7,2025-11-01 08:33:22.284665
2,2025-01-26 08:12:28,2025-01-26 08:35:39,N,1.0,116,263,1.0,4.55,26.1,0.0,0.5,6.07,0.0,,1.0,36.42,1.0,1.0,2.75,0.0,7,2025-11-01 08:33:22.284665
2,2025-01-26 09:43:30,2025-01-26 10:02:39,N,1.0,75,200,1.0,8.76,36.6,0.0,0.5,5.0,3.18,,1.0,46.28,1.0,1.0,0.0,0.0,7,2025-11-01 08:33:22.284665
2,2025-01-26 09:37:35,2025-01-26 10:08:42,N,1.0,223,239,1.0,6.58,34.5,0.0,0.5,7.75,0.0,,1.0,46.5,1.0,1.0,2.75,0.0,7,2025-11-01 08:33:22.284665
1,2025-01-26 09:23:58,2025-01-26 09:37:07,N,1.0,71,35,1.0,0.0,19.5,0.0,1.5,0.0,0.0,,1.0,21.0,1.0,1.0,0.0,0.0,7,2025-11-01 08:33:22.284665
2,2025-01-26 09:26:43,2025-01-26 09:35:11,N,1.0,166,116,1.0,1.66,11.4,0.0,0.5,3.22,0.0,,1.0,16.12,1.0,1.0,0.0,0.0,7,2025-11-01 08:33:22.284665
2,2025-01-26 09:51:08,2025-01-26 10:16:43,N,1.0,116,145,1.0,8.82,38.0,0.0,0.5,8.6,0.0,,1.0,51.6,1.0,1.0,2.75,0.75,7,2025-11-01 08:33:22.284665
2,2025-01-26 09:54:34,2025-01-26 10:18:34,N,1.0,95,193,2.0,9.02,39.4,0.0,0.5,0.0,0.0,,1.0,40.9,2.0,1.0,0.0,0.0,7,2025-11-01 08:33:22.284665
2,2025-01-26 09:58:10,2025-01-26 10:02:39,N,1.0,42,42,1.0,0.77,6.5,0.0,0.5,0.0,0.0,,1.0,8.0,2.0,1.0,0.0,0.0,7,2025-11-01 08:33:22.284665
2,2025-01-26 09:04:26,2025-01-26 09:08:58,N,1.0,43,236,1.0,0.88,6.5,0.0,0.5,2.15,0.0,,1.0,12.9,1.0,1.0,2.75,0.0,7,2025-11-01 08:33:22.284665
2,2025-01-26 09:14:51,2025-01-26 09:23:12,N,1.0,75,163,1.0,2.51,12.8,0.0,0.5,4.45,0.0,,1.0,22.25,1.0,1.0,2.75,0.75,7,2025-11-01 08:33:22.284665
2,2025-01-26 06:53:52,2025-01-26 07:01:23,N,1.0,74,166,1.0,1.8,10.0,0.0,0.5,2.88,0.0,,1.0,14.38,1.0,1.0,0.0,0.0,7,2025-11-01 08:33:22.284665
2,2025-01-26 09:40:21,2025-01-26 09:47:40,N,1.0,41,42,1.0,1.45,10.0,0.0,0.5,2.3,0.0,,1.0,13.8,1.0,1.0,0.0,0.0,7,2025-11-01 08:33:22.284665
2,2025-01-26 09:08:19,2025-01-26 09:14:12,N,1.0,166,166,4.0,0.76,7.9,0.0,0.5,1.0,0.0,,1.0,10.4,1.0,1.0,0.0,0.0,7,2025-11-01 08:33:22.284665
2,2025-01-26 09:35:02,2025-01-26 09:47:14,N,1.0,166,142,4.0,2.16,14.9,0.0,0.5,3.83,0.0,,1.0,22.98,1.0,1.0,2.75,0.0,7,2025-11-01 08:33:22.284665
2,2025-01-26 09:44:25,2025-01-26 09:58:49,N,1.0,74,140,1.0,3.81,19.8,0.0,0.5,0.0,0.0,,1.0,24.05,2.0,1.0,2.75,0.0,7,2025-11-01 08:33:22.284665
2,2025-01-26 09:43:25,2025-01-26 09:50:15,N,1.0,74,75,1.0,1.58,9.3,0.0,0.5,2.7,0.0,,1.0,13.5,1.0,1.0,0.0,0.0,7,2025-11-01 08:33:22.284665
2,2025-01-26 09:53:59,2025-01-26 10:11:17,N,1.0,43,229,1.0,3.07,19.8,0.0,0.5,4.96,0.0,,1.0,29.76,1.0,1.0,2.75,0.75,7,2025-11-01 08:33:22.284665
2,2025-01-26 09:35:13,2025-01-26 09:53:36,N,1.0,41,79,1.0,6.79,29.6,0.0,0.5,8.65,0.0,,1.0,43.25,1.0,1.0,2.75,0.75,7,2025-11-01 08:33:22.284665
2,2025-01-26 09:05:25,2025-01-26 09:08:59,N,1.0,75,237,1.0,1.33,7.2,0.0,0.5,2.86,0.0,,1.0,14.31,1.0,1.0,2.75,0.0,7,2025-11-01 08:33:22.284665
2,2025-01-26 09:24:11,2025-01-26 09:32:46,N,1.0,75,166,1.0,1.77,11.4,0.0,0.5,2.1,0.0,,1.0,15.0,1.0,1.0,0.0,0.0,7,2025-11-01 08:33:22.284665
2,2025-01-26 09:13:18,2025-01-26 09:17:36,N,1.0,97,49,1.0,1.02,6.5,0.0,0.5,1.6,0.0,,1.0,9.6,1.0,1.0,0.0,0.0,7,2025-11-01 08:33:22.284665
1,2025-01-26 09:57:37,2025-01-26 10:35:06,N,1.0,213,264,1.0,0.0,46.0,0.0,0.0,0.0,6.94,,0.0,52.94,2.0,1.0,0.0,0.0,7,2025-11-01 08:33:22.284665
1,2025-01-26 09:07:17,2025-01-26 09:13:54,N,1.0,166,238,2.0,1.1,8.6,2.75,1.5,2.55,0.0,,1.0,15.4,1.0,1.0,2.75,0.0,7,2025-11-01 08:33:22.284665
1,2025-01-26 09:33:10,2025-01-26 09:42:09,N,1.0,24,236,2.0,2.3,12.1,2.75,1.5,3.25,0.0,,1.0,19.6,1.0,1.0,2.75,0.0,7,2025-11-01 08:33:22.284665
2,2025-01-26 09:23:34,2025-01-26 09:34:56,N,1.0,152,239,1.0,3.42,17.7,0.0,0.5,2.0,0.0,,1.0,23.95,1.0,1.0,2.75,0.0,7,2025-11-01 08:33:22.284665
2,2025-01-26 09:43:22,2025-01-26 10:06:32,N,1.0,74,68,1.0,7.31,33.8,0.0,0.5,7.76,0.0,,1.0,46.56,1.0,1.0,2.75,0.75,7,2025-11-01 08:33:22.284665
2,2025-01-26 08:35:37,2025-01-26 08:44:23,N,1.0,97,61,2.0,1.82,11.4,0.0,0.5,2.1,0.0,,1.0,15.0,1.0,1.0,0.0,0.0,7,2025-11-01 08:33:22.284665
1,2025-01-26 09:59:56,2025-01-26 10:17:47,N,1.0,188,225,1.0,0.0,20.5,0.0,1.5,0.0,0.0,,1.0,22.0,1.0,1.0,0.0,0.0,7,2025-11-01 08:33:22.284665
2,2025-01-26 09:55:22,2025-01-26 11:01:00,N,1.0,74,224,1.0,18.24,75.1,0.0,0.5,16.02,0.0,,1.0,96.12,1.0,1.0,2.75,0.75,7,2025-11-01 08:33:22.284665
2,2025-01-26 09:22:36,2025-01-26 09:50:19,N,1.0,95,152,2.0,11.22,47.1,0.0,0.5,0.0,6.94,,1.0,55.54,2.0,1.0,0.0,0.0,7,2025-11-01 08:33:22.284665
2,2025-01-26 09:27:52,2025-01-26 09:38:59,N,1.0,74,151,1.0,2.4,14.2,0.0,0.5,3.14,0.0,,1.0,18.84,1.0,1.0,0.0,0.0,7,2025-11-01 08:33:22.284665
2,2025-01-26 09:46:05,2025-01-26 10:04:29,N,1.0,65,237,1.0,8.03,33.1,0.0,0.5,9.9,0.0,,1.0,48.0,1.0,1.0,2.75,0.75,7,2025-11-01 08:33:22.284665
2,2025-01-26 09:53:13,2025-01-26 09:57:36,N,1.0,74,41,1.0,1.02,7.2,0.0,0.5,0.0,0.0,,1.0,8.7,2.0,1.0,0.0,0.0,7,2025-11-01 08:33:22.284665
2,2025-01-26 09:27:00,2025-01-26 09:35:59,N,1.0,74,166,1.0,1.72,11.4,0.0,0.5,0.0,0.0,,1.0,12.9,2.0,1.0,0.0,0.0,7,2025-11-01 08:33:22.284665
2,2025-01-26 09:52:09,2025-01-26 10:00:59,N,1.0,74,166,1.0,2.12,12.1,0.0,0.5,3.4,0.0,,1.0,17.0,1.0,1.0,0.0,0.0,7,2025-11-01 08:33:22.284665
1,2025-01-26 09:26:43,2025-01-26 09:50:53,N,1.0,49,165,1.0,0.0,24.5,0.0,1.5,0.0,0.0,,1.0,26.0,1.0,1.0,0.0,0.0,7,2025-11-01 08:33:22.284665
2,2025-01-26 09:46:29,2025-01-26 09:55:07,N,1.0,75,151,2.0,1.75,11.4,0.0,0.5,2.58,0.0,,1.0,15.48,1.0,1.0,0.0,0.0,7,2025-11-01 08:33:22.284665
2,2025-01-26 09:45:00,2025-01-26 09:52:18,N,1.0,74,263,1.0,1.93,10.7,0.0,0.5,0.0,0.0,,1.0,14.95,1.0,1.0,2.75,0.0,7,2025-11-01 08:33:22.284665
2,2025-01-26 09:12:19,2025-01-26 09:37:51,N,1.0,130,225,1.0,12.99,51.3,0.0,0.5,10.56,0.0,,1.0,63.36,1.0,1.0,0.0,0.0,7,2025-11-01 08:33:22.284665
2,2025-01-26 09:28:45,2025-01-26 09:46:20,N,1.0,130,16,1.0,8.61,35.2,0.0,0.5,0.0,0.0,,1.0,36.7,1.0,1.0,0.0,0.0,7,2025-11-01 08:33:22.284665
2,2025-01-26 10:50:23,2025-01-26 10:54:34,N,1.0,97,97,1.0,0.73,6.5,0.0,0.5,1.6,0.0,,1.0,9.6,1.0,1.0,0.0,0.0,7,2025-11-01 08:33:22.284665
2,2025-01-26 10:31:04,2025-01-26 10:43:26,N,1.0,43,163,1.0,2.84,15.6,0.0,0.5,4.12,0.0,,1.0,24.72,1.0,1.0,2.75,0.75,7,2025-11-01 08:33:22.284665
2,2025-01-26 10:05:14,2025-01-26 10:19:03,N,1.0,146,163,1.0,2.7,16.3,0.0,0.5,15.0,0.0,,1.0,36.3,1.0,1.0,2.75,0.75,7,2025-11-01 08:33:22.284665
2,2025-01-26 10:40:21,2025-01-26 10:43:36,N,5.0,216,216,1.0,0.0,17.0,0.0,0.0,0.0,0.0,,1.0,18.0,2.0,2.0,0.0,0.0,7,2025-11-01 08:33:22.284665
2,2025-01-26 10:44:40,2025-01-26 10:44:43,N,5.0,216,264,1.0,0.0,0.01,0.0,0.0,0.0,0.0,,1.0,1.01,1.0,2.0,0.0,0.0,7,2025-11-01 08:33:22.284665
1,2025-01-26 10:32:21,2025-01-26 10:42:18,N,1.0,65,61,1.0,2.5,13.5,0.0,1.5,3.0,0.0,,1.0,18.0,1.0,1.0,0.0,0.0,7,2025-11-01 08:33:22.284665
2,2025-01-26 10:40:26,2025-01-26 10:55:51,N,1.0,74,243,1.0,3.86,20.5,0.0,0.5,1.0,0.0,,1.0,23.0,1.0,1.0,0.0,0.0,7,2025-11-01 08:33:22.284665
2,2025-01-26 10:07:41,2025-01-26 10:13:52,N,1.0,65,49,1.0,1.39,8.6,0.0,0.5,0.0,0.0,,1.0,10.1,2.0,1.0,0.0,0.0,7,2025-11-01 08:33:22.284665
2,2025-01-26 10:37:52,2025-01-26 10:41:25,N,1.0,75,75,1.0,0.8,5.8,0.0,0.5,0.0,0.0,,1.0,7.3,2.0,1.0,0.0,0.0,7,2025-11-01 08:33:22.284665
2,2025-01-26 10:01:25,2025-01-26 10:14:54,N,1.0,74,239,1.0,2.99,16.3,0.0,0.5,4.11,0.0,,1.0,24.66,1.0,1.0,2.75,0.0,7,2025-11-01 08:33:22.284665
2,2025-01-26 10:31:24,2025-01-26 10:37:43,N,1.0,74,42,1.0,1.07,8.6,0.0,0.5,2.02,0.0,,1.0,12.12,1.0,1.0,0.0,0.0,7,2025-11-01 08:33:22.284665
1,2025-01-26 10:41:00,2025-01-26 10:58:30,N,1.0,82,146,1.0,0.0,20.5,0.0,1.5,0.0,0.0,,1.0,22.0,1.0,1.0,0.0,0.0,7,2025-11-01 08:33:22.284665
2,2025-01-26 10:07:00,2025-01-26 10:14:12,N,1.0,75,262,1.0,1.6,10.0,0.0,0.5,2.85,0.0,,1.0,17.1,1.0,1.0,2.75,0.0,7,2025-11-01 08:33:22.284665
2,2025-01-26 10:30:08,2025-01-26 10:36:41,N,1.0,236,237,1.0,1.19,9.3,0.0,0.5,4.06,0.0,,1.0,17.61,1.0,1.0,2.75,0.0,7,2025-11-01 08:33:22.284665
2,2025-01-26 10:46:33,2025-01-26 10:54:32,N,1.0,43,236,1.0,1.03,9.3,0.0,0.5,2.71,0.0,,1.0,16.26,1.0,1.0,2.75,0.0,7,2025-11-01 08:33:22.284665
2,2025-01-26 06:34:17,2025-01-26 06:40:29,N,1.0,74,43,1.0,1.23,7.9,0.0,0.5,0.0,0.0,,1.0,9.4,2.0,1.0,0.0,0.0,7,2025-11-01 08:33:22.284665
2,2025-01-26 10:27:05,2025-01-26 10:43:15,N,1.0,43,186,2.0,3.84,19.8,0.0,0.5,4.96,0.0,,1.0,29.76,1.0,1.0,2.75,0.75,7,2025-11-01 08:33:22.284665
2,2025-01-26 10:33:32,2025-01-26 10:44:34,N,1.0,24,236,4.0,1.94,12.8,0.0,0.5,3.41,0.0,,1.0,20.46,1.0,1.0,2.75,0.0,7,2025-11-01 08:33:22.284665
2,2025-01-26 10:52:21,2025-01-26 11:01:28,N,1.0,43,141,5.0,1.53,10.7,0.0,0.5,2.24,0.0,,1.0,17.19,1.0,1.0,2.75,0.0,7,2025-11-01 08:33:22.284665
2,2025-01-26 10:25:26,2025-01-26 10:31:20,N,5.0,130,215,1.0,1.25,12.0,0.0,0.0,3.25,0.0,,1.0,16.25,1.0,2.0,0.0,0.0,7,2025-11-01 08:33:22.284665
2,2025-01-26 10:59:22,2025-01-26 11:08:35,N,1.0,130,258,1.0,2.73,13.5,0.0,0.5,0.0,0.0,,1.0,15.0,2.0,1.0,0.0,0.0,7,2025-11-01 08:33:22.284665
2,2025-01-26 10:21:53,2025-01-26 10:34:20,N,1.0,43,140,1.0,2.62,14.9,0.0,0.5,0.0,0.0,,1.0,19.15,2.0,1.0,2.75,0.0,7,2025-11-01 08:33:22.284665
2,2025-01-26 10:51:20,2025-01-26 10:53:57,N,1.0,43,236,1.0,0.59,5.1,0.0,0.5,1.87,0.0,,1.0,11.22,1.0,1.0,2.75,0.0,7,2025-11-01 08:33:22.284665
2,2025-01-26 10:59:03,2025-01-26 11:04:31,N,1.0,75,238,1.0,1.28,8.6,0.0,0.5,2.57,0.0,,1.0,15.42,1.0,1.0,2.75,0.0,7,2025-11-01 08:33:22.284665
2,2025-01-26 10:04:15,2025-01-26 10:17:29,N,1.0,74,263,1.0,2.96,15.6,0.0,0.5,3.97,0.0,,1.0,23.82,1.0,1.0,2.75,0.0,7,2025-11-01 08:33:22.284665
2,2025-01-26 10:13:58,2025-01-26 10:19:24,N,1.0,43,236,1.0,1.27,7.9,0.0,0.5,0.0,0.0,,1.0,12.15,2.0,1.0,2.75,0.0,7,2025-11-01 08:33:22.284665
2,2025-01-26 10:35:10,2025-01-26 10:54:08,N,1.0,43,7,1.0,5.22,24.7,0.0,0.5,4.0,0.0,,1.0,33.7,1.0,1.0,2.75,0.75,7,2025-11-01 08:33:22.284665
2,2025-01-26 10:26:28,2025-01-26 10:34:07,N,1.0,95,95,1.0,0.76,7.9,0.0,0.5,1.88,0.0,,1.0,11.28,1.0,1.0,0.0,0.0,7,2025-11-01 08:33:22.284665
2,2025-01-26 10:54:09,2025-01-26 10:57:46,N,1.0,7,7,1.0,0.66,5.8,0.0,0.5,1.82,0.0,,1.0,9.12,1.0,1.0,0.0,0.0,7,2025-11-01 08:33:22.284665
2,2025-01-26 10:03:57,2025-01-26 10:16:02,N,1.0,43,162,1.0,3.06,15.6,0.0,0.5,4.12,0.0,,1.0,24.72,1.0,1.0,2.75,0.75,7,2025-11-01 08:33:22.284665
2,2025-01-26 10:32:52,2025-01-26 10:37:38,N,1.0,43,236,1.0,0.98,7.2,0.0,0.5,2.86,0.0,,1.0,14.31,1.0,1.0,2.75,0.0,7,2025-11-01 08:33:22.284665
2,2025-01-26 10:44:29,2025-01-26 10:51:03,N,1.0,75,141,1.0,1.83,10.0,0.0,0.5,1.5,0.0,,1.0,15.75,1.0,1.0,2.75,0.0,7,2025-11-01 08:33:22.284665
2,2025-01-26 09:58:11,2025-01-26 10:08:57,N,1.0,43,237,1.0,2.23,13.5,0.0,0.5,3.55,0.0,,1.0,21.3,1.0,1.0,2.75,0.0,7,2025-11-01 08:33:22.284665
2,2025-01-26 10:38:12,2025-01-26 10:44:48,N,1.0,74,75,1.0,1.28,8.6,0.0,0.5,1.52,0.0,,1.0,11.62,1.0,1.0,0.0,0.0,7,2025-11-01 08:33:22.284665
2,2025-01-26 10:48:01,2025-01-26 11:06:49,N,1.0,75,223,1.0,5.66,27.5,0.0,0.5,5.0,6.94,,1.0,40.94,1.0,1.0,0.0,0.0,7,2025-11-01 08:33:22.284665
2,2025-01-26 10:20:46,2025-01-26 10:36:05,N,1.0,260,7,6.0,2.75,17.0,0.0,0.5,3.7,0.0,,1.0,22.2,1.0,1.0,0.0,0.0,7,2025-11-01 08:33:22.284665
2,2025-01-26 10:08:04,2025-01-26 10:17:45,N,1.0,74,263,1.0,2.84,14.2,0.0,0.5,3.69,0.0,,1.0,22.14,1.0,1.0,2.75,0.0,7,2025-11-01 08:33:22.284665
2,2025-01-26 10:30:27,2025-01-26 10:40:09,N,1.0,74,166,1.0,1.69,12.1,0.0,0.5,2.72,0.0,,1.0,16.32,1.0,1.0,0.0,0.0,7,2025-11-01 08:33:22.284665
2,2025-01-26 10:43:24,2025-01-26 10:50:27,N,1.0,82,260,1.0,0.91,8.6,0.0,0.5,0.0,0.0,,1.0,10.1,2.0,1.0,0.0,0.0,7,2025-11-01 08:33:22.284665
2,2025-01-26 10:20:50,2025-01-26 10:23:56,N,1.0,41,41,1.0,0.52,5.8,0.0,0.5,2.19,0.0,,1.0,9.49,1.0,1.0,0.0,0.0,7,2025-11-01 08:33:22.284665
2,2025-01-26 10:28:14,2025-01-26 10:45:37,N,1.0,43,200,1.0,9.15,36.6,0.0,0.5,7.43,3.18,,1.0,48.71,1.0,1.0,0.0,0.0,7,2025-11-01 08:33:22.284665
1,2025-01-26 10:50:30,2025-01-26 11:14:19,N,1.0,24,161,3.0,4.4,23.3,3.5,1.5,0.0,0.0,,1.0,28.3,2.0,1.0,2.75,0.75,7,2025-11-01 08:33:22.284665
2,2025-01-26 10:51:53,2025-01-26 10:57:03,N,1.0,43,263,3.0,0.97,7.2,0.0,0.5,2.29,0.0,,1.0,13.74,1.0,1.0,2.75,0.0,7,2025-11-01 08:33:22.284665
2,2025-01-26 09:29:55,2025-01-26 09:35:10,N,1.0,97,25,2.0,0.59,7.2,0.0,0.5,1.74,0.0,,1.0,10.44,1.0,1.0,0.0,0.0,7,2025-11-01 08:33:22.284665
2,2025-01-26 10:13:27,2025-01-26 10:24:55,N,1.0,97,189,2.0,2.0,13.5,0.0,0.5,3.0,0.0,,1.0,18.0,1.0,1.0,0.0,0.0,7,2025-11-01 08:33:22.284665
2,2025-01-26 10:05:08,2025-01-26 10:07:58,N,1.0,194,223,2.0,2.2,10.7,0.0,0.5,0.0,6.94,,1.0,19.14,2.0,1.0,0.0,0.0,7,2025-11-01 08:33:22.284665
2,2025-01-26 10:26:49,2025-01-26 10:33:42,N,1.0,95,196,1.0,1.24,8.6,0.0,0.5,0.0,0.0,,1.0,10.1,2.0,1.0,0.0,0.0,7,2025-11-01 08:33:22.284665
2,2025-01-26 10:00:49,2025-01-26 10:14:09,N,1.0,74,140,1.0,3.68,17.7,0.0,0.5,3.95,0.0,,1.0,25.9,1.0,1.0,2.75,0.0,7,2025-11-01 08:33:22.284665
2,2025-01-26 10:35:49,2025-01-26 11:02:00,N,1.0,74,42,1.0,2.31,18.4,0.0,0.5,0.0,0.0,,1.0,19.9,1.0,1.0,0.0,0.0,7,2025-11-01 08:33:22.284665
2,2025-01-26 10:24:49,2025-01-26 10:33:03,N,1.0,43,239,1.0,2.1,10.7,0.0,0.5,2.99,0.0,,1.0,17.94,1.0,1.0,2.75,0.0,7,2025-11-01 08:33:22.284665
2,2025-01-26 10:47:12,2025-01-26 10:55:21,N,1.0,43,239,1.0,1.88,11.4,0.0,0.5,2.0,0.0,,1.0,17.65,1.0,1.0,2.75,0.0,7,2025-11-01 08:33:22.284665
2,2025-01-26 10:38:33,2025-01-26 11:02:52,N,5.0,65,132,1.0,17.49,80.0,0.0,0.0,16.2,0.0,,1.0,97.2,1.0,2.0,0.0,0.0,7,2025-11-01 08:33:22.284665
1,2025-01-26 10:07:01,2025-01-26 10:12:38,N,1.0,95,95,1.0,0.0,16.5,0.0,1.5,0.0,0.0,,1.0,18.0,1.0,1.0,0.0,0.0,7,2025-11-01 08:33:22.284665
2,2025-01-26 10:26:45,2025-01-26 10:39:59,N,1.0,74,238,1.0,2.81,15.6,0.0,0.5,2.98,0.0,,1.0,22.83,1.0,1.0,2.75,0.0,7,2025-11-01 08:33:22.284665
2,2025-01-26 10:29:44,2025-01-26 10:37:40,N,1.0,74,152,1.0,1.35,10.0,0.0,0.5,1.0,0.0,,1.0,12.5,1.0,1.0,0.0,0.0,7,2025-11-01 08:33:22.284665
1,2025-01-26 10:31:09,2025-01-26 10:49:28,N,1.0,133,25,1.0,0.0,22.5,0.0,1.5,0.0,0.0,,1.0,24.0,1.0,1.0,0.0,0.0,7,2025-11-01 08:33:22.284665
1,2025-01-26 10:56:45,2025-01-26 11:10:24,N,1.0,65,62,1.0,2.2,13.5,0.0,1.5,3.0,0.0,,1.0,18.0,1.0,1.0,0.0,0.0,7,2025-11-01 08:33:22.284665
2,2025-01-26 09:47:55,2025-01-26 09:49:40,N,1.0,43,43,1.0,0.67,5.1,0.0,0.5,2.34,0.0,,1.0,11.69,1.0,1.0,2.75,0.0,7,2025-11-01 08:33:22.284665
2,2025-01-26 09:58:17,2025-01-26 10:04:00,N,1.0,43,263,1.0,1.42,8.6,0.0,0.5,2.57,0.0,,1.0,15.42,1.0,1.0,2.75,0.0,7,2025-11-01 08:33:22.284665
2,2025-01-26 10:12:47,2025-01-26 10:23:23,N,1.0,43,48,1.0,3.32,15.6,0.0,0.5,4.12,0.0,,1.0,24.72,1.0,1.0,2.75,0.75,7,2025-11-01 08:33:22.284665
2,2025-01-26 10:26:16,2025-01-26 10:30:00,N,1.0,130,215,1.0,0.66,5.8,0.0,0.5,1.82,0.0,,1.0,9.12,1.0,1.0,0.0,0.0,7,2025-11-01 08:33:22.284665
1,2025-01-26 10:33:30,2025-01-26 10:40:27,N,1.0,243,264,1.0,0.0,15.5,0.0,1.5,0.0,0.0,,1.0,17.0,1.0,1.0,0.0,0.0,7,2025-11-01 08:33:22.284665
2,2025-01-26 10:10:40,2025-01-26 10:17:59,N,1.0,41,43,2.0,1.38,9.3,0.0,0.5,2.71,0.0,,1.0,16.26,1.0,1.0,2.75,0.0,7,2025-11-01 08:33:22.284665
2,2025-01-26 10:30:41,2025-01-26 10:53:05,N,1.0,75,68,2.0,5.6,28.2,0.0,0.5,0.0,0.0,,1.0,33.2,1.0,1.0,2.75,0.75,7,2025-11-01 08:33:22.284665
2,2025-01-26 10:03:53,2025-01-26 10:11:06,N,1.0,74,236,1.0,1.78,10.0,0.0,0.5,0.0,0.0,,1.0,14.25,2.0,1.0,2.75,0.0,7,2025-11-01 08:33:22.284665
2,2025-01-26 10:29:40,2025-01-26 10:42:31,N,1.0,74,244,1.0,3.92,19.1,0.0,0.5,5.15,0.0,,1.0,25.75,1.0,1.0,0.0,0.0,7,2025-11-01 08:33:22.284665
2,2025-01-26 10:58:42,2025-01-26 11:04:17,N,1.0,41,74,1.0,0.85,7.2,0.0,0.5,0.0,0.0,,1.0,8.7,1.0,1.0,0.0,0.0,7,2025-11-01 08:33:22.284665
2,2025-01-26 10:15:08,2025-01-26 10:22:00,N,1.0,41,41,3.0,1.21,8.6,0.0,0.5,2.0,0.0,,1.0,12.1,1.0,1.0,0.0,0.0,7,2025-11-01 08:33:22.284665
2,2025-01-26 10:33:27,2025-01-26 10:38:23,N,1.0,43,236,3.0,1.14,7.9,0.0,0.5,2.43,0.0,,1.0,14.58,1.0,1.0,2.75,0.0,7,2025-11-01 08:33:22.284665
2,2025-01-26 10:47:48,2025-01-26 10:55:28,N,1.0,43,141,1.0,1.65,10.0,0.0,0.5,2.14,0.0,,1.0,16.39,1.0,1.0,2.75,0.0,7,2025-11-01 08:33:22.284665
2,2025-01-26 10:32:08,2025-01-26 10:42:07,N,1.0,75,140,1.0,1.96,12.1,0.0,0.5,3.27,0.0,,1.0,19.62,1.0,1.0,2.75,0.0,7,2025-11-01 08:33:22.284665
2,2025-01-26 10:13:17,2025-01-26 10:41:18,N,1.0,152,261,1.0,9.03,40.8,0.0,0.5,0.0,0.0,,1.0,45.8,2.0,1.0,2.75,0.75,7,2025-11-01 08:33:22.284665
2,2025-01-26 10:37:52,2025-01-26 11:03:41,N,1.0,42,164,1.0,5.51,28.2,0.0,0.5,0.0,0.0,,1.0,33.2,2.0,1.0,2.75,0.75,7,2025-11-01 08:33:22.284665
2,2025-01-26 10:02:41,2025-01-26 10:14:39,N,1.0,74,239,1.0,3.04,15.6,0.0,0.5,3.97,0.0,,1.0,23.82,1.0,1.0,2.75,0.0,7,2025-11-01 08:33:22.284665
2,2025-01-26 10:38:31,2025-01-26 10:50:33,N,1.0,74,138,1.0,6.64,27.5,5.0,0.5,8.19,6.94,,1.0,49.13,1.0,1.0,0.0,0.0,7,2025-11-01 08:33:22.284665
2,2025-01-26 10:08:57,2025-01-26 10:12:26,N,1.0,166,166,1.0,0.6,5.8,0.0,0.5,0.0,0.0,,1.0,7.3,1.0,1.0,0.0,0.0,7,2025-11-01 08:33:22.284665
2,2025-01-26 10:15:00,2025-01-26 10:18:51,N,1.0,41,166,1.0,0.84,6.5,0.0,0.5,0.0,0.0,,1.0,8.0,2.0,1.0,0.0,0.0,7,2025-11-01 08:33:22.284665
2,2025-01-26 10:49:21,2025-01-26 10:54:22,N,1.0,42,41,1.0,0.79,6.5,0.0,0.5,1.0,0.0,,1.0,9.0,1.0,1.0,0.0,0.0,7,2025-11-01 08:33:22.284665
2,2025-01-26 10:51:38,2025-01-26 11:17:01,N,1.0,193,95,5.0,8.38,38.7,0.0,0.5,0.0,0.0,,1.0,40.2,2.0,1.0,0.0,0.0,7,2025-11-01 08:33:22.284665
2,2025-01-26 11:01:56,2025-01-26 11:10:30,N,1.0,97,49,1.0,1.3,10.0,0.0,0.5,2.3,0.0,,1.0,13.8,1.0,1.0,0.0,0.0,7,2025-11-01 08:33:22.284665
2,2025-01-26 11:36:12,2025-01-26 11:42:06,N,1.0,65,65,1.0,0.77,7.2,0.0,0.5,1.0,0.0,,1.0,9.7,1.0,1.0,0.0,0.0,7,2025-11-01 08:33:22.284665
2,2025-01-26 11:23:25,2025-01-26 11:26:47,N,1.0,75,74,1.0,1.11,6.5,0.0,0.5,1.6,0.0,,1.0,9.6,1.0,1.0,0.0,0.0,7,2025-11-01 08:33:22.284665
1,2025-01-26 11:50:02,2025-01-26 12:00:02,N,1.0,43,141,0.0,1.9,12.1,2.75,1.5,3.27,0.0,,1.0,19.62,1.0,1.0,2.75,0.0,7,2025-11-01 08:33:22.284665
2,2025-01-26 11:14:09,2025-01-26 11:18:52,N,1.0,42,42,1.0,0.94,7.2,0.0,0.5,0.0,0.0,,1.0,8.7,1.0,1.0,0.0,0.0,7,2025-11-01 08:33:22.284665
2,2025-01-26 11:26:41,2025-01-26 11:36:45,N,1.0,74,263,1.0,1.87,12.1,0.0,0.5,3.27,0.0,,1.0,19.62,1.0,1.0,2.75,0.0,7,2025-11-01 08:33:22.284665
2,2025-01-26 11:42:43,2025-01-26 11:47:26,N,1.0,75,74,1.0,1.18,7.9,0.0,0.5,0.0,0.0,,1.0,9.4,2.0,1.0,0.0,0.0,7,2025-11-01 08:33:22.284665
2,2025-01-26 11:05:28,2025-01-26 11:20:00,N,1.0,74,239,1.0,3.19,17.7,0.0,0.5,5.49,0.0,,1.0,27.44,1.0,1.0,2.75,0.0,7,2025-11-01 08:33:22.284665
2,2025-01-26 11:02:49,2025-01-26 11:14:05,N,1.0,74,263,1.0,2.87,16.3,0.0,0.5,4.11,0.0,,1.0,24.66,1.0,1.0,2.75,0.0,7,2025-11-01 08:33:22.284665
2,2025-01-26 11:29:56,2025-01-26 11:41:15,N,1.0,74,237,1.0,2.52,14.2,0.0,0.5,3.69,0.0,,1.0,22.14,1.0,1.0,2.75,0.0,7,2025-11-01 08:33:22.284665
2,2025-01-26 11:35:52,2025-01-26 11:47:54,N,1.0,74,166,1.0,1.96,12.8,0.0,0.5,2.57,0.0,,1.0,16.87,1.0,1.0,0.0,0.0,7,2025-11-01 08:33:22.284665
2,2025-01-26 11:15:05,2025-01-26 11:28:28,N,1.0,74,238,1.0,2.37,15.6,0.0,0.5,3.97,0.0,,1.0,23.82,1.0,1.0,2.75,0.0,7,2025-11-01 08:33:22.284665
1,2025-01-26 11:25:11,2025-01-26 11:25:15,N,1.0,75,75,0.0,0.0,3.0,0.0,1.5,0.0,0.0,,1.0,4.5,3.0,1.0,0.0,0.0,7,2025-11-01 08:33:22.284665
2,2025-01-26 11:12:30,2025-01-26 11:23:12,N,1.0,43,229,1.0,3.37,16.3,0.0,0.5,1.0,0.0,,1.0,22.3,1.0,1.0,2.75,0.75,7,2025-11-01 08:33:22.284665
2,2025-01-26 11:49:48,2025-01-26 12:05:02,N,1.0,75,48,1.0,3.72,19.1,0.0,0.5,6.02,0.0,,1.0,30.12,1.0,1.0,2.75,0.75,7,2025-11-01 08:33:22.284665
2,2025-01-26 06:39:28,2025-01-26 06:51:12,N,1.0,74,138,1.0,6.78,27.5,5.0,0.5,10.24,6.94,,1.0,51.18,1.0,1.0,0.0,0.0,7,2025-11-01 08:33:22.284665
2,2025-01-26 11:03:13,2025-01-26 11:10:50,N,1.0,43,262,2.0,1.23,9.3,0.0,0.5,5.0,0.0,,1.0,18.55,1.0,1.0,2.75,0.0,7,2025-11-01 08:33:22.284665
2,2025-01-26 11:33:41,2025-01-26 11:42:23,N,1.0,43,42,1.0,2.0,11.4,0.0,0.5,2.0,0.0,,1.0,14.9,1.0,1.0,0.0,0.0,7,2025-11-01 08:33:22.284665
2,2025-01-26 11:52:24,2025-01-26 12:00:25,N,1.0,74,75,1.0,1.56,10.0,0.0,0.5,0.0,0.0,,1.0,11.5,2.0,1.0,0.0,0.0,7,2025-11-01 08:33:22.284665
2,2025-01-26 11:15:04,2025-01-26 11:24:23,N,1.0,43,237,1.0,2.01,11.4,0.0,0.5,3.13,0.0,,1.0,18.78,1.0,1.0,2.75,0.0,7,2025-11-01 08:33:22.284665
2,2025-01-26 11:55:17,2025-01-26 12:05:36,N,1.0,74,141,1.0,2.89,14.2,0.0,0.5,3.69,0.0,,1.0,22.14,1.0,1.0,2.75,0.0,7,2025-11-01 08:33:22.284665
2,2025-01-26 11:03:41,2025-01-26 11:12:55,N,1.0,65,231,1.0,2.32,12.8,0.0,0.5,3.56,0.0,,1.0,21.36,1.0,1.0,2.75,0.75,7,2025-11-01 08:33:22.284665
2,2025-01-26 11:23:41,2025-01-26 11:40:48,N,1.0,65,181,1.0,2.21,17.0,0.0,0.5,3.7,0.0,,1.0,22.2,1.0,1.0,0.0,0.0,7,2025-11-01 08:33:22.284665
2,2025-01-26 11:05:26,2025-01-26 11:12:32,N,1.0,74,75,1.0,1.47,9.3,0.0,0.5,3.24,0.0,,1.0,14.04,1.0,1.0,0.0,0.0,7,2025-11-01 08:33:22.284665
2,2025-01-26 11:16:57,2025-01-26 11:19:13,N,1.0,75,41,1.0,0.93,5.8,0.0,0.5,1.46,0.0,,1.0,8.76,1.0,1.0,0.0,0.0,7,2025-11-01 08:33:22.284665
2,2025-01-26 11:32:42,2025-01-26 11:46:03,N,1.0,43,163,1.0,2.77,15.6,0.0,0.5,4.12,0.0,,1.0,24.72,1.0,1.0,2.75,0.75,7,2025-11-01 08:33:22.284665
2,2025-01-26 11:50:03,2025-01-26 11:55:26,N,1.0,244,244,1.0,1.16,7.9,0.0,0.5,2.35,0.0,,1.0,11.75,1.0,1.0,0.0,0.0,7,2025-11-01 08:33:22.284665
2,2025-01-26 11:06:44,2025-01-26 11:13:26,N,1.0,43,236,1.0,1.08,7.9,0.0,0.5,1.0,0.0,,1.0,13.15,1.0,1.0,2.75,0.0,7,2025-11-01 08:33:22.284665
2,2025-01-26 11:19:16,2025-01-26 11:43:43,N,1.0,75,249,1.0,6.89,32.4,0.0,0.5,0.0,0.0,,1.0,37.4,1.0,1.0,2.75,0.75,7,2025-11-01 08:33:22.284665
2,2025-01-26 11:38:43,2025-01-26 11:51:46,N,1.0,166,42,1.0,2.01,14.9,0.0,0.5,3.28,0.0,,1.0,19.68,1.0,1.0,0.0,0.0,7,2025-11-01 08:33:22.284665
2,2025-01-26 11:11:53,2025-01-26 11:33:06,N,1.0,7,162,1.0,4.24,23.3,0.0,0.5,5.66,0.0,,1.0,33.96,1.0,1.0,2.75,0.75,7,2025-11-01 08:33:22.284665
2,2025-01-26 11:05:00,2025-01-26 11:13:38,N,1.0,74,75,1.0,1.61,10.7,0.0,0.5,0.0,0.0,,1.0,12.2,2.0,1.0,0.0,0.0,7,2025-11-01 08:33:22.284665
2,2025-01-26 11:03:28,2025-01-26 11:16:17,N,1.0,74,239,1.0,2.91,16.3,0.0,0.5,4.11,0.0,,1.0,24.66,1.0,1.0,2.75,0.0,7,2025-11-01 08:33:22.284665
2,2025-01-26 11:31:10,2025-01-26 11:36:49,N,1.0,74,75,1.0,1.44,8.6,0.0,0.5,2.52,0.0,,1.0,12.62,1.0,1.0,0.0,0.0,7,2025-11-01 08:33:22.284665
2,2025-01-26 11:03:15,2025-01-26 11:13:57,N,1.0,260,157,1.0,1.83,12.1,0.0,0.5,2.72,0.0,,1.0,16.32,1.0,1.0,0.0,0.0,7,2025-11-01 08:33:22.284665
2,2025-01-26 11:33:41,2025-01-26 11:57:08,N,5.0,82,236,1.0,8.32,32.61,0.0,0.5,3.03,0.0,,1.0,39.89,1.0,1.0,2.75,0.0,7,2025-11-01 08:33:22.284665
2,2025-01-26 11:48:01,2025-01-26 11:48:57,N,5.0,116,116,1.0,0.36,12.0,0.0,0.0,0.0,0.0,,1.0,13.0,1.0,2.0,0.0,0.0,7,2025-11-01 08:33:22.284665
2,2025-01-26 11:53:16,2025-01-26 11:56:03,N,1.0,41,41,6.0,0.44,5.1,0.0,0.5,1.32,0.0,,1.0,7.92,1.0,1.0,0.0,0.0,7,2025-11-01 08:33:22.284665
2,2025-01-26 11:03:05,2025-01-26 11:19:49,N,1.0,43,246,1.0,5.61,26.1,0.0,0.5,6.07,0.0,,1.0,36.42,1.0,1.0,2.75,0.0,7,2025-11-01 08:33:22.284665
2,2025-01-26 11:40:41,2025-01-26 11:50:06,N,1.0,43,262,1.0,1.94,11.4,0.0,0.5,0.0,0.0,,1.0,15.65,2.0,1.0,2.75,0.0,7,2025-11-01 08:33:22.284665
2,2025-01-26 11:17:52,2025-01-26 11:27:01,N,1.0,97,49,1.0,1.24,10.0,0.0,0.5,3.45,0.0,,1.0,14.95,1.0,1.0,0.0,0.0,7,2025-11-01 08:33:22.284665
2,2025-01-26 10:48:19,2025-01-26 10:59:06,N,1.0,97,181,3.0,1.5,11.4,0.0,0.5,1.5,0.0,,1.0,14.4,1.0,1.0,0.0,0.0,7,2025-11-01 08:33:22.284665
2,2025-01-26 11:14:11,2025-01-26 11:28:31,N,1.0,65,61,2.0,2.48,15.6,0.0,0.5,3.42,0.0,,1.0,20.52,1.0,1.0,0.0,0.0,7,2025-11-01 08:33:22.284665
2,2025-01-26 11:26:46,2025-01-26 11:50:07,N,1.0,74,164,1.0,6.46,31.7,0.0,0.5,7.34,0.0,,1.0,44.04,1.0,1.0,2.75,0.75,7,2025-11-01 08:33:22.284665
2,2025-01-26 11:28:23,2025-01-26 11:35:15,N,1.0,74,75,1.0,1.42,9.3,0.0,0.5,1.08,0.0,,1.0,11.88,1.0,1.0,0.0,0.0,7,2025-11-01 08:33:22.284665
2,2025-01-26 11:15:43,2025-01-26 11:25:07,N,1.0,75,141,1.0,1.42,10.7,0.0,0.5,2.99,0.0,,1.0,17.94,1.0,1.0,2.75,0.0,7,2025-11-01 08:33:22.284665
2,2025-01-26 11:48:18,2025-01-26 12:00:51,N,1.0,75,163,1.0,2.57,14.9,0.0,0.5,3.98,0.0,,1.0,23.88,1.0,1.0,2.75,0.75,7,2025-11-01 08:33:22.284665
2,2025-01-26 11:54:36,2025-01-26 12:03:16,N,5.0,65,97,1.0,1.13,19.0,0.0,0.0,5.0,0.0,,1.0,25.0,1.0,2.0,0.0,0.0,7,2025-11-01 08:33:22.284665
2,2025-01-26 11:20:08,2025-01-26 11:25:44,N,1.0,74,75,1.0,1.26,8.6,0.0,0.5,0.0,0.0,,1.0,10.1,2.0,1.0,0.0,0.0,7,2025-11-01 08:33:22.284665
2,2025-01-26 09:29:16,2025-01-26 09:42:17,N,1.0,74,237,1.0,2.93,16.3,0.0,0.5,5.14,0.0,,1.0,25.69,1.0,1.0,2.75,0.0,7,2025-11-01 08:33:22.284665
2,2025-01-26 10:38:33,2025-01-26 10:58:01,N,1.0,43,79,1.0,5.73,27.5,0.0,0.5,6.5,0.0,,1.0,39.0,1.0,1.0,2.75,0.75,7,2025-11-01 08:33:22.284665
2,2025-01-26 11:12:40,2025-01-26 11:40:56,N,1.0,43,95,2.0,11.55,47.8,0.0,0.5,0.0,6.94,,1.0,56.24,2.0,1.0,0.0,0.0,7,2025-11-01 08:33:22.284665
2,2025-01-26 11:43:02,2025-01-26 11:47:39,N,1.0,7,7,1.0,0.94,7.2,0.0,0.5,0.0,0.0,,1.0,8.7,2.0,1.0,0.0,0.0,7,2025-11-01 08:33:22.284665
2,2025-01-26 11:10:34,2025-01-26 11:21:58,N,1.0,74,166,1.0,2.0,13.5,0.0,0.5,3.75,0.0,,1.0,18.75,1.0,1.0,0.0,0.0,7,2025-11-01 08:33:22.284665
2,2025-01-26 11:36:28,2025-01-26 11:51:56,N,1.0,74,239,1.0,3.52,19.1,0.0,0.5,2.0,0.0,,1.0,25.35,1.0,1.0,2.75,0.0,7,2025-11-01 08:33:22.284665
2,2025-01-26 11:56:19,2025-01-26 12:05:25,N,1.0,82,138,1.0,3.8,17.7,5.0,0.5,4.84,0.0,,1.0,29.04,1.0,1.0,0.0,0.0,7,2025-11-01 08:33:22.284665
2,2025-01-26 11:03:04,2025-01-26 11:21:48,N,1.0,75,148,2.0,6.37,28.9,0.0,0.5,5.08,0.0,,1.0,38.98,1.0,1.0,2.75,0.75,7,2025-11-01 08:33:22.284665
2,2025-01-26 11:52:08,2025-01-26 12:03:06,N,1.0,75,142,1.0,2.23,13.5,0.0,0.5,4.44,0.0,,1.0,22.19,1.0,1.0,2.75,0.0,7,2025-11-01 08:33:22.284665
2,2025-01-26 11:10:04,2025-01-26 11:17:54,N,1.0,43,262,1.0,1.57,10.0,0.0,0.5,1.42,0.0,,1.0,15.67,1.0,1.0,2.75,0.0,7,2025-11-01 08:33:22.284665
2,2025-01-26 11:53:18,2025-01-26 11:55:12,N,1.0,74,74,1.0,0.0,3.7,0.0,0.5,0.0,0.0,,1.0,5.2,2.0,1.0,0.0,0.0,7,2025-11-01 08:33:22.284665
2,2025-01-26 11:59:40,2025-01-26 12:12:56,N,1.0,74,138,1.0,6.82,28.2,5.0,0.5,12.49,6.94,,1.0,54.13,1.0,1.0,0.0,0.0,7,2025-11-01 08:33:22.284665
2,2025-01-26 11:31:13,2025-01-26 11:45:48,N,1.0,130,216,1.0,3.53,17.7,0.0,0.5,0.0,0.0,,1.0,19.2,1.0,1.0,0.0,0.0,7,2025-11-01 08:33:22.284665
2,2025-01-26 11:04:49,2025-01-26 11:10:51,N,1.0,74,74,1.0,1.22,8.6,0.0,0.5,0.0,0.0,,1.0,10.1,2.0,1.0,0.0,0.0,7,2025-11-01 08:33:22.284665
2,2025-01-26 11:30:04,2025-01-26 11:39:52,N,1.0,74,263,1.0,2.29,12.8,0.0,0.5,3.41,0.0,,1.0,20.46,1.0,1.0,2.75,0.0,7,2025-11-01 08:33:22.284665
2,2025-01-26 11:53:44,2025-01-26 12:05:22,N,1.0,75,74,1.0,1.61,10.7,0.0,0.5,0.0,0.0,,1.0,12.2,2.0,1.0,0.0,0.0,7,2025-11-01 08:33:22.284665
2,2025-01-26 11:03:11,2025-01-26 11:13:24,N,1.0,74,236,1.0,2.38,12.8,0.0,0.5,3.36,0.0,,1.0,20.16,1.0,1.0,2.5,0.0,7,2025-11-01 08:33:22.284665
2,2025-01-26 11:31:20,2025-01-26 11:45:45,N,1.0,74,151,1.0,2.73,16.3,0.0,0.5,3.56,0.0,,1.0,21.36,1.0,1.0,0.0,0.0,7,2025-11-01 08:33:22.284665
2,2025-01-26 11:56:12,2025-01-26 12:06:35,N,1.0,42,166,1.0,1.58,11.4,0.0,0.5,2.0,0.0,,1.0,14.9,1.0,1.0,0.0,0.0,7,2025-11-01 08:33:22.284665
2,2025-01-26 11:45:13,2025-01-26 11:53:51,N,1.0,74,229,1.0,3.87,16.3,0.0,0.5,4.26,0.0,,1.0,25.56,1.0,1.0,2.75,0.75,7,2025-11-01 08:33:22.284665
2,2025-01-26 11:49:59,2025-01-26 12:03:01,N,1.0,130,218,1.0,2.71,14.9,0.0,0.5,3.28,0.0,,1.0,19.68,1.0,1.0,0.0,0.0,7,2025-11-01 08:33:22.284665
2,2025-01-26 12:27:41,2025-01-26 12:43:54,N,1.0,97,85,1.0,3.56,19.1,0.0,0.5,1.0,0.0,,1.0,21.6,1.0,1.0,0.0,0.0,7,2025-11-01 08:33:22.284665
2,2025-01-26 12:11:17,2025-01-26 12:23:31,N,1.0,74,262,1.0,2.61,15.6,0.0,0.5,3.97,0.0,,1.0,23.82,1.0,1.0,2.75,0.0,7,2025-11-01 08:33:22.284665
2,2025-01-26 12:53:49,2025-01-26 12:58:02,N,1.0,75,74,1.0,0.96,7.2,0.0,0.5,1.74,0.0,,1.0,10.44,1.0,1.0,0.0,0.0,7,2025-11-01 08:33:22.284665
2,2025-01-26 13:01:17,2025-01-26 13:04:27,N,1.0,74,75,1.0,0.68,5.8,0.0,0.5,0.0,0.0,,1.0,7.3,2.0,1.0,0.0,0.0,7,2025-11-01 08:33:22.284665
1,2025-01-26 12:05:17,2025-01-26 12:10:55,N,1.0,75,236,0.0,1.0,7.9,2.75,1.5,1.0,0.0,,1.0,13.15,1.0,1.0,2.75,0.0,7,2025-11-01 08:33:22.284665
2,2025-01-26 12:37:13,2025-01-26 12:44:44,N,1.0,97,49,2.0,1.18,9.3,0.0,0.5,1.62,0.0,,1.0,12.42,1.0,1.0,0.0,0.0,7,2025-11-01 08:33:22.284665
2,2025-01-26 12:53:52,2025-01-26 13:02:55,N,1.0,65,181,2.0,1.2,10.0,0.0,0.5,1.0,0.0,,1.0,12.5,1.0,1.0,0.0,0.0,7,2025-11-01 08:33:22.284665
1,2025-01-26 12:26:00,2025-01-26 12:30:19,N,1.0,97,97,1.0,0.0,15.5,0.0,1.5,0.0,0.0,,1.0,17.0,1.0,1.0,0.0,0.0,7,2025-11-01 08:33:22.284665
2,2025-01-26 12:03:15,2025-01-26 12:14:08,N,1.0,74,236,1.0,2.34,13.5,0.0,0.5,3.55,0.0,,1.0,21.3,1.0,1.0,2.75,0.0,7,2025-11-01 08:33:22.284665
2,2025-01-26 12:24:28,2025-01-26 12:31:28,N,1.0,74,236,1.0,1.7,9.3,0.0,0.5,1.0,0.0,,1.0,14.55,1.0,1.0,2.75,0.0,7,2025-11-01 08:33:22.284665
2,2025-01-26 12:59:27,2025-01-26 13:10:24,N,1.0,74,236,2.0,2.18,12.8,0.0,0.5,2.0,0.0,,1.0,19.05,1.0,1.0,2.75,0.0,7,2025-11-01 08:33:22.284665
1,2025-01-26 12:26:03,2025-01-26 12:53:56,N,1.0,129,170,1.0,6.1,30.3,3.5,1.5,2.0,0.0,,1.0,37.3,1.0,1.0,2.75,0.75,7,2025-11-01 08:33:22.284665
2,2025-01-26 11:58:09,2025-01-26 12:11:38,N,1.0,97,66,1.0,2.05,14.2,0.0,0.5,3.14,0.0,,1.0,18.84,1.0,1.0,0.0,0.0,7,2025-11-01 08:33:22.284665
2,2025-01-26 12:47:22,2025-01-26 13:01:24,N,1.0,97,62,1.0,2.22,14.9,0.0,0.5,1.64,0.0,,1.0,18.04,1.0,1.0,0.0,0.0,7,2025-11-01 08:33:22.284665
2,2025-01-26 12:31:52,2025-01-26 12:37:30,N,1.0,152,41,1.0,1.05,7.9,0.0,0.5,0.0,0.0,,1.0,9.4,2.0,1.0,0.0,0.0,7,2025-11-01 08:33:22.284665
2,2025-01-26 12:45:05,2025-01-26 12:56:40,N,1.0,41,152,1.0,2.02,13.5,0.0,0.5,0.0,0.0,,1.0,15.0,2.0,1.0,0.0,0.0,7,2025-11-01 08:33:22.284665
2,2025-01-26 12:02:59,2025-01-26 12:12:22,N,1.0,74,263,1.0,2.15,12.1,0.0,0.5,0.0,0.0,,1.0,16.35,1.0,1.0,2.75,0.0,7,2025-11-01 08:33:22.284665
2,2025-01-26 12:26:48,2025-01-26 12:36:15,N,1.0,74,263,1.0,2.1,12.1,0.0,0.5,3.27,0.0,,1.0,19.62,1.0,1.0,2.75,0.0,7,2025-11-01 08:33:22.284665
2,2025-01-26 12:53:52,2025-01-26 13:02:02,N,1.0,74,41,1.0,1.13,9.3,0.0,0.5,2.7,0.0,,1.0,13.5,1.0,1.0,0.0,0.0,7,2025-11-01 08:33:22.284665
2,2025-01-26 12:51:42,2025-01-26 13:02:03,N,1.0,244,127,1.0,3.46,16.3,0.0,0.5,0.0,0.0,,1.0,17.8,2.0,1.0,0.0,0.0,7,2025-11-01 08:33:22.284665
1,2025-01-26 12:04:50,2025-01-26 12:17:10,N,1.0,75,41,1.0,0.0,15.5,0.0,1.5,0.0,0.0,,1.0,17.0,1.0,1.0,0.0,0.0,7,2025-11-01 08:33:22.284665
2,2025-01-26 06:38:38,2025-01-26 06:52:21,N,1.0,74,238,1.0,2.71,15.6,0.0,0.5,3.42,0.0,,1.0,20.52,1.0,1.0,0.0,0.0,7,2025-11-01 08:33:22.284665
2,2025-01-26 12:55:31,2025-01-26 13:03:00,N,1.0,43,43,1.0,2.15,11.4,0.0,0.5,3.28,0.0,,1.0,19.68,1.0,1.0,2.75,0.75,7,2025-11-01 08:33:22.284665
2,2025-01-26 12:36:12,2025-01-26 12:50:07,N,1.0,74,263,1.0,2.97,16.3,0.0,0.5,5.14,0.0,,1.0,25.69,1.0,1.0,2.75,0.0,7,2025-11-01 08:33:22.284665
2,2025-01-26 12:34:39,2025-01-26 12:55:15,N,1.0,43,107,1.0,5.41,26.8,0.0,0.5,1.0,0.0,,1.0,32.8,1.0,1.0,2.75,0.75,7,2025-11-01 08:33:22.284665
1,2025-01-26 12:57:50,2025-01-26 13:12:11,N,1.0,41,75,2.0,2.1,14.9,0.0,1.5,1.6,0.0,,1.0,18.0,1.0,1.0,0.0,0.0,7,2025-11-01 08:33:22.284665
2,2025-01-26 12:34:43,2025-01-26 12:45:17,N,1.0,74,263,1.0,2.22,12.8,0.0,0.5,2.56,0.0,,1.0,19.61,1.0,1.0,2.75,0.0,7,2025-11-01 08:33:22.284665
2,2025-01-26 12:08:16,2025-01-26 12:21:59,N,1.0,74,116,1.0,2.04,14.9,0.0,0.5,0.0,0.0,,1.0,16.4,2.0,1.0,0.0,0.0,7,2025-11-01 08:33:22.284665
2,2025-01-26 12:34:44,2025-01-26 12:42:22,N,1.0,74,41,1.0,1.04,9.3,0.0,0.5,3.24,0.0,,1.0,14.04,1.0,1.0,0.0,0.0,7,2025-11-01 08:33:22.284665
2,2025-01-26 12:19:11,2025-01-26 12:35:16,N,1.0,66,144,1.0,2.39,15.6,0.0,0.5,0.0,0.0,,1.0,20.6,2.0,1.0,2.75,0.75,7,2025-11-01 08:33:22.284665
2,2025-01-26 12:55:12,2025-01-26 13:17:47,N,1.0,66,36,1.0,6.11,29.6,0.0,0.5,6.22,0.0,,1.0,37.32,1.0,1.0,0.0,0.0,7,2025-11-01 08:33:22.284665
2,2025-01-26 12:58:17,2025-01-26 13:07:14,N,1.0,41,166,1.0,1.61,10.0,0.0,0.5,2.3,0.0,,1.0,13.8,1.0,1.0,0.0,0.0,7,2025-11-01 08:33:22.284665
2,2025-01-26 12:04:36,2025-01-26 12:07:35,N,1.0,166,41,1.0,0.44,4.4,0.0,0.5,0.0,0.0,,1.0,5.9,2.0,1.0,0.0,0.0,7,2025-11-01 08:33:22.284665
1,2025-01-26 12:14:18,2025-01-26 12:33:12,N,1.0,42,170,1.0,6.9,28.9,4.5,1.5,0.0,0.0,,1.0,34.9,1.0,1.0,2.75,0.75,7,2025-11-01 08:33:22.284665
1,2025-01-26 12:32:08,2025-01-26 12:42:38,N,1.0,74,238,1.0,2.9,14.2,2.75,1.5,4.6,0.0,,1.0,23.05,1.0,1.0,2.75,0.0,7,2025-11-01 08:33:22.284665
2,2025-01-26 12:22:09,2025-01-26 12:22:11,N,5.0,264,264,1.0,0.13,11.0,0.0,0.0,0.0,0.0,,1.0,12.0,1.0,2.0,0.0,0.0,7,2025-11-01 08:33:22.284665
1,2025-01-26 12:31:47,2025-01-26 12:51:54,N,1.0,166,68,1.0,5.8,26.1,3.5,1.5,0.0,0.0,,1.0,31.1,2.0,1.0,2.75,0.75,7,2025-11-01 08:33:22.284665
2,2025-01-26 12:49:23,2025-01-26 13:00:58,N,1.0,97,17,1.0,2.07,12.8,0.0,0.5,10.0,0.0,,1.0,24.3,1.0,1.0,0.0,0.0,7,2025-11-01 08:33:22.284665
2,2025-01-26 12:04:32,2025-01-26 12:21:18,N,1.0,43,224,1.0,5.26,25.4,0.0,0.5,6.08,0.0,,1.0,36.48,1.0,1.0,2.75,0.75,7,2025-11-01 08:33:22.284665
2,2025-01-26 12:33:10,2025-01-26 12:40:35,N,1.0,75,236,1.0,1.11,9.3,0.0,0.5,1.58,0.0,,1.0,15.13,1.0,1.0,2.75,0.0,7,2025-11-01 08:33:22.284665
2,2025-01-26 12:30:35,2025-01-26 12:39:12,N,1.0,95,28,1.0,1.86,11.4,0.0,0.5,0.0,0.0,,1.0,12.9,2.0,1.0,0.0,0.0,7,2025-11-01 08:33:22.284665
2,2025-01-26 12:57:25,2025-01-26 13:11:14,N,1.0,95,102,1.0,2.95,17.0,0.0,0.5,1.5,0.0,,1.0,20.0,1.0,1.0,0.0,0.0,7,2025-11-01 08:33:22.284665
2,2025-01-26 12:46:42,2025-01-26 12:53:50,N,1.0,129,82,1.0,0.92,8.6,0.0,0.5,0.0,0.0,,1.0,10.1,2.0,1.0,0.0,0.0,7,2025-11-01 08:33:22.284665
2,2025-01-26 12:10:23,2025-01-26 12:27:22,N,1.0,97,89,1.0,2.95,19.1,0.0,0.5,4.12,0.0,,1.0,24.72,1.0,1.0,0.0,0.0,7,2025-11-01 08:33:22.284665
2,2025-01-26 12:52:37,2025-01-26 13:05:09,N,1.0,97,189,1.0,2.04,14.2,0.0,0.5,3.92,0.0,,1.0,19.62,1.0,1.0,0.0,0.0,7,2025-11-01 08:33:22.284665
2,2025-01-26 12:19:31,2025-01-26 12:25:04,N,1.0,97,106,1.0,0.93,7.9,0.0,0.5,1.88,0.0,,1.0,11.28,1.0,1.0,0.0,0.0,7,2025-11-01 08:33:22.284665
2,2025-01-26 12:52:16,2025-01-26 13:30:22,N,1.0,130,67,1.0,20.25,77.9,0.0,0.5,15.88,0.0,,1.0,95.28,1.0,1.0,0.0,0.0,7,2025-11-01 08:33:22.284665
2,2025-01-26 12:49:51,2025-01-26 13:02:53,N,1.0,82,129,2.0,1.7,12.8,0.0,0.5,2.86,0.0,,1.0,17.16,1.0,1.0,0.0,0.0,7,2025-11-01 08:33:22.284665
1,2025-01-26 12:12:49,2025-01-26 12:26:25,N,1.0,97,181,0.0,2.0,14.2,0.0,1.5,2.36,0.0,,1.0,18.06,1.0,1.0,0.0,0.0,7,2025-11-01 08:33:22.284665
2,2025-01-26 12:14:31,2025-01-26 12:22:19,N,1.0,75,262,1.0,1.47,10.0,0.0,0.5,2.85,0.0,,1.0,17.1,1.0,1.0,2.75,0.0,7,2025-11-01 08:33:22.284665
2,2025-01-26 12:16:27,2025-01-26 12:26:42,N,1.0,166,74,1.0,1.72,11.4,0.0,0.5,2.58,0.0,,1.0,15.48,1.0,1.0,0.0,0.0,7,2025-11-01 08:33:22.284665
2,2025-01-26 12:30:04,2025-01-26 12:40:17,N,1.0,95,134,1.0,1.35,10.7,0.0,0.5,2.44,0.0,,1.0,14.64,1.0,1.0,0.0,0.0,7,2025-11-01 08:33:22.284665
2,2025-01-26 12:29:38,2025-01-26 12:41:18,N,1.0,74,151,1.0,2.3,14.2,0.0,0.5,0.0,0.0,,1.0,15.7,2.0,1.0,0.0,0.0,7,2025-11-01 08:33:22.284665
2,2025-01-26 12:15:16,2025-01-26 12:23:00,N,1.0,75,166,1.0,1.36,9.3,0.0,0.5,0.0,0.0,,1.0,10.8,1.0,1.0,0.0,0.0,7,2025-11-01 08:33:22.284665
2,2025-01-26 12:32:57,2025-01-26 12:43:29,N,1.0,24,75,1.0,1.87,12.8,0.0,0.5,2.5,0.0,,1.0,16.8,1.0,1.0,0.0,0.0,7,2025-11-01 08:33:22.284665
1,2025-01-26 12:00:58,2025-01-26 12:25:58,N,1.0,193,48,1.0,0.0,21.5,0.0,1.5,0.0,0.0,,1.0,23.0,1.0,1.0,0.0,0.0,7,2025-11-01 08:33:22.284665
1,2025-01-26 12:56:39,2025-01-26 13:07:50,N,1.0,74,75,1.0,0.0,15.5,0.0,1.5,0.0,0.0,,1.0,17.0,1.0,1.0,0.0,0.0,7,2025-11-01 08:33:22.284665
2,2025-01-26 12:11:58,2025-01-26 12:31:03,N,1.0,74,239,1.0,3.75,21.2,0.0,0.5,5.09,0.0,,1.0,30.54,1.0,1.0,2.75,0.0,7,2025-11-01 08:33:22.284665
2,2025-01-26 13:00:18,2025-01-26 13:12:21,N,1.0,74,263,1.0,2.44,13.5,0.0,0.5,1.0,0.0,,1.0,18.75,1.0,1.0,2.75,0.0,7,2025-11-01 08:33:22.284665
2,2025-01-26 12:50:54,2025-01-26 13:04:36,N,1.0,74,43,1.0,1.98,14.2,0.0,0.5,0.0,0.0,,1.0,15.7,2.0,1.0,0.0,0.0,7,2025-11-01 08:33:22.284665
2,2025-01-26 12:17:38,2025-01-26 12:31:22,N,1.0,82,93,5.0,5.82,25.4,0.0,0.5,5.38,0.0,,1.0,32.28,1.0,1.0,0.0,0.0,7,2025-11-01 08:33:22.284665
2,2025-01-26 09:16:08,2025-01-26 09:26:37,N,1.0,74,236,1.0,1.94,12.8,0.0,0.5,3.41,0.0,,1.0,20.46,1.0,1.0,2.75,0.0,7,2025-11-01 08:33:22.284665
2,2025-01-26 09:38:01,2025-01-26 09:51:53,N,1.0,74,263,1.0,2.87,16.3,0.0,0.5,0.0,0.0,,1.0,20.55,2.0,1.0,2.75,0.0,7,2025-11-01 08:33:22.284665
2,2025-01-26 11:27:01,2025-01-26 11:35:50,N,1.0,43,43,1.0,2.12,12.1,0.0,0.5,2.0,0.0,,1.0,18.35,1.0,1.0,2.75,0.0,7,2025-11-01 08:33:22.284665
2,2025-01-26 11:58:54,2025-01-26 12:18:54,N,1.0,43,164,1.0,3.36,20.5,0.0,0.5,0.0,0.0,,1.0,25.5,1.0,1.0,2.75,0.75,7,2025-11-01 08:33:22.284665
2,2025-01-26 12:52:43,2025-01-26 13:08:21,N,1.0,130,129,1.0,8.19,32.4,0.0,0.5,2.0,0.0,,1.0,35.9,1.0,1.0,0.0,0.0,7,2025-11-01 08:33:22.284665
1,2025-01-26 12:25:55,2025-01-26 12:40:05,N,1.0,127,235,1.0,0.0,17.5,0.0,1.5,0.0,0.0,,1.0,19.0,1.0,1.0,0.0,0.0,7,2025-11-01 08:33:22.284665
2,2025-01-26 12:41:12,2025-01-26 12:50:18,N,1.0,43,237,2.0,1.64,10.7,0.0,0.5,3.74,0.0,,1.0,18.69,1.0,1.0,2.75,0.0,7,2025-11-01 08:33:22.284665
2,2025-01-26 12:39:53,2025-01-26 13:00:19,N,1.0,82,215,1.0,6.43,28.9,0.0,0.5,0.0,0.0,,1.0,30.4,1.0,1.0,0.0,0.0,7,2025-11-01 08:33:22.284665
2,2025-01-26 12:09:32,2025-01-26 12:18:23,N,1.0,74,43,1.0,2.34,12.1,0.0,0.5,3.27,0.0,,1.0,19.62,1.0,1.0,2.75,0.0,7,2025-11-01 08:33:22.284665
2,2025-01-26 12:20:16,2025-01-26 12:36:12,N,1.0,41,235,1.0,3.81,19.8,0.0,0.5,0.0,0.0,,1.0,21.3,2.0,1.0,0.0,0.0,7,2025-11-01 08:33:22.284665
2,2025-01-26 12:17:39,2025-01-26 12:41:39,N,1.0,75,138,1.0,8.68,38.7,5.0,0.5,10.43,6.94,,1.0,62.57,1.0,1.0,0.0,0.0,7,2025-11-01 08:33:22.284665
2,2025-01-26 12:56:22,2025-01-26 13:16:48,N,1.0,75,239,3.0,3.07,20.5,0.0,0.5,4.95,0.0,,1.0,29.7,1.0,1.0,2.75,0.0,7,2025-11-01 08:33:22.284665
2,2025-01-26 12:33:54,2025-01-26 12:42:42,N,1.0,74,236,1.0,1.83,10.7,0.0,0.5,2.99,0.0,,1.0,17.94,1.0,1.0,2.75,0.0,7,2025-11-01 08:33:22.284665
2,2025-01-26 12:21:43,2025-01-26 13:00:43,N,1.0,130,62,1.0,7.84,41.5,0.0,0.5,0.0,0.0,,1.0,43.0,1.0,1.0,0.0,0.0,7,2025-11-01 08:33:22.284665
2,2025-01-26 12:11:48,2025-01-26 12:19:43,N,1.0,74,75,1.0,1.55,10.7,0.0,0.5,2.44,0.0,,1.0,14.64,1.0,1.0,0.0,0.0,7,2025-11-01 08:33:22.284665
2,2025-01-26 12:25:43,2025-01-26 12:58:29,N,1.0,130,83,1.0,8.51,40.8,0.0,0.5,0.0,0.0,,1.0,42.3,2.0,1.0,0.0,0.0,7,2025-11-01 08:33:22.284665
2,2025-01-26 12:28:59,2025-01-26 12:47:56,N,1.0,74,78,1.0,6.64,30.3,0.0,0.5,1.0,0.0,,1.0,32.8,1.0,1.0,0.0,0.0,7,2025-11-01 08:33:22.284665
2,2025-01-26 12:14:14,2025-01-26 12:22:09,N,1.0,74,236,1.0,1.85,10.7,0.0,0.5,2.99,0.0,,1.0,17.94,1.0,1.0,2.75,0.0,7,2025-11-01 08:33:22.284665
2,2025-01-26 12:14:02,2025-01-26 12:24:26,N,1.0,74,116,1.0,1.96,12.1,0.0,0.5,2.0,0.0,,1.0,15.6,1.0,1.0,0.0,0.0,7,2025-11-01 08:33:22.284665
2,2025-01-26 12:39:14,2025-01-26 12:52:30,N,1.0,260,179,5.0,2.92,17.7,0.0,0.5,3.84,0.0,,1.0,23.04,1.0,1.0,0.0,0.0,7,2025-11-01 08:33:22.284665
2,2025-01-26 12:37:08,2025-01-26 12:45:59,N,1.0,166,116,1.0,1.69,11.4,0.0,0.5,0.0,0.0,,1.0,12.9,2.0,1.0,0.0,0.0,7,2025-11-01 08:33:22.284665
2,2025-01-26 12:33:48,2025-01-26 12:53:11,N,1.0,260,82,1.0,2.0,17.0,0.0,0.5,0.0,0.0,,1.0,18.5,2.0,1.0,0.0,0.0,7,2025-11-01 08:33:22.284665
2,2025-01-26 13:14:28,2025-01-26 13:24:51,N,1.0,65,40,1.0,1.57,11.4,0.0,0.5,2.0,0.0,,1.0,14.9,1.0,1.0,0.0,0.0,7,2025-11-01 08:33:22.284665
2,2025-01-26 13:54:49,2025-01-26 14:03:33,N,1.0,97,97,1.0,1.41,10.7,0.0,0.5,2.44,0.0,,1.0,14.64,1.0,1.0,0.0,0.0,7,2025-11-01 08:33:22.284665
2,2025-01-26 13:58:40,2025-01-26 14:02:05,N,1.0,75,74,1.0,0.88,6.5,0.0,0.5,0.0,0.0,,1.0,8.0,2.0,1.0,0.0,0.0,7,2025-11-01 08:33:22.284665
2,2025-01-26 13:38:10,2025-01-26 13:38:25,N,5.0,179,179,2.0,0.0,10.0,0.0,0.0,2.2,0.0,,1.0,13.2,1.0,2.0,0.0,0.0,7,2025-11-01 08:33:22.284665
2,2025-01-26 13:38:27,2025-01-26 14:17:09,N,1.0,130,80,1.0,14.71,63.2,0.0,0.5,12.94,0.0,,1.0,77.64,1.0,1.0,0.0,0.0,7,2025-11-01 08:33:22.284665
2,2025-01-26 13:41:48,2025-01-26 13:54:14,N,1.0,42,147,1.0,1.94,13.5,0.0,0.5,3.0,0.0,,1.0,18.0,1.0,1.0,0.0,0.0,7,2025-11-01 08:33:22.284665
2,2025-01-26 13:18:59,2025-01-26 13:28:20,N,1.0,65,49,2.0,1.52,10.7,0.0,0.5,2.44,0.0,,1.0,14.64,1.0,1.0,0.0,0.0,7,2025-11-01 08:33:22.284665
2,2025-01-26 13:13:55,2025-01-26 13:25:59,N,1.0,97,97,1.0,1.2,12.1,0.0,0.5,0.0,0.0,,1.0,13.6,2.0,1.0,0.0,0.0,7,2025-11-01 08:33:22.284665
2,2025-01-26 13:41:42,2025-01-26 13:55:13,N,1.0,97,49,1.0,1.68,13.5,0.0,0.5,3.0,0.0,,1.0,18.0,1.0,1.0,0.0,0.0,7,2025-11-01 08:33:22.284665
2,2025-01-26 13:03:29,2025-01-26 13:11:29,N,1.0,166,238,1.0,1.69,10.7,0.0,0.5,0.0,0.0,,1.0,12.2,2.0,1.0,0.0,0.0,7,2025-11-01 08:33:22.284665
2,2025-01-26 13:31:35,2025-01-26 13:38:00,N,1.0,41,152,1.0,0.97,7.9,0.0,0.5,1.88,0.0,,1.0,11.28,1.0,1.0,0.0,0.0,7,2025-11-01 08:33:22.284665
2,2025-01-26 13:12:57,2025-01-26 13:31:39,N,1.0,95,95,2.0,2.73,19.1,0.0,0.5,0.0,0.0,,1.0,20.6,2.0,1.0,0.0,0.0,7,2025-11-01 08:33:22.284665
2,2025-01-26 13:21:44,2025-01-26 13:26:00,N,1.0,244,116,1.0,0.8,7.2,0.0,0.5,2.61,0.0,,1.0,11.31,1.0,1.0,0.0,0.0,7,2025-11-01 08:33:22.284665
2,2025-01-26 13:47:05,2025-01-26 13:51:21,N,1.0,74,263,1.0,1.3,7.9,0.0,0.5,2.35,0.0,,1.0,14.5,1.0,1.0,2.75,0.0,7,2025-11-01 08:33:22.284665
1,2025-01-26 13:03:50,2025-01-26 13:14:53,N,1.0,167,78,1.0,0.0,18.5,0.0,1.5,0.0,0.0,,1.0,20.0,1.0,1.0,0.0,0.0,7,2025-11-01 08:33:22.284665
2,2025-01-26 13:21:16,2025-01-26 13:30:09,N,1.0,130,10,1.0,3.01,14.9,0.0,0.5,3.5,0.0,,1.0,19.9,1.0,1.0,0.0,0.0,7,2025-11-01 08:33:22.284665
2,2025-01-26 13:51:16,2025-01-26 14:11:48,N,1.0,130,37,1.0,9.61,39.4,0.0,0.5,5.0,0.0,,1.0,45.9,1.0,1.0,0.0,0.0,7,2025-11-01 08:33:22.284665
1,2025-01-26 13:10:36,2025-01-26 13:19:27,N,1.0,210,108,1.0,0.0,8.6,0.0,1.5,2.02,0.0,,1.0,12.12,1.0,1.0,0.0,0.0,7,2025-11-01 08:33:22.284665
2,2025-01-26 13:55:02,2025-01-26 14:04:19,N,1.0,95,28,1.0,2.53,13.5,0.0,0.5,4.5,0.0,,1.0,19.5,1.0,1.0,0.0,0.0,7,2025-11-01 08:33:22.284665
1,2025-01-26 13:42:24,2025-01-26 14:06:34,N,1.0,35,49,1.0,0.0,21.5,0.0,1.5,0.0,0.0,,1.0,23.0,1.0,1.0,0.0,0.0,7,2025-11-01 08:33:22.284665
1,2025-01-26 13:38:47,2025-01-26 13:41:29,N,1.0,74,75,2.0,0.7,5.1,0.0,1.5,1.6,0.0,,1.0,8.2,1.0,1.0,0.0,0.0,7,2025-11-01 08:33:22.284665
2,2025-01-26 13:57:09,2025-01-26 14:04:23,N,1.0,74,43,1.0,1.37,9.3,0.0,0.5,2.16,0.0,,1.0,12.96,1.0,1.0,0.0,0.0,7,2025-11-01 08:33:22.284665
2,2025-01-26 10:54:31,2025-01-26 11:05:08,N,1.0,66,45,1.0,2.15,12.8,0.0,0.5,0.0,0.0,,1.0,17.8,2.0,1.0,2.75,0.75,7,2025-11-01 08:33:22.284665
2,2025-01-26 13:26:15,2025-01-26 13:38:57,N,1.0,74,151,1.0,2.22,14.2,0.0,0.5,3.14,0.0,,1.0,18.84,1.0,1.0,0.0,0.0,7,2025-11-01 08:33:22.284665
2,2025-01-26 13:56:25,2025-01-26 14:11:01,N,1.0,74,263,1.0,2.42,15.6,0.0,0.5,3.97,0.0,,1.0,23.82,1.0,1.0,2.75,0.0,7,2025-11-01 08:33:22.284665
1,2025-01-26 13:14:36,2025-01-26 13:28:22,N,1.0,75,142,2.0,2.5,15.6,2.75,1.5,3.95,0.0,,1.0,23.8,1.0,1.0,2.75,0.0,7,2025-11-01 08:33:22.284665
2,2025-01-26 13:10:08,2025-01-26 13:25:10,N,1.0,74,236,1.0,2.5,15.6,0.0,0.5,4.96,0.0,,1.0,24.81,1.0,1.0,2.75,0.0,7,2025-11-01 08:33:22.284665
2,2025-01-26 13:34:08,2025-01-26 13:39:07,N,1.0,75,41,1.0,0.93,7.2,0.0,0.5,0.0,0.0,,1.0,8.7,2.0,1.0,0.0,0.0,7,2025-11-01 08:33:22.284665
2,2025-01-26 13:52:48,2025-01-26 14:01:05,N,1.0,166,43,1.0,1.8,10.7,0.0,0.5,3.05,0.0,,1.0,15.25,1.0,1.0,0.0,0.0,7,2025-11-01 08:33:22.284665
2,2025-01-26 13:15:22,2025-01-26 13:15:30,N,5.0,181,181,2.0,0.03,25.0,0.0,0.0,5.2,0.0,,1.0,31.2,1.0,2.0,0.0,0.0,7,2025-11-01 08:33:22.284665
2,2025-01-26 13:35:31,2025-01-26 13:35:32,N,5.0,195,264,5.0,0.0,65.0,0.0,0.0,0.0,0.0,,1.0,66.0,1.0,2.0,0.0,0.0,7,2025-11-01 08:33:22.284665
2,2025-01-26 13:13:04,2025-01-26 13:25:28,N,1.0,166,142,1.0,2.56,14.9,0.0,0.5,0.0,0.0,,1.0,19.15,2.0,1.0,2.75,0.0,7,2025-11-01 08:33:22.284665
2,2025-01-26 13:03:26,2025-01-26 13:21:46,N,1.0,74,238,1.0,3.17,19.8,0.0,0.5,7.22,0.0,,1.0,31.27,1.0,1.0,2.75,0.0,7,2025-11-01 08:33:22.284665
2,2025-01-26 13:39:03,2025-01-26 13:55:13,N,1.0,74,239,1.0,3.29,18.4,0.0,0.5,5.66,0.0,,1.0,28.31,1.0,1.0,2.75,0.0,7,2025-11-01 08:33:22.284665
2,2025-01-26 13:26:35,2025-01-26 13:46:05,N,1.0,74,244,1.0,3.81,21.9,0.0,0.5,4.68,0.0,,1.0,28.08,1.0,1.0,0.0,0.0,7,2025-11-01 08:33:22.284665
2,2025-01-26 13:47:58,2025-01-26 14:06:59,N,1.0,83,82,1.0,1.28,16.3,0.0,0.5,0.0,0.0,,1.0,17.8,2.0,1.0,0.0,0.0,7,2025-11-01 08:33:22.284665
1,2025-01-26 13:46:43,2025-01-26 14:00:23,N,1.0,168,264,1.0,0.0,17.5,0.0,1.5,0.0,0.0,,1.0,19.0,1.0,1.0,0.0,0.0,7,2025-11-01 08:33:22.284665
1,2025-01-26 13:40:20,2025-01-26 13:53:49,N,1.0,74,138,1.0,6.8,28.9,5.0,1.5,10.55,6.94,,1.0,52.89,1.0,1.0,0.0,0.0,7,2025-11-01 08:33:22.284665
2,2025-01-26 13:42:03,2025-01-26 13:50:37,N,1.0,75,168,6.0,1.9,11.4,0.0,0.5,0.0,0.0,,1.0,12.9,2.0,1.0,0.0,0.0,7,2025-11-01 08:33:22.284665
2,2025-01-26 13:57:51,2025-01-26 14:12:46,N,1.0,74,244,6.0,3.19,17.7,0.0,0.5,2.0,0.0,,1.0,21.2,1.0,1.0,0.0,0.0,7,2025-11-01 08:33:22.284665
2,2025-01-26 13:41:43,2025-01-26 13:48:14,N,1.0,97,181,1.0,0.96,7.9,0.0,0.5,0.0,0.0,,1.0,9.4,2.0,1.0,0.0,0.0,7,2025-11-01 08:33:22.284665
2,2025-01-26 13:55:56,2025-01-26 14:03:37,N,1.0,130,197,1.0,1.4,10.0,0.0,0.5,0.0,0.0,,1.0,11.5,1.0,1.0,0.0,0.0,7,2025-11-01 08:33:22.284665
2,2025-01-26 13:33:46,2025-01-26 13:48:52,N,1.0,74,140,1.0,3.37,17.7,0.0,0.5,2.2,0.0,,1.0,24.15,1.0,1.0,2.75,0.0,7,2025-11-01 08:33:22.284665
2,2025-01-26 13:04:58,2025-01-26 13:17:13,N,1.0,65,66,1.0,1.41,12.8,0.0,0.5,2.86,0.0,,1.0,17.16,1.0,1.0,0.0,0.0,7,2025-11-01 08:33:22.284665
2,2025-01-26 13:29:26,2025-01-26 13:45:25,N,1.0,65,33,1.0,1.53,14.9,0.0,0.5,4.1,0.0,,1.0,20.5,1.0,1.0,0.0,0.0,7,2025-11-01 08:33:22.284665
2,2025-01-26 13:42:29,2025-01-26 14:03:06,N,1.0,83,186,1.0,6.6,30.3,0.0,0.5,2.5,6.94,,1.0,44.74,1.0,1.0,2.75,0.75,7,2025-11-01 08:33:22.284665
2,2025-01-26 13:23:37,2025-01-26 13:42:03,N,1.0,97,188,1.0,3.44,19.8,0.0,0.5,2.0,0.0,,1.0,23.3,1.0,1.0,0.0,0.0,7,2025-11-01 08:33:22.284665
2,2025-01-26 13:32:47,2025-01-26 13:41:31,N,1.0,74,263,1.0,2.27,12.1,0.0,0.5,3.27,0.0,,1.0,19.62,1.0,1.0,2.75,0.0,7,2025-11-01 08:33:22.284665
2,2025-01-26 12:20:19,2025-01-27 11:28:31,N,1.0,97,17,2.0,2.27,17.0,0.0,0.5,0.0,0.0,,1.0,18.5,1.0,1.0,0.0,0.0,7,2025-11-01 08:33:22.284665
2,2025-01-26 12:38:10,2025-01-26 12:38:13,N,1.0,17,264,2.0,0.0,3.0,0.0,0.5,1.35,0.0,,1.0,5.85,1.0,1.0,0.0,0.0,7,2025-11-01 08:33:22.284665
1,2025-01-26 13:44:27,2025-01-26 14:00:34,N,1.0,65,188,0.0,2.7,17.7,0.0,1.5,3.8,0.0,,1.0,23.0,1.0,1.0,0.0,0.0,7,2025-11-01 08:33:22.284665
2,2025-01-26 12:57:45,2025-01-26 13:09:34,N,1.0,75,140,1.0,2.76,14.2,0.0,0.5,2.8,0.0,,1.0,18.5,1.0,1.0,0.0,0.0,7,2025-11-01 08:33:22.284665
2,2025-01-26 13:40:14,2025-01-26 13:51:47,N,1.0,74,238,1.0,2.18,13.5,0.0,0.5,3.0,0.0,,1.0,18.0,1.0,1.0,0.0,0.0,7,2025-11-01 08:33:22.284665
2,2025-01-26 13:53:23,2025-01-26 14:07:02,N,1.0,74,263,1.0,2.78,16.3,0.0,0.5,3.7,0.0,,1.0,24.25,1.0,1.0,2.75,0.0,7,2025-11-01 08:33:22.284665
2,2025-01-26 13:07:27,2025-01-26 13:09:13,N,1.0,75,75,1.0,0.22,-4.4,0.0,-0.5,0.0,0.0,,-1.0,-5.9,3.0,1.0,0.0,0.0,7,2025-11-01 08:33:22.284665
2,2025-01-26 13:07:27,2025-01-26 13:09:13,N,1.0,75,75,1.0,0.22,4.4,0.0,0.5,0.0,0.0,,1.0,5.9,3.0,1.0,0.0,0.0,7,2025-11-01 08:33:22.284665
2,2025-01-26 13:24:14,2025-01-26 13:34:17,N,1.0,43,262,1.0,1.24,11.4,0.0,0.5,3.13,0.0,,1.0,18.78,1.0,1.0,2.75,0.0,7,2025-11-01 08:33:22.284665
1,2025-01-26 13:46:17,2025-01-26 14:12:19,N,1.0,75,242,1.0,0.0,30.5,0.0,1.5,0.0,6.94,,1.0,38.94,1.0,1.0,0.0,0.0,7,2025-11-01 08:33:22.284665
2,2025-01-26 13:57:30,2025-01-26 14:10:48,N,1.0,74,236,1.0,2.33,14.9,0.0,0.5,2.0,0.0,,1.0,21.15,1.0,1.0,2.75,0.0,7,2025-11-01 08:33:22.284665
2,2025-01-26 13:26:59,2025-01-26 13:41:21,N,1.0,74,151,1.0,2.65,16.3,0.0,0.5,3.56,0.0,,1.0,21.36,1.0,1.0,0.0,0.0,7,2025-11-01 08:33:22.284665
2,2025-01-26 13:11:47,2025-01-26 13:34:35,N,1.0,41,138,1.0,7.59,35.2,5.0,0.5,4.5,6.94,,1.0,53.14,1.0,1.0,0.0,0.0,7,2025-11-01 08:33:22.284665
2,2025-01-26 13:57:17,2025-01-26 13:57:22,N,5.0,179,179,1.0,0.0,12.0,0.0,0.0,5.0,0.0,,1.0,18.0,1.0,2.0,0.0,0.0,7,2025-11-01 08:33:22.284665
1,2025-01-26 13:38:42,2025-01-26 13:51:50,N,1.0,226,157,1.0,0.0,20.5,0.0,1.5,0.0,0.0,,1.0,22.0,1.0,1.0,0.0,0.0,7,2025-11-01 08:33:22.284665
2,2025-01-26 13:49:34,2025-01-26 13:56:35,N,1.0,75,263,2.0,1.21,8.6,0.0,0.5,2.57,0.0,,1.0,15.42,1.0,1.0,2.75,0.0,7,2025-11-01 08:33:22.284665
2,2025-01-26 13:02:17,2025-01-26 13:11:56,N,1.0,74,236,1.0,2.08,12.1,0.0,0.5,3.27,0.0,,1.0,19.62,1.0,1.0,2.75,0.0,7,2025-11-01 08:33:22.284665
2,2025-01-26 13:17:37,2025-01-26 13:22:12,N,1.0,75,75,1.0,0.6,6.5,0.0,0.5,0.0,0.0,,1.0,8.0,2.0,1.0,0.0,0.0,7,2025-11-01 08:33:22.284665
2,2025-01-26 13:35:10,2025-01-26 13:48:18,N,1.0,74,263,1.0,2.06,13.5,0.0,0.5,3.55,0.0,,1.0,21.3,1.0,1.0,2.75,0.0,7,2025-11-01 08:33:22.284665
2,2025-01-26 13:54:00,2025-01-26 14:15:54,N,1.0,74,239,1.0,3.93,22.6,0.0,0.5,5.37,0.0,,1.0,32.22,1.0,1.0,2.75,0.0,7,2025-11-01 08:33:22.284665
2,2025-01-26 13:57:26,2025-01-26 14:07:23,N,1.0,129,129,1.0,0.0,9.3,0.0,0.5,0.0,0.0,,1.0,10.8,1.0,1.0,0.0,0.0,7,2025-11-01 08:33:22.284665
2,2025-01-26 13:53:57,2025-01-26 14:16:54,N,1.0,130,7,1.0,9.92,41.5,0.0,0.5,8.6,0.0,,1.0,51.6,1.0,1.0,0.0,0.0,7,2025-11-01 08:33:22.284665
2,2025-01-26 13:46:54,2025-01-26 14:00:46,N,1.0,41,168,1.0,1.71,14.2,0.0,0.5,3.92,0.0,,1.0,19.62,1.0,1.0,0.0,0.0,7,2025-11-01 08:33:22.284665
2,2025-01-26 13:25:40,2025-01-26 13:34:37,N,1.0,74,24,1.0,1.63,10.7,0.0,0.5,2.44,0.0,,1.0,14.64,1.0,1.0,0.0,0.0,7,2025-11-01 08:33:22.284665
2,2025-01-26 13:07:50,2025-01-26 13:29:30,N,1.0,196,79,1.0,8.49,35.2,0.0,0.5,11.78,6.94,,1.0,58.92,1.0,1.0,2.75,0.75,7,2025-11-01 08:33:22.284665
1,2025-01-26 13:50:43,2025-01-26 14:38:45,N,1.0,89,28,1.0,0.0,35.5,0.0,1.5,0.0,0.0,,1.0,37.0,1.0,1.0,0.0,0.0,7,2025-11-01 08:33:22.284665
2,2025-01-26 13:11:00,2025-01-26 13:19:32,N,1.0,95,28,1.0,2.56,13.5,0.0,0.5,2.0,0.0,,1.0,17.0,1.0,1.0,0.0,0.0,7,2025-11-01 08:33:22.284665
2,2025-01-26 13:39:10,2025-01-26 13:58:19,N,1.0,41,239,1.0,2.85,19.1,0.0,0.5,0.0,0.0,,1.0,23.35,2.0,1.0,2.75,0.0,7,2025-11-01 08:33:22.284665
2,2025-01-26 13:51:06,2025-01-26 14:17:11,N,1.0,82,53,2.0,4.97,28.2,0.0,0.5,0.0,0.0,,1.0,29.7,1.0,1.0,0.0,0.0,7,2025-11-01 08:33:22.284665
2,2025-01-26 13:03:09,2025-01-26 13:30:41,N,1.0,95,186,1.0,9.66,42.9,0.0,0.5,10.97,6.94,,1.0,65.81,1.0,1.0,2.75,0.75,7,2025-11-01 08:33:22.284665
2,2025-01-26 13:02:07,2025-01-26 13:18:32,N,1.0,74,151,1.0,2.7,17.7,0.0,0.5,3.0,0.0,,1.0,22.2,1.0,1.0,0.0,0.0,7,2025-11-01 08:33:22.284665
2,2025-01-26 13:57:23,2025-01-26 14:13:01,N,1.0,74,151,1.0,2.45,16.3,0.0,0.5,3.56,0.0,,1.0,21.36,1.0,1.0,0.0,0.0,7,2025-11-01 08:33:22.284665
2,2025-01-26 15:02:11,2025-01-26 15:41:55,N,1.0,75,79,1.0,6.29,40.1,0.0,0.5,9.22,0.0,,1.0,54.32,1.0,1.0,2.75,0.75,7,2025-11-01 08:33:22.284665
1,2025-01-26 14:38:35,2025-01-26 14:39:06,N,1.0,75,75,0.0,0.2,3.0,0.0,1.5,0.0,0.0,,1.0,4.5,2.0,1.0,0.0,0.0,7,2025-11-01 08:33:22.284665
2,2025-01-26 14:07:14,2025-01-26 14:20:12,N,1.0,97,62,2.0,2.18,14.2,0.0,0.5,3.14,0.0,,1.0,18.84,1.0,1.0,0.0,0.0,7,2025-11-01 08:33:22.284665
2,2025-01-26 14:41:43,2025-01-26 14:55:26,N,1.0,49,33,2.0,2.15,14.9,0.0,0.5,2.8,0.0,,1.0,19.2,1.0,1.0,0.0,0.0,7,2025-11-01 08:33:22.284665
1,2025-01-26 14:21:25,2025-01-26 14:40:26,N,1.0,65,190,1.0,2.5,19.1,0.0,1.5,10.0,0.0,,1.0,30.6,1.0,1.0,0.0,0.0,7,2025-11-01 08:33:22.284665
2,2025-01-26 14:48:35,2025-01-26 15:15:45,N,1.0,166,138,2.0,8.42,38.7,5.0,0.5,0.0,6.94,,1.0,52.14,2.0,1.0,0.0,0.0,7,2025-11-01 08:33:22.284665
2,2025-01-26 14:49:24,2025-01-26 15:04:55,N,1.0,193,223,1.0,2.5,16.3,0.0,0.5,5.34,0.0,,1.0,23.14,1.0,1.0,0.0,0.0,7,2025-11-01 08:33:22.284665
2,2025-01-26 14:32:45,2025-01-26 14:43:50,N,1.0,74,7,1.0,3.61,18.4,0.0,0.5,5.37,6.94,,1.0,32.21,1.0,1.0,0.0,0.0,7,2025-11-01 08:33:22.284665
2,2025-01-26 14:31:16,2025-01-26 14:44:30,N,1.0,65,49,1.0,1.92,13.5,0.0,0.5,3.0,0.0,,1.0,18.0,1.0,1.0,0.0,0.0,7,2025-11-01 08:33:22.284665
2,2025-01-26 14:55:13,2025-01-26 15:04:38,N,1.0,97,33,1.0,0.85,10.0,0.0,0.5,2.3,0.0,,1.0,13.8,1.0,1.0,0.0,0.0,7,2025-11-01 08:33:22.284665
2,2025-01-26 14:46:19,2025-01-26 14:58:10,N,1.0,244,42,1.0,2.22,13.5,0.0,0.5,0.0,0.0,,1.0,15.0,2.0,1.0,0.0,0.0,7,2025-11-01 08:33:22.284665
2,2025-01-26 14:22:50,2025-01-26 14:29:18,N,1.0,95,95,2.0,0.36,7.2,0.0,0.5,1.74,0.0,,1.0,10.44,1.0,1.0,0.0,0.0,7,2025-11-01 08:33:22.284665
2,2025-01-26 14:06:52,2025-01-26 14:11:54,N,1.0,74,74,1.0,0.59,6.5,0.0,0.5,1.6,0.0,,1.0,9.6,1.0,1.0,0.0,0.0,7,2025-11-01 08:33:22.284665
2,2025-01-26 14:40:18,2025-01-26 15:01:20,N,1.0,74,41,1.0,4.38,23.3,0.0,0.5,2.0,0.0,,1.0,26.8,1.0,1.0,0.0,0.0,7,2025-11-01 08:33:22.284665
2,2025-01-26 14:27:40,2025-01-26 14:34:19,N,1.0,74,75,1.0,1.22,8.6,0.0,0.5,2.02,0.0,,1.0,12.12,1.0,1.0,0.0,0.0,7,2025-11-01 08:33:22.284665
2,2025-01-26 14:53:05,2025-01-26 15:02:52,N,1.0,74,151,1.0,2.0,12.1,0.0,0.5,2.72,0.0,,1.0,16.32,1.0,1.0,0.0,0.0,7,2025-11-01 08:33:22.284665
2,2025-01-26 06:28:40,2025-01-26 06:33:58,N,1.0,74,75,1.0,1.06,7.9,0.0,0.5,1.88,0.0,,1.0,11.28,1.0,1.0,0.0,0.0,7,2025-11-01 08:33:22.284665
2,2025-01-26 13:42:40,2025-01-26 13:48:53,N,1.0,75,75,1.0,0.74,7.9,0.0,0.5,2.82,0.0,,1.0,12.22,1.0,1.0,0.0,0.0,7,2025-11-01 08:33:22.284665
2,2025-01-26 14:21:31,2025-01-26 14:37:42,N,1.0,82,134,1.0,3.55,19.1,0.0,0.5,0.0,0.0,,1.0,20.6,2.0,1.0,0.0,0.0,7,2025-11-01 08:33:22.284665
2,2025-01-26 14:28:19,2025-01-26 14:46:06,N,1.0,66,144,1.0,4.27,22.6,0.0,0.5,5.52,0.0,,1.0,33.12,1.0,1.0,2.75,0.75,7,2025-11-01 08:33:22.284665
2,2025-01-26 14:34:45,2025-01-26 14:43:16,N,1.0,236,238,1.0,1.22,10.0,0.0,0.5,2.3,0.0,,1.0,13.8,1.0,1.0,0.0,0.0,7,2025-11-01 08:33:22.284665
2,2025-01-26 14:59:43,2025-01-26 15:20:40,N,1.0,66,17,1.0,3.14,20.5,0.0,0.5,4.4,0.0,,1.0,26.4,1.0,1.0,0.0,0.0,7,2025-11-01 08:33:22.284665
1,2025-01-26 14:32:12,2025-01-26 14:56:38,N,1.0,65,181,2.0,2.9,22.6,0.0,1.5,0.0,0.0,,1.0,24.1,2.0,1.0,0.0,0.0,7,2025-11-01 08:33:22.284665
1,2025-01-26 14:39:52,2025-01-26 15:13:23,N,1.0,75,138,1.0,8.7,40.1,5.0,1.5,10.71,6.94,,1.0,64.25,1.0,1.0,0.0,0.0,7,2025-11-01 08:33:22.284665
2,2025-01-26 11:33:01,2025-01-26 11:44:44,N,1.0,66,261,1.0,2.16,14.2,0.0,0.5,0.0,0.0,,1.0,19.2,2.0,1.0,2.75,0.75,7,2025-11-01 08:33:22.284665
2,2025-01-26 14:32:25,2025-01-26 14:41:59,N,1.0,74,263,1.0,1.87,11.4,0.0,0.5,3.13,0.0,,1.0,18.78,1.0,1.0,2.75,0.0,7,2025-11-01 08:33:22.284665
2,2025-01-26 14:49:24,2025-01-26 14:53:41,N,1.0,75,141,1.0,1.33,7.9,0.0,0.5,3.0,0.0,,1.0,15.15,1.0,1.0,2.75,0.0,7,2025-11-01 08:33:22.284665
2,2025-01-26 14:28:40,2025-01-26 14:43:00,N,1.0,74,24,1.0,2.1,14.9,0.0,0.5,3.28,0.0,,1.0,19.68,1.0,1.0,0.0,0.0,7,2025-11-01 08:33:22.284665
1,2025-01-26 14:39:26,2025-01-26 15:10:43,N,1.0,75,114,1.0,6.8,35.2,3.5,1.5,8.04,0.0,,1.0,48.24,1.0,1.0,2.75,0.75,7,2025-11-01 08:33:22.284665
2,2025-01-26 14:26:01,2025-01-26 14:41:29,N,1.0,74,262,1.0,2.71,17.0,0.0,0.5,4.25,0.0,,1.0,25.5,1.0,1.0,2.75,0.0,7,2025-11-01 08:33:22.284665
2,2025-01-26 14:31:04,2025-01-26 14:41:05,N,1.0,74,166,2.0,1.36,10.7,0.0,0.5,2.44,0.0,,1.0,14.64,1.0,1.0,0.0,0.0,7,2025-11-01 08:33:22.284665
2,2025-01-26 14:26:01,2025-01-26 14:36:44,N,1.0,74,263,1.0,1.92,12.1,0.0,0.5,2.0,0.0,,1.0,18.35,1.0,1.0,2.75,0.0,7,2025-11-01 08:33:22.284665
2,2025-01-26 14:25:49,2025-01-26 14:36:21,N,1.0,74,116,1.0,1.77,12.1,0.0,0.5,1.0,0.0,,1.0,14.6,1.0,1.0,0.0,0.0,7,2025-11-01 08:33:22.284665
1,2025-01-26 14:27:01,2025-01-26 14:40:21,N,1.0,74,238,1.0,2.8,15.6,2.75,1.5,4.95,0.0,,1.0,24.8,1.0,1.0,2.75,0.0,7,2025-11-01 08:33:22.284665
2,2025-01-26 14:37:00,2025-01-26 14:58:11,N,1.0,74,142,6.0,3.95,22.6,0.0,0.5,0.0,0.0,,1.0,26.85,2.0,1.0,2.75,0.0,7,2025-11-01 08:33:22.284665
2,2025-01-26 14:21:34,2025-01-26 14:30:04,N,1.0,116,166,1.0,2.15,12.8,0.0,0.5,0.0,0.0,,1.0,14.3,1.0,1.0,0.0,0.0,7,2025-11-01 08:33:22.284665
2,2025-01-26 14:33:45,2025-01-26 14:46:13,N,1.0,66,181,1.0,3.08,16.3,0.0,0.5,3.56,0.0,,1.0,21.36,1.0,1.0,0.0,0.0,7,2025-11-01 08:33:22.284665
2,2025-01-26 14:26:41,2025-01-26 14:32:56,N,1.0,97,97,1.0,0.86,7.9,0.0,0.5,1.88,0.0,,1.0,11.28,1.0,1.0,0.0,0.0,7,2025-11-01 08:33:22.284665
2,2025-01-26 14:51:54,2025-01-26 14:59:54,N,5.0,25,106,1.0,1.35,16.5,0.0,0.0,4.38,0.0,,1.0,21.88,1.0,2.0,0.0,0.0,7,2025-11-01 08:33:22.284665
2,2025-01-26 14:31:34,2025-01-26 14:41:43,N,1.0,74,236,1.0,2.5,13.5,0.0,0.5,3.55,0.0,,1.0,21.3,1.0,1.0,2.75,0.0,7,2025-11-01 08:33:22.284665
2,2025-01-26 14:03:35,2025-01-26 14:47:25,N,1.0,95,263,1.0,8.84,49.2,0.0,0.5,10.0,0.0,,1.0,64.2,1.0,1.0,2.75,0.75,7,2025-11-01 08:33:22.284665
2,2025-01-26 14:49:46,2025-01-26 15:07:41,N,1.0,65,79,1.0,3.55,20.5,0.0,0.5,5.1,0.0,,1.0,30.6,1.0,1.0,2.75,0.75,7,2025-11-01 08:33:22.284665
2,2025-01-26 14:31:23,2025-01-26 14:43:34,N,1.0,74,42,5.0,1.62,12.1,0.0,0.5,0.0,0.0,,1.0,13.6,2.0,1.0,0.0,0.0,7,2025-11-01 08:33:22.284665
2,2025-01-26 14:28:00,2025-01-26 14:38:13,N,1.0,97,97,1.0,1.48,11.4,0.0,0.5,2.58,0.0,,1.0,15.48,1.0,1.0,0.0,0.0,7,2025-11-01 08:33:22.284665
2,2025-01-26 14:46:00,2025-01-26 14:53:51,N,1.0,65,256,1.0,2.77,14.2,0.0,0.5,3.14,0.0,,1.0,18.84,1.0,1.0,0.0,0.0,7,2025-11-01 08:33:22.284665
2,2025-01-26 14:41:22,2025-01-26 14:47:36,N,1.0,190,133,1.0,1.14,8.6,0.0,0.5,2.02,0.0,,1.0,12.12,1.0,1.0,0.0,0.0,7,2025-11-01 08:33:22.284665
2,2025-01-26 14:03:08,2025-01-26 14:16:39,N,1.0,97,49,1.0,1.56,12.8,0.0,0.5,2.86,0.0,,1.0,17.16,1.0,1.0,0.0,0.0,7,2025-11-01 08:33:22.284665
1,2025-01-26 14:34:40,2025-01-26 14:59:13,N,1.0,97,188,0.0,2.6,22.6,0.0,1.5,0.0,0.0,,1.0,24.1,1.0,1.0,0.0,0.0,7,2025-11-01 08:33:22.284665
2,2025-01-26 14:56:02,2025-01-26 15:02:12,N,1.0,41,74,1.0,1.15,7.9,0.0,0.5,1.88,0.0,,1.0,11.28,1.0,1.0,0.0,0.0,7,2025-11-01 08:33:22.284665
2,2025-01-26 14:38:41,2025-01-26 14:52:29,N,1.0,74,239,1.0,3.4,17.7,0.0,0.5,5.49,0.0,,1.0,27.44,1.0,1.0,2.75,0.0,7,2025-11-01 08:33:22.284665
2,2025-01-26 14:11:33,2025-01-26 14:42:11,N,1.0,7,144,1.0,6.63,33.8,0.0,0.5,3.0,0.0,,1.0,41.8,1.0,1.0,2.75,0.75,7,2025-11-01 08:33:22.284665
2,2025-01-26 14:31:12,2025-01-26 14:50:28,N,1.0,41,238,1.0,2.68,19.1,0.0,0.5,4.67,0.0,,1.0,28.02,1.0,1.0,2.75,0.0,7,2025-11-01 08:33:22.284665
2,2025-01-26 14:00:42,2025-01-26 14:04:24,N,1.0,97,97,1.0,1.63,8.6,0.0,0.5,2.02,0.0,,1.0,12.12,1.0,1.0,0.0,0.0,7,2025-11-01 08:33:22.284665
2,2025-01-26 14:32:48,2025-01-26 14:54:31,N,1.0,41,239,1.0,3.57,22.6,0.0,0.5,5.37,0.0,,1.0,32.22,1.0,1.0,2.75,0.0,7,2025-11-01 08:33:22.284665
2,2025-01-26 14:59:00,2025-01-26 15:16:18,N,5.0,65,138,1.0,10.85,50.0,5.0,0.0,11.2,0.0,,1.0,67.2,1.0,2.0,0.0,0.0,7,2025-11-01 08:33:22.284665
2,2025-01-26 15:02:55,2025-01-26 15:12:21,N,1.0,74,236,1.0,1.9,11.4,0.0,0.5,2.0,0.0,,1.0,17.65,1.0,1.0,2.75,0.0,7,2025-11-01 08:33:22.284665
2,2025-01-26 14:25:20,2025-01-26 14:29:46,N,1.0,75,42,1.0,1.26,7.9,0.0,0.5,0.0,0.0,,1.0,9.4,2.0,1.0,0.0,0.0,7,2025-11-01 08:33:22.284665
2,2025-01-26 14:26:35,2025-01-26 14:34:43,N,1.0,74,41,1.0,0.96,9.3,0.0,0.5,2.16,0.0,,1.0,12.96,1.0,1.0,0.0,0.0,7,2025-11-01 08:33:22.284665
1,2025-01-26 14:17:28,2025-01-26 14:30:24,N,1.0,190,188,2.0,1.6,11.4,0.0,1.5,2.55,0.0,,1.0,15.45,1.0,1.0,0.0,0.0,7,2025-11-01 08:33:22.284665
2,2025-01-26 14:27:47,2025-01-26 14:32:03,N,1.0,74,75,1.0,0.92,6.5,0.0,0.5,1.6,0.0,,1.0,9.6,1.0,1.0,0.0,0.0,7,2025-11-01 08:33:22.284665
2,2025-01-26 14:48:00,2025-01-26 15:00:31,N,1.0,97,17,1.0,2.05,12.8,0.0,0.5,3.0,0.0,,1.0,17.3,1.0,1.0,0.0,0.0,7,2025-11-01 08:33:22.284665
2,2025-01-26 13:20:48,2025-01-26 13:43:15,N,1.0,74,20,1.0,7.95,35.9,0.0,0.5,0.0,0.0,,1.0,37.4,2.0,1.0,0.0,0.0,7,2025-11-01 08:33:22.284665
2,2025-01-26 14:08:54,2025-01-26 14:28:56,N,1.0,130,160,1.0,7.19,30.3,0.0,0.5,0.0,0.0,,1.0,31.8,2.0,1.0,0.0,0.0,7,2025-11-01 08:33:22.284665
2,2025-01-26 14:26:19,2025-01-26 14:34:19,N,1.0,75,238,2.0,1.44,10.7,0.0,0.5,0.0,0.0,,1.0,14.95,2.0,1.0,2.75,0.0,7,2025-11-01 08:33:22.284665
2,2025-01-26 14:43:18,2025-01-26 14:53:13,N,1.0,75,263,2.0,1.22,10.7,0.0,0.5,2.99,0.0,,1.0,17.94,1.0,1.0,2.75,0.0,7,2025-11-01 08:33:22.284665
2,2025-01-26 14:57:16,2025-01-26 15:00:21,N,1.0,42,42,1.0,0.58,5.1,0.0,0.5,1.0,0.0,,1.0,7.6,1.0,1.0,0.0,0.0,7,2025-11-01 08:33:22.284665
2,2025-01-26 14:01:41,2025-01-26 14:14:18,N,1.0,74,238,1.0,2.85,15.6,0.0,0.5,3.0,0.0,,1.0,22.85,1.0,1.0,2.75,0.0,7,2025-11-01 08:33:22.284665
2,2025-01-26 14:58:23,2025-01-26 15:15:20,N,1.0,74,262,1.0,3.09,18.4,0.0,0.5,4.53,0.0,,1.0,27.18,1.0,1.0,2.75,0.0,7,2025-11-01 08:33:22.284665
2,2025-01-26 14:57:08,2025-01-26 15:02:54,N,1.0,130,215,1.0,0.83,7.2,0.0,0.5,0.0,0.0,,1.0,8.7,1.0,1.0,0.0,0.0,7,2025-11-01 08:33:22.284665
2,2025-01-26 14:15:40,2025-01-26 14:28:25,N,1.0,42,236,1.0,2.61,14.9,0.0,0.5,3.83,0.0,,1.0,22.98,1.0,1.0,2.75,0.0,7,2025-11-01 08:33:22.284665
2,2025-01-26 14:46:08,2025-01-26 14:55:39,N,1.0,41,43,1.0,2.01,12.1,0.0,0.5,2.72,0.0,,1.0,16.32,1.0,1.0,0.0,0.0,7,2025-11-01 08:33:22.284665
2,2025-01-26 14:52:06,2025-01-26 15:02:57,N,1.0,95,95,1.0,1.64,12.1,0.0,0.5,2.72,0.0,,1.0,16.32,1.0,1.0,0.0,0.0,7,2025-11-01 08:33:22.284665
2,2025-01-26 14:25:16,2025-01-26 14:30:57,N,1.0,74,75,1.0,1.24,7.9,0.0,0.5,1.88,0.0,,1.0,11.28,1.0,1.0,0.0,0.0,7,2025-11-01 08:33:22.284665
2,2025-01-26 14:17:37,2025-01-26 14:19:07,N,1.0,41,74,1.0,0.41,4.4,0.0,0.5,1.18,0.0,,1.0,7.08,1.0,1.0,0.0,0.0,7,2025-11-01 08:33:22.284665
2,2025-01-26 14:08:36,2025-01-26 14:24:43,N,1.0,95,56,1.0,2.53,16.3,0.0,0.5,0.0,0.0,,1.0,17.8,2.0,1.0,0.0,0.0,7,2025-11-01 08:33:22.284665
2,2025-01-26 14:32:54,2025-01-26 14:46:17,N,1.0,74,237,1.0,2.62,15.6,0.0,0.5,5.88,0.0,,1.0,25.48,1.0,1.0,2.5,0.0,7,2025-11-01 08:33:22.284665
2,2025-01-26 14:27:03,2025-01-26 14:37:33,N,1.0,74,166,1.0,1.82,12.1,0.0,0.5,0.0,0.0,,1.0,13.6,1.0,1.0,0.0,0.0,7,2025-11-01 08:33:22.284665
2,2025-01-26 14:05:05,2025-01-26 14:18:35,N,1.0,43,143,1.0,2.61,15.6,0.0,0.5,3.97,0.0,,1.0,23.82,1.0,1.0,2.75,0.0,7,2025-11-01 08:33:22.284665
2,2025-01-26 14:52:34,2025-01-26 14:52:39,N,1.0,95,95,5.0,0.03,3.0,0.0,0.5,0.0,0.0,,1.0,4.5,2.0,1.0,0.0,0.0,7,2025-11-01 08:33:22.284665
2,2025-01-26 14:53:04,2025-01-26 15:09:59,N,1.0,95,95,5.0,2.76,17.7,0.0,0.5,0.0,0.0,,1.0,19.2,2.0,1.0,0.0,0.0,7,2025-11-01 08:33:22.284665
2,2025-01-26 14:33:21,2025-01-26 14:41:45,N,1.0,74,236,1.0,1.84,11.4,0.0,0.5,0.0,0.0,,1.0,15.65,2.0,1.0,2.75,0.0,7,2025-11-01 08:33:22.284665
2,2025-01-26 13:51:41,2025-01-26 13:56:27,N,1.0,43,236,1.0,0.56,6.5,0.0,0.5,2.15,0.0,,1.0,12.9,1.0,1.0,2.75,0.0,7,2025-11-01 08:33:22.284665
2,2025-01-26 15:03:58,2025-01-26 15:04:00,N,5.0,264,264,1.0,0.07,20.0,0.0,0.0,4.2,0.0,,1.0,25.2,1.0,2.0,0.0,0.0,7,2025-11-01 08:33:22.284665
2,2025-01-26 15:10:45,2025-01-26 16:18:15,N,1.0,74,166,1.0,3.05,52.7,0.0,0.5,0.0,0.0,,1.0,54.2,2.0,1.0,0.0,0.0,7,2025-11-01 08:33:22.284665
2,2025-01-26 15:15:49,2025-01-26 15:31:05,N,1.0,97,61,2.0,2.86,17.7,0.0,0.5,4.8,0.0,,1.0,24.0,1.0,1.0,0.0,0.0,7,2025-11-01 08:33:22.284665
1,2025-01-26 15:05:14,2025-01-26 15:13:31,N,1.0,65,97,0.0,1.0,9.3,0.0,1.5,2.15,0.0,,1.0,12.95,1.0,1.0,0.0,0.0,7,2025-11-01 08:33:22.284665
1,2025-01-26 15:44:02,2025-01-26 15:55:00,N,1.0,97,49,1.0,1.4,11.4,0.0,1.5,1.2,0.0,,1.0,14.1,1.0,1.0,0.0,0.0,7,2025-11-01 08:33:22.284665
2,2025-01-26 15:30:13,2025-01-26 15:45:39,N,1.0,74,244,2.0,2.81,17.0,0.0,0.5,3.7,0.0,,1.0,22.2,1.0,1.0,0.0,0.0,7,2025-11-01 08:33:22.284665
2,2025-01-26 15:35:19,2025-01-26 15:56:50,N,1.0,65,37,1.0,3.3,20.5,0.0,0.5,4.4,0.0,,1.0,26.4,1.0,1.0,0.0,0.0,7,2025-11-01 08:33:22.284665
2,2025-01-26 15:19:12,2025-01-26 15:22:31,N,1.0,75,238,1.0,0.86,6.5,0.0,0.5,0.0,0.0,,1.0,8.0,2.0,1.0,0.0,0.0,7,2025-11-01 08:33:22.284665
2,2025-01-26 15:27:56,2025-01-26 15:42:40,N,1.0,74,263,1.0,2.59,16.3,0.0,0.5,4.11,0.0,,1.0,24.66,1.0,1.0,2.75,0.0,7,2025-11-01 08:33:22.284665
2,2025-01-26 15:25:49,2025-01-26 15:31:53,N,1.0,95,196,1.0,1.13,8.6,0.0,0.5,0.0,0.0,,1.0,10.1,2.0,1.0,0.0,0.0,7,2025-11-01 08:33:22.284665
2,2025-01-26 14:58:08,2025-01-26 15:02:58,N,5.0,260,82,1.0,0.68,12.0,0.0,0.0,2.6,0.0,,1.0,15.6,1.0,2.0,0.0,0.0,7,2025-11-01 08:33:22.284665
2,2025-01-26 15:14:03,2025-01-26 15:35:32,N,1.0,66,229,1.0,8.27,35.2,0.0,0.5,8.04,0.0,,1.0,48.24,1.0,1.0,2.75,0.75,7,2025-11-01 08:33:22.284665
2,2025-01-26 15:04:07,2025-01-26 15:10:28,N,1.0,41,41,1.0,0.55,7.2,0.0,0.5,1.74,0.0,,1.0,10.44,1.0,1.0,0.0,0.0,7,2025-11-01 08:33:22.284665
2,2025-01-26 15:43:45,2025-01-26 16:04:30,N,1.0,66,144,1.0,3.02,21.2,0.0,0.5,5.0,0.0,,1.0,31.2,1.0,1.0,2.75,0.75,7,2025-11-01 08:33:22.284665
1,2025-01-26 15:36:08,2025-01-26 15:58:26,N,1.0,97,188,1.0,3.4,21.9,0.0,1.5,4.65,0.0,,1.0,28.05,1.0,1.0,0.0,0.0,7,2025-11-01 08:33:22.284665
2,2025-01-26 15:02:51,2025-01-26 15:21:56,N,1.0,74,238,1.0,3.0,19.1,0.0,0.5,3.5,0.0,,1.0,26.85,1.0,1.0,2.75,0.0,7,2025-11-01 08:33:22.284665
2,2025-01-26 15:25:03,2025-01-26 15:33:30,N,1.0,95,95,1.0,0.97,7.2,0.0,0.5,0.0,0.0,,1.0,8.7,2.0,1.0,0.0,0.0,7,2025-11-01 08:33:22.284665
2,2025-01-26 11:07:41,2025-01-26 11:44:44,N,1.0,66,181,1.0,3.58,20.5,0.0,0.5,0.0,0.0,,1.0,22.0,1.0,1.0,0.0,0.0,7,2025-11-01 08:33:22.284665
2,2025-01-26 15:22:08,2025-01-26 15:28:30,N,1.0,74,75,1.0,1.48,9.3,0.0,0.5,0.0,0.0,,1.0,10.8,2.0,1.0,0.0,0.0,7,2025-11-01 08:33:22.284665
2,2025-01-26 15:39:09,2025-01-26 16:03:46,N,1.0,74,244,1.0,3.36,24.0,0.0,0.5,5.1,0.0,,1.0,30.6,1.0,1.0,0.0,0.0,7,2025-11-01 08:33:22.284665
1,2025-01-26 15:01:55,2025-01-26 15:22:06,N,1.0,260,179,0.0,2.8,17.0,0.0,1.5,5.0,0.0,,1.0,23.5,1.0,1.0,0.0,0.0,7,2025-11-01 08:33:22.284665
2,2025-01-26 15:59:05,2025-01-26 16:14:42,N,1.0,244,41,2.0,3.44,19.1,0.0,0.5,6.18,0.0,,1.0,26.78,1.0,1.0,0.0,0.0,7,2025-11-01 08:33:22.284665
2,2025-01-26 15:21:57,2025-01-26 15:48:33,N,1.0,75,234,1.0,4.16,26.1,0.0,0.5,6.22,0.0,,1.0,37.32,1.0,1.0,2.75,0.75,7,2025-11-01 08:33:22.284665
2,2025-01-26 15:24:28,2025-01-26 15:40:09,N,1.0,95,216,1.0,4.4,21.2,0.0,0.5,0.0,0.0,,1.0,22.7,2.0,1.0,0.0,0.0,7,2025-11-01 08:33:22.284665
2,2025-01-26 15:27:50,2025-01-26 15:42:34,N,1.0,195,25,1.0,2.47,15.6,0.0,0.5,3.08,0.0,,1.0,20.18,1.0,1.0,0.0,0.0,7,2025-11-01 08:33:22.284665
2,2025-01-26 15:27:56,2025-01-26 15:45:11,N,1.0,74,223,1.0,4.35,23.3,0.0,0.5,0.0,6.94,,1.0,31.74,2.0,1.0,0.0,0.0,7,2025-11-01 08:33:22.284665
2,2025-01-26 15:27:25,2025-01-26 15:38:17,N,1.0,41,116,2.0,2.05,12.8,0.0,0.5,2.86,0.0,,1.0,17.16,1.0,1.0,0.0,0.0,7,2025-11-01 08:33:22.284665
2,2025-01-26 15:04:56,2025-01-26 15:18:27,N,1.0,74,24,1.0,1.79,14.2,0.0,0.5,3.14,0.0,,1.0,18.84,1.0,1.0,0.0,0.0,7,2025-11-01 08:33:22.284665
2,2025-01-26 15:04:26,2025-01-26 15:18:48,N,1.0,74,151,1.0,2.13,15.6,0.0,0.5,3.42,0.0,,1.0,20.52,1.0,1.0,0.0,0.0,7,2025-11-01 08:33:22.284665
2,2025-01-26 15:37:00,2025-01-26 15:50:32,N,1.0,74,152,1.0,1.73,14.2,0.0,0.5,3.0,0.0,,1.0,18.7,1.0,1.0,0.0,0.0,7,2025-11-01 08:33:22.284665
1,2025-01-26 15:25:36,2025-01-26 15:30:56,N,1.0,41,42,1.0,1.1,7.2,0.0,1.5,0.08,0.0,,1.0,8.78,1.0,1.0,0.0,0.0,7,2025-11-01 08:33:22.284665
2,2025-01-26 15:02:47,2025-01-26 15:20:56,N,1.0,74,141,1.0,3.11,19.1,0.0,0.5,5.84,0.0,,1.0,29.19,1.0,1.0,2.75,0.0,7,2025-11-01 08:33:22.284665
2,2025-01-26 15:33:13,2025-01-26 15:39:48,N,1.0,74,41,1.0,0.58,7.9,0.0,0.5,0.0,0.0,,1.0,9.4,1.0,1.0,0.0,0.0,7,2025-11-01 08:33:22.284665
2,2025-01-26 15:01:28,2025-01-26 15:20:00,N,1.0,83,255,1.0,4.48,22.6,0.0,0.5,0.0,0.0,,1.0,24.1,2.0,1.0,0.0,0.0,7,2025-11-01 08:33:22.284665
2,2025-01-26 15:46:48,2025-01-26 15:53:49,N,1.0,41,116,1.0,1.15,8.6,0.0,0.5,2.02,0.0,,1.0,12.12,1.0,1.0,0.0,0.0,7,2025-11-01 08:33:22.284665
1,2025-01-26 15:23:58,2025-01-26 15:25:21,N,1.0,264,42,1.0,0.2,3.7,1.0,1.5,0.0,0.0,,1.0,6.2,4.0,1.0,0.0,0.0,7,2025-11-01 08:33:22.284665
1,2025-01-26 15:01:00,2025-01-26 15:09:55,N,1.0,74,166,1.0,1.2,10.0,0.0,1.5,1.38,0.0,,1.0,12.88,1.0,1.0,0.0,0.0,7,2025-11-01 08:33:22.284665
1,2025-01-26 15:28:33,2025-01-26 15:38:47,N,1.0,74,151,1.0,2.0,12.1,0.0,1.5,2.7,0.0,,1.0,16.3,1.0,1.0,0.0,0.0,7,2025-11-01 08:33:22.284665
2,2025-01-26 15:08:21,2025-01-26 15:16:16,N,1.0,130,10,1.0,1.76,10.0,0.0,0.5,0.0,0.0,,1.0,11.5,1.0,1.0,0.0,0.0,7,2025-11-01 08:33:22.284665
2,2025-01-26 14:59:23,2025-01-26 15:15:30,N,1.0,74,141,1.0,2.83,17.0,0.0,0.5,4.25,0.0,,1.0,25.5,1.0,1.0,2.75,0.0,7,2025-11-01 08:33:22.284665
2,2025-01-26 15:47:54,2025-01-26 16:00:33,N,1.0,97,49,1.0,1.71,13.5,0.0,0.5,0.0,0.0,,1.0,15.0,2.0,1.0,0.0,0.0,7,2025-11-01 08:33:22.284665
2,2025-01-26 15:04:15,2025-01-26 15:08:44,N,1.0,74,74,5.0,0.6,6.5,0.0,0.5,0.0,0.0,,1.0,8.0,1.0,1.0,0.0,0.0,7,2025-11-01 08:33:22.284665
2,2025-01-26 15:28:03,2025-01-26 15:32:43,N,1.0,74,75,4.0,0.8,6.5,0.0,0.5,0.0,0.0,,1.0,8.0,2.0,1.0,0.0,0.0,7,2025-11-01 08:33:22.284665
2,2025-01-26 15:30:01,2025-01-26 15:41:23,N,1.0,74,263,1.0,2.22,13.5,0.0,0.5,3.55,0.0,,1.0,21.3,1.0,1.0,2.75,0.0,7,2025-11-01 08:33:22.284665
2,2025-01-26 15:00:14,2025-01-26 15:08:39,N,1.0,260,223,1.0,2.56,13.5,0.0,0.5,3.0,0.0,,1.0,18.0,1.0,1.0,0.0,0.0,7,2025-11-01 08:33:22.284665
2,2025-01-26 15:32:13,2025-01-26 15:38:49,N,1.0,65,49,1.0,1.01,7.9,0.0,0.5,2.82,0.0,,1.0,12.22,1.0,1.0,0.0,0.0,7,2025-11-01 08:33:22.284665
2,2025-01-26 15:45:44,2025-01-26 15:54:12,N,1.0,97,181,1.0,1.22,9.3,0.0,0.5,0.0,0.0,,1.0,10.8,2.0,1.0,0.0,0.0,7,2025-11-01 08:33:22.284665
2,2025-01-26 15:31:28,2025-01-26 15:41:29,N,1.0,83,138,3.0,2.48,13.5,5.0,0.5,0.0,0.0,,1.0,20.0,2.0,1.0,0.0,0.0,7,2025-11-01 08:33:22.284665
2,2025-01-26 15:02:29,2025-01-26 15:13:54,N,1.0,74,167,1.0,2.23,13.5,0.0,0.5,3.0,0.0,,1.0,18.0,1.0,1.0,0.0,0.0,7,2025-11-01 08:33:22.284665
2,2025-01-26 15:07:07,2025-01-26 15:22:43,N,1.0,82,179,1.0,2.79,17.0,0.0,0.5,0.0,0.0,,1.0,18.5,1.0,1.0,0.0,0.0,7,2025-11-01 08:33:22.284665
1,2025-01-26 15:42:47,2025-01-26 15:59:28,N,1.0,97,188,0.0,2.4,17.7,0.0,1.5,0.0,0.0,,1.0,19.2,2.0,1.0,0.0,0.0,7,2025-11-01 08:33:22.284665
2,2025-01-26 15:34:15,2025-01-26 15:41:05,N,1.0,74,236,1.0,1.59,10.0,0.0,0.5,3.56,0.0,,1.0,17.81,1.0,1.0,2.75,0.0,7,2025-11-01 08:33:22.284665
2,2025-01-26 15:56:26,2025-01-26 16:22:02,N,5.0,65,138,1.0,10.76,50.0,5.0,0.0,16.8,0.0,,1.0,72.8,1.0,2.0,0.0,0.0,7,2025-11-01 08:33:22.284665
1,2025-01-26 15:08:19,2025-01-26 16:10:13,N,1.0,241,62,1.0,0.0,52.5,0.0,1.5,0.0,6.94,,1.0,60.94,1.0,1.0,0.0,0.0,7,2025-11-01 08:33:22.284665
2,2025-01-26 15:32:43,2025-01-26 15:48:00,N,1.0,74,151,1.0,2.63,17.0,0.0,0.5,3.7,0.0,,1.0,22.2,1.0,1.0,0.0,0.0,7,2025-11-01 08:33:22.284665
2,2025-01-26 15:28:23,2025-01-26 15:37:58,N,1.0,74,236,1.0,1.92,12.1,0.0,0.5,3.27,0.0,,1.0,19.62,1.0,1.0,2.75,0.0,7,2025-11-01 08:33:22.284665
1,2025-01-26 15:52:15,2025-01-26 16:13:10,N,1.0,97,225,1.0,2.8,17.7,0.0,1.5,3.8,0.0,,1.0,23.0,1.0,1.0,0.0,0.0,7,2025-11-01 08:33:22.284665
2,2025-01-26 15:29:47,2025-01-26 15:43:57,N,1.0,74,138,1.0,6.7,28.2,5.0,0.5,6.25,6.94,,1.0,47.89,1.0,1.0,0.0,0.0,7,2025-11-01 08:33:22.284665
2,2025-01-26 15:08:38,2025-01-26 15:17:01,N,1.0,75,238,2.0,1.43,10.7,0.0,0.5,0.0,0.0,,1.0,14.95,2.0,1.0,2.75,0.0,7,2025-11-01 08:33:22.284665
2,2025-01-26 15:53:32,2025-01-26 16:06:58,N,1.0,236,162,2.0,2.53,16.3,0.0,0.5,2.56,0.0,,1.0,23.86,1.0,1.0,2.75,0.75,7,2025-11-01 08:33:22.284665
2,2025-01-26 15:36:03,2025-01-26 15:47:59,N,1.0,74,236,2.0,2.31,14.2,0.0,0.5,3.69,0.0,,1.0,22.14,1.0,1.0,2.75,0.0,7,2025-11-01 08:33:22.284665
2,2025-01-26 15:33:09,2025-01-26 15:49:58,N,1.0,74,239,1.0,3.61,19.8,0.0,0.5,2.08,0.0,,1.0,26.13,1.0,1.0,2.75,0.0,7,2025-11-01 08:33:22.284665
2,2025-01-26 15:24:17,2025-01-26 15:31:48,N,1.0,195,181,1.0,1.63,10.0,0.0,0.5,3.0,0.0,,1.0,14.5,1.0,1.0,0.0,0.0,7,2025-11-01 08:33:22.284665
2,2025-01-26 15:42:43,2025-01-26 15:42:46,N,5.0,129,264,2.0,0.0,16.0,0.0,0.0,0.0,0.0,,1.0,17.0,1.0,2.0,0.0,0.0,7,2025-11-01 08:33:22.284665
2,2025-01-26 15:03:36,2025-01-26 15:11:57,N,1.0,75,239,1.0,1.82,10.7,0.0,0.5,0.0,0.0,,1.0,14.95,2.0,1.0,2.75,0.0,7,2025-11-01 08:33:22.284665
2,2025-01-26 15:37:15,2025-01-26 15:48:59,N,1.0,74,263,1.0,1.89,12.8,0.0,0.5,2.56,0.0,,1.0,19.61,1.0,1.0,2.75,0.0,7,2025-11-01 08:33:22.284665
2,2025-01-26 15:31:02,2025-01-26 15:46:14,N,1.0,74,116,1.0,2.52,16.3,0.0,0.5,3.56,0.0,,1.0,21.36,1.0,1.0,0.0,0.0,7,2025-11-01 08:33:22.284665
2,2025-01-26 15:16:18,2025-01-26 15:29:09,N,1.0,97,181,1.0,1.12,12.1,0.0,0.5,2.72,0.0,,1.0,16.32,1.0,1.0,0.0,0.0,7,2025-11-01 08:33:22.284665
2,2025-01-26 15:50:29,2025-01-26 16:04:51,N,1.0,95,102,1.0,2.76,15.6,0.0,0.5,0.0,0.0,,1.0,17.1,2.0,1.0,0.0,0.0,7,2025-11-01 08:33:22.284665
2,2025-01-26 14:58:53,2025-01-26 15:11:20,N,1.0,74,263,1.0,2.53,14.9,0.0,0.5,3.0,0.0,,1.0,22.15,1.0,1.0,2.75,0.0,7,2025-11-01 08:33:22.284665
1,2025-01-26 15:45:43,2025-01-26 16:01:26,N,1.0,75,141,2.0,0.0,13.5,2.75,1.5,2.5,0.0,,1.0,20.25,1.0,1.0,2.75,0.0,7,2025-11-01 08:33:22.284665
2,2025-01-26 15:47:40,2025-01-26 15:49:39,N,1.0,40,52,1.0,0.32,4.4,0.0,0.5,0.0,0.0,,1.0,5.9,2.0,1.0,0.0,0.0,7,2025-11-01 08:33:22.284665
2,2025-01-26 15:44:40,2025-01-26 15:51:59,N,1.0,95,95,1.0,0.77,7.9,0.0,0.5,2.35,0.0,,1.0,11.75,1.0,1.0,0.0,0.0,7,2025-11-01 08:33:22.284665
2,2025-01-26 15:07:09,2025-01-26 15:24:41,N,1.0,43,229,1.0,3.53,19.1,0.0,0.5,0.0,0.0,,1.0,24.1,2.0,1.0,2.75,0.75,7,2025-11-01 08:33:22.284665
2,2025-01-26 15:17:52,2025-01-26 15:58:42,N,1.0,92,97,1.0,11.75,49.9,0.0,0.5,0.0,0.0,,1.0,51.4,2.0,1.0,0.0,0.0,7,2025-11-01 08:33:22.284665
2,2025-01-26 15:01:58,2025-01-27 14:41:45,N,1.0,74,263,1.0,2.19,15.6,0.0,0.5,3.97,0.0,,1.0,23.82,1.0,1.0,2.75,0.0,7,2025-11-01 08:33:22.284665
2,2025-01-26 15:31:58,2025-01-26 15:43:18,N,1.0,74,166,1.0,1.94,12.8,0.0,0.5,2.86,0.0,,1.0,17.16,1.0,1.0,0.0,0.0,7,2025-11-01 08:33:22.284665
2,2025-01-26 14:22:56,2025-01-26 14:35:44,N,1.0,43,263,1.0,1.44,12.8,0.0,0.5,3.41,0.0,,1.0,20.46,1.0,1.0,2.75,0.0,7,2025-11-01 08:33:22.284665
2,2025-01-26 14:57:25,2025-01-26 15:07:43,N,1.0,75,42,1.0,2.28,13.5,0.0,0.5,0.0,0.0,,1.0,15.0,1.0,1.0,0.0,0.0,7,2025-11-01 08:33:22.284665
2,2025-01-26 16:11:20,2025-01-26 16:23:14,N,5.0,75,263,1.0,1.08,11.92,0.0,0.5,1.06,0.0,,1.0,14.48,1.0,1.0,0.0,0.0,7,2025-11-01 08:33:22.284665
2,2025-01-26 16:47:18,2025-01-26 16:56:03,N,1.0,75,236,1.0,1.45,10.7,0.0,0.5,2.99,0.0,,1.0,17.94,1.0,1.0,2.75,0.0,7,2025-11-01 08:33:22.284665
2,2025-01-26 16:32:27,2025-01-26 16:37:54,N,1.0,7,223,1.0,0.85,7.2,0.0,0.5,1.74,0.0,,1.0,10.44,1.0,1.0,0.0,0.0,7,2025-11-01 08:33:22.284665
1,2025-01-26 16:01:39,2025-01-26 16:20:06,N,1.0,74,239,0.0,3.2,19.1,5.25,1.5,0.0,0.0,,1.0,25.85,2.0,1.0,2.75,0.0,7,2025-11-01 08:33:22.284665
2,2025-01-26 16:00:24,2025-01-26 16:19:33,N,1.0,74,142,1.0,3.47,20.5,0.0,0.5,0.0,0.0,,1.0,24.75,2.0,1.0,2.75,0.0,7,2025-11-01 08:33:22.284665
2,2025-01-26 16:03:59,2025-01-26 16:16:33,N,1.0,130,132,1.0,4.07,18.4,0.0,0.5,3.98,0.0,,1.0,23.88,1.0,1.0,0.0,0.0,7,2025-11-01 08:33:22.284665
2,2025-01-26 16:18:30,2025-01-26 16:24:08,N,1.0,166,41,1.0,0.98,7.9,0.0,0.5,2.35,0.0,,1.0,11.75,1.0,1.0,0.0,0.0,7,2025-11-01 08:33:22.284665
2,2025-01-26 16:18:48,2025-01-26 16:31:26,N,1.0,97,17,2.0,1.77,12.8,0.0,0.5,0.0,0.0,,1.0,14.3,2.0,1.0,0.0,0.0,7,2025-11-01 08:33:22.284665
1,2025-01-26 16:26:29,2025-01-26 16:44:47,N,1.0,65,188,1.0,2.9,19.1,0.0,1.5,4.1,0.0,,1.0,24.7,1.0,1.0,0.0,0.0,7,2025-11-01 08:33:22.284665
2,2025-01-26 16:00:15,2025-01-26 16:17:22,N,1.0,74,116,1.0,2.12,17.0,0.0,0.5,1.0,0.0,,1.0,19.5,1.0,1.0,0.0,0.0,7,2025-11-01 08:33:22.284665
2,2025-01-26 16:06:24,2025-01-26 16:11:11,N,1.0,41,74,1.0,0.93,7.2,0.0,0.5,0.0,0.0,,1.0,8.7,2.0,1.0,0.0,0.0,7,2025-11-01 08:33:22.284665
2,2025-01-26 16:37:01,2025-01-26 16:50:21,N,1.0,97,49,2.0,1.85,13.5,0.0,0.5,3.0,0.0,,1.0,18.0,1.0,1.0,0.0,0.0,7,2025-11-01 08:33:22.284665
2,2025-01-26 16:10:39,2025-01-26 16:25:29,N,1.0,130,102,1.0,2.96,17.0,0.0,0.5,0.0,0.0,,1.0,18.5,2.0,1.0,0.0,0.0,7,2025-11-01 08:33:22.284665
2,2025-01-26 16:44:49,2025-01-26 16:52:50,N,1.0,130,215,1.0,1.74,10.0,0.0,0.5,2.3,0.0,,1.0,13.8,1.0,1.0,0.0,0.0,7,2025-11-01 08:33:22.284665
2,2025-01-26 16:37:27,2025-01-26 16:46:35,N,1.0,74,41,1.0,1.45,10.7,0.0,0.5,1.83,0.0,,1.0,14.03,1.0,1.0,0.0,0.0,7,2025-11-01 08:33:22.284665
2,2025-01-26 16:17:05,2025-01-26 16:31:50,N,1.0,62,40,1.0,2.39,15.6,0.0,0.5,4.28,0.0,,1.0,21.38,1.0,1.0,0.0,0.0,7,2025-11-01 08:33:22.284665
2,2025-01-26 06:53:18,2025-01-26 07:04:25,N,1.0,74,263,1.0,2.33,13.5,0.0,0.5,3.55,0.0,,1.0,21.3,1.0,1.0,2.75,0.0,7,2025-11-01 08:33:22.284665
2,2025-01-26 07:01:04,2025-01-26 07:15:01,N,1.0,74,238,1.0,2.92,15.6,0.0,0.5,4.96,0.0,,1.0,24.81,1.0,1.0,2.75,0.0,7,2025-11-01 08:33:22.284665
2,2025-01-26 16:24:59,2025-01-26 17:00:13,N,1.0,75,125,1.0,7.38,39.4,0.0,0.5,5.0,0.0,,1.0,49.4,1.0,1.0,2.75,0.75,7,2025-11-01 08:33:22.284665
2,2025-01-26 16:04:51,2025-01-26 16:36:45,N,1.0,66,68,1.0,8.88,41.5,0.0,0.5,9.3,0.0,,1.0,55.8,1.0,1.0,2.75,0.75,7,2025-11-01 08:33:22.284665
2,2025-01-26 16:57:50,2025-01-26 17:07:00,N,1.0,74,75,1.0,1.41,10.7,0.0,0.5,0.0,0.0,,1.0,12.2,2.0,1.0,0.0,0.0,7,2025-11-01 08:33:22.284665
2,2025-01-26 16:44:07,2025-01-26 16:44:12,N,5.0,37,37,0.0,0.0,28.0,0.0,0.0,5.8,0.0,,1.0,34.8,1.0,2.0,0.0,0.0,7,2025-11-01 08:33:22.284665
1,2025-01-26 16:13:53,2025-01-26 16:23:46,N,1.0,260,7,1.0,1.6,11.4,0.0,1.5,0.0,0.0,,1.0,12.9,2.0,1.0,0.0,0.0,7,2025-11-01 08:33:22.284665
2,2025-01-26 16:34:03,2025-01-26 16:41:53,N,1.0,74,75,1.0,1.53,9.3,0.0,0.5,0.0,0.0,,1.0,10.8,2.0,1.0,0.0,0.0,7,2025-11-01 08:33:22.284665
2,2025-01-26 16:00:07,2025-01-26 16:08:47,N,1.0,74,236,1.0,1.51,10.0,0.0,0.5,0.0,0.0,,1.0,11.5,2.0,1.0,0.0,0.0,7,2025-11-01 08:33:22.284665
2,2025-01-26 16:31:01,2025-01-26 16:40:31,N,1.0,74,238,1.0,2.3,12.1,0.0,0.5,2.72,0.0,,1.0,16.32,1.0,1.0,0.0,0.0,7,2025-11-01 08:33:22.284665
2,2025-01-26 16:34:10,2025-01-26 16:44:09,N,1.0,74,263,1.0,1.96,12.1,0.0,0.5,3.27,0.0,,1.0,19.62,1.0,1.0,2.75,0.0,7,2025-11-01 08:33:22.284665
1,2025-01-26 16:00:13,2025-01-26 16:06:58,N,1.0,244,243,1.0,1.2,7.9,0.0,1.5,2.8,0.0,,1.0,12.2,1.0,1.0,0.0,0.0,7,2025-11-01 08:33:22.284665
1,2025-01-26 16:43:35,2025-01-26 16:59:43,N,1.0,244,48,1.0,6.7,27.5,3.5,1.5,9.75,0.0,,1.0,42.25,1.0,1.0,2.75,0.75,7,2025-11-01 08:33:22.284665
2,2025-01-26 16:31:51,2025-01-26 16:52:58,N,1.0,195,89,1.0,5.17,26.1,0.0,0.5,5.52,0.0,,1.0,33.12,1.0,1.0,0.0,0.0,7,2025-11-01 08:33:22.284665
2,2025-01-26 16:03:20,2025-01-26 16:22:57,N,1.0,74,238,1.0,3.33,20.5,0.0,0.5,2.2,0.0,,1.0,26.95,1.0,1.0,2.75,0.0,7,2025-11-01 08:33:22.284665
2,2025-01-26 16:06:48,2025-01-26 16:19:17,N,1.0,82,129,1.0,3.02,16.3,0.0,0.5,0.0,0.0,,1.0,17.8,2.0,1.0,0.0,0.0,7,2025-11-01 08:33:22.284665
2,2025-01-26 16:30:11,2025-01-26 16:43:29,N,1.0,74,244,2.0,2.84,15.6,0.0,0.5,3.42,0.0,,1.0,20.52,1.0,1.0,0.0,0.0,7,2025-11-01 08:33:22.284665
2,2025-01-26 16:10:12,2025-01-26 16:39:05,N,1.0,7,238,1.0,6.88,34.5,0.0,0.5,0.0,6.94,,1.0,45.69,1.0,1.0,2.75,0.0,7,2025-11-01 08:33:22.284665
2,2025-01-26 16:44:08,2025-01-26 16:49:30,N,1.0,223,223,1.0,1.26,7.9,0.0,0.5,1.88,0.0,,1.0,11.28,1.0,1.0,0.0,0.0,7,2025-11-01 08:33:22.284665
2,2025-01-26 16:34:01,2025-01-26 16:46:01,N,1.0,74,263,1.0,2.44,14.2,0.0,0.5,3.69,0.0,,1.0,22.14,1.0,1.0,2.75,0.0,7,2025-11-01 08:33:22.284665
2,2025-01-26 16:33:32,2025-01-26 16:43:34,N,1.0,74,262,1.0,2.32,12.8,0.0,0.5,3.41,0.0,,1.0,20.46,1.0,1.0,2.75,0.0,7,2025-11-01 08:33:22.284665
2,2025-01-26 16:43:47,2025-01-26 16:49:43,N,1.0,95,95,1.0,0.6,7.2,0.0,0.5,0.0,0.0,,1.0,8.7,2.0,1.0,0.0,0.0,7,2025-11-01 08:33:22.284665
1,2025-01-26 16:05:27,2025-01-26 16:19:42,N,1.0,74,263,2.0,2.1,13.5,2.75,1.5,3.55,0.0,,1.0,21.3,1.0,1.0,2.75,0.0,7,2025-11-01 08:33:22.284665
2,2025-01-26 16:04:45,2025-01-26 16:05:28,N,5.0,7,7,1.0,0.21,12.0,0.0,0.0,0.0,0.0,,1.0,13.0,1.0,2.0,0.0,0.0,7,2025-11-01 08:33:22.284665
2,2025-01-26 16:14:34,2025-01-26 16:28:23,N,1.0,130,138,1.0,7.32,28.9,5.0,0.5,0.0,0.0,,1.0,35.4,1.0,1.0,0.0,0.0,7,2025-11-01 08:33:22.284665
2,2025-01-26 16:01:01,2025-01-26 16:17:32,N,1.0,74,244,1.0,3.02,17.7,0.0,0.5,3.84,0.0,,1.0,23.04,1.0,1.0,0.0,0.0,7,2025-11-01 08:33:22.284665
2,2025-01-26 16:57:03,2025-01-26 17:24:34,N,1.0,129,163,1.0,5.23,28.2,0.0,0.5,0.0,0.0,,1.0,33.2,2.0,1.0,2.75,0.75,7,2025-11-01 08:33:22.284665
2,2025-01-26 16:34:35,2025-01-26 16:44:46,N,1.0,74,24,1.0,1.06,10.7,0.0,0.5,2.44,0.0,,1.0,14.64,1.0,1.0,0.0,0.0,7,2025-11-01 08:33:22.284665
2,2025-01-26 16:37:00,2025-01-26 16:49:55,N,1.0,74,239,1.0,2.98,15.6,0.0,0.5,4.96,0.0,,1.0,24.81,1.0,1.0,2.75,0.0,7,2025-11-01 08:33:22.284665
1,2025-01-26 16:30:57,2025-01-26 16:44:03,N,1.0,74,24,1.0,2.2,14.2,0.0,1.5,3.1,0.0,,1.0,18.8,1.0,1.0,0.0,0.0,7,2025-11-01 08:33:22.284665
2,2025-01-26 16:37:14,2025-01-26 16:46:02,N,1.0,74,75,6.0,1.64,10.7,0.0,0.5,3.05,0.0,,1.0,15.25,1.0,1.0,0.0,0.0,7,2025-11-01 08:33:22.284665
1,2025-01-26 16:18:33,2025-01-26 16:33:38,N,1.0,166,142,1.0,2.8,16.3,2.75,1.5,2.2,0.0,,1.0,22.75,1.0,1.0,2.75,0.0,7,2025-11-01 08:33:22.284665
2,2025-01-26 16:17:40,2025-01-26 16:48:07,N,1.0,97,165,1.0,5.14,30.3,0.0,0.5,6.36,0.0,,1.0,38.16,1.0,1.0,0.0,0.0,7,2025-11-01 08:33:22.284665
2,2025-01-26 16:01:09,2025-01-26 16:18:27,N,1.0,97,181,1.0,2.87,18.4,0.0,0.5,3.98,0.0,,1.0,23.88,1.0,1.0,0.0,0.0,7,2025-11-01 08:33:22.284665
2,2025-01-26 16:10:21,2025-01-26 16:17:20,N,1.0,130,134,1.0,2.1,11.4,0.0,0.5,1.0,0.0,,1.0,13.9,1.0,1.0,0.0,0.0,7,2025-11-01 08:33:22.284665
2,2025-01-26 15:59:55,2025-01-26 16:19:21,N,1.0,74,239,1.0,3.17,20.5,0.0,0.5,2.48,0.0,,1.0,27.23,1.0,1.0,2.75,0.0,7,2025-11-01 08:33:22.284665
2,2025-01-26 16:33:48,2025-01-26 16:45:18,N,1.0,74,116,1.0,2.11,12.8,0.0,0.5,0.0,0.0,,1.0,14.3,2.0,1.0,0.0,0.0,7,2025-11-01 08:33:22.284665
2,2025-01-26 16:27:50,2025-01-26 16:33:43,N,1.0,97,97,1.0,0.47,6.5,0.0,0.5,1.6,0.0,,1.0,9.6,1.0,1.0,0.0,0.0,7,2025-11-01 08:33:22.284665
2,2025-01-26 16:46:13,2025-01-26 16:58:33,N,1.0,97,106,1.0,1.92,12.8,0.0,0.5,2.86,0.0,,1.0,17.16,1.0,1.0,0.0,0.0,7,2025-11-01 08:33:22.284665
2,2025-01-26 16:42:21,2025-01-26 16:47:57,N,1.0,97,97,1.0,0.99,7.9,0.0,0.5,2.35,0.0,,1.0,11.75,1.0,1.0,0.0,0.0,7,2025-11-01 08:33:22.284665
2,2025-01-26 16:17:11,2025-01-26 16:39:27,N,1.0,97,89,1.0,3.74,23.3,0.0,0.5,4.96,0.0,,1.0,29.76,1.0,1.0,0.0,0.0,7,2025-11-01 08:33:22.284665
2,2025-01-26 16:54:22,2025-01-26 17:07:05,N,1.0,97,17,1.0,1.92,12.8,0.0,0.5,2.86,0.0,,1.0,17.16,1.0,1.0,0.0,0.0,7,2025-11-01 08:33:22.284665
2,2025-01-26 16:40:48,2025-01-26 16:49:44,N,1.0,82,138,1.0,3.69,17.0,5.0,0.5,4.7,0.0,,1.0,28.2,1.0,1.0,0.0,0.0,7,2025-11-01 08:33:22.284665
2,2025-01-26 16:35:36,2025-01-26 16:46:30,N,1.0,82,129,2.0,1.25,10.7,0.0,0.5,0.0,0.0,,1.0,12.2,2.0,1.0,0.0,0.0,7,2025-11-01 08:33:22.284665
2,2025-01-26 16:05:05,2025-01-26 16:14:22,N,1.0,74,41,1.0,1.1,10.0,0.0,0.5,3.45,0.0,,1.0,14.95,1.0,1.0,0.0,0.0,7,2025-11-01 08:33:22.284665
1,2025-01-26 16:38:18,2025-01-26 17:02:23,N,1.0,65,89,0.0,4.1,24.7,0.0,1.5,5.2,0.0,,1.0,31.4,1.0,1.0,0.0,0.0,7,2025-11-01 08:33:22.284665
2,2025-01-26 16:03:01,2025-01-26 16:13:37,N,1.0,75,263,1.0,1.11,10.7,0.0,0.5,2.8,0.0,,1.0,17.75,1.0,1.0,2.75,0.0,7,2025-11-01 08:33:22.284665
2,2025-01-26 16:16:14,2025-01-26 16:28:49,N,1.0,75,239,1.0,2.01,14.2,0.0,0.5,3.69,0.0,,1.0,22.14,1.0,1.0,2.75,0.0,7,2025-11-01 08:33:22.284665
2,2025-01-26 16:31:08,2025-01-26 16:38:28,N,1.0,74,236,1.0,1.73,10.0,0.0,0.5,2.85,0.0,,1.0,17.1,1.0,1.0,2.75,0.0,7,2025-11-01 08:33:22.284665
2,2025-01-26 16:26:58,2025-01-26 16:45:56,N,1.0,97,89,1.0,8.87,34.5,0.0,0.5,4.0,0.0,,1.0,40.0,1.0,1.0,0.0,0.0,7,2025-11-01 08:33:22.284665
2,2025-01-26 16:33:56,2025-01-26 16:44:14,N,1.0,74,238,1.0,2.54,13.5,0.0,0.5,4.44,0.0,,1.0,22.19,1.0,1.0,2.75,0.0,7,2025-11-01 08:33:22.284665
2,2025-01-26 16:15:58,2025-01-26 16:29:02,N,1.0,75,142,1.0,2.63,15.6,0.0,0.5,5.0,0.0,,1.0,24.85,1.0,1.0,2.75,0.0,7,2025-11-01 08:33:22.284665
2,2025-01-26 16:32:44,2025-01-26 16:45:51,N,1.0,74,262,1.0,2.21,14.2,0.0,0.5,1.84,0.0,,1.0,20.29,1.0,1.0,2.75,0.0,7,2025-11-01 08:33:22.284665
2,2025-01-26 16:52:55,2025-01-26 16:55:07,N,1.0,75,74,1.0,0.5,5.1,0.0,0.5,0.0,0.0,,1.0,6.6,2.0,1.0,0.0,0.0,7,2025-11-01 08:33:22.284665
2,2025-01-26 16:26:57,2025-01-26 16:55:16,N,1.0,75,162,1.0,4.24,27.5,0.0,0.5,6.5,0.0,,1.0,39.0,1.0,1.0,2.75,0.75,7,2025-11-01 08:33:22.284665
2,2025-01-26 16:54:11,2025-01-26 17:02:36,N,1.0,74,236,1.0,1.99,11.4,0.0,0.5,3.13,0.0,,1.0,18.78,1.0,1.0,2.75,0.0,7,2025-11-01 08:33:22.284665
2,2025-01-26 16:22:02,2025-01-26 16:37:18,N,1.0,97,17,2.0,2.18,14.9,0.0,0.5,3.28,0.0,,1.0,19.68,1.0,1.0,0.0,0.0,7,2025-11-01 08:33:22.284665
2,2025-01-26 16:01:24,2025-01-26 16:11:59,N,1.0,74,41,1.0,1.19,11.4,0.0,0.5,2.58,0.0,,1.0,15.48,1.0,1.0,0.0,0.0,7,2025-11-01 08:33:22.284665
2,2025-01-26 16:36:56,2025-01-26 16:47:29,N,1.0,74,166,1.0,1.38,11.4,0.0,0.5,2.58,0.0,,1.0,15.48,1.0,1.0,0.0,0.0,7,2025-11-01 08:33:22.284665
2,2025-01-26 16:22:46,2025-01-26 16:32:00,N,1.0,74,41,1.0,1.29,10.7,0.0,0.5,2.0,0.0,,1.0,14.2,1.0,1.0,0.0,0.0,7,2025-11-01 08:33:22.284665
2,2025-01-26 16:20:08,2025-01-26 16:30:06,N,1.0,82,7,5.0,2.33,13.5,0.0,0.5,0.02,0.0,,1.0,15.02,1.0,1.0,0.0,0.0,7,2025-11-01 08:33:22.284665
2,2025-01-26 15:31:04,2025-01-26 15:43:15,N,1.0,74,263,1.0,2.37,14.2,0.0,0.5,3.69,0.0,,1.0,22.14,1.0,1.0,2.75,0.0,7,2025-11-01 08:33:22.284665
2,2025-01-26 16:01:01,2025-01-26 16:07:31,N,1.0,75,263,1.0,1.16,8.6,0.0,0.5,2.57,0.0,,1.0,15.42,1.0,1.0,2.75,0.0,7,2025-11-01 08:33:22.284665
2,2025-01-26 16:46:20,2025-01-26 16:55:24,N,5.0,195,181,1.0,1.5,13.09,0.0,0.0,0.0,0.0,,1.0,14.09,1.0,2.0,0.0,0.0,7,2025-11-01 08:33:22.284665
2,2025-01-26 16:38:04,2025-01-26 16:46:45,N,1.0,74,236,3.0,1.77,10.7,0.0,0.5,2.99,0.0,,1.0,17.94,1.0,1.0,2.75,0.0,7,2025-11-01 08:33:22.284665
2,2025-01-26 17:00:35,2025-01-26 17:13:57,N,1.0,74,151,2.0,2.45,15.6,0.0,0.5,0.0,0.0,,1.0,17.1,2.0,1.0,0.0,0.0,7,2025-11-01 08:33:22.284665
1,2025-01-26 16:26:43,2025-01-26 17:12:39,N,1.0,38,17,1.0,0.0,44.5,0.0,1.5,0.0,0.0,,1.0,46.0,1.0,1.0,0.0,0.0,7,2025-11-01 08:33:22.284665
2,2025-01-26 16:30:32,2025-01-26 16:52:01,N,1.0,74,246,1.0,6.85,31.0,0.0,0.5,0.0,0.0,,1.0,36.0,2.0,1.0,2.75,0.75,7,2025-11-01 08:33:22.284665
2,2025-01-26 16:44:11,2025-01-26 17:12:35,N,5.0,195,198,1.0,10.4,40.0,0.0,0.0,0.7,0.0,,1.0,41.7,1.0,2.0,0.0,0.0,7,2025-11-01 08:33:22.284665
2,2025-01-26 16:14:26,2025-01-26 16:19:04,N,1.0,56,82,6.0,0.35,5.8,0.0,0.5,0.0,0.0,,1.0,7.3,2.0,1.0,0.0,0.0,7,2025-11-01 08:33:22.284665
2,2025-01-26 16:14:36,2025-01-26 16:21:34,N,1.0,236,263,1.0,0.71,7.9,0.0,0.5,3.04,0.0,,1.0,15.19,1.0,1.0,2.75,0.0,7,2025-11-01 08:33:22.284665
2,2025-01-26 16:58:47,2025-01-26 17:03:14,N,1.0,166,166,1.0,0.69,6.5,0.0,0.5,2.0,0.0,,1.0,10.0,1.0,1.0,0.0,0.0,7,2025-11-01 08:33:22.284665
2,2025-01-26 16:23:12,2025-01-26 16:31:30,N,5.0,129,138,1.0,3.53,24.0,5.0,0.0,0.0,0.0,,1.0,30.0,1.0,2.0,0.0,0.0,7,2025-11-01 08:33:22.284665
2,2025-01-26 16:24:28,2025-01-26 16:41:54,N,1.0,43,140,1.0,2.5,17.7,0.0,0.5,4.0,0.0,,1.0,25.95,1.0,1.0,2.75,0.0,7,2025-11-01 08:33:22.284665
2,2025-01-26 16:03:37,2025-01-26 16:18:49,N,1.0,74,42,1.0,2.48,16.3,0.0,0.5,0.0,0.0,,1.0,17.8,2.0,1.0,0.0,0.0,7,2025-11-01 08:33:22.284665
2,2025-01-26 16:32:44,2025-01-26 16:46:29,N,1.0,74,238,1.0,2.61,14.9,0.0,0.5,2.87,0.0,,1.0,22.02,1.0,1.0,2.75,0.0,7,2025-11-01 08:33:22.284665
2,2025-01-26 15:59:58,2025-01-26 16:05:50,N,1.0,25,65,1.0,0.61,7.2,0.0,0.5,0.0,0.0,,1.0,8.7,2.0,1.0,0.0,0.0,7,2025-11-01 08:33:22.284665
2,2025-01-26 16:00:29,2025-01-26 16:11:43,N,1.0,74,238,1.0,2.39,13.5,0.0,0.5,3.55,0.0,,1.0,21.3,1.0,1.0,2.75,0.0,7,2025-11-01 08:33:22.284665
2,2025-01-26 16:16:44,2025-01-26 16:39:35,N,1.0,236,230,1.0,2.77,21.2,0.0,0.5,5.24,0.0,,1.0,31.44,1.0,1.0,2.75,0.75,7,2025-11-01 08:33:22.284665
2,2025-01-26 16:02:16,2025-01-26 16:14:29,N,1.0,74,116,1.0,2.09,13.5,0.0,0.5,2.0,0.0,,1.0,17.0,1.0,1.0,0.0,0.0,7,2025-11-01 08:33:22.284665
1,2025-01-26 16:25:17,2025-01-26 16:49:59,N,1.0,65,177,2.0,4.6,24.0,0.0,1.5,5.1,0.0,,1.0,30.6,1.0,1.0,0.0,0.0,7,2025-11-01 08:33:22.284665
2,2025-01-26 16:01:04,2025-01-26 16:11:39,N,1.0,74,236,1.0,1.62,11.4,0.0,0.5,3.13,0.0,,1.0,18.78,1.0,1.0,2.75,0.0,7,2025-11-01 08:33:22.284665
2,2025-01-26 16:35:22,2025-01-26 16:44:02,N,1.0,74,236,1.0,1.86,10.7,0.0,0.5,2.99,0.0,,1.0,17.94,1.0,1.0,2.75,0.0,7,2025-11-01 08:33:22.284665
2,2025-01-26 16:01:25,2025-01-26 16:16:22,N,1.0,95,130,1.0,3.2,17.0,0.0,0.5,3.7,0.0,,1.0,22.2,1.0,1.0,0.0,0.0,7,2025-11-01 08:33:22.284665
2,2025-01-26 16:13:34,2025-01-26 16:22:14,N,1.0,75,166,1.0,1.71,10.7,0.0,0.5,2.44,0.0,,1.0,14.64,1.0,1.0,0.0,0.0,7,2025-11-01 08:33:22.284665
2,2025-01-26 16:36:25,2025-01-26 16:50:57,N,1.0,74,244,1.0,0.0,12.8,0.0,0.5,3.58,0.0,,1.0,17.88,1.0,1.0,0.0,0.0,7,2025-11-01 08:33:22.284665
1,2025-01-26 17:05:53,2025-01-26 17:14:37,N,1.0,41,75,0.0,1.7,10.7,2.5,1.5,0.74,0.0,,1.0,15.44,1.0,1.0,0.0,0.0,7,2025-11-01 08:33:22.284665
1,2025-01-26 17:24:21,2025-01-26 17:39:23,N,1.0,74,262,0.0,3.0,17.0,5.25,1.5,4.75,0.0,,1.0,28.5,1.0,1.0,2.75,0.0,7,2025-11-01 08:33:22.284665
1,2025-01-26 17:58:58,2025-01-26 18:11:16,N,1.0,74,166,0.0,2.0,12.8,2.5,1.5,2.0,0.0,,1.0,18.8,1.0,1.0,0.0,0.0,7,2025-11-01 08:33:22.284665
2,2025-01-26 17:49:25,2025-01-26 17:55:08,N,1.0,41,42,1.0,1.05,7.9,0.0,0.5,1.88,0.0,,1.0,11.28,1.0,1.0,0.0,0.0,7,2025-11-01 08:33:22.284665
2,2025-01-26 17:55:42,2025-01-26 17:55:49,N,5.0,215,215,1.0,0.05,15.0,0.0,0.0,4.0,0.0,,1.0,20.0,1.0,2.0,0.0,0.0,7,2025-11-01 08:33:22.284665
2,2025-01-26 17:12:49,2025-01-26 17:21:16,N,1.0,75,41,1.0,1.77,10.7,0.0,0.5,2.44,0.0,,1.0,14.64,1.0,1.0,0.0,0.0,7,2025-11-01 08:33:22.284665
2,2025-01-26 17:52:50,2025-01-26 18:04:28,N,1.0,166,75,1.0,1.91,13.5,0.0,0.5,3.0,0.0,,1.0,18.0,1.0,1.0,0.0,0.0,7,2025-11-01 08:33:22.284665
2,2025-01-26 17:32:28,2025-01-26 17:44:33,N,1.0,97,49,2.0,1.41,11.4,0.0,0.5,2.58,0.0,,1.0,15.48,1.0,1.0,0.0,0.0,7,2025-11-01 08:33:22.284665
1,2025-01-26 17:24:21,2025-01-26 17:52:18,N,1.0,65,89,0.0,5.1,30.3,0.0,1.5,6.35,0.0,,1.0,38.15,1.0,1.0,0.0,0.0,7,2025-11-01 08:33:22.284665
2,2025-01-26 17:27:09,2025-01-26 17:40:56,N,1.0,74,236,2.0,2.51,14.9,0.0,0.5,2.0,0.0,,1.0,21.15,1.0,1.0,2.75,0.0,7,2025-11-01 08:33:22.284665
2,2025-01-26 17:48:37,2025-01-26 17:56:30,N,1.0,75,263,2.0,1.28,10.0,0.0,0.5,0.0,0.0,,1.0,14.25,2.0,1.0,2.75,0.0,7,2025-11-01 08:33:22.284665
2,2025-01-26 17:56:03,2025-01-26 18:23:58,N,1.0,7,7,1.0,3.7,25.4,0.0,0.5,24.0,0.0,,1.0,50.9,1.0,1.0,0.0,0.0,7,2025-11-01 08:33:22.284665
2,2025-01-26 17:19:29,2025-01-26 17:32:24,N,1.0,97,181,1.0,2.04,13.5,0.0,0.5,3.0,0.0,,1.0,18.0,1.0,1.0,0.0,0.0,7,2025-11-01 08:33:22.284665
2,2025-01-26 17:35:49,2025-01-26 17:41:17,N,1.0,74,263,1.0,1.39,7.9,0.0,0.5,1.25,0.0,,1.0,13.4,1.0,1.0,2.75,0.0,7,2025-11-01 08:33:22.284665
2,2025-01-26 17:01:31,2025-01-26 17:09:55,N,1.0,74,43,1.0,2.04,11.4,0.0,0.5,6.0,0.0,,1.0,21.65,1.0,1.0,2.75,0.0,7,2025-11-01 08:33:22.284665
2,2025-01-26 17:25:55,2025-01-26 17:34:35,N,1.0,74,236,1.0,1.99,11.4,0.0,0.5,3.13,0.0,,1.0,18.78,1.0,1.0,2.75,0.0,7,2025-11-01 08:33:22.284665
2,2025-01-26 17:52:50,2025-01-26 18:06:29,N,1.0,74,24,1.0,2.19,14.2,0.0,0.5,3.14,0.0,,1.0,18.84,1.0,1.0,0.0,0.0,7,2025-11-01 08:33:22.284665
2,2025-01-26 17:28:54,2025-01-26 17:41:08,N,1.0,74,236,2.0,2.15,13.5,0.0,0.5,0.0,0.0,,1.0,17.75,2.0,1.0,2.75,0.0,7,2025-11-01 08:33:22.284665
2,2025-01-26 06:31:49,2025-01-26 06:46:44,N,1.0,74,238,1.0,3.1,16.3,0.0,0.5,4.11,0.0,,1.0,24.66,1.0,1.0,2.75,0.0,7,2025-11-01 08:33:22.284665
2,2025-01-26 17:34:20,2025-01-26 17:52:00,N,5.0,82,260,2.0,2.34,20.0,0.0,0.0,5.25,0.0,,1.0,26.25,1.0,1.0,0.0,0.0,7,2025-11-01 08:33:22.284665
1,2025-01-26 17:08:15,2025-01-26 17:27:29,N,1.0,65,228,1.0,2.6,19.8,0.0,1.5,4.25,0.0,,1.0,25.55,1.0,1.0,0.0,0.0,7,2025-11-01 08:33:22.284665
1,2025-01-26 17:14:53,2025-01-26 17:18:34,N,1.0,75,236,1.0,0.7,5.8,2.75,1.5,2.5,0.0,,1.0,12.55,1.0,1.0,2.75,0.0,7,2025-11-01 08:33:22.284665
1,2025-01-26 17:30:19,2025-01-26 17:36:04,N,1.0,75,236,1.0,1.0,7.2,2.75,1.5,2.25,0.0,,1.0,13.7,1.0,1.0,2.75,0.0,7,2025-11-01 08:33:22.284665
1,2025-01-26 17:49:32,2025-01-26 17:59:53,N,1.0,236,237,2.0,1.8,10.7,2.75,1.5,2.95,0.0,,1.0,17.9,1.0,1.0,2.75,0.0,7,2025-11-01 08:33:22.284665
2,2025-01-26 17:02:13,2025-01-26 17:12:38,N,1.0,95,196,1.0,1.53,10.7,0.0,0.5,0.0,0.0,,1.0,12.2,2.0,1.0,0.0,0.0,7,2025-11-01 08:33:22.284665
2,2025-01-26 17:28:00,2025-01-26 17:46:33,N,1.0,74,243,1.0,6.07,26.8,0.0,0.5,5.66,0.0,,1.0,33.96,1.0,1.0,0.0,0.0,7,2025-11-01 08:33:22.284665
2,2025-01-26 17:50:18,2025-01-26 18:01:07,N,1.0,195,181,1.0,2.02,12.8,0.0,0.5,2.5,0.0,,1.0,16.8,1.0,1.0,0.0,0.0,7,2025-11-01 08:33:22.284665
2,2025-01-26 17:07:05,2025-01-26 17:21:16,N,1.0,41,239,2.0,2.53,15.6,0.0,0.5,3.97,0.0,,1.0,23.82,1.0,1.0,2.75,0.0,7,2025-11-01 08:33:22.284665
2,2025-01-26 17:37:51,2025-01-26 17:44:54,N,1.0,166,116,2.0,1.42,10.0,0.0,0.5,0.0,0.0,,1.0,11.5,2.0,1.0,0.0,0.0,7,2025-11-01 08:33:22.284665
2,2025-01-26 17:11:59,2025-01-26 17:19:32,N,1.0,25,25,2.0,0.8,7.9,0.0,0.5,1.0,0.0,,1.0,10.4,1.0,1.0,0.0,0.0,7,2025-11-01 08:33:22.284665
2,2025-01-26 17:29:32,2025-01-26 17:43:50,N,1.0,74,141,1.0,3.2,17.0,0.0,0.5,3.19,0.0,,1.0,24.44,1.0,1.0,2.75,0.0,7,2025-11-01 08:33:22.284665
2,2025-01-26 17:52:46,2025-01-26 18:06:12,N,1.0,75,41,1.0,2.01,14.2,0.0,0.5,0.0,0.0,,1.0,15.7,2.0,1.0,0.0,0.0,7,2025-11-01 08:33:22.284665
2,2025-01-26 17:24:17,2025-01-26 17:33:30,N,1.0,244,243,1.0,1.3,10.7,0.0,0.5,0.0,0.0,,1.0,12.2,2.0,1.0,0.0,0.0,7,2025-11-01 08:33:22.284665
1,2025-01-26 17:16:40,2025-01-26 17:29:56,N,1.0,41,262,1.0,3.4,15.6,2.75,1.5,0.0,0.0,,1.0,19.85,2.0,1.0,2.75,0.0,7,2025-11-01 08:33:22.284665
1,2025-01-26 17:58:10,2025-01-26 18:02:49,N,1.0,42,42,1.0,0.8,6.5,0.0,1.5,0.0,0.0,,1.0,8.0,2.0,1.0,0.0,0.0,7,2025-11-01 08:33:22.284665
2,2025-01-26 17:00:11,2025-01-26 17:11:42,N,1.0,130,197,1.0,2.58,14.2,0.0,0.5,3.14,0.0,,1.0,18.84,1.0,1.0,0.0,0.0,7,2025-11-01 08:33:22.284665
2,2025-01-26 17:41:44,2025-01-26 18:19:58,N,1.0,130,209,1.0,16.29,63.2,0.0,0.5,13.64,0.0,,1.0,81.84,1.0,1.0,2.75,0.75,7,2025-11-01 08:33:22.284665
2,2025-01-26 17:22:29,2025-01-26 17:39:48,N,1.0,74,141,1.0,2.98,18.4,0.0,0.5,3.0,0.0,,1.0,25.65,1.0,1.0,2.75,0.0,7,2025-11-01 08:33:22.284665
2,2025-01-26 17:38:17,2025-01-26 17:47:25,N,1.0,223,7,5.0,1.35,10.0,0.0,0.5,2.3,0.0,,1.0,13.8,1.0,1.0,0.0,0.0,7,2025-11-01 08:33:22.284665
2,2025-01-26 17:22:30,2025-01-26 17:38:13,N,1.0,82,198,1.0,3.66,19.1,0.0,0.5,6.18,0.0,,1.0,26.78,1.0,1.0,0.0,0.0,7,2025-11-01 08:33:22.284665
2,2025-01-26 17:00:49,2025-01-26 17:15:01,N,1.0,74,262,1.0,3.1,17.7,0.0,0.5,4.39,0.0,,1.0,26.34,1.0,1.0,2.75,0.0,7,2025-11-01 08:33:22.284665
2,2025-01-26 17:29:51,2025-01-26 17:40:37,N,1.0,74,152,1.0,1.32,11.4,0.0,0.5,0.0,0.0,,1.0,12.9,1.0,1.0,0.0,0.0,7,2025-11-01 08:33:22.284665
2,2025-01-26 17:58:17,2025-01-26 18:05:46,N,1.0,74,41,1.0,0.69,8.6,0.0,0.5,0.0,0.0,,1.0,10.1,2.0,1.0,0.0,0.0,7,2025-11-01 08:33:22.284665
2,2025-01-26 17:49:03,2025-01-26 17:58:27,N,1.0,41,75,6.0,1.85,11.4,0.0,0.5,0.0,0.0,,1.0,12.9,2.0,1.0,0.0,0.0,7,2025-11-01 08:33:22.284665
2,2025-01-26 17:09:29,2025-01-26 17:22:04,N,1.0,82,138,1.0,2.48,15.6,5.0,0.5,1.0,0.0,,1.0,23.1,1.0,1.0,0.0,0.0,7,2025-11-01 08:33:22.284665
1,2025-01-26 17:37:27,2025-01-26 17:42:47,N,1.0,95,95,1.0,0.4,6.5,0.0,1.5,2.0,0.0,,1.0,10.0,1.0,1.0,0.0,0.0,7,2025-11-01 08:33:22.284665
2,2025-01-26 17:06:34,2025-01-26 17:17:07,N,1.0,97,181,1.0,1.47,12.1,0.0,0.5,2.72,0.0,,1.0,16.32,1.0,1.0,0.0,0.0,7,2025-11-01 08:33:22.284665
2,2025-01-26 17:52:55,2025-01-26 18:02:02,N,1.0,97,25,1.0,1.08,10.0,0.0,0.5,1.15,0.0,,1.0,12.65,1.0,1.0,0.0,0.0,7,2025-11-01 08:33:22.284665
2,2025-01-26 17:00:51,2025-01-26 17:10:08,N,1.0,74,263,1.0,2.23,12.1,0.0,0.5,3.27,0.0,,1.0,19.62,1.0,1.0,2.75,0.0,7,2025-11-01 08:33:22.284665
2,2025-01-26 17:17:46,2025-01-26 17:28:09,N,1.0,75,41,1.0,1.84,11.4,0.0,0.5,0.0,0.0,,1.0,12.9,2.0,1.0,0.0,0.0,7,2025-11-01 08:33:22.284665
2,2025-01-26 17:35:21,2025-01-26 17:43:11,N,1.0,74,42,1.0,1.26,9.3,0.0,0.5,2.7,0.0,,1.0,13.5,1.0,1.0,0.0,0.0,7,2025-11-01 08:33:22.284665
2,2025-01-26 17:07:28,2025-01-26 17:16:37,N,1.0,95,95,1.0,1.35,10.7,0.0,0.5,0.0,0.0,,1.0,12.2,2.0,1.0,0.0,0.0,7,2025-11-01 08:33:22.284665
2,2025-01-26 17:59:34,2025-01-26 18:20:55,N,1.0,95,7,1.0,7.72,33.1,0.0,0.5,0.0,0.0,,1.0,34.6,2.0,1.0,0.0,0.0,7,2025-11-01 08:33:22.284665
2,2025-01-26 17:14:26,2025-01-26 17:33:39,N,1.0,97,188,1.0,3.06,19.8,0.0,0.5,0.0,0.0,,1.0,21.3,2.0,1.0,0.0,0.0,7,2025-11-01 08:33:22.284665
2,2025-01-26 17:23:47,2025-01-26 17:47:46,N,1.0,97,85,1.0,3.97,24.0,0.0,0.5,5.1,0.0,,1.0,30.6,1.0,1.0,0.0,0.0,7,2025-11-01 08:33:22.284665
1,2025-01-26 17:11:35,2025-01-26 17:14:53,N,1.0,82,56,1.0,0.5,5.1,2.5,1.5,0.0,0.0,,1.0,9.1,2.0,1.0,0.0,0.0,7,2025-11-01 08:33:22.284665
1,2025-01-26 17:55:07,2025-01-26 18:08:24,N,1.0,82,260,1.0,1.8,12.1,2.5,1.5,0.0,0.0,,1.0,16.1,2.0,1.0,0.0,0.0,7,2025-11-01 08:33:22.284665
2,2025-01-26 17:50:13,2025-01-26 17:58:46,N,1.0,130,215,1.0,2.73,13.5,0.0,0.5,3.0,0.0,,1.0,18.0,1.0,1.0,0.0,0.0,7,2025-11-01 08:33:22.284665
2,2025-01-26 17:03:27,2025-01-26 17:22:18,N,1.0,82,223,1.0,7.4,31.0,0.0,0.5,0.0,0.0,,1.0,32.5,1.0,1.0,0.0,0.0,7,2025-11-01 08:33:22.284665
1,2025-01-26 17:43:32,2025-01-26 17:51:47,N,1.0,97,181,0.0,1.2,9.3,0.0,1.5,2.15,0.0,,1.0,12.95,1.0,1.0,0.0,0.0,7,2025-11-01 08:33:22.284665
2,2025-01-26 17:28:29,2025-01-26 17:44:40,N,1.0,74,243,1.0,4.67,22.6,0.0,0.5,4.82,0.0,,1.0,28.92,1.0,1.0,0.0,0.0,7,2025-11-01 08:33:22.284665
2,2025-01-26 17:25:09,2025-01-26 17:47:22,N,1.0,97,133,1.0,15.1,56.2,0.0,0.5,11.54,0.0,,1.0,69.24,1.0,1.0,0.0,0.0,7,2025-11-01 08:33:22.284665
2,2025-01-26 17:27:00,2025-01-26 17:34:07,N,1.0,74,236,1.0,2.03,10.7,0.0,0.5,3.74,0.0,,1.0,18.69,1.0,1.0,2.75,0.0,7,2025-11-01 08:33:22.284665
2,2025-01-26 17:34:02,2025-01-26 17:45:16,N,1.0,166,142,1.0,2.37,13.5,0.0,0.5,3.55,0.0,,1.0,21.3,1.0,1.0,2.75,0.0,7,2025-11-01 08:33:22.284665
2,2025-01-26 17:24:11,2025-01-26 17:36:02,N,1.0,74,75,1.0,2.28,13.5,0.0,0.5,3.0,0.0,,1.0,18.0,1.0,1.0,0.0,0.0,7,2025-11-01 08:33:22.284665
2,2025-01-26 17:05:39,2025-01-26 17:16:49,N,1.0,74,151,1.0,2.1,13.5,0.0,0.5,2.0,0.0,,1.0,17.0,1.0,1.0,0.0,0.0,7,2025-11-01 08:33:22.284665
2,2025-01-26 18:01:05,2025-01-26 18:10:32,N,1.0,74,236,1.0,1.89,11.4,0.0,0.5,2.0,0.0,,1.0,17.65,1.0,1.0,2.75,0.0,7,2025-11-01 08:33:22.284665
2,2025-01-26 17:30:12,2025-01-26 17:46:55,N,1.0,74,151,1.0,2.96,18.4,0.0,0.5,2.0,0.0,,1.0,21.9,1.0,1.0,0.0,0.0,7,2025-11-01 08:33:22.284665
2,2025-01-26 17:53:55,2025-01-26 18:05:19,N,1.0,166,42,1.0,2.25,13.5,0.0,0.5,0.0,0.0,,1.0,15.0,1.0,1.0,0.0,0.0,7,2025-11-01 08:33:22.284665
2,2025-01-26 17:14:22,2025-01-26 17:31:51,N,1.0,97,225,1.0,3.12,17.7,0.0,0.5,3.84,0.0,,1.0,23.04,1.0,1.0,0.0,0.0,7,2025-11-01 08:33:22.284665
2,2025-01-26 17:55:47,2025-01-26 18:21:17,N,5.0,82,236,1.0,8.18,34.11,0.0,0.5,3.69,6.94,,1.0,48.99,1.0,1.0,2.75,0.0,7,2025-11-01 08:33:22.284665
2,2025-01-26 15:06:45,2025-01-26 15:17:12,N,1.0,74,151,1.0,2.27,13.5,0.0,0.5,2.0,0.0,,1.0,17.0,1.0,1.0,0.0,0.0,7,2025-11-01 08:33:22.284665
2,2025-01-26 17:56:31,2025-01-26 18:05:07,N,1.0,195,181,1.0,1.8,10.7,0.0,0.5,3.05,0.0,,1.0,15.25,1.0,1.0,0.0,0.0,7,2025-11-01 08:33:22.284665
2,2025-01-26 17:29:16,2025-01-26 17:42:05,N,1.0,82,196,6.0,1.38,13.5,0.0,0.5,0.0,0.0,,1.0,15.0,2.0,1.0,0.0,0.0,7,2025-11-01 08:33:22.284665
2,2025-01-26 17:51:08,2025-01-26 18:17:13,N,1.0,82,129,6.0,2.8,22.6,0.0,0.5,0.0,0.0,,1.0,24.1,2.0,1.0,0.0,0.0,7,2025-11-01 08:33:22.284665
2,2025-01-26 17:18:17,2025-01-26 17:47:50,N,1.0,166,113,1.0,6.89,34.5,0.0,0.5,4.0,0.0,,1.0,43.5,1.0,1.0,2.75,0.75,7,2025-11-01 08:33:22.284665
2,2025-01-26 17:49:45,2025-01-26 17:55:27,N,5.0,82,260,1.0,0.54,14.0,0.0,0.0,0.0,0.0,,1.0,15.0,1.0,2.0,0.0,0.0,7,2025-11-01 08:33:22.284665
2,2025-01-26 17:29:46,2025-01-26 17:39:32,N,1.0,130,10,1.0,2.97,14.9,0.0,0.5,3.28,0.0,,1.0,19.68,1.0,1.0,0.0,0.0,7,2025-11-01 08:33:22.284665
2,2025-01-26 16:59:51,2025-01-26 17:06:43,N,1.0,134,95,1.0,1.2,8.6,0.0,0.5,0.0,0.0,,1.0,10.1,2.0,1.0,0.0,0.0,7,2025-11-01 08:33:22.284665
2,2025-01-26 17:49:10,2025-01-26 18:20:52,N,1.0,41,232,1.0,9.07,41.5,0.0,0.5,0.0,0.0,,1.0,46.5,2.0,1.0,2.75,0.75,7,2025-11-01 08:33:22.284665
2,2025-01-26 17:21:59,2025-01-26 17:45:43,N,1.0,33,255,1.0,4.3,24.7,0.0,0.5,5.24,0.0,,1.0,31.44,1.0,1.0,0.0,0.0,7,2025-11-01 08:33:22.284665
2,2025-01-26 17:25:39,2025-01-26 17:38:39,N,1.0,74,243,1.0,4.75,21.2,0.0,0.5,4.54,0.0,,1.0,27.24,1.0,1.0,0.0,0.0,7,2025-11-01 08:33:22.284665
2,2025-01-26 17:07:53,2025-01-26 17:18:45,N,1.0,95,131,1.0,3.61,17.0,0.0,0.5,0.0,0.0,,1.0,18.5,2.0,1.0,0.0,0.0,7,2025-11-01 08:33:22.284665
1,2025-01-26 17:42:36,2025-01-26 17:54:06,N,1.0,65,97,1.0,1.6,11.4,0.0,1.5,0.0,0.0,,1.0,12.9,2.0,1.0,0.0,0.0,7,2025-11-01 08:33:22.284665
2,2025-01-26 17:36:23,2025-01-26 17:51:53,N,1.0,95,191,1.0,5.35,25.4,0.0,0.5,0.0,0.0,,1.0,26.9,2.0,1.0,0.0,0.0,7,2025-11-01 08:33:22.284665
2,2025-01-26 17:06:13,2025-01-26 17:12:50,N,1.0,75,239,1.0,1.74,10.0,0.0,0.5,2.85,0.0,,1.0,17.1,1.0,1.0,2.75,0.0,7,2025-11-01 08:33:22.284665
2,2025-01-26 17:29:17,2025-01-26 17:29:21,N,5.0,252,252,1.0,0.0,20.0,0.0,0.0,4.2,0.0,,1.0,25.2,1.0,2.0,0.0,0.0,7,2025-11-01 08:33:22.284665
2,2025-01-26 17:17:11,2025-01-26 17:27:28,N,1.0,43,263,1.0,0.0,10.0,0.0,0.5,2.85,0.0,,1.0,17.1,1.0,1.0,2.75,0.0,7,2025-11-01 08:33:22.284665
1,2025-01-26 18:31:23,2025-01-26 18:47:45,N,1.0,74,239,0.0,3.4,17.7,5.25,1.5,4.85,0.0,,1.0,29.3,1.0,1.0,2.75,0.0,7,2025-11-01 08:33:22.284665
2,2025-01-26 18:01:25,2025-01-26 18:07:40,N,1.0,41,75,1.0,1.33,8.6,0.0,0.5,2.02,0.0,,1.0,12.12,1.0,1.0,0.0,0.0,7,2025-11-01 08:33:22.284665
2,2025-01-26 18:46:29,2025-01-26 18:52:59,N,1.0,74,75,1.0,1.45,9.3,0.0,0.5,2.16,0.0,,1.0,12.96,1.0,1.0,0.0,0.0,7,2025-11-01 08:33:22.284665
2,2025-01-26 18:23:41,2025-01-26 18:49:40,N,1.0,130,138,1.0,9.01,40.1,5.0,0.5,4.66,0.0,,1.0,51.26,1.0,1.0,0.0,0.0,7,2025-11-01 08:33:22.284665
2,2025-01-26 18:50:35,2025-01-26 18:56:50,N,1.0,75,74,1.0,1.32,8.6,0.0,0.5,2.02,0.0,,1.0,12.12,1.0,1.0,0.0,0.0,7,2025-11-01 08:33:22.284665
2,2025-01-26 18:18:21,2025-01-26 18:28:23,N,1.0,65,49,2.0,1.27,10.7,0.0,0.5,2.44,0.0,,1.0,14.64,1.0,1.0,0.0,0.0,7,2025-11-01 08:33:22.284665
2,2025-01-26 17:58:22,2025-01-26 18:15:06,N,1.0,74,141,1.0,2.88,17.7,0.0,0.5,4.39,0.0,,1.0,26.34,1.0,1.0,2.75,0.0,7,2025-11-01 08:33:22.284665
2,2025-01-26 18:41:54,2025-01-26 18:54:29,N,1.0,74,166,1.0,2.14,14.2,0.0,0.5,2.36,0.0,,1.0,18.06,1.0,1.0,0.0,0.0,7,2025-11-01 08:33:22.284665
2,2025-01-26 18:19:42,2025-01-26 18:28:31,N,1.0,260,7,1.0,1.57,10.0,0.0,0.5,0.0,0.0,,1.0,11.5,2.0,1.0,0.0,0.0,7,2025-11-01 08:33:22.284665
1,2025-01-26 18:55:15,2025-01-26 19:04:54,N,1.0,97,97,1.0,1.6,11.4,0.0,1.5,2.55,0.0,,1.0,15.45,1.0,1.0,0.0,0.0,7,2025-11-01 08:33:22.284665
2,2025-01-26 18:00:49,2025-01-26 18:16:16,N,1.0,75,140,1.0,2.76,16.3,0.0,0.5,4.11,0.0,,1.0,24.66,1.0,1.0,2.75,0.0,7,2025-11-01 08:33:22.284665
2,2025-01-26 18:26:40,2025-01-26 18:32:56,N,1.0,236,238,1.0,1.06,8.6,0.0,0.5,1.28,0.0,,1.0,14.13,1.0,1.0,2.75,0.0,7,2025-11-01 08:33:22.284665
2,2025-01-26 18:17:07,2025-01-26 18:23:10,N,1.0,75,263,1.0,1.02,7.9,0.0,0.5,0.0,0.0,,1.0,12.15,2.0,1.0,2.75,0.0,7,2025-11-01 08:33:22.284665
2,2025-01-26 18:33:53,2025-01-26 19:24:47,N,1.0,7,146,1.0,6.29,44.3,0.0,0.5,0.0,0.0,,1.0,45.8,2.0,1.0,0.0,0.0,7,2025-11-01 08:33:22.284665
2,2025-01-26 17:59:23,2025-01-26 18:18:17,N,1.0,65,61,1.0,2.8,19.1,0.0,0.5,4.12,0.0,,1.0,24.72,1.0,1.0,0.0,0.0,7,2025-11-01 08:33:22.284665
2,2025-01-26 18:53:11,2025-01-26 19:08:11,N,1.0,74,239,1.0,3.24,17.7,0.0,0.5,4.39,0.0,,1.0,26.34,1.0,1.0,2.75,0.0,7,2025-11-01 08:33:22.284665
2,2025-01-26 18:02:54,2025-01-26 18:09:13,N,1.0,74,75,1.0,1.11,7.9,0.0,0.5,0.0,0.0,,1.0,9.4,2.0,1.0,0.0,0.0,7,2025-11-01 08:33:22.284665
2,2025-01-26 18:01:11,2025-01-26 18:09:28,N,1.0,74,236,1.0,1.66,10.0,0.0,0.5,2.85,0.0,,1.0,17.1,1.0,1.0,2.75,0.0,7,2025-11-01 08:33:22.284665
2,2025-01-26 18:37:31,2025-01-26 18:49:41,N,1.0,74,43,1.0,2.46,14.2,0.0,0.5,1.57,0.0,,1.0,17.27,1.0,1.0,0.0,0.0,7,2025-11-01 08:33:22.284665
2,2025-01-26 18:03:51,2025-01-26 18:12:31,N,1.0,66,33,1.0,0.84,8.6,0.0,0.5,1.0,0.0,,1.0,11.1,1.0,1.0,0.0,0.0,7,2025-11-01 08:33:22.284665
2,2025-01-26 18:47:00,2025-01-26 19:03:47,N,1.0,66,49,1.0,2.45,17.0,0.0,0.5,2.0,0.0,,1.0,20.5,1.0,1.0,0.0,0.0,7,2025-11-01 08:33:22.284665
1,2025-01-26 18:25:07,2025-01-26 18:39:14,N,1.0,65,17,1.0,1.6,13.5,0.0,1.5,3.75,0.0,,1.0,18.75,1.0,1.0,0.0,0.0,7,2025-11-01 08:33:22.284665
1,2025-01-26 18:56:13,2025-01-26 18:59:18,N,1.0,65,181,2.0,0.6,5.8,0.0,1.5,0.0,0.0,,1.0,7.3,2.0,1.0,0.0,0.0,7,2025-11-01 08:33:22.284665
2,2025-01-26 18:08:24,2025-01-26 18:13:25,N,1.0,166,166,3.0,0.84,7.2,0.0,0.5,0.0,0.0,,1.0,8.7,2.0,1.0,0.0,0.0,7,2025-11-01 08:33:22.284665
2,2025-01-26 18:24:10,2025-01-26 18:32:09,N,1.0,166,74,1.0,1.29,9.3,0.0,0.5,0.0,0.0,,1.0,10.8,2.0,1.0,0.0,0.0,7,2025-11-01 08:33:22.284665
2,2025-01-26 18:34:41,2025-01-26 18:36:06,N,1.0,74,75,1.0,0.5,4.4,0.0,0.5,0.0,0.0,,1.0,5.9,2.0,1.0,0.0,0.0,7,2025-11-01 08:33:22.284665
2,2025-01-26 18:52:16,2025-01-26 18:55:56,N,1.0,41,42,2.0,0.71,6.5,0.0,0.5,1.6,0.0,,1.0,9.6,1.0,1.0,0.0,0.0,7,2025-11-01 08:33:22.284665
2,2025-01-26 18:15:04,2025-01-26 18:19:37,N,1.0,95,134,1.0,0.83,6.5,0.0,0.5,0.0,0.0,,1.0,8.0,2.0,1.0,0.0,0.0,7,2025-11-01 08:33:22.284665
2,2025-01-26 18:03:36,2025-01-26 18:16:46,N,1.0,74,239,1.0,3.46,17.0,0.0,0.5,0.0,0.0,,1.0,21.25,2.0,1.0,2.75,0.0,7,2025-11-01 08:33:22.284665
2,2025-01-26 18:35:09,2025-01-26 18:43:55,N,1.0,74,43,1.0,2.04,11.4,0.0,0.5,3.13,0.0,,1.0,18.78,1.0,1.0,2.75,0.0,7,2025-11-01 08:33:22.284665
2,2025-01-26 18:16:05,2025-01-26 18:27:34,N,5.0,95,56,1.0,2.79,20.0,0.0,0.0,0.0,0.0,,1.0,21.0,2.0,2.0,0.0,0.0,7,2025-11-01 08:33:22.284665
2,2025-01-26 17:59:17,2025-01-26 18:19:12,N,1.0,74,238,1.0,3.6,21.2,0.0,0.5,6.36,0.0,,1.0,31.81,1.0,1.0,2.75,0.0,7,2025-11-01 08:33:22.284665
2,2025-01-26 18:05:46,2025-01-26 18:12:13,N,1.0,95,95,1.0,0.94,7.9,0.0,0.5,0.0,0.0,,1.0,9.4,1.0,1.0,0.0,0.0,7,2025-11-01 08:33:22.284665
2,2025-01-26 18:26:13,2025-01-26 18:32:46,N,1.0,195,54,1.0,1.25,7.9,0.0,0.5,0.0,0.0,,1.0,9.4,2.0,1.0,0.0,0.0,7,2025-11-01 08:33:22.284665
2,2025-01-26 18:12:33,2025-01-26 18:30:14,N,1.0,65,17,2.0,2.45,17.7,0.0,0.5,0.8,0.0,,1.0,20.0,1.0,1.0,0.0,0.0,7,2025-11-01 08:33:22.284665
2,2025-01-26 18:29:16,2025-01-26 18:44:11,N,1.0,74,262,1.0,2.93,17.0,0.0,0.5,3.82,0.0,,1.0,25.07,1.0,1.0,2.75,0.0,7,2025-11-01 08:33:22.284665
2,2025-01-26 18:11:34,2025-01-26 18:39:54,N,1.0,166,231,1.0,7.63,36.6,0.0,0.5,8.32,0.0,,1.0,49.92,1.0,1.0,2.75,0.75,7,2025-11-01 08:33:22.284665
2,2025-01-26 18:13:57,2025-01-26 18:23:07,N,1.0,166,239,1.0,1.68,11.4,0.0,0.5,3.91,0.0,,1.0,19.56,1.0,1.0,2.75,0.0,7,2025-11-01 08:33:22.284665
2,2025-01-26 18:35:56,2025-01-26 18:41:56,N,1.0,166,41,1.0,1.04,7.9,0.0,0.5,0.0,0.0,,1.0,9.4,2.0,1.0,0.0,0.0,7,2025-11-01 08:33:22.284665
2,2025-01-26 17:58:31,2025-01-26 18:14:29,N,1.0,74,262,1.0,2.61,17.0,0.0,0.5,4.25,0.0,,1.0,25.5,1.0,1.0,2.75,0.0,7,2025-11-01 08:33:22.284665
2,2025-01-26 18:30:11,2025-01-26 18:40:13,N,1.0,74,42,1.0,1.28,10.7,0.0,0.5,2.44,0.0,,1.0,14.64,1.0,1.0,0.0,0.0,7,2025-11-01 08:33:22.284665
2,2025-01-26 18:19:01,2025-01-26 18:38:15,N,1.0,82,179,1.0,5.17,24.7,0.0,0.5,5.0,0.0,,1.0,31.2,1.0,1.0,0.0,0.0,7,2025-11-01 08:33:22.284665
2,2025-01-26 18:02:12,2025-01-26 18:12:32,N,1.0,74,237,1.0,2.32,12.8,0.0,0.5,3.41,0.0,,1.0,20.46,1.0,1.0,2.75,0.0,7,2025-11-01 08:33:22.284665
2,2025-01-26 18:34:03,2025-01-26 18:46:10,N,1.0,74,238,1.0,2.54,14.2,0.0,0.5,3.69,0.0,,1.0,22.14,1.0,1.0,2.75,0.0,7,2025-11-01 08:33:22.284665
2,2025-01-26 18:30:02,2025-01-26 18:46:31,N,1.0,74,141,1.0,3.07,18.4,0.0,0.5,5.66,0.0,,1.0,28.31,1.0,1.0,2.75,0.0,7,2025-11-01 08:33:22.284665
1,2025-01-26 18:39:18,2025-01-26 18:49:41,N,1.0,74,238,1.0,2.5,13.5,2.75,1.5,3.55,0.0,,1.0,21.3,1.0,1.0,2.75,0.0,7,2025-11-01 08:33:22.284665
1,2025-01-26 18:58:32,2025-01-26 19:19:54,N,1.0,75,90,2.0,6.6,30.3,3.5,1.5,7.05,0.0,,1.0,42.35,1.0,1.0,2.75,0.75,7,2025-11-01 08:33:22.284665
2,2025-01-26 18:14:29,2025-01-26 18:21:27,N,1.0,41,42,6.0,1.29,9.3,0.0,0.5,1.0,0.0,,1.0,11.8,1.0,1.0,0.0,0.0,7,2025-11-01 08:33:22.284665
2,2025-01-26 18:53:37,2025-01-26 19:01:46,N,1.0,41,74,6.0,1.22,9.3,0.0,0.5,0.0,0.0,,1.0,10.8,2.0,1.0,0.0,0.0,7,2025-11-01 08:33:22.284665
2,2025-01-26 18:32:39,2025-01-26 18:41:31,N,1.0,82,138,1.0,3.59,16.3,5.0,0.5,5.7,0.0,,1.0,28.5,1.0,1.0,0.0,0.0,7,2025-11-01 08:33:22.284665
2,2025-01-26 18:11:18,2025-01-26 18:28:24,N,1.0,95,53,1.0,5.8,26.1,0.0,0.5,0.0,0.0,,1.0,27.6,2.0,1.0,0.0,0.0,7,2025-11-01 08:33:22.284665
2,2025-01-26 18:43:16,2025-01-26 18:57:06,N,1.0,65,17,1.0,1.82,13.5,0.0,0.5,0.0,0.0,,1.0,15.0,2.0,1.0,0.0,0.0,7,2025-11-01 08:33:22.284665
2,2025-01-26 18:00:40,2025-01-26 18:14:17,N,1.0,74,244,1.0,4.43,21.2,0.0,0.5,1.0,0.0,,1.0,23.7,1.0,1.0,0.0,0.0,7,2025-11-01 08:33:22.284665
2,2025-01-26 18:19:30,2025-01-26 18:33:44,N,1.0,244,116,1.0,1.95,14.9,0.0,0.5,0.0,0.0,,1.0,16.4,2.0,1.0,0.0,0.0,7,2025-11-01 08:33:22.284665
2,2025-01-26 18:32:43,2025-01-26 18:41:00,N,1.0,260,129,1.0,0.52,8.6,0.0,0.5,0.0,0.0,,1.0,10.1,2.0,1.0,0.0,0.0,7,2025-11-01 08:33:22.284665
2,2025-01-26 18:03:19,2025-01-26 18:32:31,N,1.0,65,89,1.0,4.16,27.5,0.0,0.5,5.8,0.0,,1.0,34.8,1.0,1.0,0.0,0.0,7,2025-11-01 08:33:22.284665
2,2025-01-26 18:07:31,2025-01-26 18:33:16,N,5.0,97,100,4.0,5.22,75.0,0.0,0.0,15.9,0.0,,1.0,95.4,1.0,2.0,2.75,0.75,7,2025-11-01 08:33:22.284665
1,2025-01-26 18:57:27,2025-01-26 19:11:59,N,1.0,82,129,0.0,1.7,11.4,2.5,1.5,0.0,0.0,,1.0,15.4,2.0,1.0,0.0,0.0,7,2025-11-01 08:33:22.284665
2,2025-01-26 18:05:21,2025-01-26 18:13:53,N,1.0,82,82,1.0,1.28,10.0,0.0,0.5,3.45,0.0,,1.0,14.95,1.0,1.0,0.0,0.0,7,2025-11-01 08:33:22.284665
2,2025-01-26 18:28:08,2025-01-26 18:36:04,N,1.0,129,260,1.0,0.63,8.6,0.0,0.5,0.0,0.0,,1.0,10.1,2.0,1.0,0.0,0.0,7,2025-11-01 08:33:22.284665
2,2025-01-26 18:34:40,2025-01-26 18:42:56,N,1.0,65,97,1.0,1.19,10.0,0.0,0.5,0.0,0.0,,1.0,11.5,2.0,1.0,0.0,0.0,7,2025-11-01 08:33:22.284665
1,2025-01-26 18:33:57,2025-01-26 18:42:18,N,1.0,65,97,0.0,1.2,9.3,0.0,1.5,0.0,0.0,,1.0,10.8,1.0,1.0,0.0,0.0,7,2025-11-01 08:33:22.284665
1,2025-01-26 18:44:18,2025-01-26 18:55:41,N,1.0,97,17,0.0,2.0,12.1,0.0,1.5,0.0,0.0,,1.0,13.6,2.0,1.0,0.0,0.0,7,2025-11-01 08:33:22.284665
2,2025-01-26 18:38:53,2025-01-26 18:48:32,N,1.0,74,263,1.0,2.14,12.1,0.0,0.5,3.27,0.0,,1.0,19.62,1.0,1.0,2.75,0.0,7,2025-11-01 08:33:22.284665
2,2025-01-26 18:43:02,2025-01-26 19:00:20,N,1.0,74,239,5.0,2.94,18.4,0.0,0.5,0.0,0.0,,1.0,22.65,2.0,1.0,2.75,0.0,7,2025-11-01 08:33:22.284665
2,2025-01-26 18:37:46,2025-01-26 18:47:12,N,1.0,74,42,1.0,1.68,10.7,0.0,0.5,0.0,0.0,,1.0,12.2,2.0,1.0,0.0,0.0,7,2025-11-01 08:33:22.284665
2,2025-01-26 17:58:26,2025-01-26 18:06:06,N,1.0,166,116,1.0,1.41,10.0,0.0,0.5,2.3,0.0,,1.0,13.8,1.0,1.0,0.0,0.0,7,2025-11-01 08:33:22.284665
2,2025-01-26 18:29:04,2025-01-26 18:41:04,N,1.0,74,263,1.0,2.2,13.5,0.0,0.5,3.55,0.0,,1.0,21.3,1.0,1.0,2.75,0.0,7,2025-11-01 08:33:22.284665
2,2025-01-26 19:03:40,2025-01-26 19:21:14,N,1.0,74,141,1.0,3.52,20.5,0.0,0.5,0.0,0.0,,1.0,24.75,2.0,1.0,2.75,0.0,7,2025-11-01 08:33:22.284665
2,2025-01-26 18:33:59,2025-01-26 18:48:25,N,1.0,74,239,1.0,3.0,17.0,0.0,0.5,4.25,0.0,,1.0,25.5,1.0,1.0,2.75,0.0,7,2025-11-01 08:33:22.284665
2,2025-01-26 18:48:42,2025-01-26 18:57:25,N,1.0,65,181,1.0,1.21,10.0,0.0,0.5,1.0,0.0,,1.0,12.5,1.0,1.0,0.0,0.0,7,2025-11-01 08:33:22.284665
2,2025-01-26 17:58:43,2025-01-26 18:08:44,N,1.0,74,41,1.0,1.3,11.4,0.0,0.5,3.22,0.0,,1.0,16.12,1.0,1.0,0.0,0.0,7,2025-11-01 08:33:22.284665
2,2025-01-26 18:33:28,2025-01-26 18:43:54,N,1.0,74,166,1.0,1.42,11.4,0.0,0.5,2.58,0.0,,1.0,15.48,1.0,1.0,0.0,0.0,7,2025-11-01 08:33:22.284665
2,2025-01-26 18:53:38,2025-01-26 19:01:30,N,1.0,41,24,1.0,1.62,10.0,0.0,0.5,2.3,0.0,,1.0,13.8,1.0,1.0,0.0,0.0,7,2025-11-01 08:33:22.284665
2,2025-01-26 18:25:07,2025-01-26 18:54:45,N,1.0,130,130,1.0,8.34,39.4,0.0,0.5,6.0,0.0,,1.0,46.9,1.0,1.0,0.0,0.0,7,2025-11-01 08:33:22.284665
2,2025-01-26 15:37:01,2025-01-27 14:46:20,N,1.0,74,236,1.0,1.74,11.4,0.0,0.5,3.13,0.0,,1.0,18.78,1.0,1.0,2.75,0.0,7,2025-11-01 08:33:22.284665
2,2025-01-26 18:34:59,2025-01-26 18:44:22,N,1.0,74,236,2.0,2.1,12.1,0.0,0.5,1.0,0.0,,1.0,17.35,1.0,1.0,2.75,0.0,7,2025-11-01 08:33:22.284665
2,2025-01-26 17:59:49,2025-01-26 18:26:57,N,1.0,74,243,1.0,5.93,31.0,0.0,0.5,0.0,0.0,,1.0,32.5,2.0,1.0,0.0,0.0,7,2025-11-01 08:33:22.284665
2,2025-01-26 18:04:21,2025-01-26 18:20:58,N,1.0,129,56,1.0,2.0,15.6,0.0,0.5,1.0,0.0,,1.0,18.1,1.0,1.0,0.0,0.0,7,2025-11-01 08:33:22.284665
2,2025-01-26 18:50:46,2025-01-26 19:00:51,N,1.0,129,129,1.0,1.06,10.0,0.0,0.5,2.5,0.0,,1.0,14.0,1.0,1.0,0.0,0.0,7,2025-11-01 08:33:22.284665
2,2025-01-26 18:53:34,2025-01-26 18:56:54,N,1.0,134,134,1.0,0.7,5.8,0.0,0.5,2.7,0.0,,1.0,10.0,1.0,1.0,0.0,0.0,7,2025-11-01 08:33:22.284665
2,2025-01-26 18:13:33,2025-01-26 18:16:09,N,5.0,93,93,1.0,0.13,30.0,0.0,0.0,0.01,0.0,,1.0,31.01,1.0,2.0,0.0,0.0,7,2025-11-01 08:33:22.284665
2,2025-01-26 18:29:49,2025-01-26 18:38:42,N,1.0,74,236,1.0,1.77,11.4,0.0,0.5,3.13,0.0,,1.0,18.78,1.0,1.0,2.75,0.0,7,2025-11-01 08:33:22.284665
1,2025-01-26 18:26:13,2025-01-26 18:38:46,N,1.0,74,116,1.0,0.0,11.4,0.0,1.5,0.0,0.0,,1.0,12.9,1.0,1.0,0.0,0.0,7,2025-11-01 08:33:22.284665
2,2025-01-26 18:10:29,2025-01-26 18:37:23,N,1.0,33,112,1.0,4.31,26.8,0.0,0.5,0.0,0.0,,1.0,28.3,2.0,1.0,0.0,0.0,7,2025-11-01 08:33:22.284665
2,2025-01-26 18:01:18,2025-01-26 18:12:45,N,1.0,74,151,1.0,2.6,14.2,0.0,0.5,3.92,0.0,,1.0,19.62,1.0,1.0,0.0,0.0,7,2025-11-01 08:33:22.284665
2,2025-01-26 18:34:47,2025-01-26 18:39:55,N,1.0,74,41,1.0,1.08,7.2,0.0,0.5,1.0,0.0,,1.0,9.7,1.0,1.0,0.0,0.0,7,2025-11-01 08:33:22.284665
1,2025-01-26 18:21:57,2025-01-26 18:40:18,N,1.0,65,188,1.0,3.1,17.7,0.0,1.5,2.0,0.0,,1.0,21.2,1.0,1.0,0.0,0.0,7,2025-11-01 08:33:22.284665
2,2025-01-26 18:36:33,2025-01-26 18:46:43,N,1.0,74,166,1.0,1.82,11.4,0.0,0.5,3.22,0.0,,1.0,16.12,1.0,1.0,0.0,0.0,7,2025-11-01 08:33:22.284665
2,2025-01-26 18:20:28,2025-01-26 18:29:22,N,1.0,43,262,1.0,1.87,11.4,0.0,0.5,3.13,0.0,,1.0,18.78,1.0,1.0,2.75,0.0,7,2025-11-01 08:33:22.284665
2,2025-01-26 19:09:29,2025-01-26 19:57:13,N,1.0,82,82,1.0,7.95,45.7,0.0,0.5,0.0,0.0,,1.0,47.2,2.0,1.0,0.0,0.0,7,2025-11-01 08:33:22.284665
2,2025-01-26 19:26:21,2025-01-26 19:32:41,N,1.0,41,74,1.0,0.87,7.9,0.0,0.5,1.88,0.0,,1.0,11.28,1.0,1.0,0.0,0.0,7,2025-11-01 08:33:22.284665
2,2025-01-26 19:48:17,2025-01-26 19:53:06,N,1.0,236,43,1.0,0.88,7.2,0.0,0.5,0.0,0.0,,1.0,8.7,2.0,1.0,0.0,0.0,7,2025-11-01 08:33:22.284665
2,2025-01-26 19:20:24,2025-01-26 19:20:28,N,5.0,197,197,1.0,0.0,12.0,0.0,0.0,2.6,0.0,,1.0,15.6,1.0,2.0,0.0,0.0,7,2025-11-01 08:33:22.284665
2,2025-01-26 19:32:13,2025-01-26 19:38:45,N,1.0,74,75,1.0,1.42,8.6,0.0,0.5,2.02,0.0,,1.0,12.12,1.0,1.0,0.0,0.0,7,2025-11-01 08:33:22.284665
2,2025-01-26 19:58:40,2025-01-26 20:00:59,N,1.0,83,82,1.0,0.39,4.4,0.0,0.5,0.0,0.0,,1.0,5.9,2.0,1.0,0.0,0.0,7,2025-11-01 08:33:22.284665
1,2025-01-26 19:41:18,2025-01-26 19:58:13,N,1.0,65,188,0.0,3.0,17.7,0.0,1.5,3.0,0.0,,1.0,22.2,1.0,1.0,0.0,0.0,7,2025-11-01 08:33:22.284665
2,2025-01-26 19:32:48,2025-01-26 19:43:43,N,1.0,43,237,1.0,2.22,13.5,0.0,0.5,3.55,0.0,,1.0,21.3,1.0,1.0,2.75,0.0,7,2025-11-01 08:33:22.284665
2,2025-01-26 19:05:08,2025-01-26 19:08:51,N,1.0,74,42,1.0,0.36,5.1,0.0,0.5,1.65,0.0,,1.0,8.25,1.0,1.0,0.0,0.0,7,2025-11-01 08:33:22.284665
2,2025-01-26 19:28:15,2025-01-26 19:33:52,N,1.0,74,74,1.0,0.86,7.2,0.0,0.5,1.74,0.0,,1.0,10.44,1.0,1.0,0.0,0.0,7,2025-11-01 08:33:22.284665
2,2025-01-26 20:08:54,2025-01-26 20:13:52,N,1.0,82,83,1.0,1.32,8.6,0.0,0.5,0.0,0.0,,1.0,10.1,2.0,1.0,0.0,0.0,7,2025-11-01 08:33:22.284665
2,2025-01-26 19:03:35,2025-01-26 19:10:51,N,1.0,97,189,1.0,1.11,8.6,0.0,0.5,2.02,0.0,,1.0,12.12,1.0,1.0,0.0,0.0,7,2025-11-01 08:33:22.284665
2,2025-01-26 19:46:24,2025-01-26 20:00:40,N,1.0,97,49,1.0,1.82,14.2,0.0,0.5,2.0,0.0,,1.0,17.7,1.0,1.0,0.0,0.0,7,2025-11-01 08:33:22.284665
2,2025-01-26 17:54:04,2025-01-26 18:12:23,N,1.0,74,138,1.0,7.2,31.7,5.0,0.5,9.03,6.94,,1.0,54.17,1.0,1.0,0.0,0.0,7,2025-11-01 08:33:22.284665
2,2025-01-26 19:02:20,2025-01-26 19:16:26,N,1.0,74,239,2.0,3.07,16.3,0.0,0.5,3.08,0.0,,1.0,23.63,1.0,1.0,2.75,0.0,7,2025-11-01 08:33:22.284665
2,2025-01-26 19:36:11,2025-01-26 19:46:06,N,1.0,74,151,2.0,2.37,12.8,0.0,0.5,2.86,0.0,,1.0,17.16,1.0,1.0,0.0,0.0,7,2025-11-01 08:33:22.284665
2,2025-01-26 19:06:56,2025-01-26 19:15:36,N,1.0,75,263,1.0,1.64,10.0,0.0,0.5,2.85,0.0,,1.0,17.1,1.0,1.0,2.75,0.0,7,2025-11-01 08:33:22.284665
2,2025-01-26 19:36:07,2025-01-26 19:46:32,N,1.0,74,263,1.0,1.72,12.1,0.0,0.5,2.72,0.0,,1.0,16.32,1.0,1.0,0.0,0.0,7,2025-11-01 08:33:22.284665
2,2025-01-26 19:30:03,2025-01-26 19:38:48,N,1.0,82,82,1.0,1.42,10.0,0.0,0.5,0.0,0.0,,1.0,11.5,2.0,1.0,0.0,0.0,7,2025-11-01 08:33:22.284665
2,2025-01-26 19:44:20,2025-01-26 19:54:15,N,1.0,166,43,1.0,2.12,12.1,0.0,0.5,2.0,0.0,,1.0,15.6,1.0,1.0,0.0,0.0,7,2025-11-01 08:33:22.284665
1,2025-01-26 19:21:29,2025-01-26 19:36:05,N,1.0,65,33,2.0,1.7,14.2,0.0,1.5,2.0,0.0,,1.0,17.7,1.0,1.0,0.0,0.0,7,2025-11-01 08:33:22.284665
2,2025-01-26 19:14:18,2025-01-26 19:28:10,N,1.0,41,239,2.0,3.01,16.3,0.0,0.5,4.11,0.0,,1.0,24.66,1.0,1.0,2.75,0.0,7,2025-11-01 08:33:22.284665
1,2025-01-26 19:44:54,2025-01-26 20:31:45,N,1.0,75,26,1.0,15.0,61.1,3.5,1.5,0.0,0.0,,1.0,66.1,2.0,1.0,2.75,0.75,7,2025-11-01 08:33:22.284665
2,2025-01-26 19:31:53,2025-01-26 19:37:59,N,1.0,134,135,1.0,1.28,8.6,0.0,0.5,0.0,0.0,,1.0,10.1,2.0,1.0,0.0,0.0,7,2025-11-01 08:33:22.284665
2,2025-01-26 19:49:52,2025-01-26 19:49:56,N,5.0,73,73,1.0,0.0,12.0,0.0,0.0,0.0,0.0,,1.0,13.0,1.0,2.0,0.0,0.0,7,2025-11-01 08:33:22.284665
2,2025-01-26 19:16:22,2025-01-26 19:20:04,N,1.0,75,74,1.0,0.9,6.5,0.0,0.5,0.0,0.0,,1.0,8.0,2.0,1.0,0.0,0.0,7,2025-11-01 08:33:22.284665
1,2025-01-26 19:29:52,2025-01-26 19:43:41,N,1.0,166,48,1.0,4.8,21.9,3.5,1.5,0.0,0.0,,1.0,26.9,2.0,1.0,2.75,0.75,7,2025-11-01 08:33:22.284665
2,2025-01-26 19:13:53,2025-01-26 19:30:41,N,1.0,95,129,1.0,6.66,28.9,0.0,0.5,0.0,0.0,,1.0,30.4,2.0,1.0,0.0,0.0,7,2025-11-01 08:33:22.284665
2,2025-01-26 19:17:48,2025-01-26 19:32:20,N,1.0,95,82,1.0,2.43,16.3,0.0,0.5,3.56,0.0,,1.0,21.36,1.0,1.0,0.0,0.0,7,2025-11-01 08:33:22.284665
2,2025-01-26 20:00:18,2025-01-26 20:11:02,N,1.0,95,160,1.0,2.13,12.8,0.0,0.5,0.0,0.0,,1.0,14.3,2.0,1.0,0.0,0.0,7,2025-11-01 08:33:22.284665
2,2025-01-26 19:30:19,2025-01-26 19:41:19,N,1.0,74,238,1.0,2.68,14.2,0.0,0.5,2.5,0.0,,1.0,20.95,1.0,1.0,2.75,0.0,7,2025-11-01 08:33:22.284665
1,2025-01-26 19:16:30,2025-01-26 19:20:38,N,1.0,75,263,3.0,0.8,6.5,2.75,1.5,1.61,0.0,,1.0,12.36,1.0,1.0,2.75,0.0,7,2025-11-01 08:33:22.284665
1,2025-01-26 19:33:33,2025-01-26 19:35:03,N,1.0,74,74,1.0,0.6,4.4,0.0,1.5,0.0,0.0,,1.0,5.9,2.0,1.0,0.0,0.0,7,2025-11-01 08:33:22.284665
2,2025-01-26 19:01:50,2025-01-26 19:20:09,N,1.0,260,82,1.0,2.59,17.0,0.0,0.5,0.0,0.0,,1.0,18.5,2.0,1.0,0.0,0.0,7,2025-11-01 08:33:22.284665
2,2025-01-26 19:23:56,2025-01-26 19:34:51,N,1.0,75,263,1.0,1.59,11.4,0.0,0.5,3.13,0.0,,1.0,18.78,1.0,1.0,2.75,0.0,7,2025-11-01 08:33:22.284665
1,2025-01-26 19:38:58,2025-01-26 19:46:09,N,1.0,210,210,1.0,1.4,9.3,0.0,1.5,1.0,0.0,,1.0,11.8,1.0,1.0,0.0,0.0,7,2025-11-01 08:33:22.284665
2,2025-01-26 19:30:29,2025-01-26 19:45:32,N,1.0,74,141,1.0,2.74,17.0,0.0,0.5,4.0,0.0,,1.0,25.25,1.0,1.0,2.75,0.0,7,2025-11-01 08:33:22.284665
2,2025-01-26 19:03:50,2025-01-26 19:17:42,N,1.0,74,238,2.0,2.82,16.3,0.0,0.5,2.06,0.0,,1.0,22.61,1.0,1.0,2.75,0.0,7,2025-11-01 08:33:22.284665
2,2025-01-26 19:02:20,2025-01-26 19:11:48,N,1.0,129,138,1.0,3.73,17.0,5.0,0.5,0.0,0.0,,1.0,23.5,2.0,1.0,0.0,0.0,7,2025-11-01 08:33:22.284665
2,2025-01-26 19:40:09,2025-01-26 19:48:23,N,1.0,129,82,1.0,0.96,9.3,0.0,0.5,2.16,0.0,,1.0,12.96,1.0,1.0,0.0,0.0,7,2025-11-01 08:33:22.284665
2,2025-01-26 19:37:06,2025-01-26 19:52:36,N,1.0,74,262,1.0,3.05,17.7,0.0,0.5,4.39,0.0,,1.0,26.34,1.0,1.0,2.75,0.0,7,2025-11-01 08:33:22.284665
2,2025-01-26 19:29:41,2025-01-26 19:38:07,N,1.0,74,41,1.0,1.08,9.3,0.0,0.5,2.16,0.0,,1.0,12.96,1.0,1.0,0.0,0.0,7,2025-11-01 08:33:22.284665
1,2025-01-26 19:45:02,2025-01-26 19:51:26,N,1.0,75,239,1.0,2.0,10.0,2.75,1.5,0.0,0.0,,1.0,14.25,2.0,1.0,2.75,0.0,7,2025-11-01 08:33:22.284665
2,2025-01-26 19:39:54,2025-01-26 19:45:36,N,1.0,97,97,1.0,0.87,7.2,0.0,0.5,1.74,0.0,,1.0,10.44,1.0,1.0,0.0,0.0,7,2025-11-01 08:33:22.284665
2,2025-01-26 19:25:25,2025-01-26 19:36:17,N,1.0,74,263,1.0,2.65,14.2,0.0,0.5,1.84,0.0,,1.0,20.29,1.0,1.0,2.75,0.0,7,2025-11-01 08:33:22.284665
2,2025-01-26 19:10:07,2025-01-26 19:22:55,N,1.0,66,40,1.0,2.0,13.5,0.0,0.5,0.0,0.0,,1.0,15.0,2.0,1.0,0.0,0.0,7,2025-11-01 08:33:22.284665
2,2025-01-26 19:48:29,2025-01-26 19:55:45,N,1.0,97,97,1.0,1.18,8.6,0.0,0.5,0.0,0.0,,1.0,10.1,2.0,1.0,0.0,0.0,7,2025-11-01 08:33:22.284665
2,2025-01-26 19:19:00,2025-01-26 19:43:54,N,1.0,65,62,1.0,3.51,24.0,0.0,0.5,2.0,0.0,,1.0,27.5,1.0,1.0,0.0,0.0,7,2025-11-01 08:33:22.284665
2,2025-01-26 19:02:24,2025-01-26 19:17:34,N,1.0,74,243,1.0,4.8,23.3,0.0,0.5,6.2,0.0,,1.0,31.0,1.0,1.0,0.0,0.0,7,2025-11-01 08:33:22.284665
2,2025-01-26 19:49:14,2025-01-26 20:06:00,N,1.0,82,82,1.0,1.79,15.6,0.0,0.5,0.0,0.0,,1.0,17.1,2.0,1.0,0.0,0.0,7,2025-11-01 08:33:22.284665
2,2025-01-26 19:20:30,2025-01-26 19:37:39,N,1.0,75,116,1.0,3.35,18.4,0.0,0.5,4.98,0.0,,1.0,24.88,1.0,1.0,0.0,0.0,7,2025-11-01 08:33:22.284665
2,2025-01-26 19:33:59,2025-01-26 19:47:02,N,1.0,74,262,1.0,2.23,14.2,0.0,0.5,3.32,0.0,,1.0,21.77,1.0,1.0,2.75,0.0,7,2025-11-01 08:33:22.284665
2,2025-01-26 19:35:55,2025-01-26 19:52:33,N,1.0,74,239,1.0,3.14,17.7,0.0,0.5,2.2,0.0,,1.0,24.15,1.0,1.0,2.75,0.0,7,2025-11-01 08:33:22.284665
2,2025-01-26 19:23:19,2025-01-26 19:31:25,N,1.0,74,166,1.0,1.32,10.0,0.0,0.5,2.3,0.0,,1.0,13.8,1.0,1.0,0.0,0.0,7,2025-11-01 08:33:22.284665
2,2025-01-26 20:02:09,2025-01-26 20:18:27,N,1.0,74,262,1.0,2.83,18.4,0.0,0.5,4.53,0.0,,1.0,27.18,1.0,1.0,2.75,0.0,7,2025-11-01 08:33:22.284665
2,2025-01-26 19:34:33,2025-01-26 20:01:17,N,1.0,65,89,1.0,5.75,31.0,0.0,0.5,6.5,0.0,,1.0,39.0,1.0,1.0,0.0,0.0,7,2025-11-01 08:33:22.284665
2,2025-01-26 19:28:35,2025-01-26 19:43:00,N,1.0,74,151,1.0,2.55,15.6,0.0,0.5,0.0,0.0,,1.0,17.1,1.0,1.0,0.0,0.0,7,2025-11-01 08:33:22.284665
2,2025-01-26 19:11:13,2025-01-26 19:22:59,N,1.0,82,138,5.0,3.77,19.1,5.0,0.5,5.12,0.0,,1.0,30.72,1.0,1.0,0.0,0.0,7,2025-11-01 08:33:22.284665
2,2025-01-26 19:12:43,2025-01-26 19:21:33,N,1.0,43,239,2.0,2.15,11.4,0.0,0.5,3.13,0.0,,1.0,18.78,1.0,1.0,2.75,0.0,7,2025-11-01 08:33:22.284665
2,2025-01-26 19:33:47,2025-01-26 19:37:53,N,1.0,75,236,2.0,0.7,6.5,0.0,0.5,2.69,0.0,,1.0,13.44,1.0,1.0,2.75,0.0,7,2025-11-01 08:33:22.284665
2,2025-01-26 19:50:23,2025-01-26 19:53:37,N,1.0,43,238,2.0,0.91,6.5,0.0,0.5,2.0,0.0,,1.0,10.0,1.0,1.0,0.0,0.0,7,2025-11-01 08:33:22.284665
2,2025-01-26 19:30:14,2025-01-26 19:45:53,N,1.0,74,140,1.0,3.09,17.7,0.0,0.5,4.39,0.0,,1.0,26.34,1.0,1.0,2.75,0.0,7,2025-11-01 08:33:22.284665
2,2025-01-26 19:45:41,2025-01-26 19:56:08,N,1.0,130,216,1.0,3.86,17.7,0.0,0.5,0.0,0.0,,1.0,19.2,2.0,1.0,0.0,0.0,7,2025-11-01 08:33:22.284665
2,2025-01-26 19:47:50,2025-01-26 19:58:29,N,1.0,83,129,1.0,2.28,14.2,0.0,0.5,4.3,0.0,,1.0,20.0,1.0,1.0,0.0,0.0,7,2025-11-01 08:33:22.284665
2,2025-01-26 19:22:31,2025-01-26 19:33:59,N,1.0,95,28,1.0,2.19,13.5,0.0,0.5,0.0,0.0,,1.0,15.0,2.0,1.0,0.0,0.0,7,2025-11-01 08:33:22.284665
2,2025-01-26 20:00:26,2025-01-26 20:10:13,N,1.0,95,135,1.0,2.06,12.1,0.0,0.5,4.08,0.0,,1.0,17.68,1.0,1.0,0.0,0.0,7,2025-11-01 08:33:22.284665
2,2025-01-26 19:03:46,2025-01-26 19:10:59,N,1.0,74,41,1.0,0.94,8.6,0.0,0.5,2.52,0.0,,1.0,12.62,1.0,1.0,0.0,0.0,7,2025-11-01 08:33:22.284665
2,2025-01-26 19:30:37,2025-01-26 19:42:53,N,1.0,74,236,1.0,2.43,14.9,0.0,0.5,2.87,0.0,,1.0,22.02,1.0,1.0,2.75,0.0,7,2025-11-01 08:33:22.284665
1,2025-01-26 19:26:26,2025-01-26 19:33:26,N,1.0,75,236,1.0,0.0,7.9,2.75,1.5,0.0,0.0,,1.0,12.15,2.0,1.0,2.75,0.0,7,2025-11-01 08:33:22.284665
1,2025-01-26 19:41:33,2025-01-26 19:50:44,N,1.0,75,141,3.0,0.0,9.3,2.75,1.5,2.7,0.0,,1.0,16.25,1.0,1.0,2.75,0.0,7,2025-11-01 08:33:22.284665
2,2025-01-26 19:30:57,2025-01-26 19:42:10,N,1.0,74,140,1.0,2.92,14.9,0.0,0.5,1.0,0.0,,1.0,20.15,1.0,1.0,2.75,0.0,7,2025-11-01 08:33:22.284665
2,2025-01-26 19:14:22,2025-01-26 19:21:25,N,1.0,95,95,1.0,0.97,8.6,0.0,0.5,2.02,0.0,,1.0,12.12,1.0,1.0,0.0,0.0,7,2025-11-01 08:33:22.284665
2,2025-01-26 20:15:45,2025-01-26 20:43:43,N,1.0,83,83,1.0,2.29,23.3,1.0,0.5,0.0,0.0,,1.0,25.8,2.0,1.0,0.0,0.0,7,2025-11-01 08:33:22.284665
2,2025-01-26 20:45:14,2025-01-26 21:16:52,N,1.0,82,82,1.0,3.35,26.8,1.0,0.5,0.0,0.0,,1.0,29.3,2.0,1.0,0.0,0.0,7,2025-11-01 08:33:22.284665
2,2025-01-26 20:48:05,2025-01-26 20:51:34,N,1.0,75,43,1.0,0.81,6.5,1.0,0.5,1.0,0.0,,1.0,10.0,1.0,1.0,0.0,0.0,7,2025-11-01 08:33:22.284665
2,2025-01-26 20:21:16,2025-01-26 20:22:56,N,1.0,75,236,1.0,0.33,4.4,1.0,0.5,1.0,0.0,,1.0,7.9,1.0,1.0,0.0,0.0,7,2025-11-01 08:33:22.284665
2,2025-01-26 20:02:09,2025-01-26 20:20:03,N,1.0,74,239,2.0,3.44,19.8,1.0,0.5,5.01,0.0,,1.0,30.06,1.0,1.0,2.75,0.0,7,2025-11-01 08:33:22.284665
2,2025-01-26 20:32:04,2025-01-26 20:40:54,N,1.0,75,238,1.0,1.72,11.4,1.0,0.5,4.16,0.0,,1.0,20.81,1.0,1.0,2.75,0.0,7,2025-11-01 08:33:22.284665
2,2025-01-26 20:36:12,2025-01-26 20:50:05,N,1.0,74,244,1.0,4.08,19.8,1.0,0.5,4.46,0.0,,1.0,26.76,1.0,1.0,0.0,0.0,7,2025-11-01 08:33:22.284665
2,2025-01-26 19:57:38,2025-01-26 20:14:03,N,1.0,82,83,1.0,2.17,15.6,1.0,0.5,0.0,0.0,,1.0,18.1,2.0,1.0,0.0,0.0,7,2025-11-01 08:33:22.284665
2,2025-01-26 20:20:28,2025-01-26 20:36:12,N,1.0,244,151,1.0,3.61,19.8,1.0,0.5,5.58,0.0,,1.0,27.88,1.0,1.0,0.0,0.0,7,2025-11-01 08:33:22.284665
1,2025-01-26 20:04:42,2025-01-26 20:26:20,N,1.0,42,242,1.0,0.0,29.5,0.0,1.5,0.0,0.0,,1.0,31.0,1.0,1.0,0.0,0.0,7,2025-11-01 08:33:22.284665
2,2025-01-26 20:45:03,2025-01-26 20:58:14,N,1.0,74,239,1.0,3.38,17.0,1.0,0.5,3.0,0.0,,1.0,25.25,1.0,1.0,2.75,0.0,7,2025-11-01 08:33:22.284665
2,2025-01-26 20:28:11,2025-01-26 20:35:59,N,1.0,74,236,1.0,1.76,10.7,1.0,0.5,3.19,0.0,,1.0,19.14,1.0,1.0,2.75,0.0,7,2025-11-01 08:33:22.284665
2,2025-01-26 20:25:29,2025-01-26 20:55:42,N,1.0,66,142,1.0,9.01,42.2,1.0,0.5,2.0,0.0,,1.0,49.45,1.0,1.0,2.75,0.0,7,2025-11-01 08:33:22.284665
2,2025-01-26 20:41:45,2025-01-26 21:01:29,N,1.0,75,246,1.0,5.71,26.8,1.0,0.5,5.9,0.0,,1.0,38.7,1.0,1.0,2.75,0.75,7,2025-11-01 08:33:22.284665
1,2025-01-26 20:20:03,2025-01-26 20:32:54,N,1.0,97,61,1.0,1.8,13.5,1.0,1.5,0.0,0.0,,1.0,16.0,2.0,1.0,0.0,0.0,7,2025-11-01 08:33:22.284665
2,2025-01-26 20:26:58,2025-01-26 20:42:19,N,1.0,134,95,1.0,2.49,16.3,1.0,0.5,0.0,0.0,,1.0,18.8,2.0,1.0,0.0,0.0,7,2025-11-01 08:33:22.284665
2,2025-01-26 20:34:59,2025-01-26 20:42:57,N,1.0,92,53,1.0,1.53,10.7,1.0,0.5,3.96,0.0,,1.0,17.16,1.0,1.0,0.0,0.0,7,2025-11-01 08:33:22.284665
2,2025-01-26 20:12:06,2025-01-26 20:19:02,N,1.0,75,238,1.0,1.29,9.3,1.0,0.5,3.64,0.0,,1.0,18.19,1.0,1.0,2.75,0.0,7,2025-11-01 08:33:22.284665
2,2025-01-26 20:45:08,2025-01-26 20:49:49,N,1.0,75,74,1.0,1.34,7.2,1.0,0.5,0.0,0.0,,1.0,9.7,2.0,1.0,0.0,0.0,7,2025-11-01 08:33:22.284665
1,2025-01-26 20:44:16,2025-01-26 20:54:47,Y,1.0,66,65,1.0,0.0,10.0,2.5,1.5,2.8,0.0,,1.0,16.8,1.0,1.0,0.0,0.0,7,2025-11-01 08:33:22.284665
2,2025-01-26 20:47:57,2025-01-26 20:58:37,N,1.0,260,223,2.0,3.17,16.3,1.0,0.5,0.0,0.0,,1.0,18.8,2.0,1.0,0.0,0.0,7,2025-11-01 08:33:22.284665
2,2025-01-26 20:50:49,2025-01-26 20:57:31,N,1.0,95,95,1.0,0.75,6.5,1.0,0.5,0.0,0.0,,1.0,9.0,1.0,1.0,0.0,0.0,7,2025-11-01 08:33:22.284665
2,2025-01-26 20:51:28,2025-01-26 20:56:35,N,1.0,42,42,1.0,0.91,7.2,1.0,0.5,2.42,0.0,,1.0,12.12,1.0,1.0,0.0,0.0,7,2025-11-01 08:33:22.284665
2,2025-01-26 20:15:26,2025-01-26 20:36:32,N,1.0,129,92,1.0,7.63,34.5,1.0,0.5,0.0,0.0,,1.0,37.0,2.0,1.0,0.0,0.0,7,2025-11-01 08:33:22.284665
2,2025-01-26 19:47:18,2025-01-26 20:16:24,N,1.0,82,135,1.0,5.61,31.7,1.0,0.5,0.0,0.0,,1.0,34.2,2.0,1.0,0.0,0.0,7,2025-11-01 08:33:22.284665
2,2025-01-26 20:03:57,2025-01-26 20:22:25,N,1.0,129,56,1.0,2.15,17.0,1.0,0.5,0.0,0.0,,1.0,19.5,1.0,1.0,0.0,0.0,7,2025-11-01 08:33:22.284665
2,2025-01-26 20:44:48,2025-01-26 21:31:40,N,1.0,129,141,1.0,9.63,47.8,1.0,0.5,0.0,0.0,,1.0,53.8,2.0,1.0,2.75,0.75,7,2025-11-01 08:33:22.284665
2,2025-01-26 20:33:08,2025-01-26 20:41:25,N,1.0,74,236,6.0,1.82,10.7,1.0,0.5,3.19,0.0,,1.0,19.14,1.0,1.0,2.75,0.0,7,2025-11-01 08:33:22.284665
2,2025-01-26 20:31:42,2025-01-26 20:54:56,N,1.0,66,170,5.0,6.45,31.0,1.0,0.5,0.0,0.0,,1.0,37.0,2.0,1.0,2.75,0.75,7,2025-11-01 08:33:22.284665
2,2025-01-26 20:45:25,2025-01-26 20:45:25,N,5.0,7,264,1.0,0.05,10.0,0.0,0.0,0.01,0.0,,0.0,10.01,1.0,2.0,0.0,0.0,7,2025-11-01 08:33:22.284665
2,2025-01-26 20:18:34,2025-01-26 20:27:24,N,1.0,95,135,1.0,1.59,10.7,1.0,0.5,3.3,0.0,,1.0,16.5,1.0,1.0,0.0,0.0,7,2025-11-01 08:33:22.284665
2,2025-01-26 20:36:38,2025-01-26 20:39:23,N,1.0,260,260,1.0,0.16,4.4,1.0,0.5,0.0,0.0,,1.0,6.9,1.0,1.0,0.0,0.0,7,2025-11-01 08:33:22.284665
2,2025-01-26 20:22:46,2025-01-26 20:32:31,N,1.0,97,181,1.0,1.55,11.4,1.0,0.5,2.5,0.0,,1.0,16.4,1.0,1.0,0.0,0.0,7,2025-11-01 08:33:22.284665
2,2025-01-26 20:41:32,2025-01-26 21:03:29,N,1.0,193,173,1.0,3.98,23.3,1.0,0.5,0.0,0.0,,1.0,25.8,1.0,1.0,0.0,0.0,7,2025-11-01 08:33:22.284665
2,2025-01-26 20:22:59,2025-01-26 20:27:21,N,1.0,181,181,1.0,0.74,6.5,1.0,0.5,0.0,0.0,,1.0,9.0,2.0,1.0,0.0,0.0,7,2025-11-01 08:33:22.284665
2,2025-01-26 20:23:00,2025-01-26 20:38:01,N,1.0,65,80,1.0,3.62,19.8,1.0,0.5,4.46,0.0,,1.0,26.76,1.0,1.0,0.0,0.0,7,2025-11-01 08:33:22.284665
1,2025-01-26 20:09:55,2025-01-26 20:33:16,N,1.0,82,258,3.0,4.5,22.6,1.0,1.5,0.0,0.0,,1.0,25.1,2.0,1.0,0.0,0.0,7,2025-11-01 08:33:22.284665
2,2025-01-26 20:06:46,2025-01-26 20:23:27,N,1.0,106,123,1.0,4.92,23.3,1.0,0.5,0.25,0.0,,1.0,26.05,1.0,1.0,0.0,0.0,7,2025-11-01 08:33:22.284665
2,2025-01-26 20:23:58,2025-01-26 20:35:16,N,1.0,82,82,1.0,1.42,11.4,1.0,0.5,0.0,0.0,,1.0,13.9,2.0,1.0,0.0,0.0,7,2025-11-01 08:33:22.284665
2,2025-01-26 20:28:49,2025-01-26 20:36:24,N,1.0,75,263,5.0,0.93,8.6,1.0,0.5,0.0,0.0,,1.0,11.1,2.0,1.0,0.0,0.0,7,2025-11-01 08:33:22.284665
2,2025-01-26 20:33:14,2025-01-26 20:41:22,N,1.0,41,142,1.0,2.37,12.1,1.0,0.5,4.34,0.0,,1.0,21.69,1.0,1.0,2.75,0.0,7,2025-11-01 08:33:22.284665
2,2025-01-26 20:07:57,2025-01-26 20:28:05,N,1.0,130,63,1.0,3.97,21.9,1.0,0.5,2.0,0.0,,1.0,26.4,1.0,1.0,0.0,0.0,7,2025-11-01 08:33:22.284665
2,2025-01-26 20:30:14,2025-01-26 20:38:29,N,1.0,74,75,1.0,1.49,10.0,1.0,0.5,2.5,0.0,,1.0,15.0,1.0,1.0,0.0,0.0,7,2025-11-01 08:33:22.284665
2,2025-01-26 20:36:34,2025-01-26 20:47:38,N,1.0,74,116,1.0,2.11,12.8,1.0,0.5,3.06,0.0,,1.0,18.36,1.0,1.0,0.0,0.0,7,2025-11-01 08:33:22.284665
2,2025-01-26 20:23:02,2025-01-26 20:29:21,N,1.0,75,151,1.0,1.27,8.6,1.0,0.5,1.5,0.0,,1.0,12.6,1.0,1.0,0.0,0.0,7,2025-11-01 08:33:22.284665
2,2025-01-26 21:02:10,2025-01-26 21:17:45,N,1.0,42,244,1.0,2.81,17.0,1.0,0.5,0.0,0.0,,1.0,19.5,2.0,1.0,0.0,0.0,7,2025-11-01 08:33:22.284665
2,2025-01-26 20:19:22,2025-01-26 20:25:35,N,1.0,166,152,1.0,0.94,7.9,1.0,0.5,2.6,0.0,,1.0,13.0,1.0,1.0,0.0,0.0,7,2025-11-01 08:33:22.284665
2,2025-01-26 20:10:05,2025-01-26 20:19:58,N,1.0,130,197,1.0,1.82,12.1,1.0,0.5,0.0,0.0,,1.0,14.6,1.0,1.0,0.0,0.0,7,2025-11-01 08:33:22.284665
2,2025-01-26 20:48:41,2025-01-26 21:00:15,N,1.0,130,130,1.0,1.91,13.5,1.0,0.5,1.8,0.0,,1.0,17.8,1.0,1.0,0.0,0.0,7,2025-11-01 08:33:22.284665
2,2025-01-26 20:02:02,2025-01-26 20:13:49,N,1.0,74,142,1.0,3.54,16.3,1.0,0.5,4.31,0.0,,1.0,25.86,1.0,1.0,2.75,0.0,7,2025-11-01 08:33:22.284665
2,2025-01-26 20:30:57,2025-01-26 20:40:19,N,1.0,74,238,1.0,2.44,12.8,1.0,0.5,3.06,0.0,,1.0,18.36,1.0,1.0,0.0,0.0,7,2025-11-01 08:33:22.284665
2,2025-01-26 20:48:04,2025-01-26 20:54:22,N,1.0,75,262,1.0,1.39,8.6,1.0,0.5,0.0,0.0,,1.0,13.85,2.0,1.0,2.75,0.0,7,2025-11-01 08:33:22.284665
2,2025-01-26 20:33:33,2025-01-26 20:37:49,N,1.0,75,236,2.0,0.95,6.5,1.0,0.5,1.76,0.0,,1.0,13.51,1.0,1.0,2.75,0.0,7,2025-11-01 08:33:22.284665
2,2025-01-26 20:54:54,2025-01-26 21:03:23,N,1.0,75,262,1.0,1.3,10.0,1.0,0.5,3.05,0.0,,1.0,18.3,1.0,1.0,2.75,0.0,7,2025-11-01 08:33:22.284665
2,2025-01-26 20:03:50,2025-01-26 20:11:53,N,1.0,41,166,1.0,1.44,10.0,1.0,0.5,0.0,0.0,,1.0,12.5,2.0,1.0,0.0,0.0,7,2025-11-01 08:33:22.284665
2,2025-01-26 20:29:52,2025-01-26 20:29:55,N,5.0,7,7,5.0,0.0,54.0,0.0,0.0,0.0,0.0,,1.0,55.0,1.0,2.0,0.0,0.0,7,2025-11-01 08:33:22.284665
2,2025-01-26 20:18:01,2025-01-26 20:26:33,N,1.0,83,82,1.0,1.12,9.3,1.0,0.5,0.0,0.0,,1.0,11.8,2.0,1.0,0.0,0.0,7,2025-11-01 08:33:22.284665
2,2025-01-26 20:31:17,2025-01-26 20:44:03,N,1.0,129,129,1.0,1.15,12.8,1.0,0.5,0.0,0.0,,1.0,15.3,2.0,1.0,0.0,0.0,7,2025-11-01 08:33:22.284665
2,2025-01-26 20:54:51,2025-01-26 21:06:33,N,1.0,129,129,1.0,1.54,12.1,1.0,0.5,3.65,0.0,,1.0,18.25,1.0,1.0,0.0,0.0,7,2025-11-01 08:33:22.284665
2,2025-01-26 20:00:57,2025-01-26 20:10:03,N,1.0,74,166,1.0,1.56,10.7,1.0,0.5,2.64,0.0,,1.0,15.84,1.0,1.0,0.0,0.0,7,2025-11-01 08:33:22.284665
2,2025-01-26 20:12:57,2025-01-26 20:20:03,N,1.0,134,134,1.0,1.09,8.6,1.0,0.5,2.78,0.0,,1.0,13.88,1.0,1.0,0.0,0.0,7,2025-11-01 08:33:22.284665
2,2025-01-26 20:51:40,2025-01-26 21:00:01,N,1.0,134,197,1.0,2.3,12.1,1.0,0.5,2.0,0.0,,1.0,16.6,1.0,1.0,0.0,0.0,7,2025-11-01 08:33:22.284665
2,2025-01-26 20:03:52,2025-01-26 20:13:47,N,1.0,74,263,1.0,1.88,12.1,1.0,0.5,3.47,0.0,,1.0,20.82,1.0,1.0,2.75,0.0,7,2025-11-01 08:33:22.284665
2,2025-01-26 20:31:53,2025-01-26 20:38:23,N,1.0,74,236,1.0,1.55,9.3,1.0,0.5,2.36,0.0,,1.0,14.16,1.0,1.0,0.0,0.0,7,2025-11-01 08:33:22.284665
1,2025-01-26 20:10:24,2025-01-26 20:42:43,N,1.0,41,100,2.0,0.0,25.4,4.5,1.5,6.25,0.0,,1.0,37.65,1.0,1.0,2.75,0.75,7,2025-11-01 08:33:22.284665
2,2025-01-26 20:34:43,2025-01-26 20:46:46,N,1.0,74,244,1.0,2.77,14.9,1.0,0.5,3.48,0.0,,1.0,20.88,1.0,1.0,0.0,0.0,7,2025-11-01 08:33:22.284665
2,2025-01-26 20:20:32,2025-01-26 20:30:44,N,1.0,260,7,5.0,1.69,11.4,1.0,0.5,3.0,0.0,,1.0,16.9,1.0,1.0,0.0,0.0,7,2025-11-01 08:33:22.284665
2,2025-01-26 21:05:57,2025-01-26 21:15:03,N,1.0,74,116,1.0,1.87,11.4,1.0,0.5,2.0,0.0,,1.0,15.9,1.0,1.0,0.0,0.0,7,2025-11-01 08:33:22.284665
1,2025-01-26 21:35:02,2025-01-26 21:50:05,N,1.0,97,144,0.0,2.6,17.0,4.5,1.5,5.75,0.0,,1.0,28.75,1.0,1.0,2.75,0.75,7,2025-11-01 08:33:22.284665
2,2025-01-26 21:04:25,2025-01-26 21:11:38,N,1.0,43,151,1.0,1.42,10.0,1.0,0.5,0.0,0.0,,1.0,12.5,1.0,1.0,0.0,0.0,7,2025-11-01 08:33:22.284665
2,2025-01-26 21:20:04,2025-01-26 21:24:49,N,1.0,24,41,1.0,0.67,6.5,1.0,0.5,1.8,0.0,,1.0,10.8,1.0,1.0,0.0,0.0,7,2025-11-01 08:33:22.284665
2,2025-01-26 21:28:05,2025-01-26 21:34:14,N,1.0,75,238,1.0,1.27,8.6,1.0,0.5,3.46,0.0,,1.0,17.31,1.0,1.0,2.75,0.0,7,2025-11-01 08:33:22.284665
1,2025-01-26 21:41:34,2025-01-26 21:52:25,N,1.0,244,24,1.0,3.3,16.3,1.0,1.5,4.7,0.0,,1.0,23.5,1.0,1.0,0.0,0.0,7,2025-11-01 08:33:22.284665
1,2025-01-26 21:56:39,2025-01-26 22:08:43,N,1.0,166,244,1.0,2.5,14.9,1.0,1.5,3.45,0.0,,1.0,20.85,1.0,1.0,0.0,0.0,7,2025-11-01 08:33:22.284665
2,2025-01-26 21:58:08,2025-01-26 22:10:31,N,1.0,74,43,1.0,2.75,14.9,1.0,0.5,4.03,0.0,,1.0,24.18,1.0,1.0,2.75,0.0,7,2025-11-01 08:33:22.284665
2,2025-01-26 21:30:46,2025-01-26 21:52:15,N,1.0,66,223,1.0,10.14,41.5,1.0,0.5,3.0,0.0,,1.0,47.0,1.0,1.0,0.0,0.0,7,2025-11-01 08:33:22.284665
2,2025-01-26 21:12:56,2025-01-26 21:25:19,N,1.0,82,157,1.0,2.27,14.2,1.0,0.5,0.0,0.0,,1.0,16.7,2.0,1.0,0.0,0.0,7,2025-11-01 08:33:22.284665
2,2025-01-26 21:52:50,2025-01-26 22:03:10,N,1.0,75,168,1.0,2.57,13.5,1.0,0.5,3.2,0.0,,1.0,19.2,1.0,1.0,0.0,0.0,7,2025-11-01 08:33:22.284665
1,2025-01-26 21:13:25,2025-01-26 21:20:17,N,1.0,75,151,1.0,1.4,8.6,1.0,1.5,2.2,0.0,,1.0,13.3,1.0,1.0,0.0,0.0,7,2025-11-01 08:33:22.284665
2,2025-01-26 21:30:23,2025-01-26 21:39:16,N,1.0,134,197,1.0,1.88,11.4,1.0,0.5,0.0,0.0,,1.0,13.9,2.0,1.0,0.0,0.0,7,2025-11-01 08:33:22.284665
2,2025-01-26 21:38:54,2025-01-26 21:46:17,N,1.0,75,236,1.0,1.59,10.0,1.0,0.5,3.81,0.0,,1.0,19.06,1.0,1.0,2.75,0.0,7,2025-11-01 08:33:22.284665
1,2025-01-26 21:13:25,2025-01-26 21:34:33,N,1.0,226,100,1.0,4.9,25.4,4.5,1.5,0.0,0.0,,1.0,31.4,2.0,1.0,2.75,0.75,7,2025-11-01 08:33:22.284665
2,2025-01-26 21:03:11,2025-01-26 21:17:18,N,1.0,25,40,2.0,1.43,11.4,1.0,0.5,0.0,0.0,,1.0,13.9,2.0,1.0,0.0,0.0,7,2025-11-01 08:33:22.284665
2,2025-01-26 21:02:00,2025-01-26 21:06:03,N,1.0,74,75,1.0,1.11,7.2,1.0,0.5,2.91,0.0,,1.0,12.61,1.0,1.0,0.0,0.0,7,2025-11-01 08:33:22.284665
2,2025-01-26 20:28:16,2025-01-26 20:35:46,N,1.0,82,129,1.0,1.5,10.7,1.0,0.5,0.0,0.0,,1.0,13.2,2.0,1.0,0.0,0.0,7,2025-11-01 08:33:22.284665
2,2025-01-26 21:53:45,2025-01-26 22:01:44,N,1.0,116,244,1.0,1.17,9.3,1.0,0.5,0.0,0.0,,1.0,11.8,2.0,1.0,0.0,0.0,7,2025-11-01 08:33:22.284665
2,2025-01-26 21:20:05,2025-01-26 21:42:18,N,1.0,260,243,1.0,8.91,38.0,1.0,0.5,0.0,6.94,,1.0,47.44,2.0,1.0,0.0,0.0,7,2025-11-01 08:33:22.284665
2,2025-01-26 21:05:08,2025-01-26 21:32:26,N,1.0,74,181,1.0,11.47,47.1,1.0,0.5,0.0,0.0,,1.0,52.35,2.0,1.0,2.75,0.0,7,2025-11-01 08:33:22.284665
2,2025-01-26 21:52:51,2025-01-26 22:05:47,N,1.0,74,238,1.0,2.97,16.3,1.0,0.5,0.0,0.0,,1.0,21.55,2.0,1.0,2.75,0.0,7,2025-11-01 08:33:22.284665
2,2025-01-26 21:01:30,2025-01-26 21:10:39,N,1.0,74,262,1.0,2.26,12.1,1.0,0.5,2.0,0.0,,1.0,19.35,1.0,1.0,2.75,0.0,7,2025-11-01 08:33:22.284665
1,2025-01-26 21:35:21,2025-01-26 21:43:02,N,1.0,74,41,1.0,1.1,9.3,1.0,1.5,2.95,0.0,,1.0,14.75,1.0,1.0,0.0,0.0,7,2025-11-01 08:33:22.284665
2,2025-01-26 21:02:18,2025-01-26 21:09:27,N,1.0,74,151,6.0,1.84,10.0,1.0,0.5,1.88,0.0,,1.0,14.38,1.0,1.0,0.0,0.0,7,2025-11-01 08:33:22.284665
2,2025-01-26 21:14:15,2025-01-26 21:20:27,N,1.0,7,179,2.0,1.04,7.9,1.0,0.5,1.04,0.0,,1.0,11.44,1.0,1.0,0.0,0.0,7,2025-11-01 08:33:22.284665
2,2025-01-26 21:58:01,2025-01-26 22:13:11,N,1.0,66,148,5.0,2.84,17.0,1.0,0.5,4.6,0.0,,1.0,27.6,1.0,1.0,2.75,0.75,7,2025-11-01 08:33:22.284665
2,2025-01-26 21:15:14,2025-01-26 21:27:54,N,1.0,74,42,1.0,2.14,14.2,1.0,0.5,3.34,0.0,,1.0,20.04,1.0,1.0,0.0,0.0,7,2025-11-01 08:33:22.284665
2,2025-01-26 21:09:48,2025-01-26 21:11:19,N,1.0,82,82,1.0,0.35,3.7,1.0,0.5,0.0,0.0,,1.0,6.2,2.0,1.0,0.0,0.0,7,2025-11-01 08:33:22.284665
2,2025-01-26 21:52:31,2025-01-26 22:21:31,N,1.0,82,82,1.0,1.2,24.0,1.0,0.5,0.0,0.0,,1.0,26.5,2.0,1.0,0.0,0.0,7,2025-11-01 08:33:22.284665
2,2025-01-26 20:58:22,2025-01-26 21:18:31,N,1.0,97,89,1.0,3.72,21.9,1.0,0.5,6.1,0.0,,1.0,30.5,1.0,1.0,0.0,0.0,7,2025-11-01 08:33:22.284665
2,2025-01-26 21:51:57,2025-01-26 22:05:35,N,1.0,65,225,1.0,2.47,14.2,1.0,0.5,3.34,0.0,,1.0,20.04,1.0,1.0,0.0,0.0,7,2025-11-01 08:33:22.284665
2,2025-01-26 21:30:19,2025-01-26 21:40:19,N,1.0,75,141,5.0,2.36,12.8,1.0,0.5,3.61,0.0,,1.0,21.66,1.0,1.0,2.75,0.0,7,2025-11-01 08:33:22.284665
2,2025-01-26 21:30:58,2025-01-26 21:43:56,N,1.0,74,263,1.0,2.13,13.5,1.0,0.5,3.75,0.0,,1.0,22.5,1.0,1.0,2.75,0.0,7,2025-11-01 08:33:22.284665
2,2025-01-26 21:55:48,2025-01-26 22:09:51,N,1.0,74,116,1.0,2.02,14.2,1.0,0.5,3.34,0.0,,1.0,20.04,1.0,1.0,0.0,0.0,7,2025-11-01 08:33:22.284665
2,2025-01-26 21:30:53,2025-01-26 21:43:22,N,1.0,42,238,1.0,2.55,15.6,1.0,0.5,0.0,0.0,,1.0,20.85,2.0,1.0,2.75,0.0,7,2025-11-01 08:33:22.284665
2,2025-01-26 21:50:13,2025-01-26 22:01:08,N,1.0,65,61,1.0,2.29,13.5,1.0,0.5,3.2,0.0,,1.0,19.2,1.0,1.0,0.0,0.0,7,2025-11-01 08:33:22.284665
2,2025-01-26 21:01:47,2025-01-26 21:09:26,N,1.0,74,236,1.0,1.98,11.4,1.0,0.5,3.33,0.0,,1.0,19.98,1.0,1.0,2.75,0.0,7,2025-11-01 08:33:22.284665
2,2025-01-26 21:07:47,2025-01-26 21:13:14,N,1.0,75,75,1.0,0.78,7.2,1.0,0.5,2.42,0.0,,1.0,12.12,1.0,1.0,0.0,0.0,7,2025-11-01 08:33:22.284665
2,2025-01-26 21:29:33,2025-01-26 21:31:52,N,1.0,75,75,1.0,0.45,4.4,1.0,0.5,0.0,0.0,,1.0,6.9,2.0,1.0,0.0,0.0,7,2025-11-01 08:33:22.284665
2,2025-01-26 21:46:47,2025-01-26 21:49:22,N,1.0,74,74,1.0,0.15,4.4,1.0,0.5,0.0,0.0,,1.0,6.9,2.0,1.0,0.0,0.0,7,2025-11-01 08:33:22.284665
2,2025-01-26 21:31:39,2025-01-26 21:33:26,N,1.0,129,260,2.0,0.3,4.4,1.0,0.5,0.0,0.0,,1.0,6.9,2.0,1.0,0.0,0.0,7,2025-11-01 08:33:22.284665
2,2025-01-26 21:15:34,2025-01-26 21:32:07,N,1.0,75,164,1.0,4.08,20.5,1.0,0.5,5.0,0.0,,1.0,31.5,1.0,1.0,2.75,0.75,7,2025-11-01 08:33:22.284665
2,2025-01-26 21:12:29,2025-01-26 21:18:24,N,1.0,74,263,1.0,1.43,8.6,1.0,0.5,1.66,0.0,,1.0,15.51,1.0,1.0,2.75,0.0,7,2025-11-01 08:33:22.284665
2,2025-01-26 21:46:38,2025-01-26 21:57:19,N,1.0,129,82,1.0,1.11,10.7,1.0,0.5,0.0,0.0,,1.0,13.2,2.0,1.0,0.0,0.0,7,2025-11-01 08:33:22.284665
2,2025-01-26 21:20:48,2025-01-26 21:20:51,N,5.0,130,264,1.0,0.13,19.0,0.0,0.0,0.0,0.0,,1.0,20.0,1.0,2.0,0.0,0.0,7,2025-11-01 08:33:22.284665
2,2025-01-26 21:00:36,2025-01-26 21:08:26,N,1.0,74,42,1.0,1.16,9.3,1.0,0.5,0.0,0.0,,1.0,11.8,1.0,1.0,0.0,0.0,7,2025-11-01 08:33:22.284665
2,2025-01-26 21:27:37,2025-01-26 21:38:09,N,1.0,74,263,1.0,1.93,12.8,1.0,0.5,2.0,0.0,,1.0,20.05,1.0,1.0,2.75,0.0,7,2025-11-01 08:33:22.284665
2,2025-01-26 21:11:59,2025-01-26 21:21:36,N,1.0,82,207,1.0,1.54,11.4,1.0,0.5,0.0,0.0,,1.0,13.9,2.0,1.0,0.0,0.0,7,2025-11-01 08:33:22.284665
2,2025-01-26 21:33:22,2025-01-26 21:33:25,N,5.0,73,73,1.0,0.0,13.0,0.0,0.0,2.8,0.0,,1.0,16.8,1.0,2.0,0.0,0.0,7,2025-11-01 08:33:22.284665
2,2025-01-26 21:33:23,2025-01-26 21:57:00,N,1.0,95,132,1.0,9.61,38.7,1.0,0.5,10.3,0.0,,1.0,51.5,1.0,1.0,0.0,0.0,7,2025-11-01 08:33:22.284665
2,2025-01-26 21:02:36,2025-01-26 21:13:14,N,1.0,74,152,1.0,1.67,11.4,1.0,0.5,4.17,0.0,,1.0,18.07,1.0,1.0,0.0,0.0,7,2025-11-01 08:33:22.284665
2,2025-01-26 22:51:12,2025-01-26 23:05:43,N,1.0,83,196,1.0,3.18,17.7,1.0,0.5,2.0,0.0,,1.0,22.2,1.0,1.0,0.0,0.0,7,2025-11-01 08:33:22.284665
2,2025-01-26 22:31:36,2025-01-26 22:43:12,N,1.0,74,263,1.0,2.03,12.8,1.0,0.5,3.61,0.0,,1.0,21.66,1.0,1.0,2.75,0.0,7,2025-11-01 08:33:22.284665
2,2025-01-26 22:24:10,2025-01-26 22:44:07,N,1.0,82,121,1.0,9.43,38.7,1.0,0.5,0.0,0.0,,1.0,41.2,2.0,1.0,0.0,0.0,7,2025-11-01 08:33:22.284665
2,2025-01-26 22:00:31,2025-01-26 22:04:22,N,1.0,75,236,2.0,0.8,6.5,1.0,0.5,2.35,0.0,,1.0,14.1,1.0,1.0,2.75,0.0,7,2025-11-01 08:33:22.284665
2,2025-01-26 22:27:49,2025-01-26 22:34:39,N,1.0,74,41,1.0,1.02,8.6,1.0,0.5,0.0,0.0,,1.0,11.1,2.0,1.0,0.0,0.0,7,2025-11-01 08:33:22.284665
2,2025-01-26 20:13:36,2025-01-26 20:15:04,N,1.0,75,263,1.0,0.66,5.1,1.0,0.5,2.0,0.0,,1.0,12.35,1.0,1.0,2.75,0.0,7,2025-11-01 08:33:22.284665
2,2025-01-26 20:31:17,2025-01-26 20:43:59,N,1.0,74,151,1.0,2.26,14.2,1.0,0.5,3.34,0.0,,1.0,20.04,1.0,1.0,0.0,0.0,7,2025-11-01 08:33:22.284665
2,2025-01-26 22:29:28,2025-01-26 22:42:27,N,1.0,66,125,1.0,2.51,14.9,1.0,0.5,4.18,0.0,,1.0,25.08,1.0,1.0,2.75,0.75,7,2025-11-01 08:33:22.284665
2,2025-01-26 22:35:34,2025-01-26 22:41:52,N,1.0,243,243,1.0,0.9,7.9,1.0,0.5,0.0,0.0,,1.0,10.4,2.0,1.0,0.0,0.0,7,2025-11-01 08:33:22.284665
2,2025-01-26 22:30:04,2025-01-26 22:33:48,N,1.0,75,75,1.0,0.65,5.8,1.0,0.5,0.0,0.0,,1.0,8.3,2.0,1.0,0.0,0.0,7,2025-11-01 08:33:22.284665
2,2025-01-26 22:59:36,2025-01-26 23:07:44,N,1.0,75,151,1.0,1.58,10.7,1.0,0.5,2.64,0.0,,1.0,15.84,1.0,1.0,0.0,0.0,7,2025-11-01 08:33:22.284665
2,2025-01-26 20:37:37,2025-01-26 20:44:53,N,1.0,82,129,1.0,2.44,13.5,6.0,0.5,0.0,0.0,,1.0,21.0,1.0,1.0,0.0,0.0,7,2025-11-01 08:33:22.284665
2,2025-01-26 22:06:43,2025-01-26 22:19:13,N,1.0,244,166,1.0,2.27,14.9,1.0,0.5,0.0,0.0,,1.0,17.4,2.0,1.0,0.0,0.0,7,2025-11-01 08:33:22.284665
2,2025-01-26 22:35:04,2025-01-26 22:37:14,N,1.0,116,116,1.0,0.32,4.4,1.0,0.5,0.0,0.0,,1.0,6.9,2.0,1.0,0.0,0.0,7,2025-11-01 08:33:22.284665
2,2025-01-26 22:56:26,2025-01-26 23:02:51,N,1.0,260,226,1.0,1.1,7.9,1.0,0.5,2.08,0.0,,1.0,12.48,1.0,1.0,0.0,0.0,7,2025-11-01 08:33:22.284665
2,2025-01-26 22:41:20,2025-01-26 22:55:37,N,1.0,130,216,1.0,3.25,17.7,1.0,0.5,0.0,0.0,,1.0,20.2,2.0,1.0,0.0,0.0,7,2025-11-01 08:33:22.284665
2,2025-01-26 22:26:50,2025-01-26 22:37:21,N,1.0,74,236,1.0,2.13,12.8,1.0,0.5,2.22,0.0,,1.0,20.27,1.0,1.0,2.75,0.0,7,2025-11-01 08:33:22.284665
2,2025-01-26 22:26:44,2025-01-26 22:34:57,N,1.0,74,166,6.0,1.42,10.0,1.0,0.5,1.88,0.0,,1.0,14.38,1.0,1.0,0.0,0.0,7,2025-11-01 08:33:22.284665
2,2025-01-26 22:43:22,2025-01-26 22:49:00,N,1.0,41,74,6.0,1.28,8.6,1.0,0.5,0.0,0.0,,1.0,11.1,1.0,1.0,0.0,0.0,7,2025-11-01 08:33:22.284665
2,2025-01-26 22:39:44,2025-01-26 22:39:47,N,5.0,7,7,1.0,0.0,10.0,0.0,0.0,2.2,0.0,,1.0,13.2,1.0,2.0,0.0,0.0,7,2025-11-01 08:33:22.284665
2,2025-01-26 22:45:35,2025-01-26 23:13:44,N,1.0,95,218,1.0,8.56,37.3,1.0,0.5,10.0,0.0,,1.0,49.8,1.0,1.0,0.0,0.0,7,2025-11-01 08:33:22.284665
2,2025-01-26 22:12:08,2025-01-26 22:24:50,N,1.0,95,258,1.0,3.0,15.6,1.0,0.5,0.0,0.0,,1.0,18.1,2.0,1.0,0.0,0.0,7,2025-11-01 08:33:22.284665
2,2025-01-26 22:02:29,2025-01-26 22:11:27,N,1.0,260,7,1.0,1.36,10.7,1.0,0.5,2.64,0.0,,1.0,15.84,1.0,1.0,0.0,0.0,7,2025-11-01 08:33:22.284665
2,2025-01-26 22:39:35,2025-01-26 22:47:45,N,1.0,82,160,1.0,1.62,10.0,1.0,0.5,4.0,0.0,,1.0,16.5,1.0,1.0,0.0,0.0,7,2025-11-01 08:33:22.284665
2,2025-01-26 22:04:12,2025-01-26 22:23:43,N,1.0,66,68,1.0,4.51,23.3,1.0,0.5,7.32,0.0,,1.0,36.62,1.0,1.0,2.75,0.75,7,2025-11-01 08:33:22.284665
2,2025-01-26 22:14:17,2025-01-26 22:14:22,N,5.0,210,210,1.0,0.09,9.0,0.0,0.0,0.0,0.0,,1.0,10.0,1.0,2.0,0.0,0.0,7,2025-11-01 08:33:22.284665
2,2025-01-26 22:50:36,2025-01-26 22:58:48,N,1.0,82,129,1.0,1.38,7.5,0.5,0.5,0.0,0.0,,0.3,8.8,2.0,1.0,0.0,0.0,7,2025-11-01 08:33:22.284665
2,2025-01-26 22:40:57,2025-01-26 22:47:08,N,1.0,181,106,1.0,1.1,8.6,1.0,0.5,2.0,0.0,,1.0,13.1,1.0,1.0,0.0,0.0,7,2025-11-01 08:33:22.284665
2,2025-01-26 22:37:36,2025-01-26 22:46:44,N,1.0,75,141,5.0,2.25,12.1,1.0,0.5,3.47,0.0,,1.0,20.82,1.0,1.0,2.75,0.0,7,2025-11-01 08:33:22.284665
2,2025-01-26 22:20:44,2025-01-26 22:22:47,N,5.0,215,215,1.0,0.66,15.0,0.0,0.0,0.0,0.0,,1.0,16.0,1.0,2.0,0.0,0.0,7,2025-11-01 08:33:22.284665
2,2025-01-26 22:11:35,2025-01-26 22:21:38,N,1.0,116,244,1.0,1.24,10.7,1.0,0.5,0.0,0.0,,1.0,13.2,2.0,1.0,0.0,0.0,7,2025-11-01 08:33:22.284665
2,2025-01-26 22:35:06,2025-01-26 22:43:45,N,1.0,130,197,1.0,2.12,12.1,1.0,0.5,2.92,0.0,,1.0,17.52,1.0,1.0,0.0,0.0,7,2025-11-01 08:33:22.284665
2,2025-01-26 21:31:39,2025-01-26 22:54:34,N,1.0,129,129,2.0,0.81,7.9,1.0,0.5,0.0,0.0,,1.0,10.4,1.0,1.0,0.0,0.0,7,2025-11-01 08:33:22.284665
2,2025-01-26 22:06:44,2025-01-26 22:17:02,N,1.0,134,197,1.0,1.64,11.4,1.0,0.5,0.0,0.0,,1.0,13.9,2.0,1.0,0.0,0.0,7,2025-11-01 08:33:22.284665
2,2025-01-26 23:40:16,2025-01-26 23:43:17,N,1.0,223,223,1.0,0.71,5.8,1.0,0.5,2.49,0.0,,1.0,10.79,1.0,1.0,0.0,0.0,7,2025-11-01 08:33:22.284665
2,2025-01-26 23:15:52,2025-01-26 23:29:13,N,1.0,83,56,1.0,2.34,14.9,1.0,0.5,0.0,0.0,,1.0,17.4,2.0,1.0,0.0,0.0,7,2025-11-01 08:33:22.284665
2,2025-01-26 21:13:51,2025-01-26 21:25:12,N,1.0,75,166,1.0,2.19,14.2,1.0,0.5,3.34,0.0,,1.0,20.04,1.0,1.0,0.0,0.0,7,2025-11-01 08:33:22.284665
2,2025-01-26 23:38:26,2025-01-26 23:54:06,N,1.0,74,241,1.0,5.9,26.1,1.0,0.5,7.15,0.0,,1.0,35.75,1.0,1.0,0.0,0.0,7,2025-11-01 08:33:22.284665
2,2025-01-26 23:34:03,2025-01-26 23:38:28,N,1.0,75,74,1.0,1.35,7.9,1.0,0.5,2.08,0.0,,1.0,12.48,1.0,1.0,0.0,0.0,7,2025-11-01 08:33:22.284665
2,2025-01-26 23:55:27,2025-01-27 00:15:10,N,1.0,75,200,1.0,10.64,42.2,1.0,0.5,9.58,3.18,,1.0,57.46,1.0,1.0,0.0,0.0,7,2025-11-01 08:33:22.284665
2,2025-01-26 23:20:52,2025-01-26 23:29:13,N,1.0,260,129,1.0,1.04,9.3,1.0,0.5,0.0,0.0,,1.0,11.8,2.0,1.0,0.0,0.0,7,2025-11-01 08:33:22.284665
2,2025-01-26 23:38:08,2025-01-26 23:52:10,N,1.0,95,130,1.0,4.26,21.2,1.0,0.5,0.0,0.0,,1.0,23.7,2.0,1.0,0.0,0.0,7,2025-11-01 08:33:22.284665
2,2025-01-26 23:48:17,2025-01-26 23:54:07,N,1.0,7,179,1.0,0.74,7.2,1.0,0.5,1.94,0.0,,1.0,11.64,1.0,1.0,0.0,0.0,7,2025-11-01 08:33:22.284665
2,2025-01-26 23:11:26,2025-01-26 23:16:57,N,1.0,260,260,1.0,0.0,6.5,1.0,0.5,0.0,0.0,,1.0,9.0,2.0,1.0,0.0,0.0,7,2025-11-01 08:33:22.284665
2,2025-01-26 23:23:00,2025-01-26 23:48:44,N,1.0,145,95,1.0,5.1,26.8,1.0,0.5,0.0,0.0,,1.0,29.3,2.0,1.0,0.0,0.0,7,2025-11-01 08:33:22.284665
2,2025-01-26 23:48:37,2025-01-26 23:57:28,N,1.0,74,237,1.0,2.92,14.2,1.0,0.5,3.89,0.0,,1.0,23.34,1.0,1.0,2.75,0.0,7,2025-11-01 08:33:22.284665
2,2025-01-26 23:31:17,2025-01-26 23:40:45,N,1.0,74,166,1.0,2.04,12.1,1.0,0.5,2.92,0.0,,1.0,17.52,1.0,1.0,0.0,0.0,7,2025-11-01 08:33:22.284665
2,2025-01-26 23:55:05,2025-01-27 00:00:59,N,1.0,95,95,1.0,1.53,9.3,1.0,0.5,0.0,0.0,,1.0,11.8,1.0,1.0,0.0,0.0,7,2025-11-01 08:33:22.284665
2,2025-01-26 23:00:04,2025-01-26 23:13:39,N,1.0,66,125,5.0,3.16,17.0,1.0,0.5,3.3,0.0,,1.0,26.3,1.0,1.0,2.75,0.75,7,2025-11-01 08:33:22.284665
2,2025-01-26 23:26:56,2025-01-26 23:41:32,N,1.0,95,63,1.0,5.42,24.0,1.0,0.5,6.62,0.0,,1.0,33.12,1.0,1.0,0.0,0.0,7,2025-11-01 08:33:22.284665
2,2025-01-26 23:02:45,2025-01-26 23:23:54,N,1.0,129,173,1.0,2.39,19.1,1.0,0.5,0.0,0.0,,1.0,21.6,2.0,1.0,0.0,0.0,7,2025-11-01 08:33:22.284665
2,2025-01-26 23:07:30,2025-01-26 23:29:58,N,1.0,130,212,1.0,15.74,59.0,1.0,0.5,0.0,6.94,,1.0,68.44,2.0,1.0,0.0,0.0,7,2025-11-01 08:33:22.284665
2,2025-01-26 22:59:48,2025-01-26 23:11:19,N,1.0,66,256,1.0,4.95,21.2,1.0,0.5,4.74,0.0,,1.0,28.44,1.0,1.0,0.0,0.0,7,2025-11-01 08:33:22.284665
2,2025-01-26 23:27:54,2025-01-26 23:45:28,N,1.0,74,47,1.0,5.02,25.4,1.0,0.5,0.0,0.0,,1.0,27.9,2.0,1.0,0.0,0.0,7,2025-11-01 08:33:22.284665
2,2025-01-26 23:23:09,2025-01-26 23:28:10,N,1.0,41,74,1.0,0.99,7.2,1.0,0.5,0.0,0.0,,1.0,9.7,2.0,1.0,0.0,0.0,7,2025-11-01 08:33:22.284665
2,2025-01-26 23:23:54,2025-01-26 23:31:40,N,1.0,130,95,2.0,3.71,16.3,1.0,0.5,3.0,0.0,,1.0,21.8,1.0,1.0,0.0,0.0,7,2025-11-01 08:33:22.284665
2,2025-01-26 23:19:44,2025-01-26 23:36:09,N,1.0,134,223,1.0,8.88,35.9,1.0,0.5,0.0,0.0,,1.0,38.4,2.0,1.0,0.0,0.0,7,2025-11-01 08:33:22.284665
2,2025-01-26 23:10:51,2025-01-26 23:40:07,N,1.0,75,127,1.0,6.95,28.9,1.0,0.5,0.0,0.0,,1.0,31.4,2.0,1.0,0.0,0.0,7,2025-11-01 08:33:22.284665
2,2025-01-26 23:27:56,2025-01-26 23:38:43,N,1.0,74,127,1.0,4.74,21.2,1.0,0.5,4.74,0.0,,1.0,28.44,1.0,1.0,0.0,0.0,7,2025-11-01 08:33:22.284665
2,2025-01-26 23:02:56,2025-01-26 23:10:31,N,1.0,95,135,1.0,1.87,10.7,1.0,0.5,1.5,0.0,,1.0,14.7,1.0,1.0,0.0,0.0,7,2025-11-01 08:33:22.284665
1,2025-01-26 23:31:12,2025-01-26 23:40:16,N,1.0,25,148,1.0,2.5,12.8,4.5,1.5,3.75,0.0,,1.0,22.55,1.0,1.0,2.75,0.75,7,2025-11-01 08:33:22.284665
2,2025-01-26 23:31:25,2025-01-26 23:36:34,N,1.0,75,41,1.0,1.35,8.6,1.0,0.5,2.22,0.0,,1.0,13.32,1.0,1.0,0.0,0.0,7,2025-11-01 08:33:22.284665
2,2025-01-05 00:23:00,2025-01-05 00:40:00,,,80,189,,4.56,23.19,0.0,0.5,4.94,0.0,,1.0,29.63,,,,,7,2025-11-01 08:33:22.284665
2,2025-01-05 02:04:00,2025-01-05 02:23:00,,,7,148,,9.69,40.07,0.0,0.5,9.01,0.0,,1.0,54.08,,,,,7,2025-11-01 08:33:22.284665
2,2025-01-05 02:59:00,2025-01-05 03:13:00,,,198,112,,3.18,18.95,0.0,0.5,4.09,0.0,,1.0,24.54,,,,,7,2025-11-01 08:33:22.284665
2,2025-01-05 03:16:00,2025-01-05 03:30:00,,,95,138,,0.77,13.34,0.0,0.5,0.0,0.0,,1.0,14.84,,,,,7,2025-11-01 08:33:22.284665
2,2025-01-05 09:24:00,2025-01-05 09:30:00,,,116,42,,0.78,13.58,0.0,0.5,0.45,0.0,,1.0,15.53,,,,,7,2025-11-01 08:33:22.284665
1,2025-01-05 11:27:31,2025-01-05 11:34:38,,,75,75,,0.7,7.9,0.0,0.5,1.88,0.0,,1.0,11.28,,,,,7,2025-11-01 08:33:22.284665
2,2025-01-05 11:11:00,2025-01-05 11:28:00,,,91,35,,1.79,19.92,0.0,0.5,0.0,0.0,,1.0,21.42,,,,,7,2025-11-01 08:33:22.284665
2,2025-01-05 11:35:00,2025-01-05 11:40:00,,,41,42,,1.06,13.58,0.0,0.5,3.0,0.0,,1.0,18.08,,,,,7,2025-11-01 08:33:22.284665
2,2025-01-05 11:30:00,2025-01-05 11:45:00,,,42,263,,2.57,21.07,0.0,0.5,6.33,0.0,,1.0,31.65,,,,,7,2025-11-01 08:33:22.284665
2,2025-01-05 12:05:00,2025-01-05 12:27:00,,,42,242,,9.3,37.34,0.0,0.5,0.0,0.0,,1.0,38.84,,,,,7,2025-11-01 08:33:22.284665
2,2025-01-05 12:04:24,2025-01-05 12:34:38,,,191,61,,13.13,51.25,0.0,0.5,0.0,0.0,,1.0,52.75,,,,,7,2025-11-01 08:33:22.284665
2,2025-01-05 12:19:00,2025-01-05 12:44:00,,,166,119,,3.16,19.35,0.0,0.5,0.0,0.0,,1.0,20.85,,,,,7,2025-11-01 08:33:22.284665
2,2025-01-05 12:43:00,2025-01-05 12:58:00,,,74,138,,7.14,33.56,0.0,0.5,4.22,0.0,,1.0,39.28,,,,,7,2025-11-01 08:33:22.284665
2,2025-01-05 13:14:00,2025-01-05 13:25:00,,,260,129,,1.67,17.36,0.0,0.5,3.77,0.0,,1.0,22.63,,,,,7,2025-11-01 08:33:22.284665
2,2025-01-05 14:38:00,2025-01-05 15:00:00,,,42,161,,4.17,27.75,0.0,0.5,6.55,0.0,,1.0,39.3,,,,,7,2025-11-01 08:33:22.284665
2,2025-01-05 14:22:00,2025-01-05 14:42:00,,,66,62,,6.94,26.54,0.0,0.5,5.61,0.0,,1.0,33.65,,,,,7,2025-11-01 08:33:22.284665
2,2025-01-05 15:27:00,2025-01-05 15:51:00,,,179,243,,8.88,41.77,0.0,0.5,10.04,6.94,,1.0,60.25,,,,,7,2025-11-01 08:33:22.284665
1,2025-01-05 15:53:11,2025-01-05 16:00:45,,,24,238,,1.0,7.9,0.0,0.5,2.43,0.0,,1.0,14.58,,,,,7,2025-11-01 08:33:22.284665
2,2025-01-05 15:13:00,2025-01-05 15:34:00,,,42,75,,3.18,19.01,0.0,0.5,4.1,0.0,,1.0,24.61,,,,,7,2025-11-01 08:33:22.284665
2,2025-01-05 15:01:00,2025-01-05 15:05:00,,,41,41,,0.65,12.3,0.0,0.5,2.76,0.0,,1.0,16.56,,,,,7,2025-11-01 08:33:22.284665
2,2025-01-05 17:27:00,2025-01-05 17:39:00,,,223,226,,1.5,14.44,0.0,0.5,1.59,0.0,,1.0,17.53,,,,,7,2025-11-01 08:33:22.284665
2,2025-01-05 18:24:00,2025-01-05 18:37:00,,,168,152,,2.17,17.43,0.0,0.5,0.0,0.0,,1.0,18.93,,,,,7,2025-11-01 08:33:22.284665
2,2025-01-05 19:11:00,2025-01-05 19:19:00,,,66,65,,1.15,13.52,0.0,0.0,2.8,0.0,,1.0,17.32,,,,,7,2025-11-01 08:33:22.284665
2,2025-01-05 20:46:00,2025-01-05 20:58:00,,,166,50,,5.07,23.86,0.0,0.5,4.22,0.0,,1.0,32.33,,,,,7,2025-11-01 08:33:22.284665
2,2025-01-05 21:25:00,2025-01-05 21:34:00,,,42,74,,1.88,13.58,0.0,0.5,0.0,0.0,,1.0,15.08,,,,,7,2025-11-01 08:33:22.284665
2,2025-01-05 22:19:00,2025-01-05 22:32:00,,,75,140,,2.28,15.04,0.0,0.5,1.0,0.0,,1.0,20.29,,,,,7,2025-11-01 08:33:22.284665
2,2025-01-05 22:47:00,2025-01-05 23:13:00,,,66,48,,7.81,33.61,0.0,0.5,0.0,0.0,,1.0,38.61,,,,,7,2025-11-01 08:33:22.284665
2,2025-01-12 00:44:00,2025-01-12 00:58:00,,,65,79,,3.01,19.05,0.0,0.5,0.0,0.0,,1.0,24.05,,,,,7,2025-11-01 08:33:22.284665
2,2025-01-12 00:33:00,2025-01-12 00:51:00,,,112,262,,5.11,26.24,0.0,0.5,6.25,0.0,,1.0,37.49,,,,,7,2025-11-01 08:33:22.284665
2,2025-01-12 00:47:38,2025-01-12 01:08:18,,,256,129,,4.96,27.19,0.0,0.5,5.74,0.0,,1.0,34.43,,,,,7,2025-11-01 08:33:22.284665
2,2025-01-12 01:40:00,2025-01-12 01:54:00,,,80,79,,4.0,22.09,0.0,0.5,4.06,0.0,,1.0,31.15,,,,,7,2025-11-01 08:33:22.284665
2,2025-01-12 03:27:00,2025-01-12 03:58:00,,,80,262,,8.5,48.78,0.0,0.5,7.95,0.0,,1.0,60.98,,,,,7,2025-11-01 08:33:22.284665
2,2025-01-12 05:19:00,2025-01-12 05:53:00,,,41,132,,18.74,63.69,0.0,0.5,14.43,6.94,,1.0,86.56,,,,,7,2025-11-01 08:33:22.284665
2,2025-01-12 08:51:57,2025-01-12 09:03:38,,,75,166,,1.89,12.14,0.0,0.5,2.73,0.0,,1.0,16.37,,,,,7,2025-11-01 08:33:22.284665
2,2025-01-12 09:37:00,2025-01-12 09:59:00,,,215,92,,6.97,29.25,0.0,0.5,0.0,0.0,,1.0,30.75,,,,,7,2025-11-01 08:33:22.284665
2,2025-01-12 09:36:00,2025-01-12 09:57:00,,,181,107,,4.71,24.05,0.0,0.5,5.81,0.0,,1.0,34.86,,,,,7,2025-11-01 08:33:22.284665
2,2025-01-12 09:29:00,2025-01-12 09:50:00,,,127,141,,8.7,31.22,0.0,0.5,0.0,0.0,,1.0,35.47,,,,,7,2025-11-01 08:33:22.284665
2,2025-01-12 09:14:00,2025-01-12 09:17:00,,,225,225,,0.85,15.0,0.0,0.5,0.0,0.0,,1.0,16.5,,,,,7,2025-11-01 08:33:22.284665
2,2025-01-12 09:13:00,2025-01-12 09:17:00,,,61,61,,0.67,15.0,0.0,0.5,0.0,0.0,,1.0,16.5,,,,,7,2025-11-01 08:33:22.284665
2,2025-01-12 10:04:04,2025-01-12 10:07:55,,,42,42,,0.41,15.0,0.0,0.5,0.0,0.0,,1.0,16.5,,,,,7,2025-11-01 08:33:22.284665
2,2025-01-12 10:51:00,2025-01-12 11:20:00,,,129,142,,0.0,34.32,0.0,0.5,7.71,0.0,,1.0,46.28,,,,,7,2025-11-01 08:33:22.284665
2,2025-01-12 10:26:00,2025-01-12 10:36:00,,,41,42,,1.37,15.0,0.0,0.5,0.0,0.0,,1.0,16.5,,,,,7,2025-11-01 08:33:22.284665
2,2025-01-12 11:59:09,2025-01-12 12:07:20,,,41,166,,1.0,13.58,0.0,0.5,3.77,0.0,,1.0,18.85,,,,,7,2025-11-01 08:33:22.284665
2,2025-01-12 11:19:00,2025-01-12 11:39:00,,,41,241,,10.12,36.6,0.0,0.5,0.0,3.18,,1.0,41.28,,,,,7,2025-11-01 08:33:22.284665
1,2025-01-12 11:06:37,2025-01-12 11:11:18,,,166,238,,1.0,7.2,0.0,0.5,2.29,0.0,,1.0,13.74,,,,,7,2025-11-01 08:33:22.284665
1,2025-01-12 12:56:56,2025-01-12 13:08:52,,,74,43,,2.6,14.9,0.0,0.5,2.87,0.0,,1.0,22.02,,,,,7,2025-11-01 08:33:22.284665
2,2025-01-12 12:47:54,2025-01-12 13:14:53,,,244,162,,9.44,42.32,0.0,0.5,11.83,0.0,,1.0,59.15,,,,,7,2025-11-01 08:33:22.284665
2,2025-01-12 12:22:00,2025-01-12 12:36:00,,,33,49,,3.36,14.55,0.0,0.5,3.21,0.0,,1.0,19.26,,,,,7,2025-11-01 08:33:22.284665
2,2025-01-12 12:51:00,2025-01-12 12:59:00,,,41,166,,1.5,12.3,0.0,0.5,2.48,0.0,,1.0,16.28,,,,,7,2025-11-01 08:33:22.284665
2,2025-01-12 12:28:29,2025-01-12 12:41:21,,,152,119,,4.16,19.67,0.0,0.5,0.0,0.0,,1.0,21.17,,,,,7,2025-11-01 08:33:22.284665
2,2025-01-12 13:42:00,2025-01-12 14:10:00,,,66,62,,6.71,25.41,0.0,0.5,2.69,0.0,,1.0,29.6,,,,,7,2025-11-01 08:33:22.284665
2,2025-01-12 13:25:00,2025-01-12 13:31:00,,,74,263,,1.74,12.3,0.0,0.5,3.31,0.0,,1.0,19.86,,,,,7,2025-11-01 08:33:22.284665
2,2025-01-12 13:16:00,2025-01-12 14:02:00,,,188,138,,6.39,50.09,0.0,0.5,7.74,0.0,,1.0,59.33,,,,,7,2025-11-01 08:33:22.284665
2,2025-01-12 14:14:00,2025-01-12 14:32:00,,,25,211,,3.26,18.85,0.0,0.5,3.58,0.0,,1.0,27.43,,,,,7,2025-11-01 08:33:22.284665
2,2025-01-12 14:08:00,2025-01-12 14:18:00,,,116,42,,0.92,12.3,0.0,0.5,2.76,0.0,,1.0,16.56,,,,,7,2025-11-01 08:33:22.284665
2,2025-01-12 14:09:00,2025-01-12 14:20:00,,,41,142,,2.24,14.96,0.0,0.5,0.38,0.0,,1.0,19.59,,,,,7,2025-11-01 08:33:22.284665
2,2025-01-12 14:49:00,2025-01-12 14:59:00,,,106,40,,1.27,13.02,0.0,0.5,2.9,0.0,,1.0,17.42,,,,,7,2025-11-01 08:33:22.284665
2,2025-01-12 14:22:00,2025-01-12 14:35:00,,,166,142,,2.43,17.46,0.0,0.5,4.34,0.0,,1.0,26.05,,,,,7,2025-11-01 08:33:22.284665
2,2025-01-12 15:12:00,2025-01-12 15:23:00,,,49,33,,1.93,15.25,0.0,0.5,3.35,0.0,,1.0,20.1,,,,,7,2025-11-01 08:33:22.284665
2,2025-01-12 16:42:00,2025-01-12 17:08:00,,,179,243,,8.9,40.71,0.0,0.5,9.83,6.94,,1.0,58.98,,,,,7,2025-11-01 08:33:22.284665
2,2025-01-12 16:29:00,2025-01-12 16:40:00,,,42,75,,2.93,16.99,0.0,0.5,0.0,0.0,,1.0,18.49,,,,,7,2025-11-01 08:33:22.284665
2,2025-01-12 16:48:00,2025-01-12 17:08:00,,,83,79,,6.99,36.33,0.0,0.5,9.65,6.94,,1.0,57.92,,,,,7,2025-11-01 08:33:22.284665
1,2025-01-12 17:10:57,2025-01-12 17:17:12,,,236,236,,0.5,6.5,0.0,0.5,2.69,0.0,,1.0,13.44,,,,,7,2025-11-01 08:33:22.284665
2,2025-01-12 18:16:00,2025-01-12 18:30:00,,,145,161,,3.36,19.88,0.0,0.5,4.98,0.0,,1.0,29.86,,,,,7,2025-11-01 08:33:22.284665
2,2025-01-12 18:57:00,2025-01-12 19:37:00,,,41,132,,18.29,71.83,0.0,0.5,0.0,6.94,,1.0,80.27,,,,,7,2025-11-01 08:33:22.284665
2,2025-01-12 18:11:00,2025-01-12 18:17:00,,,42,42,,0.92,14.78,0.0,0.5,3.26,0.0,,1.0,19.54,,,,,7,2025-11-01 08:33:22.284665
2,2025-01-12 20:27:00,2025-01-12 20:28:00,,,95,95,,0.0,66.04,0.0,0.5,0.0,0.0,,1.0,67.54,,,,,7,2025-11-01 08:33:22.284665
2,2025-01-12 20:10:00,2025-01-12 20:30:00,,,65,234,,4.69,25.81,0.0,0.5,4.62,0.0,,1.0,35.43,,,,,7,2025-11-01 08:33:22.284665
2,2025-01-12 21:51:00,2025-01-12 22:12:00,,,97,141,,8.27,33.86,0.0,0.5,6.48,0.0,,1.0,44.59,,,,,7,2025-11-01 08:33:22.284665
2,2025-01-12 22:27:00,2025-01-12 22:40:00,,,42,151,,2.91,22.54,0.0,0.5,0.0,0.0,,1.0,24.04,,,,,7,2025-11-01 08:33:22.284665
2,2025-01-12 22:00:00,2025-01-12 22:23:00,,,130,233,,12.22,37.77,0.0,0.5,11.94,6.94,,1.0,61.65,,,,,7,2025-11-01 08:33:22.284665
2,2025-01-19 00:23:00,2025-01-19 00:33:00,,,61,61,,1.72,12.81,0.0,0.5,1.43,0.0,,1.0,15.74,,,,,7,2025-11-01 08:33:22.284665
2,2025-01-19 01:47:15,2025-01-19 02:09:31,,,37,262,,6.97,33.47,0.0,0.5,7.54,0.0,,1.0,45.26,,,,,7,2025-11-01 08:33:22.284665
2,2025-01-19 02:48:24,2025-01-19 02:58:50,,,255,79,,2.59,15.47,0.0,0.5,3.07,0.0,,1.0,23.54,,,,,7,2025-11-01 08:33:22.284665
2,2025-01-19 03:06:42,2025-01-19 03:20:46,,,198,255,,2.95,21.07,0.0,0.5,3.0,0.0,,1.0,25.57,,,,,7,2025-11-01 08:33:22.284665
2,2025-01-19 04:01:00,2025-01-19 04:16:00,,,41,138,,7.48,30.78,0.0,0.5,5.88,6.94,,1.0,45.1,,,,,7,2025-11-01 08:33:22.284665
2,2025-01-19 07:59:00,2025-01-19 08:19:00,,,41,138,,7.8,30.84,0.0,0.5,5.89,6.94,,1.0,45.17,,,,,7,2025-11-01 08:33:22.284665
2,2025-01-19 08:44:00,2025-01-19 09:14:00,,,36,132,,10.18,39.95,0.0,0.5,4.0,0.0,,1.0,45.45,,,,,7,2025-11-01 08:33:22.284665
2,2025-01-19 08:25:00,2025-01-19 08:56:00,,,17,61,,11.0,36.98,0.0,0.5,9.7,0.0,,1.0,48.18,,,,,7,2025-11-01 08:33:22.284665
2,2025-01-19 08:56:00,2025-01-19 09:10:00,,,42,236,,5.37,23.22,0.0,0.5,5.49,0.0,,1.0,32.96,,,,,7,2025-11-01 08:33:22.284665
2,2025-01-19 09:15:00,2025-01-19 09:23:00,,,152,116,,1.77,13.58,0.0,0.5,3.02,0.0,,1.0,18.1,,,,,7,2025-11-01 08:33:22.284665
2,2025-01-19 10:31:00,2025-01-19 10:40:00,,,166,238,,2.12,15.66,0.0,0.5,2.0,0.0,,1.0,21.91,,,,,7,2025-11-01 08:33:22.284665
2,2025-01-19 12:16:00,2025-01-19 12:42:00,,,42,242,,9.8,35.95,0.0,0.5,0.0,0.0,,1.0,37.45,,,,,7,2025-11-01 08:33:22.284665
2,2025-01-19 12:41:00,2025-01-19 12:51:00,,,7,226,,1.33,14.96,0.0,0.5,2.96,0.0,,1.0,19.42,,,,,7,2025-11-01 08:33:22.284665
2,2025-01-19 13:54:00,2025-01-19 14:06:00,,,42,151,,2.31,15.09,0.0,0.5,3.32,0.0,,1.0,19.91,,,,,7,2025-11-01 08:33:22.284665
2,2025-01-19 13:47:00,2025-01-19 13:55:00,,,41,74,,1.35,12.3,0.0,0.5,2.07,0.0,,1.0,15.87,,,,,7,2025-11-01 08:33:22.284665
2,2025-01-19 14:39:00,2025-01-19 15:05:00,,,244,161,,7.27,36.36,0.0,0.5,2.0,0.0,,1.0,43.36,,,,,7,2025-11-01 08:33:22.284665
2,2025-01-19 14:48:00,2025-01-19 14:57:00,,,42,247,,1.13,17.26,0.0,0.5,2.06,0.0,,1.0,20.82,,,,,7,2025-11-01 08:33:22.284665
2,2025-01-19 14:56:00,2025-01-19 15:31:00,,,97,76,,6.02,34.71,0.0,0.5,1.81,0.0,,1.0,38.02,,,,,7,2025-11-01 08:33:22.284665
2,2025-01-19 15:08:00,2025-01-19 15:21:00,,,7,93,,5.6,26.07,0.0,0.5,4.96,0.0,,1.0,32.53,,,,,7,2025-11-01 08:33:22.284665
2,2025-01-19 15:23:00,2025-01-19 15:29:00,,,42,43,,1.21,13.58,0.0,0.5,3.02,0.0,,1.0,18.1,,,,,7,2025-11-01 08:33:22.284665
2,2025-01-19 15:23:00,2025-01-19 15:32:00,,,247,42,,1.45,17.36,0.0,0.5,2.07,0.0,,1.0,20.93,,,,,7,2025-11-01 08:33:22.284665
2,2025-01-19 16:28:00,2025-01-19 16:38:00,,,42,74,,2.04,13.58,0.0,0.5,0.15,0.0,,1.0,15.23,,,,,7,2025-11-01 08:33:22.284665
2,2025-01-19 16:24:00,2025-01-19 16:30:00,,,97,65,,0.85,13.02,0.0,0.5,2.9,0.0,,1.0,17.42,,,,,7,2025-11-01 08:33:22.284665
1,2025-01-19 16:37:09,2025-01-19 16:50:57,,,74,239,,3.1,17.0,0.0,0.5,3.19,0.0,,1.0,24.44,,,,,7,2025-11-01 08:33:22.284665
2,2025-01-19 17:58:00,2025-01-19 18:12:00,,,43,233,,3.88,24.81,0.0,0.5,5.96,0.0,,1.0,35.77,,,,,7,2025-11-01 08:33:22.284665
2,2025-01-19 19:24:00,2025-01-19 19:59:00,,,65,92,,12.16,41.6,0.0,0.5,7.96,0.0,,1.0,51.06,,,,,7,2025-11-01 08:33:22.284665
2,2025-01-19 19:41:00,2025-01-19 19:59:00,,,131,138,,7.67,26.84,0.0,0.5,1.42,0.0,,1.0,29.76,,,,,7,2025-11-01 08:33:22.284665
2,2025-01-19 20:35:00,2025-01-19 20:43:00,,,33,106,,1.09,13.02,0.0,0.5,2.9,0.0,,1.0,17.42,,,,,7,2025-11-01 08:33:22.284665
2,2025-01-19 20:15:00,2025-01-19 20:25:00,,,71,89,,1.37,13.02,0.0,0.5,0.0,0.0,,1.0,14.52,,,,,7,2025-11-01 08:33:22.284665
2,2025-01-19 21:09:00,2025-01-19 21:15:00,,,166,41,,0.98,13.58,0.0,0.5,3.02,0.0,,1.0,18.1,,,,,7,2025-11-01 08:33:22.284665
2,2025-01-19 21:01:00,2025-01-19 21:28:00,,,25,170,,7.2,31.94,0.0,0.5,5.54,0.0,,1.0,42.48,,,,,7,2025-11-01 08:33:22.284665
2,2025-01-19 21:19:00,2025-01-19 21:23:00,,,256,255,,0.0,13.26,0.0,0.5,2.95,0.0,,1.0,17.71,,,,,7,2025-11-01 08:33:22.284665
2,2025-01-19 21:50:00,2025-01-19 22:16:00,,,223,151,,7.04,32.97,0.0,0.5,10.35,6.94,,1.0,51.76,,,,,7,2025-11-01 08:33:22.284665
2,2025-01-19 22:01:00,2025-01-19 22:14:00,,,49,66,,2.12,15.37,0.0,0.5,1.69,0.0,,1.0,18.56,,,,,7,2025-11-01 08:33:22.284665
2,2025-01-19 22:36:00,2025-01-19 22:49:00,,,255,114,,2.97,15.69,0.0,0.5,2.07,0.0,,1.0,22.76,,,,,7,2025-11-01 08:33:22.284665
2,2025-01-19 23:17:00,2025-01-19 23:42:00,,,112,36,,0.0,24.98,0.0,0.5,2.65,0.0,,1.0,29.13,,,,,7,2025-11-01 08:33:22.284665
2,2025-01-19 23:09:00,2025-01-19 23:22:00,,,25,49,,1.88,14.88,0.0,0.5,3.28,0.0,,1.0,19.66,,,,,7,2025-11-01 08:33:22.284665
2,2025-01-19 23:43:00,2025-01-19 23:56:00,,,181,61,,2.87,17.07,0.0,0.5,3.71,0.0,,1.0,22.28,,,,,7,2025-11-01 08:33:22.284665
2,2025-01-26 00:06:00,2025-01-26 00:39:00,,,25,237,,4.48,40.46,0.0,0.5,3.0,0.0,,1.0,47.71,,,,,7,2025-11-01 08:33:22.284665
2,2025-01-26 00:21:00,2025-01-26 00:33:00,,,181,61,,2.84,16.34,0.0,0.5,3.57,0.0,,1.0,21.41,,,,,7,2025-11-01 08:33:22.284665
2,2025-01-26 00:05:00,2025-01-26 00:26:00,,,256,189,,3.87,22.06,0.0,0.5,4.71,0.0,,1.0,28.27,,,,,7,2025-11-01 08:33:22.284665
2,2025-01-26 00:07:00,2025-01-26 00:21:00,,,65,148,,2.83,14.96,0.0,0.5,0.6,0.0,,1.0,20.56,,,,,7,2025-11-01 08:33:22.284665
2,2025-01-26 00:18:00,2025-01-26 00:32:00,,,42,162,,6.5,32.78,0.0,0.5,11.33,0.0,,1.0,49.11,,,,,7,2025-11-01 08:33:22.284665
2,2025-01-26 01:42:00,2025-01-26 01:59:00,,,256,137,,3.95,21.58,0.0,0.5,2.66,0.0,,1.0,29.24,,,,,7,2025-11-01 08:33:22.284665
2,2025-01-26 01:25:00,2025-01-26 01:31:00,,,256,256,,1.02,12.62,0.0,0.5,0.0,0.0,,1.0,14.12,,,,,7,2025-11-01 08:33:22.284665
2,2025-01-26 03:20:00,2025-01-26 03:35:00,,,36,63,,3.1,19.17,0.0,0.5,4.13,0.0,,1.0,24.8,,,,,7,2025-11-01 08:33:22.284665
2,2025-01-26 06:52:00,2025-01-26 07:11:00,,,42,163,,4.75,27.53,0.0,0.5,0.0,0.0,,1.0,32.53,,,,,7,2025-11-01 08:33:22.284665
2,2025-01-26 07:54:00,2025-01-26 07:59:00,,,42,41,,0.63,12.14,0.0,0.5,5.0,0.0,,1.0,18.64,,,,,7,2025-11-01 08:33:22.284665
2,2025-01-26 07:55:00,2025-01-26 08:08:00,,,244,238,,2.95,21.44,0.0,0.5,1.28,0.0,,1.0,26.97,,,,,7,2025-11-01 08:33:22.284665
2,2025-01-26 08:42:00,2025-01-26 08:53:00,,,152,74,,1.6,12.14,0.0,0.5,2.73,0.0,,1.0,16.37,,,,,7,2025-11-01 08:33:22.284665
2,2025-01-26 10:04:00,2025-01-26 10:21:00,,,61,85,,3.37,20.13,0.0,0.5,0.0,0.0,,1.0,21.63,,,,,7,2025-11-01 08:33:22.284665
2,2025-01-26 10:33:00,2025-01-26 10:49:00,,,75,234,,3.79,23.18,0.0,0.5,5.64,0.0,,1.0,33.82,,,,,7,2025-11-01 08:33:22.284665
2,2025-01-26 10:13:00,2025-01-26 10:21:00,,,74,262,,1.69,13.58,0.0,0.5,2.67,0.0,,1.0,20.5,,,,,7,2025-11-01 08:33:22.284665
1,2025-01-26 10:49:26,2025-01-26 10:57:11,,,74,263,,1.9,10.0,0.0,0.5,4.27,0.0,,1.0,18.52,,,,,7,2025-11-01 08:33:22.284665
2,2025-01-26 10:02:00,2025-01-26 10:24:00,,,33,141,,9.07,36.13,0.0,0.5,4.11,0.0,,1.0,45.24,,,,,7,2025-11-01 08:33:22.284665
2,2025-01-26 11:35:00,2025-01-26 11:46:00,,,223,138,,4.2,23.04,0.0,0.5,4.91,0.0,,1.0,29.45,,,,,7,2025-11-01 08:33:22.284665
2,2025-01-26 12:31:00,2025-01-26 13:03:37,,,89,37,,5.61,34.33,0.0,0.5,0.0,0.0,,1.0,35.83,,,,,7,2025-11-01 08:33:22.284665
2,2025-01-26 12:10:00,2025-01-26 12:20:00,,,42,74,,1.99,12.33,0.0,0.5,2.07,0.0,,1.0,15.9,,,,,7,2025-11-01 08:33:22.284665
2,2025-01-26 12:30:07,2025-01-26 12:37:08,,,92,138,,2.78,22.73,0.0,0.5,4.85,0.0,,1.0,29.08,,,,,7,2025-11-01 08:33:22.284665
2,2025-01-26 12:38:06,2025-01-26 12:46:10,,,145,7,,1.55,13.02,0.0,0.5,2.9,0.0,,1.0,17.42,,,,,7,2025-11-01 08:33:22.284665
2,2025-01-26 12:30:00,2025-01-26 12:43:00,,,97,190,,1.8,13.74,0.0,0.5,0.76,0.0,,1.0,16.0,,,,,7,2025-11-01 08:33:22.284665
2,2025-01-26 13:33:00,2025-01-26 13:46:00,,,41,43,,3.07,19.72,0.0,0.5,4.79,0.0,,1.0,28.76,,,,,7,2025-11-01 08:33:22.284665
2,2025-01-26 14:41:00,2025-01-26 14:52:00,,,75,142,,2.49,18.39,0.0,0.5,4.08,0.0,,1.0,26.72,,,,,7,2025-11-01 08:33:22.284665
2,2025-01-26 14:35:46,2025-01-26 14:54:26,,,244,161,,7.05,36.51,0.0,0.5,2.0,0.0,,1.0,43.51,,,,,7,2025-11-01 08:33:22.284665
1,2025-01-26 14:18:06,2025-01-26 14:27:41,,,74,141,,2.1,11.4,0.0,0.5,3.13,0.0,,1.0,18.78,,,,,7,2025-11-01 08:33:22.284665
2,2025-01-26 14:43:00,2025-01-26 14:54:00,,,66,112,,3.7,19.14,0.0,0.5,4.13,0.0,,1.0,24.77,,,,,7,2025-11-01 08:33:22.284665
2,2025-01-26 14:53:00,2025-01-26 15:35:00,,,74,164,,6.67,33.78,0.0,0.5,7.76,0.0,,1.0,46.54,,,,,7,2025-11-01 08:33:22.284665
2,2025-01-26 14:16:00,2025-01-26 14:24:00,,,41,43,,1.71,13.7,0.0,0.5,2.69,0.0,,1.0,20.64,,,,,7,2025-11-01 08:33:22.284665
2,2025-01-26 14:46:00,2025-01-26 14:58:00,,,74,41,,1.74,12.45,0.0,0.5,1.4,0.0,,1.0,15.35,,,,,7,2025-11-01 08:33:22.284665
2,2025-01-26 15:29:00,2025-01-26 15:40:00,,,42,43,,1.51,13.58,0.0,0.5,3.02,0.0,,1.0,18.1,,,,,7,2025-11-01 08:33:22.284665
2,2025-01-26 16:23:00,2025-01-26 16:54:00,,,244,1,,23.82,84.9,0.0,0.0,5.31,16.06,,1.0,107.27,,,,,7,2025-11-01 08:33:22.284665
2,2025-01-26 16:56:19,2025-01-26 17:11:37,,,42,238,,2.5,17.9,0.0,0.5,3.32,0.0,,1.0,25.47,,,,,7,2025-11-01 08:33:22.284665
2,2025-01-26 16:43:00,2025-01-26 17:16:00,,,66,48,,7.09,33.09,0.0,0.5,7.8,0.0,,1.0,45.89,,,,,7,2025-11-01 08:33:22.284665
2,2025-01-26 16:56:00,2025-01-26 17:10:00,,,226,237,,3.47,23.24,0.0,0.5,5.5,0.0,,1.0,32.99,,,,,7,2025-11-01 08:33:22.284665
2,2025-01-26 16:32:00,2025-01-26 16:41:00,,,75,238,,1.87,13.58,0.0,0.5,1.43,0.0,,1.0,19.26,,,,,7,2025-11-01 08:33:22.284665
2,2025-01-26 17:21:00,2025-01-26 18:00:00,,,160,188,,6.57,44.46,0.0,0.5,4.0,0.0,,1.0,49.96,,,,,7,2025-11-01 08:33:22.284665
2,2025-01-26 17:33:00,2025-01-26 18:08:00,,,7,132,,14.67,58.65,0.0,0.5,12.03,0.0,,1.0,72.18,,,,,7,2025-11-01 08:33:22.284665
2,2025-01-26 18:06:00,2025-01-26 18:22:00,,,166,237,,3.71,27.16,0.0,0.5,6.43,0.0,,1.0,38.59,,,,,7,2025-11-01 08:33:22.284665
2,2025-01-26 19:57:00,2025-01-26 20:05:00,,,75,262,,1.34,13.58,0.0,0.5,3.57,0.0,,1.0,21.4,,,,,7,2025-11-01 08:33:22.284665
2,2025-01-26 19:45:00,2025-01-26 20:03:00,,,41,143,,3.9,26.43,0.0,0.5,6.29,0.0,,1.0,37.72,,,,,7,2025-11-01 08:33:22.284665
2,2025-01-26 19:54:00,2025-01-26 20:06:00,,,223,129,,2.5,17.57,0.0,0.5,3.81,0.0,,1.0,22.88,,,,,7,2025-11-01 08:33:22.284665
2,2025-01-26 20:00:00,2025-01-26 20:17:00,,,74,239,,3.68,25.95,0.0,0.5,0.0,0.0,,1.0,30.2,,,,,7,2025-11-01 08:33:22.284665
2,2025-01-26 21:53:00,2025-01-26 22:08:00,,,66,170,,6.19,24.73,0.0,0.5,5.95,0.0,,1.0,35.68,,,,,7,2025-11-01 08:33:22.284665
2,2025-01-26 21:17:00,2025-01-26 21:28:00,,,66,25,,1.65,14.02,0.0,0.5,3.1,0.0,,1.0,18.62,,,,,7,2025-11-01 08:33:22.284665
2,2025-01-26 22:02:00,2025-01-26 22:21:00,,,255,7,,4.09,22.05,0.0,0.5,4.71,0.0,,1.0,28.26,,,,,7,2025-11-01 08:33:22.284665
